seller_id,order_volume,delay_rate,avg_delivery_days,avg_delay_days_when_late,avg_order_value,avg_freight_value,freight_ratio,review_score,predicted_risk,seller_state,seller_city,last_order,top_category,on_time_rate,supplier_score,component_reliability,component_predicted_risk,component_delivery_speed,component_freight_performance,component_customer_feedback,rank,priority_tier,low_volume_flag
2d8cfba3fcd3170555941605edaa196a,1,0.0,4.953564814814815,0.0,45.0,10.96,0.24355555555555558,5.0,0.017426560785577166,SP,osasco,2017-03-15 11:41:46,books_technical,1.0,98.72918630048304,100.0,98.7,98.0,93.4,100.0,1,PREFERRED,1
740205fedfe4e90ca6857bc77db0f2b4,1,0.0,3.4825694444444446,0.0,229.9,21.93,0.09538929969551979,5.0,0.028940168538129557,SP,caxias do sul,2017-02-17 03:09:22,small_appliances,1.0,98.7149409017978,100.0,96.5,98.8,97.6,100.0,2,PREFERRED,1
bab0a8cd684e41ba6e2637dca0979d3b,1,0.0,13.315324074074073,0.0,269.9,19.14,0.0709151537606521,5.0,0.014956528244041953,RJ,rio de janeiro,2017-08-22 13:33:36,toys,1.0,98.67256207387103,100.0,99.2,93.6,98.3,100.0,3,PREFERRED,1
f5b84683a9bf9e1df748cf40f601b39c,1,0.0,6.706354166666666,0.0,83.9,9.07,0.10810488676996424,5.0,0.024226643560080304,SP,sao paulo,2016-10-08 22:11:57,baby,1.0,98.64836652082535,100.0,97.4,97.1,97.2,100.0,4,PREFERRED,1
93bef6edaa84956e8e575016449b6351,1,0.0,9.925324074074075,0.0,115.0,14.56,0.12660869565217392,5.0,0.018135257644359904,SP,sao paulo,2017-07-28 21:49:59,sports_leisure,1.0,98.6317677162825,100.0,98.6,95.4,96.7,100.0,5,PREFERRED,1
2f3d8b4c9e2ee165075331fea3f3095a,1,0.0,12.331180555555555,0.0,130.0,17.35,0.13346153846153846,5.0,0.014977146169265137,SC,sao jose,2017-10-13 10:57:04,unknown,1.0,98.57234067938349,100.0,99.2,94.1,96.5,100.0,6,PREFERRED,1
5bba18b40e8c973b0f32e748004775b0,1,0.0,7.072442129629629,0.0,739.98,44.82,0.06056920457309657,5.0,0.028153292166911363,SP,itajobi,2016-10-10 13:57:41,furniture_decor,1.0,98.56600967177557,100.0,96.7,96.9,98.6,100.0,7,PREFERRED,1
f235413f677777a0738ff215d0184901,2,0.0,6.278344907407408,0.0,595.99,27.915,0.04683803419520462,5.0,0.031030680877379136,SP,bariri,2017-01-23 19:32:40,auto,1.0,98.53024999015386,100.0,96.1,97.3,99.0,100.0,8,PREFERRED,1
5d505d2298ad549e4e4e835562fa0c1e,2,0.0,5.899982638888889,0.0,124.9,14.169999999999998,0.11345076060848677,5.0,0.029312998947335953,SP,birigui,2017-04-01 18:01:02,sports_leisure,1.0,98.45360989972163,100.0,96.5,97.5,97.1,100.0,9,PREFERRED,1
4ddeb3e828550cddc8d45c8bc36ab2d1,1,0.0,7.869930555555555,0.0,152.0,12.45,0.0819078947368421,5.0,0.028262354719989016,SP,sao paulo,2017-03-15 12:19:23,cool_stuff,1.0,98.4368216477595,100.0,96.7,96.5,98.0,100.0,10,PREFERRED,1
ae9690c6e8fee182c28c9ff8e11ca52c,1,0.0,4.4846875,0.0,87.3,21.72,0.24879725085910653,5.0,0.024660771760306576,SP,sao paulo,2016-10-09 23:25:13,furniture_decor,1.0,98.40497953328352,100.0,97.4,98.3,93.3,100.0,11,PREFERRED,1
4bde6149c15cf7e177b36fa060dd6de8,2,0.0,10.623096064814815,0.0,79.9,16.33,0.20438047559449307,5.0,0.017504222052024503,RS,carazinho,2016-10-10 11:22:36,food,1.0,98.38583088395602,100.0,98.7,95.0,94.5,100.0,12,PREFERRED,1
432c67955c0acd1fd6b0b5d678766a71,1,0.0,6.682824074074074,0.0,389.0,60.65,0.15591259640102828,5.0,0.027304955308741954,SP,sao paulo,2016-10-08 18:39:08,health_beauty,1.0,98.36708352830316,100.0,96.9,97.1,95.9,100.0,13,PREFERRED,1
2bdb95a56a36ebbc6640337ac5eac174,1,0.0,5.851944444444444,0.0,89.9,18.0,0.20022246941045604,5.0,0.02839721289364466,SP,sao paulo,2017-01-27 22:07:02,health_beauty,1.0,98.25507904616511,100.0,96.6,97.5,94.6,100.0,14,PREFERRED,1
ed49da7cadefc454d6a67de249eab240,1,0.0,7.191886574074074,0.0,21.5,8.72,0.40558139534883725,5.0,0.014297477208830676,SP,sao paulo,2016-10-08 16:02:07,sports_leisure,1.0,98.2413611098689,100.0,99.3,96.8,88.8,100.0,15,PREFERRED,1
ff314fa6033cc68ec451c47aee2d6ba4,2,0.0,10.687337962962962,0.0,268.95,16.22,0.06030866505479532,5.0,0.02910406850769711,SP,sao paulo,2017-05-19 16:09:06,unknown,1.0,98.23376391765336,100.0,96.5,95.0,98.6,100.0,16,PREFERRED,1
5e106d93b717c2682b9383da480364a1,1,0.0,7.260185185185185,0.0,445.9,21.71,0.048688046647230324,5.0,0.037073638815631395,PR,santa terezinha de itaipu,2017-04-20 11:42:01,computers_accessories,1.0,98.15739388879564,100.0,95.0,96.8,98.9,100.0,17,PREFERRED,1
7f02656561b680def9986c0795a8a080,1,0.0,14.175138888888888,0.0,42.0,11.85,0.28214285714285714,5.0,0.012923127057262167,SP,sao paulo,2017-08-18 13:19:58,housewares,1.0,98.10222984885442,100.0,99.6,93.1,92.3,100.0,18,PREFERRED,1
70c4eedec9cb4a85cda2f3f9673557b4,1,0.0,7.002696759259259,0.0,239.9,13.18,0.054939558149228844,5.0,0.03837824541466703,SP,sao paulo,2017-06-05 16:37:47,computers_accessories,1.0,98.09761992562244,100.0,94.7,96.9,98.8,100.0,19,PREFERRED,1
d4f91e8be86b38da2ee35bc489645a9d,1,0.0,17.22824074074074,0.0,49.99,11.17,0.22344468893778754,5.0,0.012320518679761994,SP,guaratingueta,2016-10-08 09:50:08,sports_leisure,1.0,98.0549077681926,100.0,99.7,91.5,94.0,100.0,20,PREFERRED,1
01ed254b9ff8407dfb9d99ba1e17d923,5,0.0,6.675569444444444,0.0,293.198,13.544,0.06156098348887047,5.0,0.039592249578808615,SP,mogi das cruzes,2017-11-08 20:24:38,watches_gifts,1.0,98.04667450622733,100.0,94.5,97.1,98.6,100.0,21,PREFERRED,1
e1bed63d68ac36fe1f3061befe196af5,1,0.0,8.606180555555556,0.0,199.0,18.0,0.09045226130653267,5.0,0.035797986838272136,SP,mogi guacu,2017-01-30 18:30:53,cool_stuff,1.0,97.99297796793599,100.0,95.2,96.1,97.7,100.0,22,PREFERRED,1
fc4751cfe3b279c419615b9b00c1abb4,1,0.0,8.010011574074074,0.0,453.7,17.35,0.03824112849900816,5.0,0.04010347483981832,PR,londrina,2017-02-16 15:53:00,housewares,1.0,97.98224875082992,100.0,94.4,96.4,99.2,100.0,23,PREFERRED,1
c353f8fc0ce8344999f17d578eb69a5e,2,0.0,9.96112847222222,0.0,87.99,18.295,0.20792135469939768,5.0,0.027154924932214615,RS,porto alegre,2017-02-06 14:54:29,health_beauty,1.0,97.9660216914866,100.0,96.9,95.4,94.4,100.0,24,PREFERRED,1
2b2fed75b8e5ea3a052fc4c0825da485,3,0.0,5.570671296296297,0.0,170.29999999999998,19.976666666666667,0.1776997090654641,5.0,0.036442425500258814,MG,juiz de fora,2017-07-29 22:32:22,toys,1.0,97.95588379047443,100.0,95.1,97.7,95.3,100.0,25,PREFERRED,1
dd9661d3cda1e6feb237f0c4d8b26f2e,1,0.0,18.197858796296295,0.0,174.0,16.98,0.09758620689655173,5.0,0.020552320128062893,SC,campos novos,2017-10-12 09:19:59,housewares,1.0,97.94054246286117,100.0,98.1,91.0,97.5,100.0,26,PREFERRED,1
f26d70155c2b6326fcfa1780c8c684e4,1,0.0,8.901666666666667,0.0,202.89,16.17,0.07969835871654593,5.0,0.038882184095376554,SC,presidente getulio,2017-06-26 16:50:06,garden_tools,1.0,97.85222517292372,100.0,94.6,95.9,98.0,100.0,27,PREFERRED,1
5f0057b677eb963672bf05dfa3f16c34,4,0.0,7.040208333333333,0.0,53.47,12.7775,0.3577001333735492,5.0,0.0261119766274286,SP,sao paulo,2017-02-02 03:48:06,audio,1.0,97.82322159197028,100.0,97.1,96.9,90.2,100.0,28,PREFERRED,1
7c4402417d51474d4d0cda9557340e40,1,0.0,7.122175925925926,0.0,119.9,27.69,0.23094245204336947,5.0,0.034139410529998665,SP,sao caetano do sul,2017-05-08 16:31:38,housewares,1.0,97.79177934970474,100.0,95.5,96.9,93.8,100.0,29,PREFERRED,1
e5def42655b7490edac5a56fe8e9e603,1,0.0,5.83462962962963,0.0,129.9,11.52,0.08868360277136259,5.0,0.044751980859902896,SP,amparo,2017-03-28 21:56:39,watches_gifts,1.0,97.7893557915904,100.0,93.5,97.6,97.8,100.0,30,PREFERRED,1
00ab3eff1b5192e5f1a63bcecfee11c8,1,0.0,9.052488425925926,0.0,98.0,12.08,0.12326530612244899,5.0,0.03781077967394219,SP,sao paulo,2017-03-18 11:40:26,health_beauty,1.0,97.7679390933474,100.0,94.8,95.8,96.8,100.0,31,PREFERRED,1
b026643914f651e8371425e5b8a1e780,1,0.0,10.419143518518519,0.0,27.9,15.1,0.5412186379928315,5.0,0.010883672640502834,RJ,rio de janeiro,2017-07-07 10:26:23,health_beauty,1.0,97.76342677190478,100.0,100.0,95.1,85.0,100.0,32,PREFERRED,1
fa5fdc4e4bb6bd1009ad0e4ac4096562,1,0.0,7.057268518518518,0.0,161.99,32.86,0.20285202790295695,5.0,0.03664991697939078,SP,santo andre,2016-10-10 12:39:06,auto,1.0,97.75636499348941,100.0,95.1,96.9,94.6,100.0,33,PREFERRED,1
b2eecf5ea250510da76590ca79d60e5d,9,0.0,6.1671476337448565,0.0,117.77777777777777,17.016666666666666,0.24057267670601007,5.0,0.03595675537557416,SP,sao paulo,2017-11-11 21:04:48,musical_instruments,1.0,97.75331411701896,100.0,95.2,97.4,93.5,100.0,34,PREFERRED,1
7994081388d55b9cf976c050653dd359,1,0.0,12.970185185185185,0.0,120.0,14.6,0.12166666666666666,5.0,0.03252344557098629,SP,sao paulo,2017-02-09 14:29:29,computers_accessories,1.0,97.71430183114121,100.0,95.9,93.8,96.9,100.0,35,PREFERRED,1
75745ef7bc7d4f3ea3380f6f5303f514,3,0.0,5.69443287037037,0.0,76.13333333333334,16.30666666666667,0.40051294758651723,5.0,0.02810865922616576,DF,brasilia,2017-04-07 09:50:35,toys,1.0,97.71307212808978,100.0,96.7,97.6,88.9,100.0,36,PREFERRED,1
7178e1eaa97257d8b6d4b80efd77a025,1,0.0,7.122962962962963,0.0,167.9,16.81,0.1001191185229303,5.0,0.04386789861000314,SP,tatui,2017-09-05 16:18:47,costruction_tools_tools,1.0,97.69682596126755,100.0,93.7,96.9,97.5,100.0,37,PREFERRED,1
528ce32f560edd11add4169f6a5b65be,1,0.0,2.0966203703703705,0.0,29.9,9.27,0.3100334448160535,5.0,0.039817705757729804,SP,sao roque,2017-07-20 09:58:18,unknown,1.0,97.69487622127166,100.0,94.5,99.5,91.5,100.0,38,PREFERRED,1
dd39ad39b5d3df33037e141c72497ba6,2,0.0,8.673096064814814,0.0,67.9,14.524999999999999,0.35053559594554956,5.0,0.026903454078384376,SP,sao paulo,2017-06-10 22:07:50,fashio_female_clothing,1.0,97.67579449339206,100.0,96.9,96.0,90.4,100.0,39,PREFERRED,1
37303482a42fb700d8d127e70a9cd6c8,1,0.0,2.051712962962963,0.0,58.9,8.11,0.13769100169779286,5.0,0.05066557454335979,SP,campinas,2017-12-11 14:52:54,toys,1.0,97.66774018085354,100.0,92.4,99.6,96.4,100.0,40,PREFERRED,1
f3041c2e75ec683697a6a5ea82192210,1,0.0,4.528425925925926,0.0,145.0,24.0,0.16551724137931034,5.0,0.04490812007462246,MG,itauna,2017-02-05 20:43:42,furniture_decor,1.0,97.66770663388685,100.0,93.5,98.2,95.6,100.0,41,PREFERRED,1
73da1880b39c71de2b262bc7720c1494,2,0.0,8.223836805555555,0.0,199.0,23.495,0.11806532663316582,5.0,0.043362056436215206,SP,sao carlos,2018-01-09 12:25:33,housewares,1.0,97.58260370884851,100.0,93.8,96.3,97.0,100.0,42,PREFERRED,1
b1fecf4da1fa2689bccffa0121953643,19,0.0,10.201297514619883,0.0,193.13894736842104,20.89894736842105,0.11985456660870315,4.947368421052632,0.036135967558244934,MS,campo grande,2017-05-27 11:08:23,health_beauty,1.0,97.56914986310778,100.0,95.2,95.2,96.9,98.7,43,PREFERRED,0
19e0f40a907ec568c34bfac15de4f4a1,4,0.0,5.835399305555556,0.0,44.5,10.405000000000001,0.23382022471910113,5.0,0.04104215384312005,SP,americana,2017-10-17 10:30:04,housewares,1.0,97.55519570408644,100.0,94.2,97.6,93.7,100.0,44,PREFERRED,1
f8f35af4634605e6693c17cc3ffff5a8,1,0.0,10.140243055555555,0.0,90.0,16.39,0.1821111111111111,5.0,0.03713205709552178,MG,campanha,2017-11-12 18:04:56,housewares,1.0,97.54698402004335,100.0,95.0,95.3,95.1,100.0,45,PREFERRED,1
8c91bfea4263b8fba54081460693e2a1,2,0.0,12.129247685185184,0.0,369.5,23.375,0.10862052098737346,5.0,0.039524452599288676,RS,horizontina,2017-02-20 16:53:03,health_beauty,1.0,97.48274685273505,100.0,94.5,94.2,97.2,100.0,46,PREFERRED,1
ebd1417732defaf66c50b5a800eb293e,1,0.0,6.121712962962963,0.0,309.0,16.33,0.052847896440129445,5.0,0.05304863297672369,PR,londrina,2017-03-28 09:40:41,cool_stuff,1.0,97.47069930846462,100.0,91.9,97.4,98.8,100.0,47,PREFERRED,1
0b36063d5818f81ccb94b54adfaebbf5,1,0.0,14.543993055555555,0.0,765.0,18.0,0.023529411764705882,5.0,0.041062153234159265,SC,jaragua do sul,2017-01-30 21:44:49,garden_tools,1.0,97.45852739878839,100.0,94.2,92.9,99.6,100.0,48,PREFERRED,1
c3251e13f1bbda6c74e37c160f991e19,2,0.0,13.26116898148148,0.0,218.89999999999998,37.64,0.15436219759162484,5.0,0.03637688835136636,SP,porto ferreira,2017-05-26 16:15:49,auto,1.0,97.41375520202581,100.0,95.1,93.6,95.9,100.0,49,PREFERRED,1
6624bc09786f0e41ae48dfc5eeb1a9e2,1,0.0,15.795405092592592,0.0,89.54,17.47,0.19510833147196782,5.0,0.0298901728765054,MG,belo horizonte,2017-03-05 22:38:18,garden_tools,1.0,97.4074267837023,100.0,96.4,92.3,94.8,100.0,50,PREFERRED,1
3be5841cdcc46de4ed3f9116f104b2c5,4,0.0,8.005859375,0.0,149.9,22.0875,0.14734823215476983,4.75,0.026295691656446758,SP,barueri,2017-02-12 21:41:09,construction_tools_construction,1.0,97.3970451877443,100.0,97.0,96.4,96.1,93.8,51,PREFERRED,1
a89e143d5211473ae18db9577ee34b64,1,0.0,9.211030092592592,0.0,70.0,9.94,0.142,5.0,0.044251567759323304,SP,limeira,2017-06-04 12:09:59,furniture_decor,1.0,97.39357139375514,100.0,93.6,95.8,96.3,100.0,52,PREFERRED,1
1e47defeeadeca0e9a18fa5a9311e735,3,0.0,12.017928240740739,0.0,78.04,19.166666666666668,0.2750546952972242,5.0,0.03184771045349836,SP,catanduva,2017-07-19 16:17:11,sports_leisure,1.0,97.38713170343058,100.0,96.0,94.3,92.5,100.0,53,PREFERRED,1
a81466620e46a6970b22ef40379fdfc9,2,0.0,7.190133101851853,0.0,160.9,16.49,0.10248601615910502,5.0,0.050197539171224714,SC,sao ludgero,2017-10-13 14:29:05,computers_accessories,1.0,97.381495168733,100.0,92.5,96.8,97.4,100.0,54,PREFERRED,1
fd312b6bf05efac6c3772d5b52205d8a,2,0.0,6.378287037037037,0.0,59.349999999999994,22.810000000000002,0.3842386335890433,5.0,0.035291377720753726,SP,votorantim,2017-06-26 16:04:07,health_beauty,1.0,97.36073083397027,100.0,95.3,97.3,89.4,100.0,55,PREFERRED,1
385799a1cddbd26dfeb9157356a42282,4,0.0,8.503075810185186,0.0,137.98499999999999,18.695,0.1420806609414067,4.75,0.027374260022379963,SP,sao paulo,2017-09-09 16:16:29,sports_leisure,1.0,97.32078004282619,100.0,96.8,96.1,96.3,93.8,56,PREFERRED,1
3606774ec64634822d78dc2db6d37045,1,0.0,15.816574074074074,0.0,179.9,16.37,0.09099499722067815,5.0,0.037945158473551135,SP,sao caetano do sul,2016-10-04 23:39:01,garden_tools,1.0,97.31524171811613,100.0,94.8,92.3,97.7,100.0,57,PREFERRED,1
d36b07fd3c5088e477a72d1fccfe29d4,1,0.0,13.235810185185185,0.0,328.9,10.96,0.03332319854058985,5.0,0.04582671314963704,SP,itapetininga,2017-05-06 11:20:18,garden_tools,1.0,97.30646776382505,100.0,93.3,93.6,99.4,100.0,58,PREFERRED,1
a478c7961d6a992065b24e63b366f90b,8,0.0,9.856011284722223,0.0,160.1875,21.2575,0.22111315605838613,4.875,0.030803249583465385,SC,blumenau,2018-02-21 02:17:40,home_construction,1.0,97.2933929998909,100.0,96.2,95.4,94.0,96.9,59,PREFERRED,1
800214c63934acd05d47e84214db8ba8,3,0.0,11.791327160493827,0.0,66.56666666666668,16.903333333333332,0.25704333163761256,5.0,0.03563897091726615,SC,jaragua do sul,2017-05-15 08:58:47,luggage_accessories,1.0,97.27460804415136,100.0,95.3,94.4,93.0,100.0,60,PREFERRED,1
f307937c1bb287c3efc2a514b94b0d1d,1,0.0,12.577673611111111,0.0,189.99,26.61,0.14006000315806094,5.0,0.04134103607496604,MG,araxa,2017-06-03 23:46:04,auto,1.0,97.27083829396983,100.0,94.2,94.0,96.3,100.0,61,PREFERRED,1
5721089ba9214e80074f27d5a03fc0eb,5,0.0,7.435550925925926,0.0,49.186,13.328,0.29605738910303875,5.0,0.04200869199699804,SP,sao paulo,2018-01-30 15:24:11,cool_stuff,1.0,97.20504526626098,100.0,94.0,96.7,91.9,100.0,62,PREFERRED,1
c8e135e7b21ecbc36c1153a29d2f5a06,7,0.0,8.14822585978836,0.0,166.5,14.56857142857143,0.09978886193665662,4.857142857142857,0.041271435906396196,SP,sao paulo,2017-05-28 21:29:35,health_beauty,1.0,97.20493224219673,100.0,94.2,96.3,97.5,96.4,63,PREFERRED,1
f9bbdd976532d50b7816d285a22bd01e,1,0.0,14.890231481481482,0.0,89.0,15.37,0.17269662921348314,5.0,0.03695123691071806,SP,sao paulo,2017-09-14 21:21:35,sports_leisure,1.0,97.20467815272475,100.0,95.0,92.8,95.4,100.0,64,PREFERRED,1
d2572f31e9023e9850ef986a636ff9bf,1,0.0,10.130671296296295,0.0,279.0,26.69,0.09566308243727599,5.0,0.04965654447016113,MG,belo horizonte,2017-03-25 12:28:48,auto,1.0,97.19296685532876,100.0,92.6,95.3,97.6,100.0,65,PREFERRED,1
58e4b302b54937e55a678c4d15111da4,1,0.0,7.158981481481481,0.0,49.9,14.52,0.2909819639278557,5.0,0.04419210520018163,PR,colombo,2017-01-26 11:09:11,health_beauty,1.0,97.13682404920418,100.0,93.6,96.8,92.1,100.0,66,PREFERRED,1
0c7f30ae9b147eca07affbef92832a6a,5,0.0,8.54264814814815,0.0,95.9,17.522,0.23255266145471404,5.0,0.04551160192358205,PR,ponta grossa,2017-04-17 20:12:02,computers_accessories,1.0,97.12938616443849,100.0,93.4,96.1,93.7,100.0,67,PREFERRED,1
934ed5cd1b9c1c7382d0a94a94b9e639,1,0.0,13.127384259259259,0.0,125.85,26.62,0.2115216527612237,5.0,0.039212291571391375,PR,curitiba,2017-02-11 13:15:40,unknown,1.0,97.12634029749542,100.0,94.6,93.7,94.3,100.0,68,PREFERRED,1
2493dc3f20131696a0ecdb9948051a8d,4,0.0,9.174956597222222,0.0,126.095,17.6725,0.1491352626468541,4.75,0.029995672752742918,DF,brasilia,2017-02-07 23:15:25,cool_stuff,1.0,97.12173805530813,100.0,96.3,95.8,96.1,93.8,69,PREFERRED,1
2bd05d410a8fd26dc4184a15f4f2f588,6,0.0,10.176797839506174,0.0,219.455,33.09,0.30736683845062884,5.0,0.03895691285084934,MG,belo horizonte,2017-10-21 11:22:57,cool_stuff,1.0,97.10120934638702,100.0,94.6,95.2,91.6,100.0,70,PREFERRED,1
4450bd8327d471c4a11a83d1445b1b62,1,0.0,7.305891203703704,0.0,199.0,15.56,0.07819095477386935,5.0,0.05823131818615147,SP,cotia,2017-04-11 06:33:17,health_beauty,1.0,97.05630787613484,100.0,90.9,96.8,98.1,100.0,71,PREFERRED,1
5f06030071324cc52bf0304014ac7234,3,0.0,11.1438387345679,0.0,195.99,22.070000000000004,0.11260778611153631,4.666666666666667,0.02379740631317887,SP,marilia,2017-08-26 11:01:38,bed_bath_table,1.0,97.05331833628365,100.0,97.5,94.7,97.1,91.7,72,PREFERRED,1
2addf05f476d0637864454e93ba673d5,12,0.0,10.398473186728395,0.0,379.3333333333333,27.136666666666667,0.0876349458697302,5.0,0.052605664076641606,DF,brasilia,2018-03-18 20:29:14,computers_accessories,1.0,97.05315251197676,100.0,92.0,95.1,97.8,100.0,73,PREFERRED,0
bfd938b22bc99bce1ae60dc602889f52,4,0.0,11.562456597222223,0.0,155.85,25.1175,0.2785903595214204,5.0,0.03939122981940838,RJ,rio de janeiro,2017-04-03 07:55:19,health_beauty,1.0,97.0518801928484,100.0,94.5,94.5,92.4,100.0,74,PREFERRED,1
5962468f885ea01a1b6a97a218797b0a,6,0.0,10.914812885802469,0.0,112.33333333333333,15.29,0.19158664601617623,4.666666666666667,0.02077284848507954,PR,curitiba,2017-10-18 23:24:26,stationery,1.0,96.99232982289085,100.0,98.1,94.9,94.9,91.7,75,PREFERRED,1
71dc18fd8cbf5fd77f45dd8b427abb34,4,0.0,10.731825810185185,0.0,270.0,37.35,0.14322916666666666,5.0,0.05005841153441902,PR,curitiba,2017-12-13 23:56:00,garden_tools,1.0,96.99093620123145,100.0,92.5,95.0,96.2,100.0,76,PREFERRED,1
59de1d4c8c057c2a53acd4ca66531af2,1,0.0,18.68167824074074,0.0,135.0,21.75,0.16111111111111112,5.0,0.03592456023789217,PR,curitiba,2017-11-10 07:56:18,computers_accessories,1.0,96.98527694650933,100.0,95.2,90.7,95.7,100.0,77,PREFERRED,1
1f7fd2a6fcd5a6fa5d8a4dabc72aaae0,3,0.0,7.109780092592593,0.0,177.26666666666665,33.626666666666665,0.19199138673557278,5.0,0.05352896373519663,RS,venancio aires,2018-05-07 09:12:36,housewares,1.0,96.97427901479088,100.0,91.8,96.9,94.9,100.0,78,PREFERRED,1
f8e2c1b59cd4225a3e4fd0d013a76b93,2,0.0,10.010943287037037,0.0,109.9,22.315,0.23928184093437155,5.0,0.04605152204816308,SP,ribeirao preto,2017-12-31 02:09:21,furniture_decor,1.0,96.9676735281588,100.0,93.3,95.3,93.5,100.0,79,PREFERRED,1
166e8f1381e09651983c38b1f6f91c11,2,0.0,14.728483796296295,0.0,39.4,15.1,0.383310461243082,5.0,0.03066548950694498,SC,imbituba,2017-08-21 00:27:44,unknown,1.0,96.92105873031718,100.0,96.2,92.8,89.4,100.0,80,PREFERRED,1
1b61fb1f0f2185d89e9a126c498e9cc7,1,0.0,11.358564814814814,0.0,49.7,16.11,0.32414486921529173,5.0,0.03978381157763435,PR,maringa,2017-06-23 07:15:39,furniture_decor,1.0,96.92001404367677,100.0,94.5,94.6,91.1,100.0,81,PREFERRED,1
42fb44130ac3134cde8e35cf8ec7df25,2,0.0,5.903657407407408,0.0,21.9,12.74,0.581513355007331,5.0,0.0335985536322853,SP,pinhalzinho,2017-03-23 16:19:43,fashion_bags_accessories,1.0,96.91977965971509,100.0,95.6,97.5,83.8,100.0,82,PREFERRED,1
c8771b1a10bb99bb34d3c459c5cffb53,1,0.0,6.815891203703703,0.0,64.9,31.2,0.4807395993836671,5.0,0.03834675711655036,SP,tocantins,2017-05-30 16:14:58,toys,1.0,96.90570555820483,100.0,94.7,97.0,86.7,100.0,83,PREFERRED,1
052577151711aec5c744fe12e66db3e1,1,0.0,14.03383101851852,0.0,687.0,42.65,0.06208151382823872,5.0,0.051341349442197044,SC,rodeio,2017-10-26 18:35:40,small_appliances,1.0,96.89718458126829,100.0,92.2,93.2,98.5,100.0,84,PREFERRED,1
e4fc40017a6d22c46a14ac2e17f87c3e,1,0.0,10.291921296296296,0.0,129.0,41.29,0.32007751937984497,5.0,0.042364214041442215,PR,arapongas,2017-05-30 15:55:30,furniture_bedroom,1.0,96.89273218160979,100.0,94.0,95.2,91.2,100.0,85,PREFERRED,1
7bb8fac2913a6064ec412e583c6d8b4d,1,0.0,4.895717592592592,0.0,109.0,16.52,0.15155963302752293,5.0,0.06148358329768383,SP,bauru,2018-02-02 13:40:38,unknown,1.0,96.88392543290173,100.0,90.3,98.0,96.0,100.0,86,PREFERRED,1
b3e2faf2c1004d674f16a3aa3197f0e1,3,0.0,6.792133487654321,0.0,20.49,11.256666666666668,0.6029675244210614,5.0,0.03166650606415785,SP,ribeirao preto,2017-05-10 10:34:13,auto,1.0,96.88082542209928,100.0,96.0,97.0,83.2,100.0,87,PREFERRED,1
adbe70ab2c97442046d393988c8d1d27,5,0.0,7.185418981481481,0.0,57.9,13.030000000000001,0.22830870421979185,5.0,0.053205694042979965,SP,maua,2017-10-12 16:51:36,garden_tools,1.0,96.88069738673897,100.0,91.9,96.8,93.8,100.0,88,PREFERRED,1
23ca5f678e0b3ea6c630b30fa8bf51ea,6,0.0,7.270869984567901,0.0,30.5,16.065,0.4826543209876544,5.0,0.0382555735667672,SP,sao paulo,2017-05-04 23:14:03,home_appliances,1.0,96.86846450757155,100.0,94.8,96.8,86.6,100.0,89,PREFERRED,1
7fe21dd00d2f4943ae09525efa2fd674,2,0.0,7.602222222222222,0.0,84.9,9.605,0.11461622634522295,5.0,0.05964392294057155,RJ,rio de janeiro,2017-07-02 00:25:04,fashion_bags_accessories,1.0,96.86170073929661,100.0,90.7,96.6,97.1,100.0,90,PREFERRED,1
bac44fa8e13424950488659b5f765c41,1,0.0,8.709305555555556,0.0,19.9,14.52,0.7296482412060302,5.0,0.02194250506088273,SP,sao paulo,2016-10-04 22:43:33,furniture_decor,1.0,96.8348169554558,100.0,97.9,96.0,79.6,100.0,91,PREFERRED,1
bee36b4f9a2b9fdcaff6ec05df202ed0,1,0.0,13.397164351851853,0.0,16.9,10.96,0.6485207100591717,5.0,0.019097588299846337,SP,sao paulo,2017-02-11 17:06:41,computers_accessories,1.0,96.82859400700669,100.0,98.4,93.5,81.9,100.0,92,PREFERRED,1
2fb25ab44bdbeae6a4d816e0d0c9d500,5,0.0,8.520905092592592,0.0,136.616,15.642000000000001,0.1538825287127627,4.8,0.04083579007333611,RJ,volta redonda,2018-06-22 21:40:54,small_appliances,1.0,96.82838744007312,100.0,94.3,96.1,95.9,95.0,93,PREFERRED,1
79ed755314cfe6df0daef2c6cd3022cd,23,0.0,9.259990942028987,0.0,169.8913043478261,19.963478260869568,0.12111955750402457,4.7272727272727275,0.03602740768372214,SP,rio claro,2018-08-08 20:06:57,garden_tools,1.0,96.82024872584655,100.0,95.2,95.7,96.9,93.2,94,PREFERRED,0
baeda7047354773262ba2405f97038ba,1,0.0,23.479270833333334,0.0,35.0,15.1,0.43142857142857144,5.0,0.015431608749165368,SP,americana,2017-09-30 07:55:03,pet_shop,1.0,96.81862090057595,100.0,99.1,88.2,88.1,100.0,95,PREFERRED,1
782f78b632a43875dd5b53e3e49c9564,1,0.0,9.88162037037037,0.0,97.34,32.22,0.3310047257037189,5.0,0.044087497749718665,SP,campinas,2017-06-19 16:56:09,furniture_decor,1.0,96.81178055262414,100.0,93.6,95.4,90.9,100.0,96,PREFERRED,1
0ee4fb99ac55ffbbc98795aa01b7f8fa,1,0.0,6.882916666666667,0.0,59.9,11.03,0.18414023372287144,5.0,0.05779227046127415,SP,santana de parnaiba,2017-05-01 10:30:43,furniture_decor,1.0,96.81032771806343,100.0,91.0,97.0,95.1,100.0,97,PREFERRED,1
8a87611c08849ffeeccab52aa798b6c7,6,0.0,8.858441358024692,0.0,119.14833333333333,21.59166666666667,0.21246869536379762,4.666666666666667,0.027094105155513176,PR,curitiba,2017-02-10 10:19:10,garden_tools,1.0,96.79370963694609,100.0,96.9,95.9,94.3,91.7,98,PREFERRED,1
570d4583587a5fe2d47c7be89b91ad27,2,0.0,5.748657407407407,0.0,62.625,11.835,0.22607941443433843,5.0,0.057581568976541445,SP,sao paulo,2017-07-05 21:55:49,health_beauty,1.0,96.79160197194142,100.0,91.1,97.6,93.9,100.0,99,PREFERRED,1
c04d70d515d15a7e3db3a73320598566,3,0.0,6.294768518518519,0.0,52.73333333333333,18.87333333333333,0.3351606288448394,5.0,0.050387729567290505,RJ,niteroi,2017-11-13 10:38:36,unknown,1.0,96.78332358570356,100.0,92.4,97.3,90.8,100.0,100,PREFERRED,1
78ef7e885d17f35e2382a47aae8b8cce,3,0.0,8.66204861111111,0.0,129.33333333333334,21.813333333333333,0.2872486752420383,4.666666666666667,0.024340552429383624,RS,santa cruz do sul,2017-07-28 10:05:46,books_technical,1.0,96.72905665025515,100.0,97.4,96.1,92.2,91.7,101,PREFERRED,1
3ded4e2d5f135cb103e5949d7263d2dd,1,0.0,5.149016203703703,0.0,49.9,12.48,0.2501002004008016,5.0,0.058809246360269275,MG,pouso alegre,2018-02-15 15:37:34,computers_accessories,1.0,96.71229625389158,100.0,90.8,97.9,93.2,100.0,102,PREFERRED,1
422be4cc81a457fdb46f47edeb968ae5,1,0.0,18.136979166666666,0.0,239.9,77.47,0.32292621925802417,5.0,0.03299832675908061,SP,ibitinga,2017-01-26 16:20:32,furniture_decor,1.0,96.70961618990722,100.0,95.8,91.0,91.1,100.0,103,PREFERRED,1
2063dd1b9f568df1c16741ea7d3e6adb,3,0.0,12.651215277777778,0.0,254.36666666666667,19.05666666666667,0.08461274953595398,5.0,0.05623092143400669,PR,guarapuava,2017-11-15 21:27:34,furniture_decor,1.0,96.70890900595384,100.0,91.3,93.9,97.9,100.0,104,PREFERRED,1
ef9952469137ff190bacafe117f51537,5,0.0,10.250847222222223,0.0,200.53199999999998,16.788,0.08385975079687047,4.8,0.044679205660022384,MG,uberaba,2017-05-30 15:57:13,furniture_decor,1.0,96.70538552428344,100.0,93.5,95.2,97.9,95.0,105,PREFERRED,1
a9ae440659f48b7849df83e82734150b,1,0.0,13.342361111111112,0.0,285.0,27.02,0.09480701754385965,5.0,0.05458895246078571,SP,santo andre,2017-10-13 13:10:42,auto,1.0,96.7036982321066,100.0,91.6,93.6,97.6,100.0,106,PREFERRED,1
b77a27b1864483e721dc831d5ba4afa0,1,0.0,8.473414351851853,0.0,20.9,14.52,0.6947368421052632,5.0,0.028320621606259578,RJ,duque de caxias,2017-03-30 06:24:14,auto,1.0,96.64704396173973,100.0,96.7,96.2,80.6,100.0,107,PREFERRED,1
bf961104a38e01b9062ee026bb657dee,4,0.0,9.057149884259259,0.0,146.39,19.975,0.1364505772252203,4.5,0.021469174859618936,SP,ribeirao preto,2017-02-09 19:08:19,cool_stuff,1.0,96.63813199982837,100.0,98.0,95.8,96.4,87.5,108,PREFERRED,1
5bffbafbb22daf6d3bfc216a46db8708,21,0.0,8.653910383597884,0.0,249.5095238095238,21.642857142857142,0.24971374129019408,4.761904761904762,0.03596607108451097,RJ,nilopolis,2017-06-25 23:06:20,computers_accessories,1.0,96.63634202504561,100.0,95.2,96.1,93.2,94.0,109,PREFERRED,0
0b46f784306be7200ca1700aa55d819f,1,0.0,3.2436574074074076,0.0,19.9,10.96,0.5507537688442212,5.0,0.04634874858189712,MG,belo horizonte,2017-03-19 08:36:36,auto,1.0,96.6076660022546,100.0,93.2,98.9,84.7,100.0,110,PREFERRED,1
79b93a308a97792cf53ac75f46da00b5,1,0.0,22.515162037037037,0.0,99.9,16.14,0.16156156156156157,5.0,0.038066939572389054,RJ,rio de janeiro,2017-07-23 10:07:01,luggage_accessories,1.0,96.57653957718362,100.0,94.8,88.7,95.7,100.0,111,PREFERRED,1
63272377184e969942f7fff221be858d,2,0.0,12.299733796296296,0.0,74.85,33.265,0.4408502479374402,5.0,0.040705196765732775,SP,sao paulo,2017-05-18 22:42:50,housewares,1.0,96.4698621847221,100.0,94.3,94.1,87.8,100.0,112,PREFERRED,1
c9d2ba8dde44a275ae06475ed1d2fafc,1,0.0,8.417430555555555,0.0,28.79,14.52,0.5043417853421327,5.0,0.04361389610136924,MG,uberlandia,2017-02-06 00:33:42,auto,1.0,96.45902214938168,100.0,93.7,96.2,86.0,100.0,113,PREFERRED,1
75fdd0a732287f9497b179f6bd445d32,1,0.0,10.883761574074073,0.0,59.9,16.18,0.2701168614357262,5.0,0.053624561018996514,SP,maua,2017-09-19 00:19:17,unknown,1.0,96.44792530862709,100.0,91.8,94.9,92.6,100.0,114,PREFERRED,1
51e0557bc7b86de13e946c60ee91ce39,1,0.0,10.434085648148148,0.0,45.8,17.6,0.3842794759825328,5.0,0.047763585031600726,MG,belo horizonte,2017-05-14 01:23:01,health_beauty,1.0,96.44054361978021,100.0,92.9,95.1,89.4,100.0,115,PREFERRED,1
f8d5c7085db9a4ad2b8c1ffbeb2798c8,6,0.0,12.526377314814814,0.0,43.833333333333336,16.735,0.46167012631054377,5.0,0.039712247340045005,SP,sao paulo,2018-02-05 19:51:29,fashion_bags_accessories,1.0,96.44033676497675,100.0,94.5,94.0,87.2,100.0,116,PREFERRED,1
24c1de8d9551c0b4fbc53317d53efda8,1,0.0,12.779282407407408,0.0,355.0,57.12,0.16090140845070422,5.0,0.05762443998798454,PB,serra redonda,2017-02-01 18:41:32,sports_leisure,1.0,96.41547666541665,100.0,91.0,93.9,95.7,100.0,117,PREFERRED,1
f3511c85f59f8dec53d140501ee8e7a8,1,0.0,1.9164930555555555,0.0,69.9,8.11,0.11602288984263232,5.0,0.0783576962195889,PR,curitiba,2017-08-13 20:03:35,health_beauty,1.0,96.4131599679956,100.0,87.1,99.6,97.0,100.0,118,PREFERRED,1
9e94fa26a70ede4d26226e918e8706a2,1,0.0,5.644328703703704,0.0,62.8,9.94,0.15828025477707006,5.0,0.06972537968109017,SP,sao carlos,2017-08-04 03:06:27,housewares,1.0,96.41043945490316,100.0,88.7,97.7,95.8,100.0,119,PREFERRED,1
e72b4feb7abe210c52aa667abc25a3a2,1,0.0,4.149236111111111,0.0,38.2,17.44,0.45654450261780105,5.0,0.0546705759785499,SP,sao paulo,2017-06-17 11:54:02,bed_bath_table,1.0,96.404269439484,100.0,91.6,98.4,87.4,100.0,120,PREFERRED,1
a3b0df0065e264a91b7bbf5f844af5cd,2,0.0,13.619450231481482,0.0,93.345,16.03,0.19471083336729333,5.0,0.05463486222074844,SP,sao bernardo do capo,2017-09-23 17:59:17,auto,1.0,96.39597319022913,100.0,91.6,93.4,94.8,100.0,121,PREFERRED,1
9fe7c6641c79970ab48185498f547c09,1,0.0,17.920046296296295,0.0,130.0,34.71,0.267,5.0,0.04360409057064516,SP,sao paulo,2017-07-10 20:58:17,luggage_accessories,1.0,96.37740852894564,100.0,93.7,91.1,92.7,100.0,122,PREFERRED,1
ff4ea69c2a729e83e63c7579e4ef8170,8,0.0,11.463975694444445,0.0,796.0,19.9775,0.02550536361227763,5.0,0.06868157264252335,SP,guarulhos,2017-05-22 18:54:48,small_appliances,1.0,96.37448568466755,100.0,88.9,94.6,99.6,100.0,123,PREFERRED,1
11d4c477d09821164bca4f70a2eae031,3,0.0,6.984386574074073,0.0,27.680000000000003,19.27333333333333,0.7956541638061951,5.0,0.03085256471980488,SP,ribeirao preto,2017-08-28 20:47:42,costruction_tools_garden,1.0,96.35775789020204,100.0,96.2,96.9,77.7,100.0,124,PREFERRED,1
aae5953b9edddf14749c0d65d60eb4b9,2,0.0,12.825434027777778,0.0,86.5,14.95,0.3578966063956057,5.0,0.04749224711322418,MG,belo horizonte,2017-10-18 21:52:56,furniture_decor,1.0,96.33826725851377,100.0,93.0,93.8,90.2,100.0,125,PREFERRED,1
e627629ba868740e287800f1a9be81c2,10,0.0,6.4857199074074074,0.0,31.72,10.879999999999999,0.41045994507612626,4.9,0.04733989517901985,SP,sao paulo,2017-07-13 12:39:36,food_drink,1.0,96.32549808098186,100.0,93.0,97.2,88.7,97.5,126,PREFERRED,0
8132b9bd16876e1b0f8808d43825dd48,1,0.0,16.81113425925926,0.0,77.9,21.0,0.26957637997432604,5.0,0.04673234964716569,SC,florianopolis,2017-05-05 18:20:43,sports_leisure,1.0,96.30838532120285,100.0,93.1,91.7,92.7,100.0,127,PREFERRED,1
e76ecc7e9a1a1e3c6df9d2a8261c423d,1,0.0,12.457060185185185,0.0,20.0,14.1,0.705,5.0,0.028505728976782253,MG,belo horizonte,2017-08-13 10:23:44,books_general_interest,1.0,96.29230085101163,100.0,96.6,94.0,80.3,100.0,128,PREFERRED,1
a35124e2d763d7ca3fbe3b97d143200f,4,0.0,10.707777777777778,0.0,102.875,19.7225,0.2332091721559177,4.75,0.040112239244853944,SP,sao paulo,2017-05-08 20:58:10,garden_tools,1.0,96.27656863706594,100.0,94.4,95.0,93.7,93.8,129,PREFERRED,1
1c83418358f249c9d6affa52d579db0e,1,0.0,10.189027777777778,0.0,24.9,14.52,0.5831325301204819,5.0,0.04020623372703735,SP,sao paulo,2017-04-29 06:54:41,music,1.0,96.25784816565718,100.0,94.4,95.2,83.8,100.0,130,PREFERRED,1
f0e103c63864d5405b958d984b6e94c9,11,0.0,8.819280303030304,0.0,86.51818181818182,13.610000000000001,0.2507991338309268,4.7272727272727275,0.040855303547395666,SP,osasco,2017-08-26 00:59:30,unknown,1.0,96.25598403446841,100.0,94.3,96.0,93.2,93.2,131,PREFERRED,0
baf15155e37ef5492731459bdc05be8a,1,0.0,33.05329861111111,0.0,47.0,8.72,0.18553191489361703,5.0,0.025862083750184495,SP,sao paulo,2017-03-16 11:18:01,bed_bath_table,1.0,96.25537749497347,100.0,97.1,83.1,95.0,100.0,132,PREFERRED,1
491a5ada3aa1678414e990262c4bbdc1,1,0.0,6.891527777777778,0.0,1420.0,15.58,0.010971830985915493,5.0,0.07972061445506769,SP,sao paulo,2017-04-05 09:55:00,dvds_blu_ray,1.0,96.25037883075338,100.0,86.8,97.0,100.0,100.0,133,PREFERRED,1
3ea00e1dea2b0659dbaf654735929220,7,0.0,11.446294642857143,0.0,72.14285714285714,20.71,0.3055151515151516,4.857142857142857,0.043656269961975705,PR,curitiba,2018-03-14 23:13:24,cool_stuff,1.0,96.2446470084546,100.0,93.7,94.6,91.6,96.4,134,PREFERRED,1
c0e6839516f5398edc34adf5f1d53d1a,1,0.0,5.102037037037037,0.0,34.92,14.12,0.40435280641466204,5.0,0.06010079821965018,SP,guaruja,2017-05-06 10:58:50,sports_leisure,1.0,96.21643256711006,100.0,90.6,97.9,88.8,100.0,135,PREFERRED,1
83e197e95a1bbabc8c75e883ed016c47,46,0.021739130434782608,10.44315619967794,12.40986111111111,142.91717391304348,20.898478260869563,0.14592512185584575,4.804347826086956,0.03602420957893712,RJ,mage,2018-02-27 19:17:20,books_general_interest,0.9782608695652174,96.18409748339903,97.8,95.2,95.1,96.2,95.1,136,PREFERRED,0
19a7c9f66ffa6452ff4b4c0cca71da27,1,0.0,25.18634259259259,0.0,279.0,59.74,0.21412186379928316,5.0,0.03893825539868181,PR,itaipulandia,2017-09-30 16:14:28,furniture_decor,1.0,96.17325074940761,100.0,94.6,87.3,94.2,100.0,137,PREFERRED,1
9fbd5666d8618fa571c4230fafa09bd6,1,0.0,13.122824074074074,0.0,79.9,16.81,0.2103879849812265,5.0,0.05977240360259504,SP,sao paulo,2017-08-30 18:44:19,auto,1.0,96.14481870406483,100.0,90.6,93.7,94.3,100.0,138,PREFERRED,1
0eaa7e33d73809f1f925f7d07c506cbd,15,0.0,5.903765432098766,0.0,103.46666666666667,12.993333333333334,0.15282833809209573,4.714285714285714,0.052810948098967775,SP,santo andre,2018-08-27 17:01:43,toys,1.0,96.14427791630237,100.0,92.0,97.5,96.0,92.9,139,PREFERRED,0
4aba6a02a788d3ec81c03137144d9a80,1,0.0,13.221458333333333,0.0,89.9,15.38,0.1710789766407119,5.0,0.06195681450235227,SC,canoinhas,2018-01-16 14:09:55,health_beauty,1.0,96.14385953455975,100.0,90.2,93.6,95.5,100.0,140,PREFERRED,1
41c2bad7229b0c25e6becf179ebf63ff,20,0.0,4.69347974537037,0.0,39.1,9.495999999999999,0.24280882352941177,4.95,0.06802100115862766,RN,natal,2018-07-20 21:11:30,books_general_interest,1.0,96.14034284772804,100.0,89.0,98.2,93.4,98.8,141,PREFERRED,0
48efc9d94a9834137efd9ea76b065a38,33,0.0,10.793470468574634,0.0,10.472727272727273,9.70909090909091,0.9713753116683282,5.0,0.018702083876875313,PR,curitiba,2017-01-26 10:00:37,fashion_bags_accessories,1.0,96.13841860832731,100.0,98.5,94.9,72.7,100.0,142,PREFERRED,0
638cba8be1fb599bbb76fd6948351eb3,16,0.0,8.141051070601852,0.0,33.4625,16.766875,0.539002861854614,4.6875,0.02439053396709295,SP,sao jose dos campos,2017-09-28 15:30:58,sports_leisure,1.0,96.13181959304681,100.0,97.4,96.3,85.0,92.2,143,PREFERRED,0
918717417d88a9f9ae9735567e6c7682,4,0.0,8.146559606481482,0.0,86.42500000000001,10.88,0.2734587940521952,5.0,0.0647896142055399,SP,sao paulo,2018-02-27 22:08:50,health_beauty,1.0,96.12113086073771,100.0,89.7,96.3,92.6,100.0,144,PREFERRED,1
e7f3bf1ecd8526eb7f3b18059e6716e5,17,0.0,8.975147739651415,0.0,86.58470588235295,16.50294117647059,0.265602247392222,4.647058823529412,0.03630692999875824,SP,ubatuba,2017-09-19 00:03:56,toys,1.0,96.1187094352385,100.0,95.1,95.9,92.8,91.2,145,PREFERRED,0
6f835fd4be26989b1b064399da346143,2,0.0,6.953078703703703,0.0,98.9,15.725000000000001,0.15900757754690337,5.0,0.07362025317163468,PR,curitiba,2018-06-18 22:59:35,health_beauty,1.0,96.11769731564918,100.0,88.0,97.0,95.8,100.0,146,PREFERRED,1
8936ba0de1073ee888cb3185ae5dc661,1,0.0,13.190671296296296,0.0,389.99,22.22,0.05697581989281776,5.0,0.06957566408650677,SP,sao paulo,2017-04-05 08:53:24,garden_tools,1.0,96.10505005276558,100.0,88.8,93.7,98.7,100.0,147,PREFERRED,1
fe19dce63ae80346207c6c55713d1023,1,0.0,7.0012384259259255,0.0,49.9,21.82,0.4372745490981964,5.0,0.05746203530243926,MG,uberaba,2017-01-31 15:39:27,health_beauty,1.0,96.09843269009352,100.0,91.1,96.9,87.9,100.0,148,PREFERRED,1
eae9af4811c294c56795d70e715b7337,1,0.0,2.8439467592592593,0.0,25.8,15.559999999999999,0.6031007751937983,5.0,0.05455799470371809,SP,sao paulo,2017-10-17 01:24:28,unknown,1.0,96.09757359014854,100.0,91.6,99.1,83.2,100.0,149,PREFERRED,1
21e83881401b92b49fb09a16d3852291,12,0.0,10.948888888888888,0.0,259.0883333333333,41.41916666666666,0.17586172380106632,4.833333333333333,0.054661769590052645,MG,uberlandia,2018-01-29 16:16:23,garden_tools,1.0,96.03551505537149,100.0,91.6,94.8,95.3,95.8,150,PREFERRED,0
0ade5cc4a305ed7093a23f68ca47519c,2,0.0,6.875769675925927,0.0,79.44,21.195,0.26651384069350575,5.0,0.06917888474348491,PR,curitiba,2018-01-21 14:20:45,auto,1.0,96.03157821522701,100.0,88.8,97.0,92.7,100.0,151,PREFERRED,1
2fdde51ad3e12f297da656d4fbd5d0b5,9,0.0,15.266977880658438,0.0,644.7777777777778,61.32444444444444,0.10489850594466886,4.777777777777778,0.04764203822115709,SC,joinville,2017-10-16 17:03:04,garden_tools,1.0,96.0215461126904,100.0,93.0,92.6,97.3,94.4,152,PREFERRED,1
6179a28a13a726c29b3bf54c070dccab,1,0.0,25.23008101851852,0.0,300.0,61.27,0.20423333333333335,5.0,0.042806470332776715,MG,varginha,2017-07-06 17:11:14,luggage_accessories,1.0,96.0124946619723,100.0,93.9,87.3,94.5,100.0,153,PREFERRED,1
dd264199fc8b687ad029de7de6d760e6,1,0.0,18.080567129629628,0.0,87.9,20.7,0.23549488054607506,5.0,0.05301325029914199,PR,cascavel,2017-01-19 11:47:55,auto,1.0,96.00322281697606,100.0,91.9,91.1,93.6,100.0,154,PREFERRED,1
65c255b299faf2d12050937cc219c46c,2,0.0,7.089606481481482,0.0,44.1,10.94,0.24807256235827663,4.5,0.0317522400671106,SP,sao paulo,2017-08-31 17:20:46,perfumery,1.0,95.98513659818474,100.0,96.0,96.9,93.3,87.5,155,PREFERRED,1
7a704e63bb29c446869efde5d57524c8,1,0.0,7.512939814814815,0.0,94.49,15.41,0.1630860408508837,5.0,0.07535889001585779,PR,francisco beltrao,2018-01-25 14:19:53,auto,1.0,95.97830422961643,100.0,87.6,96.7,95.7,100.0,156,PREFERRED,1
0a82f5fb06a4fe4ac2cf7cb412ec71b8,2,0.0,5.281736111111111,0.0,231.0,11.399999999999999,0.04963776963776964,5.0,0.08595318848485103,SP,sao paulo,2018-03-31 12:09:05,construction_tools_construction,1.0,95.97003425835341,100.0,85.6,97.8,98.9,100.0,157,PREFERRED,1
b05b432bf68945d4d9783f9e3ca29ee8,2,0.0,5.414924768518519,0.0,112.4,13.045,0.127171607952253,4.5,0.042252181448728346,SP,birigui,2017-09-12 17:49:55,health_beauty,1.0,95.95828517689908,100.0,94.0,97.8,96.7,87.5,158,PREFERRED,1
0f519b0d2e5eb2227c93dd25038bfc01,1,0.0,12.271921296296297,0.0,79.9,23.0,0.2878598247809762,5.0,0.0614944872909821,SP,ibitinga,2017-01-27 12:10:46,furniture_decor,1.0,95.91012687622658,100.0,90.3,94.1,92.1,100.0,159,PREFERRED,1
3d39fbf22a665714baf62fae36029e23,8,0.0,8.57480179398148,0.0,313.025,16.32875,0.08221163557844716,4.75,0.06060507483691287,SP,campinas,2017-11-25 00:10:03,sports_leisure,1.0,95.89276964626272,100.0,90.5,96.1,98.0,93.8,160,PREFERRED,1
822b63912576852aea9a8436d72317b7,6,0.0,23.300331790123455,0.0,577.6550000000001,24.89,0.06928462326732625,4.833333333333333,0.04472339424579605,SP,mogi guacu,2017-01-24 12:18:07,consoles_games,1.0,95.83202713668871,100.0,93.5,88.3,98.3,95.8,161,PREFERRED,1
458d868c9642f55f18f04e951a3fdde6,2,0.0,17.610983796296296,0.0,1359.0,52.375,0.038539367181751286,5.0,0.06920341658845079,RS,porto alegre,2017-08-01 10:25:49,health_beauty,1.0,95.8237308265805,100.0,88.8,91.3,99.2,100.0,162,PREFERRED,1
5305693ffae2d3463377b1f6fe67b15a,1,0.0,13.373368055555556,0.0,93.56,12.99,0.13884138520735356,5.0,0.07031501916857075,SP,penapolis,2018-01-02 10:35:07,unknown,1.0,95.82279166361874,100.0,88.6,93.6,96.4,100.0,163,PREFERRED,1
a35ef466c6fd6d052f5d241240d3c5e2,3,0.0,11.831080246913581,0.0,189.96666666666667,26.55,0.2784770282823535,4.666666666666667,0.038524721944821455,RS,novo hamburgo,2017-09-30 18:38:46,sports_leisure,1.0,95.82235996410522,100.0,94.7,94.4,92.4,91.7,164,PREFERRED,1
13e85aac53340018b40c2af68001b7e0,1,0.0,17.718125,0.0,17.8,14.12,0.793258426966292,5.0,0.024861900926009407,SP,pedreira,2016-10-08 22:41:36,furniture_decor,1.0,95.79811906808867,100.0,97.3,91.3,77.8,100.0,165,PREFERRED,1
c03121937e54a93fcc1825c3098bbb6e,7,0.0,11.15910052910053,0.0,149.0,22.134285714285713,0.1485522531160115,5.0,0.07401022019340907,PR,curitiba,2018-05-03 20:52:38,books_general_interest,1.0,95.79424903724453,100.0,87.9,94.7,96.1,100.0,166,PREFERRED,1
bf100ecb7997df312b285358fb32f92c,20,0.0,9.656619212962962,0.0,99.595,17.2555,0.22517570787070912,4.444444444444445,0.02884591944844423,PR,sao jose dos pinhais,2018-02-04 20:43:44,cool_stuff,1.0,95.77691771886371,100.0,96.6,95.5,93.9,86.1,167,PREFERRED,0
db46ca7bce82b11f7e247539271fc390,16,0.0,8.149848090277777,0.0,67.653125,16.106875,0.3778342323028663,4.5625,0.03169898345223953,RJ,rio de janeiro,2017-07-05 09:08:28,pet_shop,1.0,95.76954083455391,100.0,96.0,96.3,89.6,89.1,168,PREFERRED,0
3faf68a3b0af94b10bac70d86077be49,7,0.0,16.159052579365078,0.0,188.99,17.02285714285714,0.090072792967126,4.571428571428571,0.03624554819512566,SP,holambra,2017-05-02 06:29:43,unknown,1.0,95.76491815530453,100.0,95.1,92.1,97.8,89.3,169,PREFERRED,1
a99504ac23ed125aaf5302af6cc30af9,1,0.0,16.25554398148148,0.0,978.0,47.24,0.04830265848670757,5.0,0.07238784400395674,SP,batatais,2017-10-14 14:45:58,home_construction,1.0,95.75122449187728,100.0,88.2,92.0,98.9,100.0,170,PREFERRED,1
52b53f7061969fe471d119b6195da864,1,0.0,3.333136574074074,0.0,90.0,8.37,0.09299999999999999,5.0,0.0912590818631367,SP,itajai,2017-08-28 13:15:21,perfumery,1.0,95.74770299834042,100.0,84.6,98.9,97.7,100.0,171,PREFERRED,1
365e445f796710c3431557e85caa25db,4,0.0,8.38683449074074,0.0,278.75,19.825,0.07042794152423762,4.5,0.04532908200405671,SP,sao paulo,2017-06-16 13:35:23,cool_stuff,1.0,95.7355755734775,100.0,93.4,96.2,98.3,87.5,172,PREFERRED,1
4a82c4af97ffc0fb2dc26bfdc03b1842,3,0.0,12.739297839506174,0.0,47.9,22.400000000000002,0.527286835990442,5.0,0.05059827601290734,MG,lagoa da prata,2017-08-15 14:31:33,unknown,1.0,95.71562416272745,100.0,92.4,93.9,85.3,100.0,173,PREFERRED,1
010543a62bd80aa422851e79a3bc7540,2,0.0,9.085081018518519,0.0,708.0,15.975000000000001,0.022563559322033896,4.5,0.047802878964553444,SP,sao paulo,2017-08-02 13:49:39,computers_accessories,1.0,95.69735142093188,100.0,92.9,95.8,99.7,87.5,174,PREFERRED,1
4cc4fd4fdd406a85bbdc1f824b731bd7,1,0.0,8.304594907407408,0.0,539.98,31.24,0.05785399459239231,5.0,0.08621664243953892,PR,toledo,2018-02-26 12:08:58,auto,1.0,95.69374063694993,100.0,85.6,96.2,98.7,100.0,175,PREFERRED,1
119d1aef1b4144adba89163f6cd9f5d4,4,0.0,4.477740162037037,0.0,273.5,51.06,0.1859950543383795,4.75,0.06549508560039106,SP,pedreira,2017-11-17 19:46:19,furniture_decor,1.0,95.6897399022517,100.0,89.5,98.3,95.0,93.8,176,PREFERRED,1
52092ddbd3a58c450a4459bf051b2287,5,0.0,10.308233796296296,0.0,60.17,14.943999999999999,0.35264086634697944,5.0,0.06630085978241776,SP,dois corregos,2018-03-27 15:40:33,sports_leisure,1.0,95.65214961374114,100.0,89.4,95.2,90.3,100.0,177,PREFERRED,1
d94ba08b99bedd6a5f6c875ecc4a6fac,8,0.0,12.503735532407408,0.0,67.3875,20.2,0.2983514190317195,4.75,0.04639789109821814,PR,apucarana,2017-07-27 10:15:39,housewares,1.0,95.6477496128118,100.0,93.2,94.0,91.8,93.8,178,PREFERRED,1
45a3d05fb00435e52a28859dd03703b3,1,0.0,25.719780092592593,0.0,1299.0,24.79,0.019083910700538876,5.0,0.06073597943872719,SP,guarulhos,2017-02-03 18:08:16,toys,1.0,95.63988828007999,100.0,90.4,87.0,99.8,100.0,179,PREFERRED,1
57a834594e1e9e9219603bfec184eadc,1,0.0,6.109594907407407,0.0,139.0,27.05,0.1946043165467626,5.0,0.082942139984375,RS,santa rosa,2018-06-03 14:21:44,pet_shop,1.0,95.63711192463063,100.0,86.2,97.4,94.8,100.0,180,PREFERRED,1
0cab2da43793a6f3c5ed8514c5f54627,3,0.0,5.005370370370371,0.0,103.23333333333335,19.066666666666666,0.19565183671180442,5.0,0.08488389619164351,PR,curitiba,2018-07-27 10:30:54,stationery,1.0,95.62890355979394,100.0,85.8,98.0,94.8,100.0,181,PREFERRED,1
f67efa3f0b6761102a7f8c6b7b571f5d,31,0.0,9.979094235364396,0.0,171.55387096774194,27.35,0.1879173397800417,4.483870967741935,0.03693385166121168,PR,curitiba,2018-04-09 10:47:49,pet_shop,1.0,95.61733408281833,100.0,95.0,95.4,95.0,87.1,182,PREFERRED,0
c113b8df1fc375bc3d73d29c1b1144d1,3,0.0,6.7548109567901236,0.0,111.0,22.623333333333335,0.20207699924282138,4.333333333333333,0.029702022630763117,SP,sao paulo,2017-08-02 16:17:16,unknown,1.0,95.61550948035568,100.0,96.4,97.1,94.6,83.3,183,PREFERRED,1
933446e9a59dece7ae9175103820ca8f,1,0.0,24.027141203703703,0.0,64.99,22.38,0.34436067087244193,5.0,0.04486961582464428,PR,curitiba,2017-01-24 15:37:05,housewares,1.0,95.61165778903448,100.0,93.5,87.9,90.5,100.0,184,PREFERRED,1
b1ac6ea7895bc3dd6f0f6f4abbdd2821,38,0.0,10.18083455165692,0.0,77.94736842105263,20.32526315789474,0.2790709954135467,4.526315789473684,0.03521862661600091,RS,canoas,2017-12-15 12:52:08,sports_leisure,1.0,95.58397994610539,100.0,95.3,95.2,92.4,88.2,185,PREFERRED,0
7e26c750b4cb9f6766f58265ff9ebe95,23,0.0,9.22936191626409,0.0,58.44782608695652,16.907826086956522,0.2868739769962753,4.434782608695652,0.02938348960116014,MG,belo horizonte,2017-10-13 12:42:33,unknown,1.0,95.5738227031375,100.0,96.5,95.8,92.2,85.9,186,PREFERRED,0
186cdd1b2df32caa72cfb410bba768d3,6,0.0,8.89848572530864,0.0,223.57499999999996,44.71333333333334,0.2694379967626404,5.0,0.07569963722483673,SC,rio negrinho,2018-08-06 13:16:55,housewares,1.0,95.55001848411827,100.0,87.6,95.9,92.7,100.0,187,PREFERRED,1
585175ec331ea177fa47199e39a6170a,1,0.0,7.919513888888889,0.0,3549.0,53.47,0.015066215835446605,5.0,0.09244721170166657,MG,montes claros,2017-02-21 18:35:38,computers,1.0,95.54725010295066,100.0,84.4,96.4,99.9,100.0,188,PREFERRED,1
83a75eea11694e36e56dd0cb2240229a,3,0.0,4.093989197530864,0.0,162.33333333333334,14.156666666666666,0.08593211071754299,5.0,0.0945999643145675,SP,amparo,2018-04-18 13:43:52,unknown,1.0,95.54718935746823,100.0,84.0,98.5,97.9,100.0,189,PREFERRED,1
84c945f15571830c1a91a33978e94009,2,0.0,9.44066550925926,0.0,25.99,13.030000000000001,0.501346671796845,4.5,0.02254533948897771,SP,sao paulo,2017-05-14 08:39:56,housewares,1.0,95.52062340836174,100.0,97.8,95.6,86.1,87.5,190,PREFERRED,1
3504c0cb71d7fa48d967e0e4c94d59d9,53,0.0,7.327788478336827,0.0,44.525283018867924,13.026792452830188,0.31250184408565673,4.415094339622642,0.030762349529082057,SP,maua,2017-11-06 13:48:10,cool_stuff,1.0,95.51240219811648,100.0,96.2,96.8,91.4,85.4,191,PREFERRED,0
7ab0dd5487bab2dc835337b244f689fb,1,0.0,5.7457060185185185,0.0,12.5,10.96,0.8768,5.0,0.04599338917204105,SP,sao jose do rio preto,2017-04-05 17:58:30,bed_bath_table,1.0,95.50053871622504,100.0,93.3,97.6,75.4,100.0,192,PREFERRED,1
028872bfa080090a9d0abd4f1af168f8,1,0.0,16.481273148148148,0.0,70.5,47.37,0.6719148936170213,5.0,0.040472640789944885,MG,ribeirao das neves,2017-08-19 09:10:45,unknown,1.0,95.49283567089184,100.0,94.3,91.9,81.2,100.0,193,PREFERRED,1
1b0b0f4f95e962d6f32fe90c759d0479,2,0.0,9.46238425925926,0.0,69.9,11.685,0.1671673819742489,5.0,0.08230655555142416,SP,sao paulo,2018-08-16 13:45:11,health_beauty,1.0,95.47883204710483,100.0,86.3,95.6,95.6,100.0,194,PREFERRED,1
35ef5aa32949680f627efec3c23e705c,3,0.0,9.427731481481482,0.0,102.60000000000001,34.843333333333334,0.4443350334593899,4.666666666666667,0.03988764285819226,SC,sombrio,2017-07-11 20:54:38,musical_instruments,1.0,95.47750599424091,100.0,94.4,95.6,87.7,91.7,195,PREFERRED,1
804287717b9156fb7a787acd9af4fac1,1,0.0,9.156145833333333,0.0,18.8,15.1,0.803191489361702,5.0,0.04532412672290612,PR,maringa,2017-06-07 11:49:07,toys,1.0,95.47030782991499,100.0,93.4,95.8,77.5,100.0,196,PREFERRED,1
e88c9b79e592e370d6bd852eeefbf057,8,0.0,8.435091145833333,0.0,31.48375,17.763749999999998,0.8813135164954364,4.75,0.023066625553169302,PR,pato branco,2017-07-13 11:44:22,toys,1.0,95.43488551383375,100.0,97.7,96.2,75.3,93.8,197,PREFERRED,1
718539d38d07dd351c76db862760e2e2,35,0.0,8.635720899470899,0.0,36.79457142857143,18.248285714285714,0.5485966982500025,4.628571428571429,0.03305558201751934,SP,campinas,2018-01-03 19:50:16,pet_shop,1.0,95.42911048162462,100.0,95.8,96.1,84.7,90.7,198,PREFERRED,0
97e50a621f8e801f4baf69e08687c192,1,0.0,9.454490740740741,0.0,89.9,7.88,0.08765294771968854,5.0,0.0882505107844501,SP,sao paulo,2018-02-21 06:34:33,toys,1.0,95.42030072321172,100.0,85.2,95.6,97.8,100.0,199,PREFERRED,1
941554c5757b73ba0e50aa7732310afc,3,0.0,8.114648919753087,0.0,35.89666666666667,19.55333333333333,0.5415788960970688,4.666666666666667,0.03750283980082334,SP,sao paulo,2017-05-31 17:23:00,garden_tools,1.0,95.42023120485032,100.0,94.9,96.3,84.9,91.7,200,PREFERRED,1
c8665a4dd081a2c436b1cd921079d0d9,1,0.0,4.243194444444445,0.0,79.39,14.14,0.1781080740647437,5.0,0.0915948646463255,SP,pitangueiras,2018-06-18 12:48:25,health_beauty,1.0,95.41774542917729,100.0,84.5,98.4,95.3,100.0,201,PREFERRED,1
c8c1bea22194a4eefa2dc9a9fa89f536,7,0.0,8.498819444444445,0.0,180.85714285714286,41.81857142857143,0.22831347377660743,5.0,0.08156566932781227,SC,porto belo,2018-08-03 10:20:22,pet_shop,1.0,95.41743405595084,100.0,86.5,96.1,93.8,100.0,202,PREFERRED,1
6d1b9c9579132c87d2703ec38c30f2c5,4,0.0,9.304976851851851,0.0,74.9225,16.925,0.23596150195308993,4.5,0.04066060630523881,PR,curitiba,2017-07-01 12:32:51,baby,1.0,95.41652498944264,100.0,94.3,95.7,93.6,87.5,203,PREFERRED,1
be67f78487e2cecb0d55bc769709e4f5,1,0.0,10.03462962962963,0.0,102.0,23.64,0.23176470588235296,5.0,0.07888563828800126,MG,ibirite,2018-03-23 17:06:29,health_beauty,1.0,95.41393304392152,100.0,87.0,95.3,93.7,100.0,204,PREFERRED,1
e0a3c37054ade6478d923a6efc10f308,2,0.0,7.835486111111111,0.0,109.9,17.59,0.1600545950864422,5.0,0.08682287625673069,SC,camboriu,2018-07-17 21:05:10,baby,1.0,95.41198341887556,100.0,85.4,96.5,95.8,100.0,205,PREFERRED,1
6df688df543f90e9b38f4319e75a9d88,39,0.0,7.93724210588794,0.0,48.50666666666667,19.72923076923077,0.6345565010417454,4.564102564102564,0.02483268882866533,MG,belo horizonte,2017-11-22 09:09:01,health_beauty,1.0,95.39295064910436,100.0,97.3,96.4,82.3,89.1,206,PREFERRED,0
53336f97ddbe53e2a617d07b17447b95,1,0.0,19.431122685185183,0.0,599.5,75.33,0.12565471226021685,5.0,0.07016306448994032,SP,sao paulo,2017-10-04 09:13:51,home_appliances_2,1.0,95.38582286724672,100.0,88.6,90.3,96.7,100.0,207,PREFERRED,1
c3fe93ba3085f92855c97e57f38c8c05,6,0.0,13.222635030864197,0.0,36.5,16.363333333333333,0.5105051776930789,5.0,0.057776405466356616,PR,curitiba,2018-07-24 23:30:08,books_general_interest,1.0,95.38088607273382,100.0,91.0,93.6,85.8,100.0,208,PREFERRED,1
0b18d63d0cd1d723567903fd34a07df2,9,0.0,7.111788837448561,0.0,186.46,29.543333333333333,0.34755113654702174,4.777777777777778,0.060413270906670306,SP,sp,2018-06-12 23:52:24,auto,1.0,95.36951068843473,100.0,90.5,96.9,90.4,94.4,209,PREFERRED,1
f41ce2e25237f9092cd8e6e7516c7a2f,26,0.0,8.769085202991452,0.0,75.45769230769231,12.458461538461538,0.1929897977515186,4.423076923076923,0.039351334139903944,SP,guarulhos,2017-12-18 14:55:09,consoles_games,1.0,95.35534427781987,100.0,94.5,96.0,94.8,85.6,210,PREFERRED,0
c8143b3069f6746a77421b5ce30a450c,1,0.0,24.404675925925925,0.0,142.47,43.41,0.30469572541587703,5.0,0.05196189069595892,GO,abadia de goias,2017-07-02 13:10:36,health_beauty,1.0,95.3543809431808,100.0,92.1,87.7,91.7,100.0,211,PREFERRED,1
b1aaae6b66ad3c40f54b389d7ea4bee0,15,0.0,8.024413580246913,0.0,79.96000000000001,26.742666666666665,0.30371071716715736,4.4,0.03224727141574441,SP,sao paulo,2017-05-24 17:01:03,fashion_underwear_beach,1.0,95.35420670145614,100.0,95.9,96.4,91.7,85.0,212,PREFERRED,0
4d600e08ecbe08258c79e536c5a42fee,7,0.0,12.936089616402116,0.0,545.1671428571428,20.422857142857143,0.04253501042843242,4.428571428571429,0.04194332066006247,PR,entre rios do oeste,2017-03-15 19:08:27,watches_gifts,1.0,95.34736805745611,100.0,94.0,93.8,99.1,85.7,213,PREFERRED,1
6989574bd97d9773f10d232b6c07da59,7,0.0,10.962650462962964,0.0,354.0571428571428,45.871428571428574,0.13397344451223797,4.857142857142857,0.07342231553282279,PR,curitiba,2018-07-25 13:09:24,luggage_accessories,1.0,95.343693169832,100.0,88.0,94.8,96.5,96.4,214,PREFERRED,1
10089e9f2fd0c668a8fd4e52e1698888,3,0.0,7.632048611111112,0.0,379.9666666666667,19.80333333333333,0.05294768960370128,4.333333333333333,0.043102327308263154,SP,sao jose do rio preto,2017-11-14 09:41:18,air_conditioning,1.0,95.32688470534023,100.0,93.8,96.6,98.8,83.3,215,PREFERRED,1
7a9c12e235c36247c3c81f50d6ea9cea,5,0.0,12.8360625,0.0,196.78,23.137999999999998,0.18930200224413304,4.6,0.04741864229654702,SP,sao caetano do sul,2017-05-04 19:13:41,toys,1.0,95.31936326539972,100.0,93.0,93.8,94.9,90.0,216,PREFERRED,1
32e5635e63cb374eb63afdd242fb6134,1,0.0,7.309675925925926,0.0,910.0,17.82,0.019582417582417584,5.0,0.09795260973585186,RJ,rio de janeiro,2017-08-15 21:29:06,small_appliances,1.0,95.31914320354188,100.0,83.3,96.8,99.8,100.0,217,PREFERRED,1
02f5837340d7eb4f653d676c7256523a,30,0.03333333333333333,9.659020061728395,8.280810185185185,129.435,19.361,0.1509043655224856,4.833333333333333,0.04888347074632615,PR,curitiba,2018-08-08 14:13:58,luggage_accessories,0.9666666666666667,95.31908685084713,96.7,92.7,95.5,96.0,95.8,218,PREFERRED,0
57fe6232e67823593374a2281d7a8af8,8,0.0,9.581882233796296,0.0,22.335,13.17,0.6238214512294171,4.75,0.038905607696064,SP,capivari,2017-12-01 08:46:08,books_general_interest,1.0,95.31547976395672,100.0,94.6,95.6,82.6,93.8,219,PREFERRED,1
a37c340b91cb0169e8b029db6440fba2,5,0.0,11.123074074074074,0.0,69.0,18.990000000000002,0.2752173913043478,4.8,0.06098750361329702,SP,sao paulo,2017-09-14 16:37:03,unknown,1.0,95.31164105257712,100.0,90.4,94.7,92.5,95.0,220,PREFERRED,1
2f4b0d3b9634b647d4edee577d7ebb7e,10,0.0,6.147945601851852,0.0,33.79,8.440999999999999,0.2616137343189425,4.9,0.07805065942614975,SP,sao paulo,2018-03-10 10:10:19,perfumery,1.0,95.30327907209185,100.0,87.1,97.4,92.9,97.5,221,PREFERRED,0
325f3178fb58e2a9778334621eecdbf9,33,0.0,6.621858866442199,0.0,28.119090909090907,13.896363636363636,0.5533316249742561,4.575757575757576,0.03506490235617949,SP,taboao da serra,2018-01-29 19:18:47,perfumery,1.0,95.28147712326907,100.0,95.4,97.1,84.6,89.4,222,PREFERRED,0
8ca5b19e0263150d2c57afdde2b3d011,3,0.0,4.8608217592592595,0.0,60.20000000000001,14.693333333333333,0.3655196043269651,4.666666666666667,0.05626592281074033,SP,maua,2017-11-23 11:03:54,unknown,1.0,95.2795489765287,100.0,91.3,98.1,89.9,91.7,223,PREFERRED,1
c26ba52cf8d2f34915f2f6b7ffa0a3f3,3,0.0,7.716890432098765,0.0,35.82333333333333,12.916666666666666,0.4388771520008649,5.0,0.07347985554787446,RJ,rio de janeiro,2018-01-16 22:32:22,unknown,1.0,95.26951625283085,100.0,88.0,96.6,87.9,100.0,224,PREFERRED,1
78ba5933c21686d1c2f64669c8c459e7,2,0.0,6.5282175925925925,0.0,95.9,10.385000000000002,0.11038721266026223,4.25,0.03643695306290811,SP,mogi das cruzes,2017-05-16 10:49:26,bed_bath_table,1.0,95.25851894722229,100.0,95.1,97.2,97.2,81.2,225,PREFERRED,1
b76a1f8356322f12529c37b67d5c96c2,5,0.0,7.468219907407407,0.0,59.7,11.278,0.25706282487686916,4.8,0.06932173281089662,SP,santos,2018-02-19 15:11:22,auto,1.0,95.2544453413832,100.0,88.8,96.7,93.0,95.0,226,PREFERRED,1
ef30892870c278497523264be1be2241,9,0.0,8.079983281893004,0.0,87.02222222222223,12.148888888888887,0.2137346803636408,4.555555555555555,0.0517987220595015,SP,araraquara,2018-01-31 18:59:31,stationery,1.0,95.25167015635148,100.0,92.2,96.4,94.2,88.9,227,PREFERRED,1
3ef37b7ca6dd2b80bd8af81a62504996,2,0.0,14.346006944444444,0.0,350.0,20.485,0.05852857142857143,4.5,0.046272126093843305,SP,sao paulo,2017-09-01 16:25:37,cool_stuff,1.0,95.25032747141339,100.0,93.2,93.0,98.7,87.5,228,PREFERRED,1
fa14641f57b655e933124a9ea49cd7a5,7,0.0,6.980003306878308,0.0,51.41857142857143,11.865714285714287,0.23634557949557305,4.571428571428571,0.053677546588541236,SP,sao paulo,2018-02-05 13:55:53,computers_accessories,1.0,95.24447378745462,100.0,91.8,96.9,93.6,89.3,229,PREFERRED,1
3f84fefc07dc159b268d4a77d3e8c425,3,0.0,8.068271604938271,0.0,66.86666666666666,17.106666666666666,0.2998789465541653,5.0,0.08167454662148067,PR,fazenda rio grande,2018-06-29 23:02:53,health_beauty,1.0,95.2433728327277,100.0,86.4,96.4,91.8,100.0,230,PREFERRED,1
0ad80de75c811326389cfb1daba7d45e,6,0.0,8.998383487654321,0.0,241.5666666666667,19.22,0.08373347050132977,5.0,0.09311928053664582,RJ,rio de janeiro,2018-01-05 20:37:59,toys,1.0,95.23441078575523,100.0,84.2,95.9,97.9,100.0,231,PREFERRED,1
6bcb2352a2a0c38b845f598298ab9d26,1,0.0,11.037233796296297,0.0,15.9,15.1,0.949685534591195,5.0,0.03861248304840092,PR,maringa,2017-06-16 17:30:04,computers_accessories,1.0,95.22661324858592,100.0,94.7,94.8,73.4,100.0,232,PREFERRED,1
417a1e6c7321084d2a0ae0d023cfad93,1,0.0,6.072372685185186,0.0,48.9,12.48,0.2552147239263804,5.0,0.08823978597801123,RS,imigrante,2018-01-31 12:13:17,housewares,1.0,95.21425245723988,100.0,85.2,97.4,93.1,100.0,233,PREFERRED,1
b9ec22de23f18567de0e09d776ca0309,2,0.0,6.534861111111111,0.0,170.99,20.245,0.12261503102621854,5.0,0.09533222197471629,DF,brasilia,2018-08-14 23:20:29,stationery,1.0,95.21393036805071,100.0,83.8,97.2,96.8,100.0,234,PREFERRED,1
134a288e7de827ec5ec62e3ec9c3a295,9,0.0,9.450118312757203,0.0,97.49444444444445,14.06111111111111,0.2099883142474463,4.777777777777778,0.06807815473954812,SP,sao paulo,2017-09-17 21:55:13,books_technical,1.0,95.20669117586297,100.0,89.0,95.6,94.4,94.4,235,PREFERRED,1
695051e2981c8b19e77cafe450d5bdf3,1,0.0,20.190590277777776,0.0,169.76,12.69,0.07475259189443921,5.0,0.0756979140921032,SP,osasco,2017-12-08 12:19:26,unknown,1.0,95.20468604686667,100.0,87.6,89.9,98.2,100.0,236,PREFERRED,1
db6a4d4b5f1f5f98820ce6ce2619e2de,1,0.0,3.113460648148148,0.0,135.99,12.16,0.08941833958379292,5.0,0.10328377193591917,SP,sao paulo,2018-01-08 16:50:16,luggage_accessories,1.0,95.19919196714936,100.0,82.3,99.0,97.8,100.0,237,PREFERRED,1
aa17b35ce4de7b565be3249ba838944f,2,0.0,16.367667824074076,0.0,39.9,17.1,0.4285714285714286,4.5,0.022175189317884637,SP,jundiai,2017-09-01 17:56:59,sports_leisure,1.0,95.19408499093815,100.0,97.8,92.0,88.1,87.5,238,PREFERRED,1
9b00cad94ef3078faf6fba2e792c158f,1,0.0,19.39923611111111,0.0,354.9,18.92,0.053310791772330245,5.0,0.07855143078091861,MG,janauba,2017-12-20 12:04:33,sports_leisure,1.0,95.19173220196983,100.0,87.0,90.4,98.8,100.0,239,PREFERRED,1
a213f1bd6458f4a158f3746cb2514559,1,0.0,8.3459375,0.0,41.52,14.43,0.34754335260115604,5.0,0.08017557818509025,PR,maringa,2018-05-30 16:20:16,computers_accessories,1.0,95.15785979321537,100.0,86.7,96.2,90.4,100.0,240,PREFERRED,1
f44b6f775a2b390380e0e30b5c9d3eee,10,0.0,8.694234953703702,0.0,308.99899999999997,26.746999999999996,0.10904240698867437,4.9,0.08603971232871759,SP,sao paulo,2018-08-26 13:49:27,cool_stuff,1.0,95.15098117432383,100.0,85.6,96.0,97.2,97.5,241,PREFERRED,0
b3f19518fcec265b2e97af287725f981,8,0.0,10.665917245370371,0.0,55.615,15.61,0.3169416206141066,4.375,0.02952604587116086,SP,tanabi,2017-08-22 12:44:01,housewares,1.0,95.14326131796663,100.0,96.4,95.0,91.3,84.4,242,PREFERRED,1
fc906263ca5083d09dce42fe02247800,112,0.0,9.399892836474868,0.0,39.62321428571429,16.739642857142858,0.43201896376390464,4.392857142857143,0.0263235754139918,MG,belo horizonte,2017-12-23 18:17:06,computers_accessories,1.0,95.137780782418,100.0,97.0,95.7,88.1,84.8,243,PREFERRED,0
2ef086a599b597572aca4433b7ed6b3d,1,0.0,11.24431712962963,0.0,49.0,15.1,0.3081632653061224,5.0,0.07826382308187141,SC,jaragua do sul,2018-01-11 07:27:07,health_beauty,1.0,95.1307473567714,100.0,87.1,94.7,91.6,100.0,244,PREFERRED,1
8ec76bb0965af3f007692b26fa9d6623,1,0.0,11.309363425925927,0.0,1999.0,29.75,0.014882441220610306,5.0,0.09593506878454602,SC,criciuma,2017-11-17 15:31:37,computers_accessories,1.0,95.1111208613095,100.0,83.7,94.6,99.9,100.0,245,PREFERRED,1
3fefda3299e6dfaea3466ef346a3571a,1,0.0,6.3142708333333335,0.0,209.0,16.21,0.07755980861244019,4.0,0.022299063775115764,PR,curitiba,2017-08-11 10:15:22,electronics,1.0,95.10857529931465,100.0,97.8,97.3,98.1,75.0,246,PREFERRED,1
28fb0829fd777877cdc350d25cb5bd5b,2,0.0,14.081875,0.0,139.9,21.04,0.15278997815446754,5.0,0.0833637076881665,SP,sao jose do rio pret,2017-11-22 21:15:27,health_beauty,1.0,95.10167026482098,100.0,86.1,93.2,96.0,100.0,247,PREFERRED,1
2ff6b7bff164ef05590a52734e1296da,7,0.0,11.747468584656085,0.0,257.6557142857143,21.647142857142857,0.11687950633155716,4.714285714285714,0.06714757473549601,PR,londrina,2018-05-11 09:30:22,industry_commerce_and_business,1.0,95.09472567940963,100.0,89.2,94.4,97.0,92.9,248,PREFERRED,1
478bfe564db21eeb44386606aa30b650,3,0.0,13.974162808641973,0.0,60.900000000000006,16.033333333333335,0.34926710439835945,4.666666666666667,0.04618940923468829,MG,pedro leopoldo,2017-12-27 19:51:59,pet_shop,1.0,95.0838394344758,100.0,93.2,93.2,90.4,91.7,249,PREFERRED,1
2059c39f76271d4ca3f15b5ffaccc8b8,12,0.0,9.585923032407408,0.0,50.40833333333333,15.532499999999999,0.3592810483753531,4.5,0.04009558228454291,PR,curitiba,2017-09-07 20:12:30,books_general_interest,1.0,95.071319142704,100.0,94.4,95.6,90.1,87.5,250,PREFERRED,0
ab9db4cf53b08b828b64dccaafc2d9f0,4,0.0,11.719855324074075,0.0,44.445,26.455000000000002,0.6812974609019671,5.0,0.05672198813431626,RS,paraiso do sul,2018-07-19 14:24:09,air_conditioning,1.0,95.06624602194296,100.0,91.2,94.4,81.0,100.0,251,PREFERRED,1
461ff5303b6c9c1a4a07f40c5aece516,2,0.0,8.276487268518519,0.0,33.9,18.13,0.5387838461605455,5.0,0.07103852251230082,PR,pinhais,2018-07-14 19:34:45,health_beauty,1.0,95.0584918857282,100.0,88.5,96.3,85.0,100.0,252,PREFERRED,1
404e1ba01358af4cd63f679b2c4d1fa1,8,0.0,8.209917534722223,0.0,46.7375,22.22875,0.5420064494714375,5.0,0.0709702408126558,MG,juiz de fora,2018-08-16 12:36:06,pet_shop,1.0,95.05791196640489,100.0,88.5,96.3,84.9,100.0,253,PREFERRED,1
b5bb2b985208834bd5bd86c7a402bbad,2,0.0,11.335590277777778,0.0,310.53,19.33,0.06224841400186778,5.0,0.09424616355881896,RS,venancio aires,2018-04-21 22:27:34,auto,1.0,95.0555477681767,100.0,84.0,94.6,98.5,100.0,254,PREFERRED,1
d3891911c2feae53c52fea2bd14054e5,2,0.0,4.062760416666666,0.0,70.5,12.995000000000001,0.18271739130434783,5.0,0.09924515732993802,SP,sao paulo,2018-06-19 14:14:49,telephony,1.0,95.05246240292155,100.0,83.1,98.5,95.1,100.0,255,PREFERRED,1
8cb7c5ddf41f4d506eba76e9a4702a25,1,0.0,16.01363425925926,0.0,69.0,28.88,0.41855072463768117,5.0,0.06546256863427502,GO,anapolis,2018-02-07 22:52:02,sports_leisure,1.0,95.05163285449059,100.0,89.5,92.2,88.4,100.0,256,PREFERRED,1
de0c78824586e9a5f5f04fd84e25df39,13,0.0,6.993716168091169,0.0,175.63846153846154,15.99,0.10529751064756926,4.923076923076923,0.09316248932319125,SP,vargem grande paulista,2018-08-03 14:39:54,pet_shop,1.0,95.04208414180692,100.0,84.2,96.9,97.3,98.1,257,PREFERRED,0
5563732abe64c3036cb97ad924128dd1,2,0.0,12.159421296296296,0.0,202.0,18.8,0.15175459558823529,4.5,0.04876532881397576,SP,guarulhos,2017-12-20 09:56:32,health_beauty,1.0,95.04018762493887,100.0,92.7,94.2,96.0,87.5,258,PREFERRED,1
5e25c632f9db6cfb8bc100421c2737b6,1,0.0,6.050219907407407,0.0,259.0,19.91,0.07687258687258687,5.0,0.10248776476373464,SC,chapeco,2018-06-12 21:32:28,sports_leisure,1.0,95.0394220203282,100.0,82.4,97.4,98.1,100.0,259,PREFERRED,1
7e79d65b5c6f1f544b7daea036acf720,4,0.0,8.56722511574074,0.0,129.45,15.5225,0.14255741746458572,4.5,0.055425889707877214,SP,sao caetano do sul,2017-10-24 12:11:43,toys,1.0,95.03278260250843,100.0,91.5,96.1,96.3,87.5,260,PREFERRED,1
9558aa23f77a9e0a0eca83540999f43b,1,0.0,20.871423611111112,0.0,39.0,14.52,0.3723076923076923,5.0,0.06053406037597579,PR,apucarana,2017-05-02 11:31:55,fashion_bags_accessories,1.0,95.0327394269667,100.0,90.5,89.6,89.7,100.0,261,PREFERRED,1
b5f49fe968dff6b112861e6cd8e192ef,1,0.0,13.995439814814814,0.0,194.70000000000002,42.97,0.22069851052901898,5.0,0.08126908125602988,PR,curitiba,2018-01-18 18:21:21,furniture_decor,1.0,95.01620181358959,100.0,86.5,93.2,94.0,100.0,262,PREFERRED,1
dc50afafdfa325eadc890c7fa42a8f4e,4,0.0,6.205685763888889,0.0,106.05000000000001,14.32,0.17199472276107602,4.75,0.07840012053362702,PR,maringa,2018-08-11 10:25:29,home_appliances,1.0,94.97375262887493,100.0,87.1,97.4,95.4,93.8,263,PREFERRED,1
3ca08eeb8d5595949fed424bd3677742,13,0.0,10.300126424501425,0.0,129.91384615384615,34.54615384615385,0.2510740801734533,4.6923076923076925,0.06240985793056091,PR,curitiba,2018-01-08 13:00:00,toys,1.0,94.97359070940577,100.0,90.1,95.2,93.2,92.3,264,PREFERRED,0
979e9f8b5b39dd243a2550c8b05aecf0,3,0.0,9.339444444444444,0.0,175.0,15.626666666666667,0.1022563492063492,5.0,0.09696554794173712,SP,sao paulo,2018-04-04 21:49:23,health_beauty,1.0,94.97044337237705,100.0,83.5,95.7,97.4,100.0,265,PREFERRED,1
939f6e231201f26803cb5c3a3d2940b3,3,0.0,10.861435185185186,0.0,43.53333333333333,31.673333333333336,0.7433353681755297,4.666666666666667,0.030486755208931973,SP,bauru,2016-10-06 20:15:20,furniture_decor,1.0,94.96547323618643,100.0,96.2,94.9,79.2,91.7,266,PREFERRED,1
4049512728d969bec69f84088b012416,7,0.0,10.469077380952381,0.0,55.69142857142857,22.91857142857143,0.624616849803078,5.0,0.06434910001141446,MG,belo horizonte,2018-01-31 23:46:01,sports_leisure,1.0,94.96109974119173,100.0,89.8,95.1,82.6,100.0,267,PREFERRED,1
dd58ee93286b0821565574c570e9e1dc,2,0.0,12.036979166666667,0.0,1474.0,37.655,0.034490512712373834,5.0,0.09711854528210939,PR,curitiba,2017-05-06 15:22:18,health_beauty,1.0,94.94092088663601,100.0,83.5,94.3,99.3,100.0,268,PREFERRED,1
4e92348462c75b6c842b994ce84a0ed4,1,0.0,9.837280092592593,0.0,69.9,15.59,0.22303290414878396,5.0,0.08995325329020959,RS,cachoeirinha,2018-07-03 22:20:41,health_beauty,1.0,94.92411768671006,100.0,84.8,95.4,94.0,100.0,269,PREFERRED,1
0936e1837d0c79253456bbb2ffaaef10,1,0.0,18.366805555555555,0.0,38.9,31.12,0.8,5.0,0.041714315636691535,SP,sao paulo,2017-04-11 22:09:31,garden_tools,1.0,94.91995694876768,100.0,94.1,90.9,77.6,100.0,270,PREFERRED,1
013900e863eace745d3ec7614cab5b1a,23,0.0,12.19425925925926,0.0,70.42173913043479,20.420434782608698,0.30020897956937065,4.695652173913044,0.05783199618732,PR,curitiba,2018-04-13 16:35:16,fashion_shoes,1.0,94.91543666505146,100.0,91.0,94.2,91.8,92.4,271,PREFERRED,0
bc503e244f187939d10c92a5c8e378ce,4,0.0,11.320581597222223,0.0,85.5125,39.442499999999995,0.5100818322877045,4.75,0.05127478294215598,SP,birigui,2017-09-04 12:24:46,computers_accessories,1.0,94.90733855436228,100.0,92.3,94.6,85.8,93.8,272,PREFERRED,1
4dab98ca6cd6d3df586203cefd28a042,1,0.0,28.008784722222224,0.0,154.9,18.33,0.11833440929632019,5.0,0.06653023375796897,RS,porto alegre,2018-03-05 13:28:54,fashion_bags_accessories,1.0,94.89862249696428,100.0,89.3,85.8,97.0,100.0,273,PREFERRED,1
ddd51ae8cda92f3995a51fc0f0f3eec7,8,0.0,8.139163773148148,0.0,105.33749999999999,34.615,0.40414458695952693,4.625,0.05328118659148277,RJ,rio de janeiro,2018-01-16 20:24:56,housewares,1.0,94.89603265934758,100.0,91.9,96.3,88.8,90.6,274,PREFERRED,1
3a490ba60afa30ece0e7d50cfe74a4f0,8,0.0,11.933512731481482,0.0,191.15,20.73375,0.10861741099617739,4.625,0.06489675236286008,MG,belo horizonte,2017-12-18 18:30:40,fashion_bags_accessories,1.0,94.87640054590739,100.0,89.6,94.3,97.2,90.6,275,PREFERRED,1
916c9de0b5ad957346eeeb12f332687e,22,0.0,8.83484375,0.0,242.5681818181818,21.71681818181818,0.09559628513288848,4.545454545454546,0.06459527944421305,PR,curitiba,2018-07-25 10:31:43,health_beauty,1.0,94.87588288389853,100.0,89.7,96.0,97.6,88.6,276,PREFERRED,0
54065e9aef7e9e9c2dc23b7594db021a,12,0.0,12.422222222222222,0.0,589.9166666666666,20.231666666666666,0.06526850956409806,4.333333333333333,0.043976928701445046,RJ,rio de janeiro,2017-07-17 19:40:32,cool_stuff,1.0,94.8691375229333,100.0,93.7,94.1,98.5,83.3,277,PREFERRED,0
42fa4ee7240e9b8eb4576358ec142ba7,22,0.0,6.923532723063972,0.0,178.89090909090908,24.65818181818182,0.14426841805708357,4.809523809523809,0.08579290736184027,RS,caxias do sul,2018-07-09 11:28:58,unknown,1.0,94.86435458602158,100.0,85.6,97.0,96.2,95.2,278,PREFERRED,0
ed9eef5be0992d413d251fadba1a410d,3,0.0,10.529228395061729,0.0,134.70000000000002,47.74666666666667,0.370007423904974,4.666666666666667,0.055453700300699606,SP,mogi guacu,2017-03-17 10:30:06,furniture_decor,1.0,94.85501963686511,100.0,91.5,95.1,89.8,91.7,279,PREFERRED,1
f266295f49a28eee21f413e0cbb0521d,2,0.0,12.08870949074074,0.0,74.9,14.07,0.18419520112311766,4.5,0.05098118060358539,PR,ponta grossa,2017-11-09 15:06:08,construction_tools_construction,1.0,94.84758605706169,100.0,92.3,94.2,95.1,87.5,280,PREFERRED,1
38af8acfd46ac4a7bf754e8ca6736664,5,0.0,6.385703703703704,0.0,69.0,10.588,0.15448840654146476,4.8,0.08570609346930444,SP,sao paulo,2018-02-14 11:15:39,cool_stuff,1.0,94.84656322912939,100.0,85.7,97.3,95.9,95.0,281,PREFERRED,1
4f0d637c1197fd65405ebd755ac9f86b,2,0.0,7.353680555555556,0.0,99.9,16.335,0.16847315944012203,5.0,0.09894506536114325,SP,taboao da serra,2018-06-20 20:30:31,health_beauty,1.0,94.84559096487855,100.0,83.1,96.7,95.5,100.0,282,PREFERRED,1
26785a546900236d66f2e4197c211158,15,0.0,5.767207561728395,0.0,67.94666666666667,15.030000000000001,0.23666300277193492,4.666666666666667,0.0714752286487915,SP,sao paulo,2018-07-24 17:04:30,consoles_games,1.0,94.84440439443247,100.0,88.4,97.6,93.6,91.7,283,PREFERRED,0
25e47381a6c510ddeb36084e33b89f0c,16,0.0,10.001467013888888,0.0,80.60000000000001,17.631875,0.2839120251489489,4.25,0.029061875851810953,SP,praia grande,2017-06-29 07:53:56,bed_bath_table,1.0,94.84331028561522,100.0,96.5,95.3,92.3,81.2,284,PREFERRED,0
5f7300535881cef3b625fd683cf7d145,9,0.0,8.571499485596709,0.0,68.53444444444445,16.773333333333333,0.2788589981866952,4.777777777777778,0.07332296832720135,RS,canoas,2018-07-22 21:51:37,unknown,1.0,94.82982496915004,100.0,88.0,96.1,92.4,94.4,285,PREFERRED,1
1e26c56af8d48424e1df0140a2401f83,2,0.0,5.251145833333333,0.0,129.45,16.745,0.19220405030159143,5.0,0.10148730214825916,SP,jaguariuna,2018-08-08 11:14:31,construction_tools_construction,1.0,94.82362230057136,100.0,82.6,97.9,94.9,100.0,286,PREFERRED,1
720e6cf846ea7572cbb66b743fb91e6c,1,0.0,16.14633101851852,0.0,54.0,14.55,0.26944444444444443,5.0,0.07889206915895548,SP,mogi das cruzes / sp,2017-03-18 12:23:46,health_beauty,1.0,94.82074435948236,100.0,87.0,92.1,92.7,100.0,287,PREFERRED,1
d6cd01c59123df02fc226eadbadb5f89,1,0.0,18.50306712962963,0.0,69.9,16.25,0.23247496423462086,5.0,0.07730970111027405,SP,sao paulo,2018-01-11 23:07:22,electronics,1.0,94.81407700905284,100.0,87.3,90.8,93.7,100.0,288,PREFERRED,1
72c73be2b085b9d57650dd53eb2004c9,1,0.0,17.34197916666667,0.0,29.4,17.92,0.6095238095238096,5.0,0.05732046011025546,SP,sao paulo,2017-07-24 11:29:43,auto,1.0,94.79421010106184,100.0,91.1,91.5,83.0,100.0,289,PREFERRED,1
4391ea5c5990502176a1dcda44a2373d,3,0.0,12.014274691358025,0.0,783.0,45.1,0.0990115246654179,4.666666666666667,0.07031995519384547,RS,porto alegre,2018-05-16 10:02:45,air_conditioning,1.0,94.79364409111204,100.0,88.6,94.3,97.5,91.7,290,PREFERRED,1
e595809a6c31ec4314fd06ef198c244d,1,0.0,15.85357638888889,0.0,39.0,18.23,0.4674358974358975,5.0,0.06834899370848599,SC,navegantes,2018-03-12 03:12:59,telephony,1.0,94.78734199377257,100.0,89.0,92.2,87.0,100.0,291,PREFERRED,1
90b57083da5d803237da74daec6dcb2b,2,0.0,7.904450231481482,0.0,103.45,17.155,0.5517575596346547,5.0,0.07668647740218898,PR,curitiba,2018-04-16 16:44:16,housewares,1.0,94.78064686433906,100.0,87.4,96.5,84.7,100.0,292,PREFERRED,1
fc38b5dceee1a730fad8853453437fbd,5,0.0,7.9680231481481485,0.0,23.84,11.762,0.5358206927575349,4.6,0.04629642912640407,SP,campinas,2017-12-15 19:13:52,perfumery,1.0,94.7769004853333,100.0,93.2,96.4,85.1,90.0,293,PREFERRED,1
3bb548e3cb7f70f28e3f11ee9dce0e59,42,0.0,11.273631503527337,0.0,149.65761904761905,18.501190476190477,0.16010249577354052,4.357142857142857,0.04407157461515684,PR,maringa,2018-08-09 12:13:17,computers_accessories,1.0,94.77610928088568,100.0,93.6,94.7,95.8,83.9,294,PREFERRED,0
0ff83046c3fa22efee8ecf291888b191,10,0.0,12.543672453703703,0.0,76.89000000000001,25.448,0.34472103004291843,4.8,0.06569910223188193,RS,caxias do sul,2018-04-01 22:36:20,sports_leisure,1.0,94.7757096883962,100.0,89.5,94.0,90.5,95.0,295,PREFERRED,0
aa8af66c623d7d544dfe4bb85b5ebe3b,1,0.0,8.003946759259259,0.0,99.0,15.57,0.1572727272727273,5.0,0.10002787189243272,MG,betim,2018-06-03 19:46:12,art,1.0,94.77378879996382,100.0,82.9,96.4,95.8,100.0,296,PREFERRED,1
d9cd369bffa979d1634f8e1318bf2f1b,3,0.0,11.24925925925926,0.0,226.0,22.27,0.10472552910052908,5.0,0.09784074715197644,SP,bady bassitt,2018-08-10 11:02:08,home_construction,1.0,94.76964842851878,100.0,83.3,94.7,97.3,100.0,297,PREFERRED,1
fb503a924a0b9db19d83dd0ac6dbef8c,1,0.0,6.547800925925926,0.0,13.9,17.92,1.2892086330935253,5.0,0.03553312777740806,RS,pelotas,2017-05-16 00:48:59,health_beauty,1.0,94.76767052683968,100.0,95.3,97.2,63.7,100.0,298,PREFERRED,1
fc908879b9ca1bd65419e54e50432d38,4,0.0,8.675014467592591,0.0,29.799999999999997,13.169999999999998,0.4438674812030075,5.0,0.0820880197133292,SP,sao paulo,2018-07-25 21:39:51,books_general_interest,1.0,94.76672745048162,100.0,86.4,96.0,87.7,100.0,299,PREFERRED,1
b0f2a6122a90a93eb03e68653dd960e3,6,0.0,7.8698900462962955,0.0,270.05,22.996666666666666,0.17318151652536828,4.833333333333333,0.08658691381553807,PR,curitiba,2018-08-08 16:54:04,health_beauty,1.0,94.75830382430831,100.0,85.5,96.5,95.4,95.8,300,PREFERRED,1
3d01d1c414c44b5943a09619ff3853cb,4,0.0,13.825367476851852,0.0,75.9,18.305,0.24117259552042156,4.5,0.04669335907495187,SP,campinas,2017-07-12 20:36:42,baby,1.0,94.75326035697643,100.0,93.1,93.3,93.5,87.5,301,PREFERRED,1
ab27bbbad5239bc31a34709275a70db4,3,0.0,8.455354938271606,0.0,127.63333333333333,34.050000000000004,0.2741974182627916,5.0,0.09292667841105111,SP,tatui,2018-07-03 10:16:32,construction_tools_construction,1.0,94.74634440639387,100.0,84.3,96.2,92.5,100.0,302,PREFERRED,1
615c3462099ffa940d37b17dfda19594,2,0.0,7.6487442129629635,0.0,114.5,16.025,0.16597004219409284,5.0,0.10074737093095418,RJ,rio de janeiro,2018-07-31 23:06:21,health_beauty,1.0,94.74287837945582,100.0,82.8,96.6,95.6,100.0,303,PREFERRED,1
a45765f8afb1e594b22bf9e974b46765,1,0.0,4.976712962962963,0.0,79.99,8.93,0.11163895486935867,4.0,0.030221576530611596,SP,sao paulo,2017-03-09 14:27:38,auto,1.0,94.73863002913818,100.0,96.3,98.0,97.1,75.0,304,PREFERRED,1
37be5a7c751166fbc5f8ccba4119e043,269,0.026022304832713755,10.649036512116204,9.778864087301587,203.4778810408922,22.38368029739777,0.1109358315309715,4.323308270676692,0.02745755877120659,SP,sao paulo,2018-05-21 10:57:22,bed_bath_table,0.9739776951672863,94.72366152442663,97.4,96.8,95.0,97.2,83.1,305,PREFERRED,0
38f276ca6e7cc95a6d1bb55ac9e5550f,1,0.0,5.200891203703704,0.0,24.99,11.85,0.47418967587034816,5.0,0.0870480130743485,SP,marilia,2017-11-26 18:08:38,unknown,1.0,94.71927117685729,100.0,85.4,97.9,86.9,100.0,306,PREFERRED,1
999f6d9a1c7c81f43be44c6b7d076210,2,0.0,4.6904918981481485,0.0,14.0,11.415,0.8153571428571429,4.5,0.028584285404840475,SP,sao paulo,2017-03-05 21:27:29,garden_tools,1.0,94.71792194598495,100.0,96.6,98.2,77.2,87.5,307,PREFERRED,1
4b90495391ac0bd181a80a459df1e718,1,0.0,11.879664351851853,0.0,248.0,18.11,0.0730241935483871,4.0,0.021523745459207273,RS,bage,2016-10-05 22:24:40,furniture_decor,1.0,94.71607407302312,100.0,98.0,94.3,98.2,75.0,308,PREFERRED,1
679769a98cfcc6da877c8486ff1c13f3,21,0.0,9.536956018518518,0.0,334.7142857142857,20.875714285714285,0.06432668870344353,4.571428571428571,0.07074565709181968,MG,ipatinga,2018-08-27 15:03:18,health_beauty,1.0,94.7115067480292,100.0,88.5,95.6,98.5,89.3,309,PREFERRED,0
1746c1ae87ac63d530c7c943d0ac42e2,1,0.0,23.021400462962962,0.0,229.9,22.45,0.09765115267507611,5.0,0.07998149906738641,SP,santana de parnaiba,2017-12-12 22:04:33,auto,1.0,94.70938181804355,100.0,86.8,88.4,97.5,100.0,310,PREFERRED,1
929f342384a6607afe143d789ade1316,4,0.0,4.4983478009259255,0.0,52.35,15.84,0.3629551197747931,5.0,0.09503120245920238,PR,londrina,2018-08-06 15:51:24,housewares,1.0,94.70827808243266,100.0,83.9,98.3,90.0,100.0,311,PREFERRED,1
c32fc744b9160ac853450488e3cfea93,1,0.0,13.703229166666667,0.0,35.9,12.79,0.3562674094707521,5.0,0.08033208516769136,SP,ribeirao preto,2018-06-06 22:51:55,sports_leisure,1.0,94.69963210445887,100.0,86.7,93.4,90.2,100.0,312,PREFERRED,1
47f55702f598c7c6cc8458b0fbc1c49a,1,0.0,17.29196759259259,0.0,75.0,19.77,0.2636,5.0,0.07992006772015711,MG,dores de campos,2017-09-15 09:57:51,unknown,1.0,94.69698147701259,100.0,86.8,91.5,92.8,100.0,313,PREFERRED,1
56f413900b5166ab4d730e9ac0b12cb0,3,0.0,10.19193287037037,0.0,50.596666666666664,14.15,0.5880436751979506,4.666666666666667,0.04655484317150982,SP,sorocaba,2017-07-12 18:33:35,sports_leisure,1.0,94.68949868997211,100.0,93.2,95.2,83.6,91.7,314,PREFERRED,1
57e632711dec9ec14ca7546769483e7e,61,0.0,10.94675166970249,0.0,105.1977049180328,19.721639344262293,0.24589730170147703,4.409836065573771,0.045505326995003474,SC,navegantes,2018-08-08 12:17:57,health_beauty,1.0,94.68754759577422,100.0,93.4,94.8,93.3,85.2,315,PREFERRED,0
d4f117125b59ce73c3302f88ee40c458,17,0.0,7.728728894335511,0.0,46.07588235294117,12.665882352941177,0.27659597222103677,4.823529411764706,0.0814394690703909,SP,sao paulo,2018-08-12 15:55:36,health_beauty,1.0,94.68593863104967,100.0,86.5,96.5,92.5,95.6,316,PREFERRED,0
06bb3a2fe5e7b7a845b13e8fb91bd944,17,0.0,8.82025258714597,0.0,90.36411764705883,19.18470588235294,0.24858670778582356,4.588235294117647,0.06291041471751038,MG,belo horizonte,2018-07-04 22:45:03,health_beauty,1.0,94.68406309465716,100.0,90.0,96.0,93.3,89.7,317,PREFERRED,0
fedaedd3ca31d56ab33e92035e4b361c,1,0.0,8.62082175925926,0.0,39.9,10.96,0.27468671679198,4.0,0.015801994157880667,RJ,niteroi,2016-10-06 20:06:26,baby,1.0,94.67709111305706,100.0,99.1,96.1,92.5,75.0,318,PREFERRED,1
3d290fe363c60a77498c1126fd3fb8d3,3,0.0,7.46141975308642,0.0,66.32666666666667,11.686666666666667,0.346703414600382,4.333333333333333,0.03957661459257137,SP,itapevi,2017-06-03 15:23:13,computers_accessories,1.0,94.67580073188309,100.0,94.5,96.7,90.5,83.3,319,PREFERRED,1
28872dc528e978a639754bc8c2ce5a4c,1,0.0,4.039108796296296,0.0,1009.9,29.0,0.028715714427171007,5.0,0.11633375881599418,RS,caxias do sul,2018-06-11 22:55:43,housewares,1.0,94.67257777212448,100.0,79.8,98.5,99.5,100.0,320,PREFERRED,1
c7c7b2682c648339a0e9846bb1023a39,2,0.0,10.275578703703705,0.0,84.0,15.84,0.20901785714285714,4.5,0.05622503383066271,SP,braganca paulista,2017-12-13 18:53:25,unknown,1.0,94.67006488833525,100.0,91.3,95.2,94.4,87.5,321,PREFERRED,1
41b86b552e54e3a7009596125aa8b167,10,0.0,13.90882175925926,0.0,159.53,23.461000000000002,0.16377989508007307,4.3,0.03725687754764803,SP,sao paulo,2017-04-09 19:12:02,sports_leisure,1.0,94.66837119098282,100.0,94.9,93.3,95.7,82.5,322,PREFERRED,0
5bc237df65098fe211bb4818f4d26d78,2,0.0,12.479837962962963,0.0,63.400000000000006,28.545,0.43942457658628853,4.5,0.039081826806857255,MG,uberlandia,2017-09-15 19:24:57,computers_accessories,1.0,94.6623680600478,100.0,94.6,94.0,87.8,87.5,323,PREFERRED,1
817f85dbb65aa3e70831d90fe75cdf89,11,0.0,18.119800084175083,0.0,141.11545454545455,21.05636363636364,0.15264404440100987,4.545454545454546,0.05031740016860113,SP,tiete,2017-03-15 12:25:24,toys,1.0,94.65982735015444,100.0,92.4,91.0,96.0,88.6,324,PREFERRED,0
e603cf3fec55f8697c9059638d6c8eb5,7,0.0,6.320124007936507,0.0,38.57142857142857,24.712857142857143,0.614021164021164,4.571428571428571,0.04463675814996588,RS,pelotas,2017-04-03 17:54:02,unknown,1.0,94.65840031829504,100.0,93.5,97.3,82.9,89.3,325,PREFERRED,1
0570350b23eda5444f8d1d9544932058,6,0.0,5.071749614197531,0.0,104.48333333333333,20.81,0.23862916551612942,5.0,0.10258964607046887,SP,sao paulo,2018-05-22 20:17:22,health_beauty,1.0,94.65333096765424,100.0,82.4,98.0,93.5,100.0,326,PREFERRED,1
26e2e5033827d2ba53929f43e03d8ffe,1,0.0,5.269074074074074,0.0,139.49,15.29,0.10961359237221305,5.0,0.10998697168845686,SP,sao paulo,2018-08-25 12:50:59,furniture_decor,1.0,94.6493140327684,100.0,81.0,97.9,97.2,100.0,327,PREFERRED,1
0ebd97a106433a45a4aebe57c1799778,31,0.0,9.436748805256869,0.0,104.21290322580646,20.93935483870968,0.2256132741839557,4.483870967741935,0.05592829405392029,MG,contagem,2018-07-13 21:05:56,fashion_bags_accessories,1.0,94.6434042699699,100.0,91.4,95.6,93.9,87.1,328,PREFERRED,0
83c465a786b06574376909b35ef6752a,3,0.0,5.269764660493827,0.0,93.8,16.353333333333335,0.17434257285003554,5.0,0.10629262809804803,SP,sao carlos,2018-08-16 18:56:19,bed_bath_table,1.0,94.64258806303899,100.0,81.7,97.9,95.4,100.0,329,PREFERRED,1
c79151301b9d90985d1fa52879213105,3,0.0,9.062461419753086,0.0,89.03333333333335,38.78000000000001,0.3873328255764401,4.666666666666667,0.061305728639820915,PR,maringa,2017-12-04 23:06:51,computers_accessories,1.0,94.64209317232462,100.0,90.3,95.8,89.3,91.7,330,PREFERRED,1
436bf27f2f18474fc6047702e9f8a866,1,0.0,19.17042824074074,0.0,29.9,14.52,0.48561872909699,5.0,0.06511755047985514,SP,campinas,2017-01-18 12:51:23,baby,1.0,94.62684209055972,100.0,89.6,90.5,86.5,100.0,331,PREFERRED,1
744dac408745240a2c2528fb1b6028f3,78,0.01282051282051282,11.029073480531814,4.818506944444445,289.25128205128203,24.594743589743587,0.10135965862709782,4.576923076923077,0.05901849316423229,PR,colombo,2018-08-14 18:33:48,watches_gifts,0.9871794871794872,94.62154995824035,98.7,90.8,94.8,97.4,89.4,332,PREFERRED,0
e48b04bf1aa1ef711caebeb7aede6180,25,0.0,10.544004166666666,0.0,127.48400000000001,25.8252,0.2258857176832608,4.48,0.05432571539042308,PR,curitiba,2018-07-31 16:16:19,toys,1.0,94.61685881819753,100.0,91.7,95.1,93.9,87.0,333,PREFERRED,0
e5545d4d4473876ea78c5bcebca365c3,1,0.0,5.198229166666667,0.0,44.5,12.97,0.29146067415730337,5.0,0.10021792595983234,SP,marilia,2018-06-27 11:45:21,toys,1.0,94.60699302325607,100.0,82.9,97.9,92.0,100.0,334,PREFERRED,1
8fd3b4468f6425810648177996c14cbd,1,0.0,9.97412037037037,0.0,354.9,21.67,0.06105945336714568,5.0,0.10627304225863331,SP,sao jose do rio preto,2018-06-13 11:33:32,health_beauty,1.0,94.59092938375397,100.0,81.7,95.4,98.6,100.0,335,PREFERRED,1
686886775c8f6b1191c7b953fb52708c,1,0.0,3.546076388888889,0.0,189.0,13.62,0.07206349206349207,5.0,0.11636071202380359,SP,pedreira,2018-06-26 05:48:19,furniture_decor,1.0,94.5874823902792,100.0,79.8,98.8,98.3,100.0,336,PREFERRED,1
6824a69c9ea0313eba299dd4a2dba09a,6,0.0,4.810596064814815,0.0,111.14999999999999,19.53,0.18596890375958952,4.666666666666667,0.08159760578372124,MG,formiga,2018-08-20 15:12:42,construction_tools_construction,1.0,94.57932424207644,100.0,86.4,98.1,95.0,91.7,337,PREFERRED,1
58c851d1a3c7cd3da329eb59453fed44,2,0.0,4.611643518518519,0.0,134.495,12.135000000000002,0.09092987230340352,5.0,0.11374654002207657,SP,rio claro,2018-08-21 20:57:32,pet_shop,1.0,94.57447320349627,100.0,80.3,98.2,97.7,100.0,338,PREFERRED,1
734def04b237117a09321dd6d8f3f2a2,2,0.0,2.288153935185185,0.0,626.215,14.4,0.03834043754657855,5.0,0.12104622249360218,SP,araras,2018-06-21 04:46:11,musical_instruments,1.0,94.55870000133784,100.0,78.9,99.4,99.2,100.0,339,PREFERRED,1
515d781150feed28a6ac091bb0e3cb8c,6,0.0,9.780329861111111,0.0,167.05833333333334,25.395,0.15392645797676682,4.166666666666667,0.03688146593584439,MS,campo grande,2017-05-11 15:19:44,cool_stuff,1.0,94.54258685096592,100.0,95.0,95.5,95.9,79.2,340,PREFERRED,1
713e3a23ca5e47786eb6f0d99f94cfac,4,0.0,10.095622106481482,0.0,281.5,21.7575,0.08806461618971692,4.75,0.0859865093813544,PR,curitiba,2018-06-03 20:17:27,baby,1.0,94.5391300221816,100.0,85.6,95.3,97.8,93.8,341,PREFERRED,1
4da0e408c99d2fdc2126dc9fce518060,44,0.0,9.280887257996632,0.0,70.22545454545455,21.69431818181818,0.37802393562904835,4.409090909090909,0.04355596629929884,PR,cornelio procopio,2018-08-13 18:42:05,sports_leisure,1.0,94.535680174243,100.0,93.7,95.7,89.6,85.2,342,PREFERRED,0
674207551483fec113276b67b0d871ff,1,0.0,1.869537037037037,0.0,119.9,13.94,0.11626355296080065,5.0,0.11807152048963188,SP,sorocaba,2018-07-05 16:36:38,housewares,1.0,94.51339348711006,100.0,79.5,99.7,97.0,100.0,343,PREFERRED,1
c731d18cea9bf687ffee82a241c25b11,23,0.0,8.120796095008052,0.0,164.9791304347826,31.35304347826087,0.21469640967817585,4.363636363636363,0.052150028268640826,SC,concordia,2018-08-12 22:48:32,la_cuisine,1.0,94.50916677362967,100.0,92.1,96.3,94.2,84.1,344,PREFERRED,0
5fd924b4836098a5be0ecf81ba054ce0,7,0.0,7.985335648148149,0.0,164.1142857142857,19.36285714285714,0.24152754368333054,4.0,0.022364562770053064,SP,sao paulo,2017-03-01 08:28:57,garden_tools,1.0,94.50728109380253,100.0,97.8,96.4,93.5,75.0,345,PREFERRED,1
9616352088dcf83a7c06637f4ebf1c80,91,0.0,12.439302248677249,0.0,62.01208791208791,19.414285714285715,0.3135776072735107,4.34065934065934,0.037517426728961745,PR,umuarama,2018-08-22 11:44:50,sports_leisure,1.0,94.50013027071927,100.0,94.9,94.0,91.4,83.5,346,PREFERRED,0
6750d71153f00fc58829af2a8ef1bcf1,6,0.0,9.518886959876545,0.0,585.6666666666666,18.75,0.11697201142250162,4.166666666666667,0.04039720874878608,RJ,rio bonito,2017-08-08 23:13:27,sports_leisure,1.0,94.49978856045497,100.0,94.3,95.6,97.0,79.2,347,PREFERRED,1
850857dfac77488c307e2b1cbd84ab5a,1,0.0,2.9255555555555555,0.0,1599.0,39.72,0.024840525328330205,5.0,0.12204176353159073,PR,cascavel,2018-06-12 21:05:40,air_conditioning,1.0,94.49862705219124,100.0,78.7,99.1,99.6,100.0,348,PREFERRED,1
c5ebe6598748b0aeaa61cfb820478b92,3,0.0,4.9036535493827165,0.0,99.0,13.39,0.15002875270176483,4.666666666666667,0.0852915708724728,RS,lajeado,2018-08-28 14:01:04,auto,1.0,94.49692121920725,100.0,85.7,98.0,96.1,91.7,349,PREFERRED,1
0bb27263628258b8111a0262769fa9db,1,0.0,41.68077546296296,0.0,22.2,10.96,0.49369369369369376,5.0,0.0302539341334305,SP,sao paulo,2017-04-01 17:24:26,housewares,1.0,94.48449646578055,100.0,96.3,78.5,86.3,100.0,350,PREFERRED,1
bf3c6d2a28b2b5501e6c15448982dcc9,35,0.02857142857142857,11.815347552910053,1.9645949074074074,113.04285714285714,19.76142857142857,0.20291527289520975,4.6,0.045023321762216295,SP,sao paulo,2018-05-09 12:03:22,baby,0.9714285714285714,94.47666078146202,97.1,93.5,94.4,94.6,90.0,351,PREFERRED,0
534a01cc6df1e034e05c32028a291fa2,5,0.0,10.692097222222221,0.0,47.118,11.972,0.26293304827080616,4.4,0.048805409520509616,SP,jundiai,2017-10-23 11:33:12,housewares,1.0,94.4644513625049,100.0,92.7,95.0,92.9,85.0,352,PREFERRED,1
e58a5b390e28abc0b216cfb0e07d27d7,7,0.0,7.598201058201058,0.0,146.0857142857143,20.66142857142857,0.2076462416629439,4.857142857142857,0.09301244722876453,RJ,rio de janeiro,2018-08-09 10:30:41,sports_leisure,1.0,94.46352505524067,100.0,84.3,96.6,94.4,96.4,353,PREFERRED,1
cad10cc982ab6a391570c211b995c17c,1,0.0,4.2977893518518515,0.0,47.4,12.79,0.269831223628692,5.0,0.10601640667556861,SP,avare,2018-04-22 12:03:21,costruction_tools_garden,1.0,94.46214266041665,100.0,81.8,98.4,92.7,100.0,354,PREFERRED,1
2d378dbb39815785238c0139c7647fb7,2,0.0,19.639346064814816,0.0,577.0,150.22,0.2563128088237544,5.0,0.08138073365169866,SC,sao francisco do sul,2017-05-17 09:44:13,furniture_living_room,1.0,94.46102832772294,100.0,86.5,90.2,93.0,100.0,355,PREFERRED,1
9c3c24eca51c52b91c1de727d2a2ae06,5,0.0,10.295416666666666,0.0,51.52,17.96,0.3520054584924589,4.4,0.04429968029246245,RS,caxias do sul,2018-05-21 10:41:20,sports_leisure,1.0,94.45911914447294,100.0,93.6,95.2,90.3,85.0,356,PREFERRED,1
b2f4d63c7203f539a78252565ca32257,1,0.0,13.007511574074075,0.0,14.9,20.84,1.3986577181208053,5.0,0.025120355967053278,RJ,armacao dos buzios,2017-09-09 22:15:52,auto,1.0,94.44237107809046,100.0,97.3,93.7,60.6,100.0,357,PREFERRED,1
48985c61529077fa4f1e38bcff0f2ed3,7,0.0,10.342812499999999,0.0,125.61428571428573,21.15285714285714,0.1714195554842206,4.428571428571429,0.057548755711043,RS,porto alegre,2017-08-01 13:29:51,health_beauty,1.0,94.44012928784919,100.0,91.1,95.2,95.4,85.7,358,PREFERRED,1
b7e1750c1157341d2abd0251e07c186b,3,0.0,10.344594907407407,0.0,53.199999999999996,20.32,0.5127946623422367,4.333333333333333,0.02988091140341967,SP,sao paulo,2017-04-20 14:30:07,sports_leisure,1.0,94.43979310348776,100.0,96.4,95.2,85.8,83.3,359,PREFERRED,1
33cbda8716511e27e556dff9d8418bf2,5,0.0,12.712717592592593,0.0,101.47999999999999,21.634,0.2636143455776398,4.8,0.07742728456049544,SC,blumenau,2018-06-05 13:29:17,bed_bath_table,1.0,94.43048681213281,100.0,87.2,93.9,92.8,95.0,360,PREFERRED,1
53b0300ca793f9834cd69c0678d35ee8,5,0.0,5.94075462962963,0.0,332.43,27.462,0.11736833856717514,5.0,0.11315573213840871,SP,indaiatuba,2018-07-30 12:08:24,construction_tools_construction,1.0,94.42207600175703,100.0,80.4,97.5,97.0,100.0,361,PREFERRED,1
c092292535a57dacd95a8765f5518f87,1,0.0,8.097824074074074,0.0,125.0,18.98,0.15184,5.0,0.10768831998693879,RJ,paracambi,2018-07-05 16:07:58,toys,1.0,94.41470387083307,100.0,81.4,96.4,96.0,100.0,362,PREFERRED,1
41958cbd3335433c8740300e8cd600d5,1,0.0,4.842789351851851,0.0,32.99,7.39,0.22400727493179748,5.0,0.10885875970746574,SP,sao paulo,2018-06-04 19:22:19,small_appliances,1.0,94.41265479335216,100.0,81.2,98.1,94.0,100.0,363,PREFERRED,1
32f83ffe11cd40f7adcf4eef171f52d9,1,0.0,10.574085648148149,0.0,29.99,15.1,0.5035011670556853,5.0,0.08301522258469746,RS,uruguaiana,2017-11-19 13:22:29,health_beauty,1.0,94.40208156678852,100.0,86.2,95.0,86.0,100.0,364,PREFERRED,1
ba8e85df286308fe68a2ce83a8f8b2d6,1,0.0,9.845416666666667,0.0,80.9,16.76,0.20716934487021013,5.0,0.10179828804208549,SC,santa catarina,2018-06-12 22:21:34,perfumery,1.0,94.40095239589054,100.0,82.6,95.4,94.4,100.0,365,PREFERRED,1
c0e0b73d039eb9a99b6ce4cb7a429cd3,1,0.0,4.986238425925926,0.0,29.88,7.68,0.2570281124497992,5.0,0.10694568702234017,SC,laurentino,2018-06-15 15:53:06,computers_accessories,1.0,94.39920826500297,100.0,81.6,98.0,93.0,100.0,366,PREFERRED,1
883dd81e82754ac2c65e9790a7db8c9a,5,0.0,7.172194444444445,0.0,77.86,19.298000000000002,0.2549003025576376,4.4,0.05659634452291105,PR,curitiba,2018-06-23 19:04:41,sports_leisure,1.0,94.3938339649131,100.0,91.2,96.8,93.1,85.0,367,PREFERRED,1
297d5eccd19fa9a83b2630071ff105e4,8,0.0,6.882055844907407,0.0,104.37125,17.72,0.16925435729992494,5.0,0.10930420912689993,PR,curitiba,2018-08-23 09:35:05,housewares,1.0,94.3845344443221,100.0,81.1,97.0,95.5,100.0,368,PREFERRED,1
70f7e8018e3d46c748c92f026aa2585a,1,0.0,7.02681712962963,0.0,239.8,37.88,0.1579649708090075,5.0,0.10985235992561075,SP,sao paulo,2018-08-16 15:59:15,health_beauty,1.0,94.3787958670531,100.0,81.0,96.9,95.8,100.0,369,PREFERRED,1
7cf4ea70955b00d6b3c22542598e2715,1,0.0,7.103148148148148,0.0,189.9,14.91,0.07851500789889415,5.0,0.11467513013775334,SP,sao paulo,2018-07-19 14:00:02,small_appliances,1.0,94.36710425395502,100.0,80.1,96.9,98.1,100.0,370,PREFERRED,1
abc015ebac1d283a323ca9db35ede4b9,12,0.0,10.813035300925925,0.0,92.23333333333333,18.570833333333336,0.3048828277206755,4.416666666666667,0.04949532468743723,SP,ribeirao preto,2017-12-09 09:44:23,air_conditioning,1.0,94.3652399010351,100.0,92.6,94.9,91.7,85.4,371,PREFERRED,0
d8b8f2cf9ff6ba0389072541cb42498c,1,0.0,12.159155092592593,0.0,149.0,20.01,0.13429530201342282,5.0,0.10315876835389792,GO,formosa,2018-05-23 10:49:50,health_beauty,1.0,94.35858757627541,100.0,82.3,94.2,96.5,100.0,372,PREFERRED,1
3785b653b1b82de85ab47dd139938091,20,0.0,12.295623842592594,0.0,73.2,23.196,0.30755091384000616,4.7,0.069220650354655,PR,ampere,2018-08-01 22:44:09,housewares,1.0,94.35718022742815,100.0,88.8,94.1,91.6,92.5,373,PREFERRED,0
e8ff5a6ceb895583033fc2a0f314e3c2,1,0.0,3.1886111111111113,0.0,139.89,19.08,0.13639288012009437,5.0,0.11810301533533883,SC,blumenau,2018-08-26 14:17:08,diapers_and_hygiene,1.0,94.34988103363659,100.0,79.5,99.0,96.4,100.0,374,PREFERRED,1
b2a6d334e2833acea353624840e25a0e,24,0.0,10.81862606095679,0.0,67.75333333333334,15.5525,0.36401653139894613,4.625,0.06269800861418721,SP,sao paulo,2018-06-05 01:26:41,small_appliances,1.0,94.34566082685309,100.0,90.1,94.9,90.0,90.6,375,PREFERRED,0
43a1d4bab73b816e44ef4e4facd9f9b5,1,0.0,9.82519675925926,0.0,189.9,15.5,0.08162190626645603,4.0,0.03233968418521988,PR,maringa,2017-02-20 16:17:04,health_beauty,1.0,94.33680660631525,100.0,95.9,95.4,98.0,75.0,376,PREFERRED,1
9cf787a239c1aa29dbd76f153dc13f9a,4,0.0,6.560300925925926,0.0,79.0,13.100000000000001,0.16582278481012658,4.75,0.0915035213029319,SP,franca,2018-08-16 15:54:48,stationery,1.0,94.33524396145626,100.0,84.5,97.2,95.6,93.8,377,PREFERRED,1
702835e4b785b67a084280efca355756,1,0.0,1.8040393518518518,0.0,7.6,10.96,1.442105263157895,5.0,0.04348132576298076,MG,juiz de fora,2017-02-13 16:18:07,unknown,1.0,94.33016739973039,100.0,93.8,99.7,59.4,100.0,378,PREFERRED,1
be9a160a9011f627c3e121d076c1ec7b,5,0.0,14.817761574074074,0.0,411.0,35.024,0.09391061935198894,4.6,0.07058239265916286,SC,jaragua do sul,2017-10-27 23:57:47,garden_tools,1.0,94.32263154932318,100.0,88.6,92.8,97.6,90.0,379,PREFERRED,1
0df3984f9dfb3d49ac6366acbd3bbb85,85,0.011764705882352941,9.567272194989107,16.738576388888887,116.12329411764705,17.726588235294116,0.21878033790210025,4.423529411764706,0.04956212021498861,MG,betim,2018-06-17 15:32:09,health_beauty,0.9882352941176471,94.31939389891053,98.8,92.6,95.6,94.1,85.6,380,PREFERRED,0
41e0fa5761c886a630994a55c12087e7,5,0.0,10.239402777777778,0.0,84.72,13.662,0.16125896966811185,5.0,0.10557585651784311,SP,guaruja,2018-06-14 20:24:49,health_beauty,1.0,94.31890812572058,100.0,81.9,95.2,95.7,100.0,381,PREFERRED,1
e59e575a175fadcadf8479e191770425,1,0.0,5.350474537037037,0.0,199.9,50.98,0.25502751375687843,5.0,0.10814139419174282,RJ,nova iguacu,2018-06-09 11:53:43,air_conditioning,1.0,94.31863369167232,100.0,81.4,97.8,93.1,100.0,382,PREFERRED,1
0b64bcdb0784abc139af04077d49a20e,4,0.0,8.495092592592592,0.0,34.4,17.052500000000002,0.4979176176856933,4.75,0.06899555854011234,RS,canoas,2018-07-13 10:56:30,health_beauty,1.0,94.31745948889917,100.0,88.9,96.1,86.2,93.8,383,PREFERRED,1
91f848e9f4be368f4318775aac733370,60,0.03333333333333333,9.941640817901234,4.216516203703704,94.47683333333333,19.898,0.22338887517823477,4.396551724137931,0.030918482733565122,SP,sao paulo,2017-08-01 22:24:02,housewares,0.9666666666666667,94.31375774645653,96.7,96.2,95.4,94.0,84.9,384,PREFERRED,0
c3cfdc648177fdbbbb35635a37472c53,276,0.025362318840579712,9.7830722037708,2.413508597883598,157.01764492753625,22.1886231884058,0.1725812195755336,4.494545454545454,0.04784807354389417,PR,curitiba,2018-08-27 21:04:17,sports_leisure,0.9746376811594203,94.3058517182475,97.5,92.9,95.5,95.4,87.4,385,PREFERRED,0
40ec8ab6cdafbcc4f544da38c67da39a,2,0.0,6.5789583333333335,0.0,58.9,19.6,0.33276740237691005,5.0,0.10183488931284113,PR,francisco beltrao,2018-08-10 13:24:35,housewares,1.0,94.30251900235179,100.0,82.6,97.2,90.9,100.0,386,PREFERRED,1
4c03b9dd4c11ee2cb35c96c49efc9420,48,0.020833333333333332,10.534739824459876,9.5928125,135.70000000000002,17.940833333333334,0.1423969064631036,4.1063829787234045,0.02142499123891094,SP,campo limpo paulista,2017-10-06 19:35:38,toys,0.9791666666666666,94.30065756676007,97.9,98.0,95.1,96.3,77.7,387,PREFERRED,0
9ed65337433adfbedefd23dd76eaa494,6,0.0,7.400858410493828,0.0,210.4333333333333,13.508333333333333,0.17230589288226295,4.833333333333333,0.09697190682679713,SP,sao paulo,2018-08-01 17:15:29,sports_leisure,1.0,94.30050409970062,100.0,83.5,96.7,95.4,95.8,388,PREFERRED,1
2c4c47cb51acd5ea5db5e0ae0e26542a,12,0.0,10.739328703703704,0.0,216.32416666666666,28.91916666666667,0.14062284793872257,4.666666666666667,0.08041268887551975,SP,buritama,2018-07-29 16:04:47,pet_shop,1.0,94.2933643363026,100.0,86.7,95.0,96.3,91.7,389,PREFERRED,0
aadfe0417e61315688b6bd7043361e25,1,0.0,6.484421296296296,0.0,289.9,14.28,0.04925836495343222,4.0,0.040746873049452965,GO,goiania,2017-08-03 08:40:25,perfumery,1.0,94.29146216479727,100.0,94.3,97.2,98.9,75.0,390,PREFERRED,1
77128dec4bec4878c37ab7d6169d6f26,1,0.0,11.992465277777777,0.0,6.5,8.72,1.3415384615384616,5.0,0.03337780911448375,SP,sao paulo,2017-03-15 20:14:39,food_drink,1.0,94.28952417310423,100.0,95.7,94.3,62.2,100.0,391,PREFERRED,1
2b3e4a2a3ea8e01938cabda2a3e5cc79,52,0.0,8.775291800213676,0.0,462.19288461538457,18.51826923076923,0.09671858315336315,4.365384615384615,0.0627828635753675,SP,sao paulo,2018-07-27 11:21:46,computers_accessories,1.0,94.28900976205351,100.0,90.1,96.0,97.6,84.1,392,PREFERRED,0
d598f929fc44e1e38678e7f47250ec04,1,0.0,11.235752314814814,0.0,69.9,37.4,0.5350500715307581,5.0,0.08267065880909852,GO,formosa,2018-06-22 10:43:09,auto,1.0,94.2764546677478,100.0,86.2,94.7,85.1,100.0,393,PREFERRED,1
8c9348f33ae3dada25c99c99ade2af78,2,0.0,10.17058449074074,0.0,156.495,25.97,0.20294730114157283,5.0,0.10420338220470857,SP,carapicuiba,2018-07-26 20:18:26,garden_tools,1.0,94.27184233533245,100.0,82.1,95.3,94.6,100.0,394,PREFERRED,1
ce3ad9de960102d0677a81f5d0bb7b2d,1,0.0,4.042291666666666,0.0,158.0,16.21,0.10259493670886076,5.0,0.12068645458249153,RJ,rio de janeiro,2018-07-30 12:20:10,baby,1.0,94.25412878307229,100.0,79.0,98.5,97.4,100.0,395,PREFERRED,1
81ed90f07c0bacb7594940ba2ef676aa,2,0.0,16.095561342592593,0.0,111.95,16.78,0.16331175347891147,4.5,0.05797286156666024,MG,divinopolis,2017-11-11 16:51:19,bed_bath_table,1.0,94.2532564518861,100.0,91.0,92.1,95.7,87.5,396,PREFERRED,1
a4bd6e9adf39b63f43dc545d3ca1f53d,4,0.0,10.501377314814814,0.0,462.1475,28.095000000000002,0.07269021712242418,4.5,0.07273366558088774,RJ,rio de janeiro,2018-05-03 10:34:01,garden_tools,1.0,94.2479810610824,100.0,88.1,95.1,98.2,87.5,397,PREFERRED,1
4dbd95a08b31ede5c82d3f861cb1ce1a,4,0.0,12.341614583333333,0.0,92.69500000000001,23.285,0.36931441487619154,4.75,0.07167885906182517,PR,curitiba,2017-11-13 14:13:52,books_general_interest,1.0,94.24797875919197,100.0,88.3,94.1,89.8,93.8,398,PREFERRED,1
f1ce5fdecd64935c28b9ff932751d0dc,2,0.0,10.23626736111111,0.0,79.0,11.265,0.14259493670886075,4.5,0.06915593052566146,SP,santana de parnaiba,2017-06-29 17:19:23,furniture_decor,1.0,94.24211553695714,100.0,88.8,95.2,96.3,87.5,399,PREFERRED,1
3e51f9cbe317bc3a88f2c76583811ee4,1,0.0,8.87136574074074,0.0,76.09,8.69,0.11420686029701668,5.0,0.11233222104404071,SP,sao paulo,2018-08-14 00:22:06,health_beauty,1.0,94.23748331578476,100.0,80.6,95.9,97.1,100.0,400,PREFERRED,1
b8578d2d823bd8e251f6fdd02b40902d,8,0.0,10.123227719907407,0.0,152.9625,27.3175,0.23625664353498593,4.875,0.09327232962766926,SC,blumenau,2018-06-19 17:05:20,sports_leisure,1.0,94.236079072085,100.0,84.2,95.3,93.6,96.9,401,PREFERRED,1
d73cbd89533ce8b041a9190241453ac8,3,0.0,12.21965663580247,0.0,89.56666666666668,16.863333333333333,0.30740736465316637,4.333333333333333,0.043195031594734944,MG,guiricema,2017-07-12 08:58:21,fashion_bags_accessories,1.0,94.23559910656486,100.0,93.8,94.2,91.6,83.3,402,PREFERRED,1
babcc0ab201e4c60188427cae51a5b8b,1,0.0,8.19707175925926,0.0,79.0,14.13,0.1788607594936709,5.0,0.10977450701894093,SP,porto ferreira,2018-07-01 10:23:10,construction_tools_lights,1.0,94.23018070166046,100.0,81.0,96.3,95.2,100.0,403,PREFERRED,1
01bcc9d254a0143f0ce9791b960b2a47,10,0.0,12.787733796296298,0.0,139.321,25.148000000000003,0.18554448078853347,4.4,0.05490336826693389,GO,uruacu,2018-02-02 10:03:35,health_beauty,1.0,94.22525127352507,100.0,91.6,93.9,95.0,85.0,404,PREFERRED,0
cb9fb4ca75d7ba8437480e8dde64fe98,9,0.0,9.417282664609054,0.0,53.906666666666666,16.366666666666667,0.31796454551703934,4.222222222222222,0.03922359417800228,SP,sao paulo,2017-10-11 09:41:39,unknown,1.0,94.2020835537431,100.0,94.6,95.7,91.3,80.6,405,PREFERRED,1
2a5b78b41cd05baeac8df54c6606b92c,46,0.021739130434782608,9.040109450483092,4.696458333333333,339.63652173913044,22.669347826086955,0.11826450825370775,4.543478260869565,0.06094624730052628,MG,formiga,2018-08-15 18:01:23,health_beauty,0.9782608695652174,94.20179313685772,97.8,90.4,95.9,97.0,88.6,406,PREFERRED,0
668bf321538e5072858eaef6087ce027,1,0.0,4.473495370370371,0.0,19.9,8.11,0.40753768844221105,5.0,0.10300800676556189,PR,pinhais,2018-02-26 09:47:55,housewares,1.0,94.20154954477711,100.0,82.3,98.3,88.7,100.0,407,PREFERRED,1
a7c88262832dfc683781d6a421edefae,5,0.0,11.176726851851852,0.0,304.0,16.484,0.05659522930017319,4.2,0.050170612788989634,SP,mogi das cruzes,2018-02-12 22:54:10,perfumery,1.0,94.19602278275805,100.0,92.5,94.7,98.7,80.0,408,PREFERRED,1
77e4abfd739aed9c46480f90f81c0eb4,18,0.0,10.008789223251028,0.0,214.59944444444443,22.595555555555556,0.12267970444453037,4.777777777777778,0.09346340585496522,DF,brasilia,2018-08-14 14:42:14,stationery,1.0,94.19373291924708,100.0,84.2,95.3,96.8,94.4,409,PREFERRED,0
6cd68b3ed6d59aaa9fece558ad360c0a,147,0.02040816326530612,10.607871393927942,6.86642361111111,76.04401360544219,17.22190476190476,0.2661257941074838,4.469387755102041,0.04494952327816837,MG,belo horizonte,2018-04-23 22:25:36,luggage_accessories,0.9795918367346939,94.19275474687116,98.0,93.5,95.0,92.8,86.7,410,PREFERRED,0
60562ab00b8054280520d390c8c0045c,17,0.0,10.181200980392157,0.0,173.11764705882354,17.88764705882353,0.10337905528195247,4.764705882352941,0.09336854131414758,SP,sao paulo,2018-08-03 18:20:50,auto,1.0,94.19031835755187,100.0,84.2,95.2,97.4,94.1,411,PREFERRED,0
6a3139c7bf09ece22a4713d956acbe5e,1,0.0,3.8735185185185186,0.0,61.9,14.74,0.2381260096930533,5.0,0.11434336602896353,SP,sao sebastiao da grama/sp,2018-07-23 21:47:34,sports_leisure,1.0,94.18687484832311,100.0,80.2,98.6,93.6,100.0,412,PREFERRED,1
880ce4951cf857ab1d9e0b75c1d856f4,1,0.0,15.04616898148148,0.0,178.9,18.82,0.10519843487982113,5.0,0.10385925778683426,MG,belo horizont,2018-02-13 21:06:34,auto,1.0,94.17803751573771,100.0,82.2,92.7,97.3,100.0,413,PREFERRED,1
270572bb714b00531be85e16e1550f26,1,0.0,11.073055555555555,0.0,96.99,14.77,0.1522837405918136,5.0,0.10775923718924126,SP,maua,2018-05-24 21:26:55,bed_bath_table,1.0,94.1734779656881,100.0,81.4,94.8,96.0,100.0,414,PREFERRED,1
119c7f1a00ef43fad0e57604e76a747c,2,0.0,5.977835648148148,0.0,94.9,8.51,0.12831428136719383,4.5,0.0785693993253023,SP,sao paulo,2018-02-27 20:13:13,health_beauty,1.0,94.1702092456733,100.0,87.0,97.5,96.7,87.5,415,PREFERRED,1
6b9b80d53ba3676eafe60268a810b5a1,9,0.0,12.04213220164609,0.0,87.07777777777778,17.501111111111115,0.23244174052702832,4.222222222222222,0.040753265877220335,SP,belo horizonte,2017-08-28 20:36:01,sports_leisure,1.0,94.162767837668,100.0,94.3,94.3,93.7,80.6,416,PREFERRED,1
1c742ac33582852aaf3bcfbf5893abcf,1,0.0,6.017256944444444,0.0,97.9,15.79,0.16128702757916238,5.0,0.11584620556082058,MG,belo horizonte,2018-06-22 16:07:51,sports_leisure,1.0,94.1624574648761,100.0,79.9,97.5,95.7,100.0,417,PREFERRED,1
1771297ac436903d1dd6b0e9279aa505,28,0.03571428571428571,9.443156001984127,3.546284722222222,102.9025,20.898571428571426,0.36091776279334625,4.62962962962963,0.043389909794479924,SP,guarulhos,2018-08-17 12:46:57,baby,0.9642857142857143,94.15629577591486,96.4,93.8,95.6,90.1,90.7,418,PREFERRED,0
f90f77ef2799a27f80d90c425ca944f7,1,0.0,7.389560185185185,0.0,70.0,19.46,0.278,5.0,0.10679611516872535,PR,londrina,2018-05-15 08:42:18,books_technical,1.0,94.15576887941424,100.0,81.6,96.7,92.4,100.0,419,PREFERRED,1
9d5a9018aee56acb367ba9c3f05d1d6a,65,0.015384615384615385,14.82930056980057,4.862777777777778,154.7176923076923,25.662307692307692,0.18208630397835554,4.492307692307692,0.04916785289600491,GO,aparecida de goiania,2018-03-21 20:20:40,baby,0.9846153846153847,94.1552331258084,98.5,92.7,92.8,95.1,87.3,420,PREFERRED,0
2c00c85d30361cd2ced2969cffbbffa3,1,0.0,1.8740625,0.0,49.8,7.71,0.15481927710843374,5.0,0.12332149137022708,MG,belo horizonte,2018-04-16 19:27:56,baby,1.0,94.15208254582961,100.0,78.5,99.7,95.9,100.0,421,PREFERRED,1
10cdd491d1dbea8fb4ead97b19c334ce,3,0.0,7.089984567901234,0.0,69.63333333333334,26.286666666666665,0.39809662950147384,5.0,0.10027509824504603,MG,santa rita do sapucai,2018-07-24 21:26:25,pet_shop,1.0,94.15123826031721,100.0,82.9,96.9,89.0,100.0,422,PREFERRED,1
b00af24704019bd2e1b335e70ad11f7c,1,0.0,15.554780092592592,0.0,189.0,18.25,0.09656084656084656,5.0,0.10434173417616893,BA,salvador,2018-06-20 00:20:03,sports_leisure,1.0,94.13899000291858,100.0,82.1,92.4,97.6,100.0,423,PREFERRED,1
2009a095de2a2a41626f6c6d7722678d,7,0.0,8.797577711640212,0.0,52.41428571428571,23.814285714285713,0.6100595209780071,4.285714285714286,0.029468199800017726,SP,sao jose do rio preto,2017-09-20 07:06:26,computers_accessories,1.0,94.12799884304602,100.0,96.4,96.0,83.0,82.1,424,PREFERRED,1
bbe87dce25ba8b38bb61cc7210a3f10b,2,0.0,6.258229166666666,0.0,143.5,34.195,0.27305197421434324,5.0,0.10964938198885965,SP,sao joao da boa vista,2018-08-24 09:18:20,construction_tools_construction,1.0,94.12305574939151,100.0,81.1,97.3,92.6,100.0,425,PREFERRED,1
9b76ad3d04236f76bc71c59470305e13,2,0.0,5.747731481481482,0.0,197.35000000000002,30.965,0.1807091378161672,5.0,0.11604278942724967,SP,boituva,2018-08-07 23:46:11,housewares,1.0,94.11935583112037,100.0,79.8,97.6,95.2,100.0,426,PREFERRED,1
3d0cd21d41671c46f82cd11176bf7277,9,0.0,12.853112139917696,0.0,52.642222222222216,24.555555555555557,0.5089651854148602,4.666666666666667,0.058773773221744645,SC,joinville,2018-08-06 14:38:01,books_general_interest,1.0,94.11685073279085,100.0,90.8,93.8,85.9,91.7,427,PREFERRED,1
7994b065a7ffb14e71c6312cf87b9de2,5,0.0,9.00992824074074,0.0,90.6,28.868000000000002,0.35974759734808315,5.0,0.10015184658454646,ES,cariacica / es,2018-08-04 00:42:23,furniture_living_room,1.0,94.11330521808691,100.0,82.9,95.9,90.1,100.0,428,PREFERRED,1
7354220fb240bde543b3c40c060d41e7,7,0.0,11.098485449735449,0.0,96.0,23.59,0.28967350541728465,4.571428571428571,0.06730353674460264,DF,brasilia,2018-07-25 04:34:42,computers_accessories,1.0,94.11281026322501,100.0,89.2,94.8,92.1,89.3,429,PREFERRED,1
33ac3e28642ab8bda860a2f693000e78,33,0.0,8.801053591470259,0.0,107.76151515151516,14.718181818181819,0.14371644093397026,4.303030303030303,0.058848821944173395,SP,cotia,2018-07-23 11:42:25,sports_leisure,1.0,94.10826127415974,100.0,90.8,96.0,96.2,82.6,430,PREFERRED,0
e00d85ce20ea50c1224c66ca5050527d,1,0.0,2.049375,0.0,149.0,8.3,0.055704697986577185,4.0,0.051562537851559655,SP,osasco,2017-07-13 11:24:43,audio,1.0,94.10759907867043,100.0,92.2,99.6,98.7,75.0,431,PREFERRED,1
1d953075c2f0dd990bacf27b83b330f1,1,0.0,7.282638888888889,0.0,59.0,19.32,0.32745762711864407,5.0,0.1050939435169374,MG,belo horizonte,2018-08-13 11:35:50,computers_accessories,1.0,94.10548299182643,100.0,81.9,96.8,91.0,100.0,432,PREFERRED,1
b90e891671cffd9557f33a97dc523645,34,0.0,7.635536832788671,0.0,133.49705882352941,19.063235294117646,0.18380287752007318,4.323529411764706,0.0606130348484788,PR,sao jose dos pinhais,2018-08-23 12:56:27,health_beauty,1.0,94.0795255110295,100.0,90.5,96.6,95.1,83.1,433,PREFERRED,0
30a81d8cf85fb2ada1b1b094c9583a95,17,0.0,4.290115740740741,0.0,73.26,9.888235294117647,0.16850108293565366,4.823529411764706,0.10621372887198334,SP,sao paulo,2018-08-15 10:14:58,pet_shop,1.0,94.07907442891808,100.0,81.7,98.4,95.5,95.6,434,PREFERRED,0
42bde9fef835393bb8a8849cb6b7f245,34,0.029411764705882353,10.372565359477123,7.869710648148148,222.76470588235293,22.56970588235294,0.17082786813821135,4.352941176470588,0.03768437479344028,DF,brasilia,2018-08-19 18:19:11,toys,0.9705882352941176,94.07818378929919,97.1,94.9,95.1,95.5,83.8,435,PREFERRED,0
3e46a38ee171c503c3b4a3f23fe3bf0c,1,0.0,4.184652777777778,0.0,59.9,9.11,0.15208681135225374,5.0,0.12119737870668316,SP,sorocaba,2018-06-22 13:20:40,health_beauty,1.0,94.07788803917538,100.0,78.9,98.4,96.0,100.0,436,PREFERRED,1
ae45df84722b1d15c5f32b23a095746c,9,0.0,7.418199588477366,0.0,100.20333333333332,18.184444444444445,0.21810863820631854,4.777777777777778,0.09455210916277851,SP,sao paulo,2018-08-21 10:19:27,health_beauty,1.0,94.0767595179388,100.0,84.0,96.7,94.1,94.4,437,PREFERRED,1
52562a9f449c3dc3d53f5f5b9ed74903,14,0.0,13.357767857142857,0.0,233.32857142857142,31.717142857142857,0.2752954670197588,4.785714285714286,0.08196803038617105,RN,parnamirim,2018-04-14 14:59:46,sports_leisure,1.0,94.07491683951964,100.0,86.4,93.6,92.5,94.6,438,PREFERRED,0
3cfa1358a6caa965278721344c8d76f2,5,0.0,6.302104166666666,0.0,628.056,16.25,0.11101796499581273,4.8,0.10470598612137375,SP,sao bernardo do campo,2018-06-13 21:59:30,home_construction,1.0,94.06621884937832,100.0,82.0,97.3,97.2,95.0,439,PREFERRED,1
32fdd5d44ecb43dfd6a24b9369eca144,8,0.0,16.070402199074074,0.0,59.9,17.335,0.28939899833055094,4.375,0.044905858843755614,MG,carmo do cajuru,2017-05-15 13:20:05,stationery,1.0,94.05479613484393,100.0,93.5,92.1,92.1,84.4,440,PREFERRED,1
59bbc819b99a733f02f0d6b49d1c253d,2,0.0,5.458657407407408,0.0,69.9,11.475000000000001,0.16416309012875535,5.0,0.11887796152104294,SP,campinas,2018-06-26 23:09:41,housewares,1.0,94.05345077203057,100.0,79.3,97.8,95.7,100.0,441,PREFERRED,1
8c351ed7c326c62123318f4f3246e906,2,0.0,10.105011574074075,0.0,57.45,17.88,0.3105076642889664,5.0,0.10254340875800508,SP,praia grande,2018-08-18 23:03:24,computers_accessories,1.0,94.0513709598047,100.0,82.4,95.3,91.5,100.0,442,PREFERRED,1
74871d19219c7d518d0090283e03c137,6,0.0,3.870761959876543,0.0,91.67333333333333,14.645000000000001,0.19807150944024152,5.0,0.1196677164667415,SP,sao paulo,2018-08-21 19:11:28,sports_leisure,1.0,94.0456483848679,100.0,79.2,98.6,94.7,100.0,443,PREFERRED,1
82cb9f452fe8334df74b22d37824b431,14,0.0,8.529109623015874,0.0,61.300000000000004,24.767857142857142,0.4030811370656576,4.714285714285714,0.07753701552953217,RS,caxias do sul,2018-08-01 15:01:52,small_appliances,1.0,94.04069128487048,100.0,87.2,96.1,88.9,92.9,444,PREFERRED,0
da20530872245d6cd9d2f5725613c430,2,0.0,10.269930555555556,0.0,157.48000000000002,39.629999999999995,0.2650522670898362,4.5,0.06605287904025019,RS,igrejinha,2017-10-26 23:51:35,sports_leisure,1.0,94.04062358482588,100.0,89.4,95.2,92.8,87.5,445,PREFERRED,1
dd5450b022b2d00a2145a66331e1aef6,1,0.0,7.1822337962962965,0.0,59.0,22.34,0.37864406779661014,5.0,0.10362324683570817,SC,joinville,2018-06-29 12:16:28,housewares,1.0,94.03868248382389,100.0,82.2,96.8,89.6,100.0,446,PREFERRED,1
3b18f9856c6eb2413eafedb58e9eecd9,1,0.0,9.18412037037037,0.0,315.0,20.09,0.06377777777777778,5.0,0.11897171034150128,SP,santo andre,2018-04-11 15:33:25,construction_tools_lights,1.0,94.0375967080679,100.0,79.3,95.8,98.5,100.0,447,PREFERRED,1
b1204cfda1d4948679db3cfc0d3cb95c,6,0.0,9.825545910493828,0.0,68.53333333333335,16.675,0.32219582500807925,4.333333333333333,0.050657626675195876,SP,guarulhos,2018-07-25 21:44:39,sports_leisure,1.0,94.02643984147207,100.0,92.4,95.4,91.2,83.3,448,PREFERRED,1
1b45169b635ef59425637e9a33eb5fb3,7,0.0,7.974323743386244,0.0,44.128571428571426,15.778571428571428,0.44420071112120624,4.571428571428571,0.0653173083354562,PR,maringa,2018-08-15 23:04:04,housewares,1.0,94.0178916168616,100.0,89.6,96.4,87.7,89.3,449,PREFERRED,1
87b4428a334b8f676fd9a7f3bf544fb5,1,0.0,6.9279166666666665,0.0,29.99,18.99,0.6332110703567856,5.0,0.08953468804888264,SP,guaimbe,2018-08-13 19:22:29,health_beauty,1.0,94.01155709253598,100.0,84.9,97.0,82.3,100.0,450,PREFERRED,1
c157bdeedcbc9a8e3c8bf0d87ff24428,7,0.0,12.136866732804233,0.0,73.46714285714286,29.814285714285713,0.49549862321455357,4.428571428571429,0.04440607838667878,SP,mairinque,2017-08-20 12:22:14,unknown,1.0,94.00756029354599,100.0,93.6,94.2,86.3,85.7,451,PREFERRED,1
3289d8c3eef4873f91ce0b1343c0dd58,1,0.0,13.827824074074075,0.0,199.99,19.28,0.09640482024101205,5.0,0.10998520571494907,SP,praia grande,2018-05-25 18:44:29,sports_leisure,1.0,94.00635089318921,100.0,81.0,93.3,97.6,100.0,452,PREFERRED,1
d2f3e277560ed4c6361284429b00f037,6,0.0,8.441340663580247,0.0,41.975,23.741666666666664,1.3410447256035722,4.666666666666667,0.0193813746273229,SP,atibaia,2017-10-08 13:26:33,pet_shop,1.0,93.99389915739047,100.0,98.4,96.2,62.3,91.7,453,PREFERRED,1
725c32fa80c2faacc4fc88450d27314e,89,0.011235955056179775,9.408308234498543,21.37207175925926,89.18966292134832,15.113595505617976,0.2169393443906417,4.517241379310345,0.06446363301753652,SP,sao paulo,2018-08-12 09:20:39,toys,0.9887640449438202,93.99320438775233,98.9,89.7,95.7,94.2,87.9,454,PREFERRED,0
3986c0b54f6b748b75e7bd4e092aa3e5,1,0.0,6.12349537037037,0.0,24.99,15.28,0.6114445778311325,5.0,0.09255166372388661,PR,curitiba,2018-08-17 19:54:45,perfumery,1.0,93.99273177210281,100.0,84.3,97.4,83.0,100.0,455,PREFERRED,1
398cb257329ef7af7f1943a8974a3cbc,1,0.0,7.091377314814815,0.0,145.9,15.47,0.10603152844413982,5.0,0.1208788727093681,BA,salvador,2018-07-20 09:42:40,drinks,1.0,93.99271633008294,100.0,78.9,96.9,97.3,100.0,456,PREFERRED,1
eb1bf309f4f6af9a97e9ddac3fdbeabe,1,0.0,8.489652777777778,0.0,22.3,8.88,0.39820627802690584,5.0,0.10135498783431478,SP,diadema,2018-05-24 11:05:40,sports_leisure,1.0,93.98789465478625,100.0,82.7,96.1,89.0,100.0,457,PREFERRED,1
5160d23075764e18e07c1f4a87fad743,30,0.03333333333333333,9.61413850308642,0.9611342592592592,70.8,14.546333333333333,0.23077311724512467,4.566666666666666,0.05115242994421621,SP,sao bernardo do campo,2017-12-05 09:35:38,toys,0.9666666666666667,93.98730186491886,96.7,92.3,95.5,93.8,89.2,458,PREFERRED,0
a72c2f59332659e361d647515c698798,5,0.0,10.20347222222222,0.0,160.57999999999998,26.206,0.1756723379684323,4.8,0.09605034416199079,RS,flores da cunha,2018-07-16 21:37:24,pet_shop,1.0,93.98726275931939,100.0,83.7,95.2,95.3,95.0,459,PREFERRED,1
05730013efda596306417c3b09302475,4,0.0,9.451623263888889,0.0,238.0,54.1675,0.22759453781512606,5.0,0.1099414258567048,SC,criciuma,2018-08-22 20:16:37,furniture_decor,1.0,93.9841402585389,100.0,81.0,95.6,93.9,100.0,460,PREFERRED,1
e560e4022d8f7aebf155db95946c5c0f,2,0.0,10.134334490740741,0.0,390.0,45.105000000000004,0.11565384615384615,5.0,0.11547209407386157,MG,belo horizonte,2018-07-11 20:39:58,cool_stuff,1.0,93.98251371183815,100.0,80.0,95.3,97.0,100.0,461,PREFERRED,1
661ad5fcc28cdfb8bcadb12bb2272475,4,0.0,12.388914930555556,0.0,52.482499999999995,29.945,0.6208736245415138,5.0,0.08185055458377026,SC,balneario camboriu,2018-07-17 17:28:51,pet_shop,1.0,93.9805191510621,100.0,86.4,94.1,82.7,100.0,462,PREFERRED,1
657969cca82e884d272385ec0ef06edd,3,0.0,8.105501543209877,0.0,46.56666666666666,17.286666666666665,0.40225482439779575,4.666666666666667,0.07598808250048657,RS,estancia velha,2018-07-31 17:45:44,sports_leisure,1.0,93.97236126463669,100.0,87.5,96.3,88.9,91.7,463,PREFERRED,1
e9c2dc0dd4ac38448289be644ac94f42,3,0.0,5.392226080246914,0.0,39.46333333333333,18.74,0.6120355185498781,5.0,0.094157244045664,SC,joinville,2018-08-21 22:39:47,toys,1.0,93.97227159546637,100.0,84.0,97.8,82.9,100.0,464,PREFERRED,1
debe6615cd90cc0c2eac2b8988e1f628,5,0.0,11.604266203703705,0.0,55.7,19.106,0.40857228922914446,4.6,0.06464368142975976,SP,sao paulo,2017-03-20 19:58:27,electronics,1.0,93.96978479733855,100.0,89.7,94.5,88.7,90.0,465,PREFERRED,1
ba6b68b55fe8704377a7d43c8e5c0185,5,0.0,10.590298611111113,0.0,147.954,18.49,0.14963600368051908,4.2,0.05037889626454588,MG,belo horizonte,2017-06-03 14:27:54,sports_leisure,1.0,93.96865352702748,100.0,92.4,95.0,96.1,80.0,466,PREFERRED,1
2039c5e51785b5dde7cf93ccb3b7be2c,1,0.0,8.269247685185185,0.0,159.9,13.78,0.08617886178861787,5.0,0.1206249469941306,SP,guaira,2018-07-16 13:00:53,housewares,1.0,93.9675621649943,100.0,79.0,96.3,97.9,100.0,467,PREFERRED,1
9d681c7e12db302cb261e721040dde65,13,0.0,9.304166666666667,0.0,60.43076923076923,21.006153846153843,0.4125123255514547,4.923076923076923,0.09365631495184137,PR,curitiba,2018-08-16 16:19:13,sports_leisure,1.0,93.96294135043132,100.0,84.1,95.7,88.6,98.1,468,PREFERRED,0
d66c305afaec317ebee552073a674429,38,0.02631578947368421,9.693951023391813,8.245416666666667,110.01026315789474,30.55763157894737,0.43153250610551536,4.473684210526316,0.03749097387958088,MG,ribeirao das neves,2017-05-19 18:41:40,unknown,0.9736842105263158,93.96276267148991,97.4,94.9,95.5,88.1,86.8,469,PREFERRED,0
62c50c1af4dfdc4149d25c5222043d39,12,0.0,12.141128472222222,0.0,193.81916666666666,23.495833333333334,0.10917355463098018,4.083333333333333,0.041220867242626955,SP,sao paulo,2017-04-23 16:01:16,fixed_telephony,1.0,93.9614521697614,100.0,94.2,94.2,97.2,77.1,470,PREFERRED,0
5a93f3ab0ef4c84ed5e1b5dbf23978bc,38,0.02631578947368421,15.093835587231966,32.03618055555555,60.507368421052625,17.182631578947365,0.4512319829588735,4.7894736842105265,0.05214064339092489,SP,monteiro lobato,2018-03-03 19:10:32,baby,0.9736842105263158,93.95980022946702,97.4,92.1,92.6,87.5,94.7,471,PREFERRED,0
c12d7463a579237ffb9248bd7cff378b,1,0.0,11.243993055555556,0.0,25.9,8.72,0.3366795366795367,4.0,0.02281297466718514,SP,sao paulo,2016-10-06 13:16:56,fashion_bags_accessories,1.0,93.95668223996402,100.0,97.7,94.7,90.8,75.0,472,PREFERRED,1
525e75a6fb1454a2325ab1734bcec221,9,0.0,6.366539351851852,0.0,67.46333333333332,12.46888888888889,0.19895290144863678,3.888888888888889,0.030443995496020795,SP,barueri,2017-10-02 12:47:00,auto,1.0,93.95303018260326,100.0,96.3,97.3,94.7,72.2,473,PREFERRED,1
9baf5cb77970f539089d09a38bcec5c3,31,0.0,15.171590128434886,0.0,193.21548387096774,17.15032258064516,0.13657952861794728,4.419354838709677,0.06106168104168046,SP,indaiatuba,2018-08-05 19:32:36,housewares,1.0,93.95216632084978,100.0,90.4,92.6,96.4,85.5,474,PREFERRED,0
ead2bab70821ea148476ae9bc08548ac,7,0.0,7.803753306878307,0.0,63.042857142857144,23.334285714285716,0.4179797939429231,4.642857142857143,0.07415953553120207,MG,belo horizonte,2018-08-01 17:19:21,fashion_bags_accessories,1.0,93.95005781021901,100.0,87.9,96.5,88.5,91.1,475,PREFERRED,1
bdf0d02d36a1d839d0c39c4a887cdd49,5,0.0,8.347087962962963,0.0,24.0,19.189999999999998,0.8907999999999999,5.0,0.07326667485108312,SP,birigui,2018-02-04 20:00:08,home_appliances,1.0,93.94721749793929,100.0,88.0,96.2,75.0,100.0,476,PREFERRED,1
6f83d9e4da896daae20b9b6b2d3ff8d2,10,0.0,11.365663194444444,0.0,68.529,20.837,0.3156070926664228,4.7,0.07890269312358186,PR,pinhalao,2018-07-31 17:24:44,housewares,1.0,93.94436541243813,100.0,87.0,94.6,91.4,92.5,477,PREFERRED,0
ee27a8f15b1dded4d213a468ba4eb391,1,0.0,11.955023148148149,0.0,6499.0,227.66,0.03503000461609478,5.0,0.11804697448702589,GO,goiania,2017-05-24 18:14:34,art,1.0,93.94315812634004,100.0,79.5,94.3,99.3,100.0,478,PREFERRED,1
31e60bf8d103ce47932a85f5562deb16,1,0.0,14.461574074074074,0.0,181.0,58.04,0.3206629834254144,5.0,0.09705091762099989,GO,goiania,2018-07-11 16:07:05,luggage_accessories,1.0,93.93931424906162,100.0,83.5,93.0,91.2,100.0,479,PREFERRED,1
b080809eaacb49e5ca07290981472431,11,0.0,10.537906144781145,0.0,38.54545454545455,13.036363636363637,0.34429611307407876,4.818181818181818,0.0880544128530454,MG,belo horizonte,2018-05-15 08:48:09,books_general_interest,1.0,93.93346638435509,100.0,85.2,95.1,90.5,95.5,480,PREFERRED,0
abbf6046bbdf1028606a5bc7f00c99e7,6,0.0,11.785158179012347,0.0,311.2083333333333,21.168333333333333,0.07013771173910395,4.666666666666667,0.09051262345502682,SC,xanxere,2018-05-02 22:13:15,auto,1.0,93.92630015275098,100.0,84.7,94.4,98.3,91.7,481,PREFERRED,1
c54679b132454625907c773d273d4126,7,0.0,6.164588293650794,0.0,154.28571428571428,16.574285714285715,0.11628873355738675,4.857142857142857,0.11203195791663602,SP,guaruja,2018-07-28 18:11:21,perfumery,1.0,93.92547127938788,100.0,80.6,97.4,97.0,96.4,482,PREFERRED,1
34a557286ead8fe75c989e0afcf7d98c,4,0.0,8.269539930555556,0.0,103.725,14.64,0.16487404300420572,4.75,0.09727745044064601,SP,franca,2018-08-18 00:12:08,health_beauty,1.0,93.92538233810008,100.0,83.4,96.3,95.6,93.8,483,PREFERRED,1
bc2ac6b95e1accce9858528ee566c17e,18,0.0,4.748575102880658,0.0,113.61111111111111,13.03111111111111,0.11954683636000468,4.555555555555555,0.09086394168051883,SP,campinas,2018-05-21 17:38:06,books_imported,1.0,93.91209241212815,100.0,84.7,98.1,96.9,88.9,484,PREFERRED,0
5733d806668f8712c24b9abaefbfa642,2,0.0,15.00157986111111,0.0,121.9,42.94,0.4885404310405529,5.0,0.08689346225215314,SP,chapeco,2018-04-26 00:13:51,construction_tools_safety,1.0,93.90667387169844,100.0,85.4,92.7,86.4,100.0,485,PREFERRED,1
cb162c8eef257253782d245c08d9097c,1,0.0,10.642743055555556,0.0,34.99,14.13,0.4038296656187482,5.0,0.09920952101942487,SP,barueri,2017-11-19 20:37:11,cool_stuff,1.0,93.9035354673973,100.0,83.1,95.0,88.9,100.0,486,PREFERRED,1
8060d731897e33b5c5ae575ce1e209e1,5,0.0,7.804481481481481,0.0,39.9,18.29,0.45839598997493736,4.8,0.08517724510428368,SP,blumenau,2018-07-14 14:32:44,sports_leisure,1.0,93.89670419858398,100.0,85.8,96.5,87.3,95.0,487,PREFERRED,1
bbf4a892cac7b82422baa711dffb8997,1,0.0,3.0054398148148147,0.0,70.0,35.34,0.5048571428571429,5.0,0.10605253716533346,PR,curitiba,2018-06-11 11:35:34,pet_shop,1.0,93.89624573759677,100.0,81.8,99.1,86.0,100.0,488,PREFERRED,1
725af026f869236a8dd0ceb98564d156,5,0.0,13.673094907407409,0.0,162.144,25.189999999999998,0.219745351547862,4.4,0.05837097980408516,MG,claudio,2018-06-01 21:48:43,housewares,1.0,93.89165883896307,100.0,90.9,93.4,94.1,85.0,489,PREFERRED,1
389e45560e33d2d0747f949dcddbc08e,1,0.0,3.949548611111111,0.0,39.0,8.43,0.21615384615384614,5.0,0.12172154581374048,SP,sao jose dos campos,2018-08-16 21:58:25,auto,1.0,93.8896667102763,100.0,78.8,98.6,94.2,100.0,490,PREFERRED,1
f021c962aaba8ef6eb527a9c2c8394d1,5,0.0,8.171310185185185,0.0,879.7,27.074,0.03597750635434979,4.2,0.06278539793606974,SC,itajai,2017-08-06 17:55:55,musical_instruments,1.0,93.88908289767683,100.0,90.1,96.3,99.3,80.0,491,PREFERRED,1
be7a093e5b4d147b36b72bb1f9e415e5,1,0.0,5.3288773148148145,0.0,60.9,22.36,0.3671592775041051,5.0,0.11059168329000317,PR,toledo,2018-07-07 10:44:58,health_beauty,1.0,93.88475768909447,100.0,80.9,97.8,89.9,100.0,492,PREFERRED,1
bacb1f0ed56ad24198f5810d2b3fe9a5,38,0.02631578947368421,9.781034356725147,4.169444444444444,161.65894736842105,20.696578947368423,0.13283343178210938,4.324324324324325,0.04505221632415696,SP,jacarei,2018-01-17 22:58:43,toys,0.9736842105263158,93.88106233980349,97.4,93.5,95.5,96.5,83.1,493,PREFERRED,0
ea6b12bf9ffe2bac34602ec631d97a47,9,0.0,16.563964763374486,0.0,116.36666666666666,17.209999999999997,0.15449122815086716,4.333333333333333,0.05244931107787407,SP,guarulhos,2017-05-30 22:15:57,unknown,1.0,93.8806931582034,100.0,92.0,91.9,95.9,83.3,494,PREFERRED,1
2d518637f53161b973e01f56ea4bb88e,13,0.0,13.663798967236467,0.0,93.8376923076923,24.60076923076923,0.26475405889591574,4.923076923076923,0.0969334677787337,SP,sao paulo,2018-07-30 20:33:35,sports_leisure,1.0,93.87856402375495,100.0,83.5,93.4,92.8,98.1,495,PREFERRED,0
10264f60a8f0a4d2f30810f5c661c673,4,0.0,4.128816550925926,0.0,71.15,10.465,0.14613886963363504,5.0,0.12605187496434034,SP,campinas,2018-08-09 12:44:54,health_beauty,1.0,93.86661143542561,100.0,77.9,98.5,96.2,100.0,496,PREFERRED,1
a080fc8a850289b27500f6b49cca2553,4,0.0,5.423171296296296,0.0,95.75,13.1425,0.1471613628835421,4.75,0.10448323178478439,SP,sao paulo,2018-06-25 19:03:18,auto,1.0,93.85671536124244,100.0,82.1,97.8,96.1,93.8,497,PREFERRED,1
340636a908b13bbe0f4fb63fbe1d0c03,3,0.0,7.826103395061729,0.0,163.5,12.0,0.07146964381207886,5.0,0.12461181004466033,SP,sao jose dos campos,2018-05-06 11:40:23,pet_shop,1.0,93.8535141304823,100.0,78.2,96.5,98.3,100.0,498,PREFERRED,1
da3fede3469bf49b7293ce3fc45b294d,1,0.0,11.242916666666666,0.0,44.9,12.79,0.28485523385300665,5.0,0.10635717669236261,SP,mogi das cruzes,2018-03-17 18:07:02,books_general_interest,1.0,93.85095601496329,100.0,81.7,94.7,92.2,100.0,499,PREFERRED,1
7238f877570096ae403c51898fa64566,3,0.0,8.923016975308643,0.0,400.0,16.506666666666664,0.04126666666666667,5.0,0.12467669801399776,SP,santana de parnaiba,2018-05-29 15:28:44,cool_stuff,1.0,93.84889235314341,100.0,78.2,95.9,99.1,100.0,500,PREFERRED,1
0ec28cec4046a4a199b6de9b4c891d97,3,0.0,10.472314814814816,0.0,98.86666666666667,18.68,0.22965013303211823,5.0,0.1111834561535907,GO,goiania,2018-05-17 14:47:11,health_beauty,1.0,93.83763950897625,100.0,80.8,95.1,93.8,100.0,501,PREFERRED,1
ed859002ad59dbf8cf3602696a6c3000,6,0.0,18.509108796296296,0.0,343.98333333333335,37.57333333333333,0.10981996210606561,4.166666666666667,0.039778273295536515,PR,londrina,2017-01-23 20:35:00,air_conditioning,1.0,93.8349015527471,100.0,94.5,90.8,97.2,79.2,502,PREFERRED,1
de66a66f2dd06bb9ec37aa96987466a3,7,0.0,15.27156746031746,0.0,50.47428571428571,16.52285714285714,0.3308506798498784,4.142857142857143,0.03021795002876122,RJ,rio de janeiro,2017-02-04 21:38:34,furniture_decor,1.0,93.83389711143009,100.0,96.3,92.5,90.9,78.6,503,PREFERRED,1
6338ea67c41078a46ad99cc009654956,36,0.0,13.340945537551441,0.0,63.224999999999994,25.470277777777778,0.700814707050236,4.617647058823529,0.04874737225001334,RS,farroupilha,2018-08-16 22:28:49,auto,1.0,93.83023132040837,100.0,92.7,93.6,80.4,90.4,504,PREFERRED,0
97e995629983723d11830a829bc2b246,5,0.0,17.008074074074074,0.0,99.9,19.874000000000002,0.30817908342173866,4.8,0.08019592465073197,SP,lorena,2018-08-16 15:44:33,books_technical,1.0,93.82983707825761,100.0,86.7,91.6,91.6,95.0,505,PREFERRED,1
98dddbc4601dd4443ca174359b237166,2,0.0,8.23082175925926,0.0,79.0,26.835,0.33968354430379744,5.0,0.10859504912821123,PR,sarandi,2018-07-23 13:03:29,housewares,1.0,93.82764810286481,100.0,81.3,96.3,90.7,100.0,506,PREFERRED,1
173d56ffbd4c56cb80fc3615487d712b,2,0.0,6.838940972222222,0.0,179.0,19.805,0.11064245810055867,5.0,0.12448241616058972,SP,sao vicente,2018-08-20 11:20:51,luggage_accessories,1.0,93.82704661318417,100.0,78.2,97.0,97.2,100.0,507,PREFERRED,1
4bf658053d453036c70976bccb2c31b2,2,0.0,24.678402777777777,0.0,871.495,40.785,0.04612842475632094,4.5,0.05958731576180597,SP,sao jose do rio preto,2017-05-18 12:26:29,unknown,1.0,93.82598404888455,100.0,90.7,87.6,99.0,87.5,508,PREFERRED,1
a663d9c3797e90eac99ff60939416a56,1,0.0,5.360590277777778,0.0,235.0,14.08,0.05991489361702128,5.0,0.1299649209310535,SP,sao paulo,2018-05-16 13:31:20,computers_accessories,1.0,93.8258575659188,100.0,77.2,97.8,98.6,100.0,509,PREFERRED,1
c398bc00a606d33758afd91f4e64fd15,2,0.0,3.7029050925925926,0.0,75.0,7.75,0.10333333333333333,4.5,0.09104951582009693,RJ,rio de janeiro,2018-06-28 14:33:53,sports_leisure,1.0,93.82402016401095,100.0,84.6,98.7,97.4,87.5,510,PREFERRED,1
bb5d956dece964a06c12bceb66b923ae,2,0.0,10.383778935185186,0.0,639.18,25.07,0.05789740355363473,5.0,0.12187065169296818,RJ,rio de janeiro,2018-02-19 12:18:48,auto,1.0,93.81999745312304,100.0,78.7,95.1,98.7,100.0,511,PREFERRED,1
83645b1645cdee8953ee54c29ceed564,14,0.0,10.400109126984129,0.0,69.92142857142856,19.014285714285712,0.2955513433604122,4.428571428571429,0.06319047191378473,PR,santa terezinha de itaipu,2018-08-04 20:00:03,baby,1.0,93.81301666237103,100.0,90.0,95.1,91.9,85.7,512,PREFERRED,0
20a7efa9721046319bdde5d60b6b5365,3,0.0,19.369699074074074,0.0,167.0666666666667,31.796666666666667,0.22863608752184708,5.0,0.09705867990955735,SP,laguna,2018-02-08 14:19:47,unknown,1.0,93.80982500259725,100.0,83.5,90.4,93.8,100.0,513,PREFERRED,1
446cc09cdbb130904da114e807dbec40,3,0.0,4.2683024691358025,0.0,84.26666666666667,18.05666666666667,0.4497627732295804,4.666666666666667,0.08297206381855154,SP,sao paulo,2018-06-04 00:18:20,party_supplies,1.0,93.80803101255906,100.0,86.2,98.4,87.5,91.7,514,PREFERRED,1
7957cac1a02f45d0a4a7e45626382ec2,1,0.0,26.32175925925926,0.0,343.0,21.64,0.06309037900874635,4.0,0.017154021216725077,PR,curitiba,2017-09-08 10:09:43,health_beauty,1.0,93.80529969841973,100.0,98.8,86.7,98.5,75.0,515,PREFERRED,1
204b4e07bddef3c9b317f70189135b22,1,0.0,10.187997685185184,0.0,118.25,29.46,0.24913319238900636,5.0,0.11127591489850301,MG,borda da mata,2018-07-27 17:29:41,bed_bath_table,1.0,93.80053001814058,100.0,80.8,95.2,93.2,100.0,516,PREFERRED,1
247587846358bb1d2e4c6522020b36fe,1,0.0,4.81011574074074,0.0,99.0,22.51,0.2273737373737374,5.0,0.12151874081849258,SP,sao jose do rio preto,2018-06-17 22:05:56,pet_shop,1.0,93.79911943188331,100.0,78.8,98.1,93.9,100.0,517,PREFERRED,1
152ee17e4c8aaf53dac99f3462e4999b,6,0.0,10.735235339506174,0.0,51.49333333333333,15.995,0.6855471383706222,4.333333333333333,0.03246152697302665,SC,garuva,2017-10-14 11:58:43,housewares,1.0,93.7948735115527,100.0,95.9,95.0,80.9,83.3,518,PREFERRED,1
b372ee768ed69e46ca8cdbd267aa7a38,63,0.0,12.494652410346854,0.0,200.47619047619048,18.79111111111111,0.17034964074786135,4.436507936507937,0.0681924255297649,SP,sao jose do rio preto,2018-08-23 14:59:37,fashion_bags_accessories,1.0,93.79185604813964,100.0,89.0,94.0,95.5,85.9,519,PREFERRED,0
aec99834ab5d38ead22766ada8497e87,1,0.0,7.261747685185185,0.0,459.0,17.51,0.03814814814814815,5.0,0.12882489388242063,PR,colombo,2018-07-20 17:20:48,construction_tools_safety,1.0,93.79108033238069,100.0,77.4,96.8,99.2,100.0,520,PREFERRED,1
b7cc6c5e001441ae8cdd5c69a480cbe4,5,0.0,12.828016203703703,0.0,90.56,27.45,0.5038446925482651,4.6,0.06070554435620199,SC,curitibanos,2017-11-24 14:59:30,musical_instruments,1.0,93.79081903304551,100.0,90.5,93.8,86.0,90.0,521,PREFERRED,1
d1b65fc7debc3361ea86b5f14c68d2e2,39,0.05128205128205128,9.19198806980057,1.3033391203703704,292.6453846153846,36.15769230769231,0.14537463187557076,4.641025641025641,0.053861549742129304,SP,mogi guacu,2018-06-06 20:01:45,luggage_accessories,0.9487179487179487,93.78403860046602,94.9,91.8,95.8,96.2,91.0,522,PREFERRED,0
12b9676b00f60f3b700e83af21824c0e,133,0.015037593984962405,15.053846247563353,8.292372685185185,198.31578947368422,26.508796992481205,0.13630397739753994,4.537878787878788,0.06307412228699358,RS,montenegro,2018-08-26 21:55:14,cool_stuff,0.9849624060150376,93.78403686385333,98.5,90.0,92.7,96.4,88.4,523,PREFERRED,0
cad9969167c09b48ae6f1d123f7fa68d,1,0.0,3.389236111111111,0.0,24.0,13.51,0.5629166666666666,5.0,0.10435595908758706,MG,pocos de caldas,2018-07-24 10:56:17,furniture_decor,1.0,93.78226426343431,100.0,82.1,98.8,84.3,100.0,524,PREFERRED,1
a45314082d50d578a4721c9787ce09ab,2,0.0,5.23833912037037,0.0,212.45,14.510000000000002,0.066779153029106,5.0,0.13070700050303596,SP,mirassol,2018-08-18 12:56:03,sports_leisure,1.0,93.78054422449068,100.0,77.0,97.9,98.4,100.0,525,PREFERRED,1
e73bf2cea7fe4b0b4d287a7568ed1099,4,0.0,5.497410300925926,0.0,201.225,29.2325,0.14518673880600175,5.0,0.1259599735322727,SC,chapeco,2018-08-26 10:48:04,construction_tools_construction,1.0,93.76489589636336,100.0,77.9,97.7,96.2,100.0,526,PREFERRED,1
85e7c62c1d6ea078c3897424f867a7c8,2,0.0,7.850451388888889,0.0,30.0,13.85,0.46166666666666667,4.5,0.06431600638951328,SC,itapema,2018-01-17 16:46:29,pet_shop,1.0,93.75829703124693,100.0,89.8,96.5,87.2,87.5,527,PREFERRED,1
02ecc2a19303f05e59ce133fd923fff7,21,0.0,11.091394400352733,0.0,255.29476190476194,23.387142857142855,0.10249544796107424,4.619047619047619,0.08969417600023502,SP,santo andre,2018-08-21 20:13:02,garden_tools,1.0,93.75028593390844,100.0,84.9,94.8,97.4,90.5,528,PREFERRED,0
db7ed69a53aa9fb1c01930ba54a88bbe,1,0.0,3.9548032407407407,0.0,109.0,11.78,0.10807339449541284,5.0,0.13102802392508925,SP,jaguariuna,2018-06-22 18:52:53,sports_leisure,1.0,93.75004134100666,100.0,77.0,98.5,97.2,100.0,529,PREFERRED,1
e9874ae10b2d60d43917b6bbfa13a599,1,0.0,6.675798611111111,0.0,199.0,23.1,0.11608040201005025,5.0,0.12607199310250322,PR,rolandia,2018-04-18 20:42:34,bed_bath_table,1.0,93.74842571777965,100.0,77.9,97.1,97.0,100.0,530,PREFERRED,1
f9f68daa2af419d38f745478bcb3da1a,1,0.0,11.757013888888888,0.0,11.2,18.0,1.6071428571428572,5.0,0.029341919309149596,SP,sumare,2017-01-27 19:55:05,sports_leisure,1.0,93.74792259534098,100.0,96.5,94.4,54.7,100.0,531,PREFERRED,1
024b564ae893ce8e9bfa02c10a401ece,2,0.0,15.339438657407406,0.0,353.20000000000005,106.0,0.2821952830847401,4.5,0.06276915365744289,SP,sao paulo,2017-02-12 18:46:20,market_place,1.0,93.74622080835606,100.0,90.1,92.5,92.3,87.5,532,PREFERRED,1
da6a60cc8cc724fe51be021ff8be779c,12,0.0,7.834971064814815,0.0,60.732499999999995,21.315833333333334,0.3695482617872501,4.75,0.0896921367149332,RJ,sao pedro da aldeia,2018-08-17 00:51:18,books_general_interest,1.0,93.74257669833447,100.0,84.9,96.5,89.8,93.8,533,PREFERRED,0
e3b4998c7a498169dc7bce44e6bb6277,1,0.0,18.740069444444444,0.0,6735.0,194.31,0.02885077951002227,5.0,0.11135151373478377,SP,sao paulo,2017-02-12 20:37:36,housewares,1.0,93.74199604003441,100.0,80.7,90.7,99.5,100.0,534,PREFERRED,1
f805b96fa705ba7995a221f1749dc141,7,0.0,12.984732142857142,0.0,392.0628571428571,34.63285714285714,0.15467081065169008,4.428571428571429,0.06874781697558513,PR,maringa,2018-03-14 16:13:12,musical_instruments,1.0,93.74100717900673,100.0,88.9,93.8,95.9,85.7,535,PREFERRED,1
520b493b57809f446cb0a233bb3e25c7,62,0.03225806451612903,7.596661066308244,8.169322916666665,59.369354838709675,17.111290322580647,0.3739753922489213,4.346774193548387,0.03489832923295779,SP,santos,2017-12-19 11:08:36,housewares,0.967741935483871,93.7331813534677,96.8,95.4,96.6,89.7,83.7,536,PREFERRED,0
a5bff0f43eb51f0cad7c37fac7244c8a,4,0.0,15.874427083333334,0.0,111.25,24.067500000000003,0.20126404494382022,4.75,0.08652928966909064,SP,sao paulo,2017-09-27 14:51:02,garden_tools,1.0,93.73241328355981,100.0,85.5,92.2,94.6,93.8,537,PREFERRED,1
a2b911e9ad40dc7d61c142a4683e2d85,1,0.0,12.782881944444444,0.0,85.9,34.4,0.4004656577415599,5.0,0.09963716061309054,RJ,barra mansa,2017-05-10 17:44:55,sports_leisure,1.0,93.7224234580427,100.0,83.0,93.9,88.9,100.0,538,PREFERRED,1
2c538755f1ca9540af144f266e70df6c,1,0.0,6.557847222222223,0.0,334.99,24.92,0.07439028030687483,5.0,0.12941535445821245,MG,castro pires,2018-05-12 07:21:13,auto,1.0,93.71591561682476,100.0,77.3,97.2,98.2,100.0,539,PREFERRED,1
ae45ad30c2d2e5913094769690a239d2,1,0.0,19.199479166666666,0.0,251.8,31.26,0.12414614773629865,5.0,0.10560058844933522,SP,franca,2017-12-08 13:21:55,sports_leisure,1.0,93.71059642809017,100.0,81.8,90.5,96.8,100.0,540,PREFERRED,1
c963a25b8671419c6ce9eebe8fd03218,1,0.0,6.8539814814814815,0.0,49.0,19.32,0.3942857142857143,5.0,0.11010104179408098,RJ,angra dos reis rj,2018-05-01 01:28:38,furniture_decor,1.0,93.71002501808681,100.0,81.0,97.0,89.1,100.0,541,PREFERRED,1
762fafdaa57a532ee0119731697579dd,4,0.0,4.281822916666667,0.0,43.2,10.620000000000001,0.32778512355851414,5.0,0.11832457337910998,SP,itu,2018-08-11 11:01:19,cool_stuff,1.0,93.70923474186247,100.0,79.4,98.4,91.0,100.0,542,PREFERRED,1
5f5a58930c3c35f3b5af264f34fb8c85,3,0.0,7.959606481481482,0.0,186.66666666666666,22.863333333333333,0.1301067231321326,5.0,0.12397809368011932,SP,ribeirao preto,2018-07-19 12:04:10,home_appliances_2,1.0,93.70687012536392,100.0,78.3,96.4,96.6,100.0,543,PREFERRED,1
4fae87d32467e18eb46e4a76a0a0b9ce,1,0.0,6.806759259259259,0.0,100.9,19.9,0.19722497522299304,5.0,0.12198725541387788,RS,ronda alta,2018-08-17 21:45:54,construction_tools_safety,1.0,93.70346475479025,100.0,78.7,97.0,94.7,100.0,544,PREFERRED,1
99a25c39b28a74d1151c35c18d178292,1,0.0,2.230983796296296,0.0,173.94,44.76,0.257330113832356,5.0,0.12623883139913358,SP,sao paulo,2018-06-13 13:35:02,baby,1.0,93.69303251673196,100.0,77.9,99.5,93.0,100.0,545,PREFERRED,1
4ea2f12dbe91deeacd2c1e74f069a6e6,4,0.0,9.45769386574074,0.0,52.55,17.5175,0.3647086105065322,4.75,0.08833932183149491,SP,sao paulo,2018-04-08 23:24:30,perfumery,1.0,93.69210054922978,100.0,85.2,95.6,90.0,93.8,546,PREFERRED,1
6b2612338467c08c9b25f0cc55b1578d,1,0.0,16.55759259259259,0.0,92.9,20.97,0.22572658772874055,4.0,0.02615283013676514,PR,marialva,2017-02-12 20:42:26,agro_industry_and_commerce,1.0,93.68900702306003,100.0,97.1,91.9,93.9,75.0,547,PREFERRED,1
062c325cd6a2b87845fab56b4ec2eeae,2,0.0,5.495763888888889,0.0,66.61,11.93,0.19577318900244534,5.0,0.12476027758754776,SP,sao paulo,2018-08-01 21:33:30,baby,1.0,93.67896086610949,100.0,78.2,97.7,94.8,100.0,548,PREFERRED,1
820c7c9eaf76d2b226b6c242bcf3f34d,1,0.0,17.76011574074074,0.0,559.0,18.0,0.03220035778175313,4.0,0.03584837911067596,SP,sao paulo,2017-01-30 17:33:05,home_appliances_2,1.0,93.67800811766726,100.0,95.2,91.2,99.4,75.0,549,PREFERRED,1
160851d3ece7aa1a510f8d1a4bb8a8af,2,0.0,5.577158564814814,0.0,51.025,19.549999999999997,0.3856182112362678,5.0,0.11380749004428306,SP,garca,2018-08-20 15:38:49,computers_accessories,1.0,93.6585562991778,100.0,80.3,97.7,89.4,100.0,550,PREFERRED,1
4be9ae93c4fc0f41713d71a4194ee1b3,1,0.0,11.089050925925926,0.0,109.9,27.07,0.2463148316651501,5.0,0.11303738582931137,MG,divinopolis,2018-08-17 17:26:08,sports_leisure,1.0,93.65248460560318,100.0,80.4,94.8,93.3,100.0,551,PREFERRED,1
0a198e95d32b1be2da9424c962a6ebfa,1,0.0,16.04769675925926,0.0,69.99,16.68,0.2383197599657094,5.0,0.1054120492524792,MG,contagem,2018-06-13 12:09:56,garden_tools,1.0,93.64625075201538,100.0,81.9,92.1,93.5,100.0,552,PREFERRED,1
a69aa24cec11168e7e39a3fbc727e925,3,0.0,8.651388888888889,0.0,35.32333333333333,11.44,0.3194773298942281,5.0,0.11292199540266008,SP,carapicuiba,2018-07-18 10:05:02,health_beauty,1.0,93.64422812956464,100.0,80.4,96.1,91.2,100.0,553,PREFERRED,1
8fbd63429be6d3e5e6d1a709b6464802,6,0.0,8.406583719135803,0.0,176.9,29.92833333333333,0.23083609242689154,4.833333333333333,0.10555111704384969,SP,santo andre,2018-06-28 09:17:04,auto,1.0,93.64338962285163,100.0,81.9,96.2,93.8,95.8,554,PREFERRED,1
918f6fbcf3ab724d805867303e593a1b,2,0.0,4.872783564814815,0.0,39.849999999999994,16.44,0.40335791325838477,4.0,0.036070744239546024,SP,valinhos,2017-03-02 01:21:42,computers_accessories,1.0,93.63884155306737,100.0,95.2,98.1,88.9,75.0,555,PREFERRED,1
eec3469d83e142f9a104886655338c37,4,0.0,9.977416087962963,0.0,46.425,13.685,0.5749784626286316,4.5,0.056738905087894864,SP,bauru,2018-08-17 14:22:37,furniture_decor,1.0,93.63067897452996,100.0,91.2,95.4,84.0,87.5,556,PREFERRED,1
86bf77bdb52e615674772d5817c6212f,4,0.0,7.522086226851852,0.0,70.45,24.395,0.42721927679808114,4.75,0.0892358708022495,RS,viamao,2018-07-31 21:12:24,health_beauty,1.0,93.62566536768058,100.0,85.0,96.7,88.2,93.8,557,PREFERRED,1
8eb88b0acb3f90a717ad659221471fa7,2,0.0,12.252141203703705,0.0,59.9,20.435,0.3411519198664441,4.5,0.06693661744665225,SC,cacador,2018-02-04 17:52:21,fashion_bags_accessories,1.0,93.62472473076366,100.0,89.3,94.1,90.6,87.5,558,PREFERRED,1
10ff823eda2b032e2c93d17a7d294736,8,0.0,9.76951244212963,0.0,143.1225,18.485,0.1542654489101064,4.25,0.06269745899041937,SP,pederneiras,2018-04-06 10:26:19,housewares,1.0,93.61805770117599,100.0,90.1,95.5,95.9,81.2,559,PREFERRED,1
3d4b1ae7539303b5704493798893e82c,6,0.0,12.075733024691358,0.0,179.33333333333334,24.281666666666666,0.18159063527507854,4.833333333333333,0.10291308689899481,SP,sao paulo,2018-02-28 16:31:53,musical_instruments,1.0,93.61778392504559,100.0,82.4,94.2,95.2,95.8,560,PREFERRED,1
ac3508719a1d8f5b7614b798f70af136,100,0.03,9.45755625,5.0602623456790115,124.10140000000001,29.617599999999996,0.25329665530036205,4.636363636363637,0.06583647403110048,RS,canoas,2018-08-05 13:31:47,toys,0.97,93.61030844999037,97.0,89.5,95.6,93.1,90.9,561,PREFERRED,0
eaf6d55068dea77334e8477d3878d89e,3,0.0,6.129313271604938,0.0,17.0,11.003333333333332,0.6472549019607842,5.0,0.09852524980985694,SP,sao paulo,2018-07-28 19:53:30,auto,1.0,93.60443784829813,100.0,83.2,97.4,81.9,100.0,562,PREFERRED,1
63a79f5a7eb5cb48a7e5787b141c7993,11,0.0,6.365419823232323,0.0,81.52727272727273,19.764545454545456,0.3226278308769992,4.545454545454546,0.08180665651915198,MG,patos de minas,2018-07-16 12:34:46,toys,1.0,93.60334236273836,100.0,86.4,97.3,91.2,88.6,563,PREFERRED,0
04ee0ec01589969663ba5967c0e0bdc0,1,0.0,3.0675925925925926,0.0,289.49,24.83,0.08577152924107913,5.0,0.13702347493633182,RS,lajeado,2018-08-21 11:29:05,arts_and_craftmanship,1.0,93.59660969533444,100.0,75.8,99.0,97.9,100.0,564,PREFERRED,1
5de1c80811ce7007f62f00d971236c09,2,0.0,8.073929398148149,0.0,38.4,15.475000000000001,0.4018430221896204,5.0,0.11000266247398671,SC,florianopolis,2018-07-30 20:23:57,housewares,1.0,93.59629218608228,100.0,81.0,96.4,88.9,100.0,565,PREFERRED,1
d12c926d74ceff0a90a21184466ce161,74,0.013513513513513514,8.876200106356356,4.731747685185185,50.81864864864865,16.483648648648646,0.37636428561352764,4.364864864864865,0.05060594530527819,SP,sao paulo,2018-05-13 22:20:16,sports_leisure,0.9864864864864865,93.59595966201923,98.6,92.4,95.9,89.6,84.1,566,PREFERRED,0
dde698c6d0bd24834c586e5111c2bba7,1,0.0,7.692013888888889,0.0,155.9,19.19,0.1230917254650417,5.0,0.1272663172626403,RJ,petropolis,2018-07-30 02:16:14,fashion_bags_accessories,1.0,93.59050396305561,100.0,77.7,96.6,96.8,100.0,567,PREFERRED,1
44717f64ec2a457979cf83c429077666,2,0.0,5.8075115740740735,0.0,53.5,31.955,0.6996987480438185,5.0,0.09626037637353463,RS,santa rosa,2018-08-18 22:35:00,construction_tools_lights,1.0,93.58972466762425,100.0,83.6,97.6,80.5,100.0,568,PREFERRED,1
2f1e7b90e01d9f086cbcb301c0c3d406,1,0.0,7.110335648148149,0.0,59.0,12.66,0.21457627118644068,5.0,0.12291976762382884,SC,blumenau,2017-11-27 23:03:26,construction_tools_construction,1.0,93.58540978918496,100.0,78.5,96.9,94.2,100.0,569,PREFERRED,1
8b87cd0d43d49b9bdf40f56229364d59,2,0.0,15.342019675925926,0.0,364.5,67.94,0.21882705636743213,5.0,0.10916216420849284,SP,sao paulo,2017-11-07 22:12:52,baby,1.0,93.57799470040696,100.0,81.2,92.5,94.1,100.0,570,PREFERRED,1
53088c75f948b48a7ece173ac17f0c12,3,0.0,10.963942901234567,0.0,87.23333333333335,18.176666666666666,0.21173428980177064,5.0,0.1169197855782973,RS,triunfo,2018-08-07 17:16:46,health_beauty,1.0,93.57454190095072,100.0,79.7,94.8,94.3,100.0,571,PREFERRED,1
0ea22c1cfbdc755f86b9b54b39c16043,225,0.017777777777777778,11.142838271604937,5.010717592592592,46.2928,18.926399999999997,0.4962837419179988,4.45045045045045,0.04380838918281227,MG,sete lagoas,2018-08-22 18:03:39,fashion_bags_accessories,0.9822222222222222,93.57283165601325,98.2,93.7,94.7,86.2,86.3,572,PREFERRED,0
9fc70243fb26800cba56e8f014797004,6,0.0,9.69967785493827,0.0,77.76666666666667,17.45,0.25771131700040656,4.5,0.07736264868510305,MG,belo horizonte,2018-07-29 08:32:21,garden_tools,1.0,93.56490961003594,100.0,87.3,95.5,93.0,87.5,573,PREFERRED,1
75a4764c108403a7a0575140cb22287c,5,0.0,11.546094907407408,0.0,143.38,42.03,0.3216024445335166,4.6,0.07862771007073296,RS,caxias do sul,2018-04-10 08:47:23,housewares,1.0,93.55118133256872,100.0,87.0,94.5,91.2,90.0,574,PREFERRED,1
3f9c56764fabca627406093dcb3ef0b4,7,0.0,8.48726355820106,0.0,129.9,15.092857142857142,0.11618827669635982,4.714285714285714,0.10483060962883846,RJ,rio de janeiro,2018-04-24 18:02:40,sports_leisure,1.0,93.55039952820876,100.0,82.0,96.1,97.0,92.9,575,PREFERRED,1
8f2b51a30523cdecddc2f179f351c7d6,7,0.0,13.126109457671959,0.0,146.84285714285716,21.189999999999998,0.24827672894932246,4.142857142857143,0.04464472474833373,SP,sao paulo,2017-07-01 18:50:04,auto,1.0,93.54757211082745,100.0,93.5,93.7,93.3,78.6,576,PREFERRED,1
0b1ca3ef18a63d7eb0c8897fa0849c08,1,0.0,6.710289351851852,0.0,55.0,7.87,0.1430909090909091,5.0,0.12868409398233793,SP,sao roque,2018-04-12 00:10:10,health_beauty,1.0,93.54388241905322,100.0,77.4,97.1,96.3,100.0,577,PREFERRED,1
0432ead42b6c8a0bdf68154add917fdf,81,0.037037037037037035,8.956964877686328,6.803248456790123,95.30246913580247,14.84530864197531,0.18439794707603593,4.530864197530864,0.05874077273220315,SP,maua,2018-07-27 18:03:57,toys,0.962962962962963,93.54368177751394,96.3,90.8,95.9,95.1,88.3,578,PREFERRED,0
ea4e9ce63a2134743b4a92777437fcdd,3,0.0,10.11315200617284,0.0,105.53333333333335,21.900000000000002,0.24296215317794134,4.666666666666667,0.09107136950682167,SC,palhoca,2018-08-21 10:00:51,air_conditioning,1.0,93.5420573359424,100.0,84.6,95.3,93.4,91.7,579,PREFERRED,1
6bbcb8924baf70b7fe2fe2097e8cd407,10,0.0,12.088065972222221,0.0,238.25,26.433,0.1871858676553972,4.5,0.0781906447683969,SC,blumenau,2018-08-09 20:07:20,party_supplies,1.0,93.5354577073811,100.0,87.1,94.2,95.0,87.5,580,PREFERRED,0
d197aa8fbc64087f61984deef05f6227,6,0.0,7.411525848765432,0.0,86.515,18.593333333333334,0.3085005820791865,4.833333333333333,0.10487695546851643,SP,sao jose dos campos,2018-08-21 13:46:22,stationery,1.0,93.53442511255037,100.0,82.0,96.7,91.6,95.8,581,PREFERRED,1
e26901d5ab434ce92fd9b5c256820a4e,197,0.025380710659898477,9.289251269035534,4.63792824074074,58.97710659898477,14.650609137055838,0.31033640422914194,4.2030456852791875,0.03379734356928945,SP,maua,2017-09-12 22:47:46,garden_tools,0.9746192893401016,93.53366201500542,97.5,95.6,95.7,91.5,80.1,582,PREFERRED,0
41da412d33e8da4f22baf55cb1bde82c,15,0.0,10.254511574074074,0.0,57.526666666666664,24.944000000000003,0.5278894227421267,4.666666666666667,0.07417182002021244,ES,domingos martins,2018-06-20 08:46:31,sports_leisure,1.0,93.5320020451814,100.0,87.9,95.2,85.3,91.7,583,PREFERRED,0
11742f81550ac064cc9a40f67151d9ad,2,0.0,9.095063657407408,0.0,390.95,24.555,0.06297113231862718,5.0,0.12985320377156467,SP,catanduva,2018-08-17 19:00:16,air_conditioning,1.0,93.52559946091483,100.0,77.2,95.8,98.5,100.0,584,PREFERRED,1
c286ec035ee04ba81c97508f0b5df544,1,0.0,14.242025462962962,0.0,294.0,50.67,0.17234693877551022,4.0,0.03656830005062215,PR,curitiba,2017-05-12 22:47:15,computers_accessories,1.0,93.52555883907804,100.0,95.1,93.1,95.4,75.0,585,PREFERRED,1
1dcfa3835714681d4ba4a93bc1e0fd41,12,0.0,15.07900848765432,0.0,98.88333333333334,24.74,0.2596028827285402,4.2727272727272725,0.05150213936858522,SP,birigui,2017-12-14 00:29:03,furniture_living_room,1.0,93.51860411571688,100.0,92.2,92.7,92.9,81.8,586,PREFERRED,0
78813699ffac347fe27dba345a5f1551,1,0.0,9.042847222222223,0.0,152.42,48.12,0.31570660018370295,5.0,0.11526270536905941,RS,bento goncalves,2018-06-24 21:10:34,drinks,1.0,93.51165130563615,100.0,80.0,95.9,91.4,100.0,587,PREFERRED,1
2aafae69bf4c41fbd94053d9413e87ee,1,0.0,11.832766203703704,0.0,59.0,18.34,0.31084745762711863,5.0,0.11096352551157532,RS,porto alegre,2018-05-24 15:22:39,stationery,1.0,93.50959331424386,100.0,80.8,94.4,91.5,100.0,588,PREFERRED,1
6c77cd583b36a13aacccf2b3ee23e233,1,0.0,6.026678240740741,0.0,18.9,12.79,0.6767195767195767,5.0,0.09908519820862029,SP,marilia,2018-08-23 21:45:16,furniture_decor,1.0,93.50215893089413,100.0,83.1,97.4,81.1,100.0,589,PREFERRED,1
5f26c1408a65b42a7224cd463bdf3292,10,0.0,6.427893518518519,0.0,113.97999999999999,21.729,0.3428166990113178,4.8,0.10274742524126043,PR,arapongas,2018-08-26 19:45:32,health_beauty,1.0,93.49229154306765,100.0,82.4,97.2,90.6,95.0,590,PREFERRED,0
6e1862e15f33d9994bc25922a85e1efc,7,0.0,3.7872585978835978,0.0,95.49857142857142,15.832857142857142,0.22993040919227062,4.428571428571429,0.08488667700135273,SP,rio claro,2018-08-21 15:44:52,signaling_and_security,1.0,93.48549760618988,100.0,85.8,98.6,93.8,85.7,591,PREFERRED,1
659e8466eb3ff1b0e8740d74fb7bbedd,11,0.0,9.260814393939393,0.0,135.16363636363636,35.74545454545454,0.2948634498420632,4.363636363636363,0.06703335862929602,BA,eunapolis,2018-05-06 19:27:01,health_beauty,1.0,93.47792556640587,100.0,89.2,95.7,91.9,84.1,592,PREFERRED,0
8a2d12a90e92f012ce5226fc6592b653,17,0.0,9.646005582788671,0.0,92.63235294117646,19.140588235294118,0.36566879204078073,4.588235294117647,0.07980006106500896,PR,curitiba,2018-08-24 00:01:48,housewares,1.0,93.47692852043815,100.0,86.8,95.5,89.9,89.7,593,PREFERRED,0
b45d7ebfb7378630f1bcd74b6ff86ff7,3,0.0,29.70025077160494,0.0,299.9,22.813333333333333,0.07606980104479272,4.333333333333333,0.04373100865573732,MG,belo horizonte,2017-10-05 15:13:49,unknown,1.0,93.47644630365146,100.0,93.7,84.9,98.2,83.3,594,PREFERRED,1
1d0646a72178a6fb37ee8082140e06ec,2,0.0,7.651782407407408,0.0,30.5,18.31,0.6003278688524589,5.0,0.10168454168730359,SC,joinville,2018-08-22 18:52:42,health_beauty,1.0,93.46517333870923,100.0,82.6,96.6,83.3,100.0,595,PREFERRED,1
011b0eaba87386a2ae96a7d32bb531d1,1,0.0,25.1803125,0.0,99.98,29.18,0.29185837167433487,4.0,0.01267273064284065,SP,pompeia,2016-10-06 07:08:15,health_beauty,1.0,93.46160614423627,100.0,99.7,87.3,92.0,75.0,596,PREFERRED,1
cd233f8bfa30ebfd651f47ee7d054951,1,0.0,9.33625,0.0,79.9,18.66,0.23354192740926155,5.0,0.12070072182623633,SP,birigui,2018-08-19 11:28:23,sports_leisure,1.0,93.46092471947341,100.0,79.0,95.7,93.7,100.0,597,PREFERRED,1
228e4c1a0be164f613d41c24345f9d2c,5,0.0,11.118863425925927,0.0,107.94000000000001,45.948,0.4265808218343251,5.0,0.10633750707461856,PR,bandeirantes,2018-08-10 22:17:45,housewares,1.0,93.4595929820657,100.0,81.7,94.7,88.2,100.0,598,PREFERRED,1
217f005bb37ff3aeef5b2ae1788e75ba,2,0.0,14.454687499999999,0.0,24.99,15.075,0.6032412965186075,4.5,0.05130025843507188,SP,osasco,2017-05-10 09:00:07,fashion_sport,1.0,93.45506150092196,100.0,92.3,93.0,83.2,87.5,599,PREFERRED,1
33a17d60c64393351ebf1ef860f4e0f2,43,0.023255813953488372,10.61319982773471,18.96670138888889,191.10418604651161,30.492093023255816,0.17329147231538913,4.627906976744186,0.07617249953852236,RS,porto alegre,2018-08-14 19:12:16,housewares,0.9767441860465116,93.45454947924333,97.7,87.5,95.0,95.4,90.7,600,PREFERRED,0
258447aad3f7b01e2643c89f64dc5647,1,0.0,7.945914351851852,0.0,51.9,19.55,0.37668593448940274,5.0,0.11472757777311524,PR,cianorte,2018-07-24 19:44:56,health_beauty,1.0,93.45147241900264,100.0,80.1,96.4,89.6,100.0,601,PREFERRED,1
70126eecc6aa1274392a1743866e9678,3,0.0,5.5894405864197525,0.0,32.46666666666666,15.780000000000001,0.46770627234544765,5.0,0.11326435510167254,SP,barueri,2018-07-25 10:27:00,toys,1.0,93.45066491280102,100.0,80.4,97.7,87.0,100.0,602,PREFERRED,1
7a2d2949aea47fab95fd98d6c9f618b1,11,0.0,10.44878787878788,0.0,148.9990909090909,19.203636363636363,0.2552209855989321,4.2727272727272725,0.0609618938544082,PR,curitiba,2018-06-25 20:15:05,pet_shop,1.0,93.44595275940239,100.0,90.4,95.1,93.1,81.8,603,PREFERRED,0
6561d6bf844e464b4019442692b40e02,1,0.0,1.434201388888889,0.0,41.9,7.55,0.1801909307875895,5.0,0.13732519528497122,SP,franco da rocha,2018-08-28 09:26:43,sports_leisure,1.0,93.44409840883937,100.0,75.8,99.9,95.2,100.0,604,PREFERRED,1
6da1992f915d77be95d7fa48b36904af,7,0.0,9.04173115079365,0.0,37.285714285714285,17.52285714285714,0.45699507389162564,4.0,0.030059915665588712,SP,sao paulo,2017-08-03 11:13:41,unknown,1.0,93.44315107678489,100.0,96.3,95.9,87.3,75.0,605,PREFERRED,1
59cea8e446d3834393058e7e0666b6fb,10,0.0,7.272856481481481,0.0,69.66,20.454,0.42905823311445984,4.6,0.08164400531819649,PR,maringa,2018-08-16 14:23:18,computers_accessories,1.0,93.44151468916006,100.0,86.4,96.8,88.1,90.0,606,PREFERRED,0
33ab10be054370c254ddfcf0a6253422,4,0.0,5.813640046296296,0.0,53.3,13.0825,0.2498373816632892,5.0,0.12603913353828852,RJ,rio de janeiro,2018-08-28 11:51:45,health_beauty,1.0,93.43899565969998,100.0,77.9,97.6,93.2,100.0,607,PREFERRED,1
1b1ae47a313a825a7ccceb8e2e30fa9d,10,0.0,10.654221064814815,0.0,218.4,22.937,0.10418582920658945,4.222222222222222,0.06576541489113083,PR,bocaiuva do sul,2018-05-07 13:37:30,sports_leisure,1.0,93.43865879462896,100.0,89.5,95.0,97.4,80.6,608,PREFERRED,0
d8bf0fc082fd4a77fc2e5679b6c00133,1,0.0,7.092939814814815,0.0,139.9,9.14,0.0653323802716226,5.0,0.13485929570358493,SP,sao paulo,2018-07-20 14:50:31,construction_tools_construction,1.0,93.43823543838128,100.0,76.2,96.9,98.5,100.0,609,PREFERRED,1
5debea795b07621e1f90532e18f96145,25,0.0,10.347672685185184,0.0,75.3512,20.174,0.42824267626764034,4.36,0.05791892643594377,PR,apucarana,2018-08-15 07:41:09,health_beauty,1.0,93.43608676230741,100.0,91.0,95.2,88.2,84.0,610,PREFERRED,0
ede2977fbaf3738583170735ca403f6c,1,0.0,14.979814814814814,0.0,289.9,37.35,0.12883753018282168,5.0,0.11814056293515753,PR,curitiba,2018-02-25 17:37:45,health_beauty,1.0,93.43197045901087,100.0,79.4,92.7,96.7,100.0,611,PREFERRED,1
376a891762bbdecbc02b4b6adec3fdda,57,0.03508771929824561,12.221382594217024,7.357193287037037,112.38999999999999,22.585964912280705,0.2581604901531605,4.666666666666667,0.06336909877554865,GO,goiania,2018-05-02 22:17:41,sports_leisure,0.9649122807017544,93.43053316778165,96.5,89.9,94.2,93.0,91.7,612,PREFERRED,0
c5f7e746b7e6d07def6c0dae9903279b,9,0.0,5.663479938271605,0.0,153.33333333333334,23.720000000000002,0.2627174288169473,4.555555555555555,0.09104765088884809,PR,curitiba,2018-08-22 22:36:53,pet_shop,1.0,93.42427399341734,100.0,84.6,97.6,92.9,88.9,613,PREFERRED,1
83c8aafbefb034674a70de0eac5b8954,2,0.0,5.073425925925926,0.0,67.45,25.485,0.3820113918761408,5.0,0.11991286356257623,PR,francisco beltrao,2018-07-10 10:30:04,auto,1.0,93.41631630288383,100.0,79.1,98.0,89.5,100.0,614,PREFERRED,1
7f5e4d5efad7e44b91115dd1decb65f3,3,0.0,7.696072530864197,0.0,59.96666666666667,25.80666666666666,0.4302808384344277,5.0,0.11274116616097524,SP,jacarei / sao paulo,2018-07-29 05:12:32,computers_accessories,1.0,93.41442919511577,100.0,80.5,96.6,88.1,100.0,615,PREFERRED,1
0b09101900100c0e9d312861fad5a1b9,1,0.0,18.53783564814815,0.0,188.65,18.0,0.0954147892923403,4.0,0.03648328398846619,SP,sao paulo,2017-01-27 14:59:17,furniture_decor,1.0,93.40636795431816,100.0,95.1,90.8,97.6,75.0,616,PREFERRED,1
9b1ab052f5fca308ba743ac789ebb2e1,2,0.0,10.214050925925925,0.0,147.04500000000002,15.995,0.10928042372830676,4.0,0.049536478863715934,PR,pitanga,2017-05-07 14:04:26,garden_tools,1.0,93.40344843233422,100.0,92.6,95.2,97.2,75.0,617,PREFERRED,1
7b98de631987e26dd6d803490c43a13c,8,0.0,10.583616898148149,0.0,79.275,18.05375,0.23062318655207673,4.625,0.09071310165046996,PR,loanda,2018-08-02 12:07:34,construction_tools_construction,1.0,93.40057895698801,100.0,84.7,95.0,93.8,90.6,618,PREFERRED,1
9de4643a8dbde634fe55621059d92273,72,0.041666666666666664,14.635875289351851,8.393051697530863,245.00333333333336,24.015,0.12312998037789977,4.527777777777778,0.05234570368829839,SC,joinville,2018-02-21 15:59:53,housewares,0.9583333333333334,93.39879097230963,95.8,92.1,92.9,96.8,88.2,619,PREFERRED,0
74c7dec0a384d8a05950e629bd23bde9,4,0.0,11.539169560185186,0.0,24.445,13.0025,0.5394050831644196,4.25,0.041666190365141534,SP,mogi guacu,2017-10-01 14:46:59,health_beauty,1.0,93.39212715679099,100.0,94.1,94.5,85.0,81.2,620,PREFERRED,1
293dee954235e4e4e43f129313625ebe,8,0.0,14.440222800925927,0.0,222.365,30.0375,0.3153056146468668,5.0,0.10890527703599283,DF,brasilia,2018-01-16 16:01:28,stationery,1.0,93.388233828453,100.0,81.2,93.0,91.4,100.0,621,PREFERRED,1
ec933281fb017b5020d06df29c3f77e8,8,0.0,9.476841724537037,0.0,179.0,28.85625,0.16400461393346777,5.0,0.12610976234651067,SP,sao paulo,2018-07-30 21:21:05,baby,1.0,93.387904716666,100.0,77.9,95.6,95.7,100.0,622,PREFERRED,1
9c690ceacd5c66731bf443ea810195cb,10,0.0,7.593199074074074,0.0,87.17999999999999,24.922,0.2918402848231302,4.3,0.06688203801303667,MG,camanducaia,2018-08-06 01:16:56,garden_tools,1.0,93.38771486658828,100.0,89.3,96.6,92.0,82.5,623,PREFERRED,0
1b8356dabde1d35e17cef975c3f82730,55,0.01818181818181818,10.540133417508416,15.602511574074073,61.20727272727273,17.640545454545453,0.34765761689615726,4.218181818181818,0.03901071347272936,SP,sao paulo,2017-11-13 22:06:58,sports_leisure,0.9818181818181818,93.3872283533533,98.2,94.6,95.1,90.4,80.5,624,PREFERRED,0
7ade73f1b9b4e965f9009a4c3a7e2c15,26,0.0,9.665827101139602,0.0,71.59423076923078,17.603076923076923,0.2649180345506376,4.769230769230769,0.10201187836602868,SP,bauru,2018-08-11 13:27:25,housewares,1.0,93.37574239262895,100.0,82.5,95.5,92.8,94.2,625,PREFERRED,0
84deb808079d1be601c209c1e771b1cc,2,0.0,7.539299768518519,0.0,17.465,11.605,0.8105284667058312,5.0,0.09130891157403283,PR,curitiba,2017-11-27 21:29:49,health_beauty,1.0,93.37476878189725,100.0,84.6,96.6,77.3,100.0,626,PREFERRED,1
f3b80352b986ab4d1057a4b724be19d0,86,0.0,10.455703461455641,0.0,114.12906976744186,24.72395348837209,0.24429463333641246,4.209302325581396,0.05817342585617533,DF,brasilia,2018-07-26 19:00:25,health_beauty,1.0,93.37216910074133,100.0,90.9,95.1,93.4,80.2,627,PREFERRED,0
328acb143b4a73aad6bee8e734f5d20d,2,0.0,12.058634259259259,0.0,349.99,17.384999999999998,0.05088068591427776,4.0,0.05061478159707025,PR,foz do iguacu,2017-02-10 14:49:23,computers_accessories,1.0,93.370834280159,100.0,92.4,94.3,98.9,75.0,628,PREFERRED,1
7dc9a3355bae96dd82008b313d3a456c,1,0.0,12.486354166666667,0.0,899.0,50.62,0.056307007786429365,5.0,0.12786868025694775,MG,dores de campos,2018-06-20 07:42:30,pet_shop,1.0,93.36994405524787,100.0,77.6,94.0,98.7,100.0,629,PREFERRED,1
7ad41305e96a6cab8294cd65891e9a86,2,0.0,11.66113425925926,0.0,90.0,28.8,0.33675,5.0,0.1126393218074837,SP,rio bonito,2018-06-12 20:54:25,sports_leisure,1.0,93.36944479356066,100.0,80.5,94.5,90.8,100.0,630,PREFERRED,1
4c1c7281388a33dd06daac44f9fadbd1,5,0.0,8.786493055555557,0.0,37.664,16.318,0.47422409015702227,4.8,0.0937693755046124,SP,marilia,2018-06-20 19:31:47,toys,1.0,93.3620303332182,100.0,84.1,96.0,86.9,95.0,631,PREFERRED,1
3296662b1331dea51e744505065ae889,1,0.0,3.404826388888889,0.0,517.8,27.71,0.053514870606411746,5.0,0.14330370782772864,SP,catanduva,2018-08-27 12:41:49,portateis_cozinha_e_preparadores_de_alimentos,1.0,93.36042262009113,100.0,74.6,98.8,98.8,100.0,632,PREFERRED,1
02c988090b766852e088c69d7fb3b551,12,0.0,9.480911458333333,0.0,130.36416666666668,17.214166666666667,0.21103897453538564,4.583333333333333,0.09128643477704614,SP,americana,2018-08-15 09:44:30,signaling_and_security,1.0,93.3601112369982,100.0,84.6,95.6,94.3,89.6,633,PREFERRED,0
f1fdf2d13186575751aa25876536d85c,1,0.0,6.141400462962963,0.0,26.3,8.29,0.3152091254752851,5.0,0.12331919241820864,SP,sao paulo,2018-03-29 21:39:51,sports_leisure,1.0,93.35775276314612,100.0,78.5,97.4,91.4,100.0,634,PREFERRED,1
5e063e85d44b0f5c3e6ec3131103a57e,1,0.0,1.2883333333333333,0.0,22.9,7.42,0.3240174672489083,5.0,0.1309722309703583,SP,sao paulo,2018-07-12 10:13:37,health_beauty,1.0,93.35195668706274,100.0,77.0,100.0,91.1,100.0,635,PREFERRED,1
2b402d5dc42554061f8ea98d1916f148,1,0.0,6.000300925925926,0.0,299.89,63.9,0.21307812864717063,5.0,0.1297282819167784,BA,irece,2018-04-28 16:17:34,toys,1.0,93.351705091538,100.0,77.2,97.5,94.3,100.0,636,PREFERRED,1
70b52a4cfc823994561b00bad161b4ed,8,0.0,12.888871527777777,0.0,73.125,12.54375,0.18224358974358973,4.375,0.07122072355134992,SP,sao paulo,2018-07-18 13:50:09,auto,1.0,93.35100932778418,100.0,88.4,93.8,95.1,84.4,637,PREFERRED,1
0af2ab31141893d26aca5a404a537dab,1,0.0,5.809513888888889,0.0,59.0,15.51,0.2628813559322034,5.0,0.12733463997300581,SP,sao paulo,2018-08-23 22:37:44,computers_accessories,1.0,93.34023747114479,100.0,77.7,97.6,92.9,100.0,638,PREFERRED,1
044668ccd5316b12a7cf0d54a156e3e9,3,0.0,7.8470100308641975,0.0,45.93333333333334,17.849999999999998,0.43013862825003896,5.0,0.11408089598749539,SP,osasco,2018-08-20 21:07:24,food,1.0,93.33864051457356,100.0,80.2,96.5,88.1,100.0,639,PREFERRED,1
eb72802c83dc7547529c9546d1a9b8ef,8,0.0,6.2112832754629625,0.0,132.99,14.713750000000001,0.13651119786478444,4.625,0.10494066722667017,SP,rio claro,2018-07-27 10:59:09,garden_tools,1.0,93.33360476909769,100.0,82.0,97.4,96.4,90.6,640,PREFERRED,1
da03c298e3999e9d828591fc2179d109,4,0.0,9.591380208333334,0.0,196.925,13.695,0.0730830988008785,4.75,0.11291639624001161,SP,sao paulo,2018-02-28 16:31:10,food,1.0,93.33143859431969,100.0,80.4,95.6,98.2,93.8,641,PREFERRED,1
6c6e3d67f969468f3bfd33f827a31222,5,0.0,8.505372685185185,0.0,44.8,18.482,0.4810527329749104,4.8,0.09448682847056138,PR,maringa,2018-08-09 18:55:30,computers_accessories,1.0,93.33063012820831,100.0,84.0,96.1,86.7,95.0,642,PREFERRED,1
29e6e05b65f93bc224c644319dc52ecf,4,0.0,6.916348379629629,0.0,118.9,20.83,0.1771301981509378,4.75,0.1112257256782902,MG,juiz de fora,2018-08-17 22:06:17,baby,1.0,93.32989273450194,100.0,80.8,97.0,95.3,93.8,643,PREFERRED,1
6601ee6383e7f452be71929f8de48bbb,2,0.0,14.825185185185186,0.0,76.8,14.17,0.21090525751651987,4.0,0.03750090815934648,SP,ribeirao pretp,2017-11-08 07:29:07,perfumery,1.0,93.32509048021078,100.0,94.9,92.8,94.3,75.0,644,PREFERRED,1
6879c4d287a8dd06b11f54ea8f78e4da,5,0.0,7.0234398148148145,0.0,97.536,26.45,0.2845341190420061,5.0,0.1244847739136995,SP,osasco,2018-08-14 23:53:56,health_beauty,1.0,93.31881791681191,100.0,78.2,96.9,92.2,100.0,645,PREFERRED,1
ce4755084bc097113867e6454f8f5e52,1,0.0,6.389606481481482,0.0,18.9,12.79,0.6767195767195767,5.0,0.1023948435674373,SP,ribeirao preto,2018-06-12 11:26:30,health_beauty,1.0,93.31472574392909,100.0,82.5,97.3,81.1,100.0,646,PREFERRED,1
01266d4c46afa519678d16a8b683d325,3,0.0,5.922897376543211,0.0,30.083333333333332,15.743333333333332,0.7800764637590113,5.0,0.09710921876078134,PR,curitiba,2018-08-20 19:14:26,costruction_tools_tools,1.0,93.31179448268902,100.0,83.5,97.5,78.2,100.0,647,PREFERRED,1
2f74af7a0ee5636f12c2336f9fffed47,13,0.0,9.696574964387464,0.0,43.130769230769225,12.59769230769231,0.30703308789931794,4.3076923076923075,0.06475580665507469,SP,sao paulo,2017-11-20 18:50:52,sports_leisure,1.0,93.30807836377973,100.0,89.7,95.5,91.6,82.7,648,PREFERRED,0
6e13dd869aa7185f601c941423abcc8f,5,0.0,4.2793425925925925,0.0,104.4,15.216,0.15637845849802373,4.8,0.12123053923058055,SP,sao paulo,2018-07-17 16:29:37,health_beauty,1.0,93.30659192078424,100.0,78.9,98.4,95.9,95.0,649,PREFERRED,1
a06c8ff043abea0528ee44171e2140a2,8,0.0,3.8793865740740743,0.0,64.3125,11.55375,0.27453494529355277,4.75,0.11101937819272226,MG,divinopolis,2018-08-09 21:16:06,baby,1.0,93.30485497595886,100.0,80.8,98.6,92.5,93.8,650,PREFERRED,1
1bb3812d5f0747a3ab7348f199001a10,9,0.0,12.761235853909463,0.0,92.71111111111111,23.907777777777778,0.47559728144707236,4.888888888888889,0.0953424421635282,SP,sao paulo,2018-08-14 19:46:25,sports_leisure,1.0,93.30005358153565,100.0,83.8,93.9,86.8,97.2,651,PREFERRED,1
a7c53f6b3b61adbdaa99dda97e8cbd56,1,0.0,6.837638888888889,0.0,99.0,11.3,0.11414141414141415,4.0,0.05701862782832908,SP,barretos,2017-03-06 20:29:58,baby,1.0,93.29962856185729,100.0,91.2,97.0,97.1,75.0,652,PREFERRED,1
ffad1e7127fb622cb64a900751590acd,10,0.0,7.6742789351851854,0.0,88.42999999999999,20.653,0.26223941674019774,4.8,0.1095480410868032,SP,americana,2018-07-14 17:40:59,furniture_decor,1.0,93.29599968270907,100.0,81.1,96.6,92.9,95.0,653,PREFERRED,0
499ec63c58e51296c9cf57edcfe1c8a8,5,0.0,5.2333750000000006,0.0,73.0,9.586,0.13272,4.8,0.12141890042719536,SP,sao paulo,2018-06-03 19:20:42,computers_accessories,1.0,93.28884388881346,100.0,78.8,97.9,96.5,95.0,654,PREFERRED,1
c9e5ad1f6647f5dbd1172adf6ae3cada,4,0.0,9.245217013888889,0.0,64.7575,15.2375,0.24954011383677274,4.75,0.1039380461517874,RS,porto alegre,2018-06-09 01:16:23,agro_industry_and_commerce,1.0,93.28841931284457,100.0,82.2,95.7,93.2,93.8,655,PREFERRED,1
1cd9e0cc1839d55516843def5600816d,5,0.0,7.781398148148147,0.0,165.0,20.344,0.13665922381711854,5.0,0.13264267501246177,SP,sao paulo,2018-08-19 15:43:09,bed_bath_table,1.0,93.28729819641005,100.0,76.7,96.5,96.4,100.0,656,PREFERRED,1
d921b68bf747894be13a97ae52b0f386,76,0.013157894736842105,9.947837627923978,6.689363425925926,202.93157894736842,23.056315789473683,0.12392084136908615,4.605263157894737,0.08951977402438074,MG,formiga,2018-08-22 10:59:51,watches_gifts,0.9868421052631579,93.27655337714828,98.7,84.9,95.4,96.8,90.1,657,PREFERRED,0
39a5005f2605cbdb4f9ac14485cabfd1,3,0.0,9.623873456790124,0.0,167.02333333333334,77.52999999999999,0.4722970636437833,5.0,0.11009691166097883,SP,barretos,2018-08-04 13:18:33,auto,1.0,93.26861134421252,100.0,81.0,95.5,86.9,100.0,658,PREFERRED,1
4dc2e811a1760953cb7c6a590b498943,1,0.0,6.671539351851852,0.0,175.0,24.84,0.14194285714285715,5.0,0.1346155017772331,SP,itapui,2018-08-20 22:32:41,luggage_accessories,1.0,93.26602848025807,100.0,76.3,97.1,96.3,100.0,659,PREFERRED,1
1cbdc7cf130a41fd13a3c2a7d2fcfda7,2,0.0,8.690578703703704,0.0,82.9,29.905,0.36073582629674306,5.0,0.11843289971399376,MG,lambari,2018-07-03 10:46:01,bed_bath_table,1.0,93.25998921608965,100.0,79.4,96.0,90.1,100.0,660,PREFERRED,1
cb8bcce248bb1fb274ba762d8b971456,65,0.015384615384615385,12.703325498575499,4.045821759259259,138.65384615384616,18.33661538461538,0.1346015925167321,4.323076923076923,0.0610055183192041,MG,santa rita do sapucai,2018-08-14 17:42:27,cool_stuff,0.9846153846153847,93.25722476681946,98.5,90.4,93.9,96.5,83.1,661,PREFERRED,0
30a2f535bb48308f991d0b9ad4a8c4bb,67,0.029850746268656716,8.455376934770591,7.066452546296296,67.85970149253733,15.882835820895524,0.23786715251180174,4.432835820895522,0.06002947488587332,SP,santa barbara d'oeste,2018-07-27 11:20:08,furniture_decor,0.9701492537313433,93.25400479201117,97.0,90.6,96.2,93.6,85.8,662,PREFERRED,0
0bae85eb84b9fb3bd773911e89288d54,130,0.007692307692307693,10.3609817485755,4.849861111111111,55.33838461538461,21.086692307692307,0.4382567951853369,4.323076923076923,0.05262717359431762,SP,itajai,2018-08-21 20:24:33,housewares,0.9923076923076923,93.2524644451654,99.2,92.0,95.2,87.9,83.1,663,PREFERRED,0
73b8eb4a9a729d4019b24ed1be748cbf,7,0.0,4.136651785714286,0.0,81.27142857142857,12.37142857142857,0.17400144477881016,4.857142857142857,0.1261026746252863,SP,campinas,2018-08-07 14:24:49,auto,1.0,93.24877560912202,100.0,77.9,98.5,95.4,96.4,664,PREFERRED,1
e0eabded302882513ced4ea3eb0c7059,8,0.0,11.449202835648148,0.0,122.30000000000001,17.34875,0.2038802655518472,4.625,0.09410193908461949,SP,campinas,2018-06-03 20:14:44,consoles_games,1.0,93.24527108958358,100.0,84.1,94.6,94.5,90.6,665,PREFERRED,1
fc0b214b59a83615fea981c6424a02ae,1,0.0,4.384398148148148,0.0,159.9,12.14,0.07592245153220763,5.0,0.14279990134835124,SP,maua,2018-08-17 10:15:31,baby,1.0,93.24308802660924,100.0,74.7,98.3,98.2,100.0,666,PREFERRED,1
dc64d75cc406bb0697be983831430e60,4,0.0,10.212702546296295,0.0,203.25,23.1375,0.11150792847503374,4.75,0.11157289155286337,MG,belo horizonte,2018-08-16 09:41:52,computers_accessories,1.0,93.23737050864362,100.0,80.7,95.2,97.1,93.8,667,PREFERRED,1
1cbcd2ee0afb3fc09963b87eb65e7e4f,1,0.0,4.318333333333333,0.0,90.0,40.650000000000006,0.4516666666666667,5.0,0.12079125124319487,PR,curitiba,2018-06-18 11:15:23,perfumery,1.0,93.23661130271857,100.0,78.9,98.4,87.5,100.0,668,PREFERRED,1
29fe9f200d3fa0c668d2aa1ec7e08dfb,5,0.0,10.749125000000001,0.0,80.0,22.832,0.2854,4.0,0.04176299966464854,SC,balneario camboriu,2017-09-03 16:15:17,telephony,1.0,93.2335878431839,100.0,94.1,94.9,92.2,75.0,669,PREFERRED,1
2235cf78d3e2073a88146a9cb60f0dd0,1,0.0,14.215081018518518,0.0,178.99,25.77,0.14397452371640873,5.0,0.12277256884948226,SP,sao paulo,2017-11-30 19:12:21,furniture_living_room,1.0,93.22788856704207,100.0,78.6,93.1,96.2,100.0,670,PREFERRED,1
65a7c0788e4d632ccb5e1b594b87f0bb,3,0.0,11.02778549382716,0.0,88.89999999999999,39.13999999999999,0.47816645969407734,4.333333333333333,0.05617030520612515,SP,sao paulo,2017-12-22 14:45:15,drinks,1.0,93.22412438065773,100.0,91.3,94.8,86.7,83.3,671,PREFERRED,1
34d1ca11b242c0fee2c834ae8d788566,40,0.0,13.179686631944444,0.0,335.556,24.551,0.10297949222661115,4.333333333333333,0.07483583809343204,MG,congonhas,2018-08-07 08:43:58,computers_accessories,1.0,93.22334874198275,100.0,87.7,93.7,97.4,83.3,672,PREFERRED,0
4ce8b55b4bfa4659184e7becc1fba3f2,1,0.0,9.002662037037037,0.0,119.0,27.56,0.23159663865546218,5.0,0.1264199502191112,PR,fazenda rio grande,2018-04-23 13:47:32,auto,1.0,93.21894264558391,100.0,77.9,95.9,93.7,100.0,673,PREFERRED,1
b88e7c57cb2d8b973b7dd4a2bfa14b36,4,0.0,9.365081018518518,0.0,88.475,16.4425,0.5981943864774624,4.25,0.045479570482656835,PR,curitiba,2017-12-01 00:13:14,health_beauty,1.0,93.21545944822084,100.0,93.4,95.7,83.3,81.2,674,PREFERRED,1
b01c2b7b8599b325103ebcddc67413e1,4,0.0,8.455002893518518,0.0,42.3625,18.1675,0.43031976203755345,4.75,0.09611269485895865,RS,venancio aires,2018-08-18 21:10:16,health_beauty,1.0,93.21319768852774,100.0,83.7,96.2,88.1,93.8,675,PREFERRED,1
ad87df7699e83b8a91822a4a0b765c3a,5,0.0,10.893604166666666,0.0,61.98,15.876,0.32789237875288685,4.0,0.03943308197221564,SP,jaguariuna,2017-06-25 16:32:29,electronics,1.0,93.21315476505896,100.0,94.5,94.9,91.0,75.0,676,PREFERRED,1
c00396cbdd2e088fe4281baa5920aef1,1,0.0,12.10460648148148,0.0,832.4100000000001,73.44,0.08822575413558222,5.0,0.13000421169417448,PR,campo magro,2018-04-04 14:36:46,construction_tools_construction,1.0,93.20740307315819,100.0,77.2,94.2,97.8,100.0,677,PREFERRED,1
e64ddbe1cbcf4f2fc3092b7c481f3f9d,1,0.0,5.512708333333333,0.0,20.9,7.39,0.3535885167464115,5.0,0.12533658066398798,SP,sao paulo,2018-03-30 12:00:06,health_beauty,1.0,93.20217450937584,100.0,78.1,97.7,90.3,100.0,678,PREFERRED,1
aac51c486b672a9850d59f3e84b1cf88,10,0.0,4.651243055555556,0.0,72.828,13.129,0.22691426941174528,4.8,0.11876050773427838,SP,sao paulo,2018-08-24 20:24:26,food,1.0,93.19521147727187,100.0,79.3,98.2,93.9,95.0,679,PREFERRED,0
16bdc8cefd0e32a6f0824d296c5ad14a,1,0.0,9.316840277777779,0.0,41.76,19.32,0.46264367816091956,5.0,0.11282348295114934,SP,sp,2018-04-11 08:22:30,drinks,1.0,93.18977863309776,100.0,80.5,95.7,87.2,100.0,680,PREFERRED,1
3e35a8bb43569389d3cebef0ce820f69,1,0.0,7.917349537037037,0.0,55.8,28.88,0.5175627240143369,5.0,0.11190913767448238,SP,sao paulo,2018-04-12 19:47:40,drinks,1.0,93.18902354454166,100.0,80.6,96.4,85.6,100.0,681,PREFERRED,1
888faa8bfb0b159c37de6d898b961c31,18,0.0,8.396844778806585,0.0,134.79444444444442,35.47777777777778,0.3151010786209215,4.277777777777778,0.0666506911774359,SC,braco do norte,2018-08-22 09:20:10,sports_leisure,1.0,93.1855597566678,100.0,89.3,96.2,91.4,81.9,682,PREFERRED,0
160e4f13fd3a64b1b86807be88b5ffb0,4,0.0,14.298266782407406,0.0,221.5,23.6125,0.10472799378911815,4.25,0.06731918054072712,PR,colombo,2018-02-13 19:14:16,small_appliances,1.0,93.1770929580141,100.0,89.2,93.1,97.3,81.2,683,PREFERRED,1
5741dc2bf5044c34d0698681c5081bed,3,0.0,7.190243055555555,0.0,29.899999999999995,11.35,0.3795986622073579,5.0,0.12164771348274288,SP,sao jose dos campos,2018-07-16 22:56:18,perfumery,1.0,93.17172661027236,100.0,78.8,96.8,89.5,100.0,684,PREFERRED,1
48e954b2da4f6a750c844173b347ed40,2,0.0,8.116221064814816,0.0,198.9,79.505,0.34154642344742775,4.5,0.08325911758706087,RS,porto alegre,2018-05-07 14:28:20,drinks,1.0,93.1704001372204,100.0,86.1,96.3,90.6,87.5,685,PREFERRED,1
1de62b6f2fd96227629786db492433db,2,0.0,8.235648148148147,0.0,129.35,37.82,0.32028021744888746,5.0,0.12347233314895185,SP,sp,2018-08-23 10:43:59,sports_leisure,1.0,93.16950585357958,100.0,78.4,96.3,91.2,100.0,686,PREFERRED,1
26562f211dd1364af2a8596dc945e8ae,2,0.0,2.2555555555555555,0.0,49.5,8.055,0.1708958151700087,5.0,0.1423569799772489,SP,sao bernardo do campo,2018-07-31 17:12:15,bed_bath_table,1.0,93.16407766917466,100.0,74.8,99.4,95.5,100.0,687,PREFERRED,1
8c16d1f32a54d92897cc437244442e1b,108,0.009259259259259259,11.002946459190673,9.370023148148148,52.61944444444444,19.703333333333333,0.4376956352071937,4.355140186915888,0.054881921498602,SC,blumenau,2018-08-24 11:44:39,computers_accessories,0.9907407407407407,93.1603741497104,99.1,91.6,94.8,87.9,83.9,688,PREFERRED,0
a70e9066dbfd10b6b97a3f54a1356762,2,0.0,18.28829861111111,0.0,858.0,155.7,0.18146853146853148,5.0,0.11557196052580265,PR,mandaguari,2017-11-20 18:11:00,furniture_decor,1.0,93.14262483167356,100.0,79.9,90.9,95.2,100.0,689,PREFERRED,1
3f8034bfc6b8b4135534975d49f04c63,11,0.0,10.890319865319865,0.0,115.80909090909091,22.63909090909091,0.27518836177530176,4.0,0.044069694444015026,PR,curitiba,2017-05-24 09:05:17,baby,1.0,93.14081705368909,100.0,93.6,94.9,92.5,75.0,690,PREFERRED,0
788e857f317e53de488d393e65a80f45,11,0.0,7.407333754208754,0.0,110.0,16.813636363636363,0.1528512396694215,4.909090909090909,0.1282691346549292,SP,sao paulo,2018-08-22 11:16:54,stationery,1.0,93.13973492851235,100.0,77.5,96.7,96.0,97.7,691,PREFERRED,0
e83e93b71371817b11d78a63ff156aee,2,0.0,15.808663194444446,0.0,143.0,43.690000000000005,0.26232323232323235,4.5,0.07584640080303111,SP,barueri,2017-04-09 15:32:33,furniture_decor,1.0,93.13872862455638,100.0,87.5,92.3,92.9,87.5,692,PREFERRED,1
f1198c871e0171278b63f40d112caeec,2,0.0,11.401388888888889,0.0,237.9,41.135,0.1748707716818467,4.5,0.08844693465848359,SP,sao paulo,2017-11-10 18:13:05,kitchen_dining_laundry_garden_furniture,1.0,93.1335915057407,100.0,85.1,94.6,95.3,87.5,693,PREFERRED,1
5996cddab893a4652a15592fb58ab8db,1,0.0,5.080324074074074,0.0,810.0,70.75,0.08734567901234568,5.0,0.14334753639268455,SP,presidente prudente,2018-07-04 12:08:27,garden_tools,1.0,93.12909882614181,100.0,74.6,98.0,97.8,100.0,694,PREFERRED,1
ae8bfdbf1c2a2a2dee92d799db0a31c6,8,0.0,8.8746875,0.0,42.49,18.2775,0.5193172767057882,4.125,0.043003105361491184,PR,toledo,2017-05-15 17:58:25,housewares,1.0,93.12818396183175,100.0,93.8,95.9,85.6,78.1,695,PREFERRED,1
b410bdd36d5db7a65dcd42b7ead933b8,42,0.023809523809523808,9.202473820546738,0.6547222222222222,175.45,22.638333333333332,0.1307600250035324,4.809523809523809,0.10178100997196497,GO,goiania,2018-08-21 10:48:37,housewares,0.9761904761904762,93.12210715800168,97.6,82.6,95.8,96.6,95.2,696,PREFERRED,0
34675b28b826facfde119785bf287dc1,1,0.0,5.948611111111111,0.0,21.99,15.1,0.6866757617098681,4.0,0.028356013705815163,PR,cascavael,2017-08-01 22:00:44,auto,1.0,93.11897689017448,100.0,96.7,97.5,80.8,75.0,697,PREFERRED,1
901b460cdce0c64e471230d7f2f9f3a3,5,0.0,15.51374537037037,0.0,380.8,21.712,0.05890897502802792,4.4,0.08098498176244821,RS,porto alegre,2018-07-15 07:05:30,fashion_bags_accessories,1.0,93.11819325833174,100.0,86.6,92.4,98.6,85.0,698,PREFERRED,1
101a3a003516bc11253298b2fad3cb65,5,0.0,6.493062499999999,0.0,90.0,14.8,0.2550388888888889,4.8,0.11572706596604525,SP,rio claro,2018-07-26 19:02:58,fashion_male_clothing,1.0,93.11429714403826,100.0,79.9,97.2,93.1,95.0,699,PREFERRED,1
06532f10282704ef4c69168b914b77be,7,0.0,16.61554728835979,0.0,1403.9928571428572,90.39999999999999,0.08284192458976616,4.714285714285714,0.10248033667290082,PR,paincandu,2017-08-18 16:26:37,garden_tools,1.0,93.11133211744537,100.0,82.4,91.8,98.0,92.9,700,PREFERRED,1
fdf736c18c589ed030e058312203e1b2,1,0.0,5.490983796296296,0.0,30.0,14.51,0.48366666666666663,5.0,0.11960553791611538,MG,pocos de caldas,2018-08-02 12:07:30,computers_accessories,1.0,93.10937680115262,100.0,79.2,97.7,86.6,100.0,701,PREFERRED,1
d4e4b5192cba4e0e66eb12a9d347239d,11,0.0,13.376001683501682,0.0,39.26363636363636,17.59090909090909,0.6791088017654743,4.454545454545454,0.05231341980118719,PR,toledo,2017-10-23 12:48:12,telephony,1.0,93.10654609364194,100.0,92.1,93.6,81.0,86.4,702,PREFERRED,0
d85efbc8eff2b7adf524e2820569adc8,1,0.0,2.9467476851851853,0.0,55.0,8.29,0.1507272727272727,5.0,0.14373647978282908,SP,sao paulo,2018-05-12 22:49:25,stationery,1.0,93.10025430498966,100.0,74.5,99.1,96.0,100.0,703,PREFERRED,1
544863df86ed3b78a04e0820d41430ee,1,0.0,5.5005902777777775,0.0,23.9,15.27,0.6389121338912134,5.0,0.11065324127995492,ES,serra,2018-07-02 10:21:35,stationery,1.0,93.09701218654261,100.0,80.9,97.7,82.2,100.0,704,PREFERRED,1
59417c56835dd8e2e72f91f809cd4092,18,0.0,12.569483024691358,0.0,2025.5,66.59833333333333,0.042325898881511725,4.277777777777778,0.07775515769815253,SP,limeira,2017-10-02 17:32:29,small_appliances,1.0,93.09577476084662,100.0,87.2,94.0,99.1,81.9,705,PREFERRED,0
6c17baf138731a4aaacc3210adf2037b,4,0.0,7.55021412037037,0.0,134.7,22.48,0.1838426763709874,5.0,0.13424029077080363,SP,franca,2018-08-20 23:20:11,perfumery,1.0,93.09524268190403,100.0,76.4,96.6,95.1,100.0,706,PREFERRED,1
2075d8cd4dd63ff12df0749a5866bb06,3,0.0,4.744471450617284,0.0,61.56666666666666,19.176666666666666,0.31232048277689317,5.0,0.13129716212791634,PR,curitiba,2018-08-10 00:10:24,bed_bath_table,1.0,93.0947732160798,100.0,76.9,98.1,91.4,100.0,707,PREFERRED,1
5a32c398a06c345440bf2a683b017ad3,1,0.0,11.96880787037037,0.0,34.9,15.23,0.4363896848137536,5.0,0.11212145242679934,RJ,rio de janeiro,2018-03-14 21:29:52,books_general_interest,1.0,93.08704988254914,100.0,80.6,94.3,87.9,100.0,708,PREFERRED,1
9646c3513289980f17226a2fc4720dbd,69,0.028985507246376812,11.201072195383789,9.398148148148149,42.96231884057971,17.214927536231883,0.47472577275330713,4.449275362318841,0.04694307765385781,SP,sao jose dos campos,2018-07-20 11:03:48,computers_accessories,0.9710144927536232,93.08250541389114,97.1,93.1,94.7,86.8,86.2,709,PREFERRED,0
226b05fe067266c59c15dae208213d06,10,0.0,9.978346064814815,0.0,105.69000000000001,18.868000000000002,0.21568089278319763,4.5,0.089530654378454,PR,curitiba,2018-04-12 16:01:28,unknown,1.0,93.07901173860725,100.0,84.9,95.4,94.2,87.5,710,PREFERRED,0
4a5b36211b1f51bf7eaa5c10a57fa483,1,0.0,4.035162037037037,0.0,139.19,16.07,0.11545369638623465,5.0,0.14448545159050918,RJ,sao goncalo,2018-08-05 21:20:52,auto,1.0,93.07792031136196,100.0,74.4,98.5,97.0,100.0,711,PREFERRED,1
3a734b715d333a2588a3d54a0c9b8746,14,0.07142857142857142,11.886115244708995,13.710856481481482,146.60857142857142,22.83285714285714,0.17464677006980217,4.642857142857143,0.04807413456686515,SP,osasco,2017-11-29 18:09:33,telephony,0.9285714285714286,93.0657903205218,92.9,92.9,94.3,95.4,91.1,712,PREFERRED,0
4fe2f67634d00c021aa01f96b6f2d68e,2,0.0,10.984953703703702,0.0,43.4,16.02,0.3808451958819398,5.0,0.11750564034833026,PR,maringa,2018-08-16 20:58:56,health_beauty,1.0,93.06492153372787,100.0,79.6,94.8,89.5,100.0,713,PREFERRED,1
fac35d150712afb921ec59ac5f39bb11,5,0.0,10.14049537037037,0.0,139.2,20.928,0.15318771929824562,4.4,0.08544944577058396,MG,bonfinopolis de minas,2018-07-16 13:57:23,construction_tools_construction,1.0,93.06399713202403,100.0,85.7,95.3,96.0,85.0,714,PREFERRED,1
26b482dccfa29bd2e40703ba45523702,3,0.0,3.5925617283950615,0.0,114.92666666666666,22.543333333333333,0.21656068296614076,5.0,0.13957039459219114,SP,santa barbara d´oeste,2018-08-20 08:39:15,pet_shop,1.0,93.06170145326863,100.0,75.3,98.7,94.2,100.0,715,PREFERRED,1
671585f5a2af58b6e276bc01003c0d2b,27,0.0,5.58787122770919,0.0,46.074074074074076,16.596666666666668,0.41083734107241576,4.703703703703703,0.10158321522689724,PR,curitiba,2018-08-25 23:39:08,housewares,1.0,93.06073439161486,100.0,82.6,97.7,88.7,92.6,716,PREFERRED,0
8def3db7f272735afb2ecd03aeca09a7,2,0.0,2.659195601851852,0.0,98.0,16.82,0.1716326530612245,5.0,0.14392394407762504,RJ,rio de janeiro,2018-08-06 19:11:34,fashion_bags_accessories,1.0,93.0548139466492,100.0,74.5,99.2,95.4,100.0,717,PREFERRED,1
e882b2a25a10b9c057cc49695f222c19,57,0.0,9.549082399285249,0.0,895.7463157894737,50.10912280701754,0.09323882168459817,4.578947368421052,0.1042108611488638,RJ,teresopolis,2018-08-18 15:49:58,home_appliances_2,1.0,93.0532695269809,100.0,82.1,95.6,97.7,89.5,718,PREFERRED,0
9ac4f14370b1e24ddc58be041b7f99df,5,0.0,9.02382175925926,0.0,62.902,24.428,0.40615079080870187,4.4,0.07262851416354539,GO,jaragua,2018-07-05 16:40:15,sports_leisure,1.0,93.04925539428979,100.0,88.2,95.9,88.8,85.0,719,PREFERRED,1
a5ff20ff766e7f50bd5066f33da14413,1,0.0,5.024791666666666,0.0,30.0,25.58,0.8526666666666666,5.0,0.09984773973449373,SP,sao paulo,2018-08-19 22:38:41,home_appliances,1.0,93.04600754200098,100.0,82.9,98.0,76.1,100.0,720,PREFERRED,1
272f092de69afedd4d2969440b37f18f,25,0.0,10.167692129629629,0.0,74.24520000000001,21.6192,0.3667709567939059,3.9375,0.03693322315780461,SP,sao paulo,2017-10-15 04:15:02,fashion_bags_accessories,1.0,93.04595105865573,100.0,95.0,95.3,89.9,73.4,721,PREFERRED,0
c161d1327ebc3a156c09582ab2f59f6c,2,0.0,3.5126793981481486,0.0,17.995,7.78,0.4548739359282605,4.0,0.047658334166626126,SP,sao paulo,2017-12-04 17:08:27,health_beauty,1.0,93.04560339800594,100.0,93.0,98.8,87.4,75.0,722,PREFERRED,1
6c1b6d0c604b776f844125f911eb7377,4,0.0,17.514010416666668,0.0,81.7675,14.035,0.3024889393157823,4.0,0.033474797832135965,SP,sao paulo,2017-02-24 16:09:19,auto,1.0,93.04431497568748,100.0,95.7,91.4,91.7,75.0,723,PREFERRED,1
69b5eaa096c3f9d1e5c398c597f567d6,2,0.0,6.57519675925926,0.0,469.0,24.51,0.05226012793176973,5.0,0.14482771509166975,SP,birigui,2018-08-25 10:41:50,housewares,1.0,93.03887818309961,100.0,74.3,97.2,98.8,100.0,724,PREFERRED,1
080199a181c46c657dc5aa235411be3b,79,0.02531645569620253,8.087146917487107,17.81755787037037,183.5974683544304,13.173164556962027,0.07255095762683131,4.615384615384615,0.09260487333208303,SP,osasco,2018-08-24 11:43:17,auto,0.9746835443037974,93.03486116737254,97.5,84.3,96.4,98.3,90.4,725,PREFERRED,0
139157dd4daa45c25b0807ffff348363,1,0.0,1.2141782407407407,0.0,29.9,7.78,0.2602006688963211,4.0,0.0632344961248568,SP,sao paulo,2017-08-31 11:09:42,books_technical,1.0,93.03447638096112,100.0,90.0,100.0,92.9,75.0,726,PREFERRED,1
17998cf586426bf0f2c3726cb0a4b211,1,0.0,6.714837962962963,0.0,19.9,21.15,1.0628140703517588,5.0,0.08499810335478854,MG,belo horizonte,2017-07-28 04:06:33,luggage_accessories,1.0,93.02679393539061,100.0,85.8,97.1,70.2,100.0,727,PREFERRED,1
dbc51f5e45d654ecc16cb68e6817ecea,1,0.0,17.74240740740741,0.0,199.99,18.14,0.09070453522676133,4.0,0.046086871485092794,SP,franca,2017-02-24 22:28:55,health_beauty,1.0,93.02284196031789,100.0,93.3,91.2,97.7,75.0,728,PREFERRED,1
6025c79c035c3d772133b8b8238463b2,2,0.0,8.44961226851852,0.0,494.87,54.295,0.10559781881694669,5.0,0.13890852459884195,PR,pinhais/pr,2018-08-06 21:19:27,auto,1.0,93.0220913890838,100.0,75.5,96.2,97.3,100.0,729,PREFERRED,1
c2d70ce2c5d0a2eb75e78668236e6dc8,13,0.0,8.32455039173789,0.0,190.06923076923078,17.61692307692308,0.2076478667765052,4.615384615384615,0.10310635714733445,SP,sao paulo,2018-08-27 23:12:55,housewares,1.0,93.01554128418204,100.0,82.3,96.2,94.4,90.4,730,PREFERRED,0
9a84ba99f5367fdbd4598363496f1ea2,15,0.0,10.512725308641974,0.0,148.22533333333334,27.671333333333333,0.2953600325728711,3.8,0.03071997714933612,GO,luziania,2018-07-03 10:00:13,sports_leisure,1.0,93.00322818705394,100.0,96.2,95.1,91.9,70.0,731,PREFERRED,0
0e982cff76cc0579f632cea8a0e38c9d,5,0.0,9.380891203703703,0.0,186.904,20.122,0.2950815854405201,4.6,0.09532974625538022,SC,itajai,2018-04-03 07:28:21,musical_instruments,1.0,92.99835155046628,100.0,83.8,95.7,91.9,90.0,732,PREFERRED,1
c43d924a0f1688ee9fae0efcd6f539d4,1,0.0,21.502858796296298,0.0,29.9,15.11,0.5053511705685618,4.0,0.015962513045908608,RJ,rio de janeiro,2016-10-09 23:50:37,bed_bath_table,1.0,92.99056619692902,100.0,99.0,89.2,86.0,75.0,733,PREFERRED,1
3ac588cd562971392504a9e17130c40b,1,0.0,7.089305555555556,0.0,11.9,7.39,0.6210084033613444,5.0,0.11137721248995235,SP,limeira,2018-08-17 21:08:06,fashion_bags_accessories,1.0,92.98680600037864,100.0,80.7,96.9,82.7,100.0,734,PREFERRED,1
26bad72add1f86e08a776ce4ffdaf1ca,7,0.0,10.942886904761906,0.0,88.85714285714286,17.702857142857145,0.42766966366966364,4.428571428571429,0.0717502135904794,SP,pedregulho,2018-05-21 11:08:51,food_drink,1.0,92.98482702218087,100.0,88.3,94.8,88.2,85.7,735,PREFERRED,1
dbc22125167c298ef99da25668e1011f,388,0.02577319587628866,11.501279203655976,12.270858796296295,84.12693298969072,20.103865979381442,0.26789415861586496,4.328165374677003,0.053605580762889106,MG,borda da mata,2018-08-23 19:09:34,luggage_accessories,0.9742268041237113,92.98459976479005,97.4,91.8,94.5,92.7,83.2,736,PREFERRED,0
5c243662ce92d84573bfaff24c3e3700,98,0.030612244897959183,10.906951884920636,2.5760841049382717,335.3267346938776,18.11877551020408,0.07142860911092815,4.144329896907217,0.048419807745332014,SP,sao paulo,2018-02-09 23:05:25,health_beauty,0.9693877551020408,92.97907646609151,96.9,92.8,94.9,98.3,78.6,737,PREFERRED,0
f9244d45189d3a3605499abddeade7d5,20,0.0,15.176920717592594,0.0,754.0719999999999,41.036,0.1048168493907284,4.35,0.0780222043347922,SP,sao paulo,2018-08-18 12:45:56,small_appliances,1.0,92.96916029808978,100.0,87.1,92.6,97.3,83.7,738,PREFERRED,0
e2a1ac9bf33e5549a2a4f834e70df2f8,5,0.0,12.335252314814815,0.0,2999.89,40.222,0.013407824953581633,4.8,0.12344925543358391,SP,sao paulo,2017-07-06 14:51:37,computers_accessories,1.0,92.96544082028751,100.0,78.4,94.1,99.9,95.0,739,PREFERRED,1
0bfd0b434243adc5c2e1aa6baf19c6aa,5,0.0,7.709442129629629,0.0,69.46000000000001,11.748000000000001,0.18036835990890995,4.0,0.05868847574579865,RJ,rio de janeiro,2018-02-03 23:27:28,furniture_decor,1.0,92.96237162447545,100.0,90.8,96.6,95.2,75.0,740,PREFERRED,1
94ca168e8bcb407ab85c5da308863027,5,0.0,12.48764814814815,0.0,44.86,17.472,0.39760453491422276,5.0,0.116311622022329,SP,clementina,2018-08-24 18:37:17,health_beauty,1.0,92.95509008651291,100.0,79.8,94.0,89.0,100.0,741,PREFERRED,1
e439f7176d763f92de325271111b2fd5,6,0.0,9.92680362654321,0.0,220.15,37.800000000000004,0.26842147421575224,5.0,0.12823551437724998,SC,joinville,2018-08-01 11:11:04,electronics,1.0,92.95397565180062,100.0,77.5,95.4,92.7,100.0,742,PREFERRED,1
05a940b4ecae36cadfd8e93bd9c43257,9,0.0,14.254607767489713,0.0,77.23333333333333,18.77777777777778,0.4558400445791876,4.222222222222222,0.049144100007933886,GO,goiania,2018-02-19 15:20:06,computers_accessories,1.0,92.95088711282646,100.0,92.7,93.1,87.4,80.6,743,PREFERRED,1
5c3460cd3e8a984382ae254e7dd20d9f,9,0.0,9.911150977366255,0.0,86.19555555555556,22.06,0.31485787171653645,4.666666666666667,0.09966243710348842,SP,sao jose do rio preto,2018-08-16 15:40:31,baby,1.0,92.94247755842962,100.0,83.0,95.4,91.4,91.7,744,PREFERRED,1
bd697db56ff8e7c9cd1abeb7f72029b2,20,0.0,11.267516782407409,0.0,138.49,16.195,0.282830452438763,4.45,0.08238890731593791,SP,sao paulo,2018-08-10 12:30:45,auto,1.0,92.94064257838728,100.0,86.3,94.7,92.3,86.2,745,PREFERRED,0
512d298ac2a96d1931b6bd30aa21f61d,10,0.0,9.876746527777778,0.0,735.204,30.45,0.18463866778644536,4.6,0.10225448724609454,RJ,rio de janeiro,2018-08-17 17:25:51,musical_instruments,1.0,92.94053774089409,100.0,82.5,95.4,95.1,90.0,746,PREFERRED,0
7315baebc0572ff220d226283dc66728,2,0.0,8.092291666666668,0.0,24.924999999999997,13.184999999999999,0.5276767359179626,4.0,0.037982692419428414,SP,sao carlos,2017-06-28 09:51:56,health_beauty,1.0,92.93846723638264,100.0,94.8,96.4,85.3,75.0,747,PREFERRED,1
88cf19ec1fc2c58f161aee259d57142c,14,0.0,6.444143518518518,0.0,98.06928571428571,16.764999999999997,0.25634383389535265,4.5,0.09597467750364118,SP,sao carlos,2018-08-20 18:44:49,small_appliances_home_oven_and_coffee,1.0,92.93588435013228,100.0,83.7,97.2,93.0,87.5,748,PREFERRED,0
e49c26c3edfa46d227d5121a6b6e4d37,34,0.0,11.620668913398692,0.0,107.18382352941177,34.16029411764706,0.6468467023698788,4.5588235294117645,0.06893448264636673,PE,brejao,2018-07-25 14:20:31,consoles_games,1.0,92.9323405171502,100.0,88.9,94.5,82.0,89.0,749,PREFERRED,0
630008e0f062605a415d694489f6f82e,1,0.0,17.05988425925926,0.0,35.35,15.35,0.4342291371994342,5.0,0.10703367379854417,SP,sao paulo,2018-07-30 17:24:54,electronics,1.0,92.93214713497771,100.0,81.6,91.6,88.0,100.0,750,PREFERRED,1
64cc804291f90c81f02bfc2bb58ff55a,1,0.0,9.00074074074074,0.0,448.7,23.09,0.05145977267662135,5.0,0.14307765420289698,PR,curitiba,2018-07-18 16:51:45,furniture_decor,1.0,92.93213869018693,100.0,74.7,95.9,98.9,100.0,751,PREFERRED,1
86ff3eaef0267069cc891a2ed9d10a17,7,0.0,8.963817791005292,0.0,58.535714285714285,20.087142857142858,0.5406830934008692,4.714285714285714,0.09187073819214328,SC,palhoca,2018-07-08 21:08:26,sports_leisure,1.0,92.9288838367196,100.0,84.5,95.9,85.0,92.9,752,PREFERRED,1
bb2afe2061d53c6968aa0cffa233a8ec,5,0.0,4.431162037037037,0.0,109.88,18.924,0.19323172634291574,4.8,0.12692334584313875,SP,sao paulo,2018-07-21 23:56:29,sports_leisure,1.0,92.91718253915148,100.0,77.8,98.3,94.8,95.0,753,PREFERRED,1
fe8055980a4ff7f64ed889c2b5926929,3,0.0,6.485983796296296,0.0,65.56666666666668,17.76,0.4414771617817738,4.666666666666667,0.09848387572548178,PR,curitiba,2018-07-25 19:07:16,electronics,1.0,92.91198798403046,100.0,83.2,97.2,87.8,91.7,754,PREFERRED,1
954e95f20808d7e5d11f0de292d078e0,3,0.0,9.138657407407408,0.0,52.92666666666667,39.72666666666667,0.6492609698898205,4.666666666666667,0.08189665140884868,MG,joao monlevade,2017-11-26 19:11:30,unknown,1.0,92.90619374512477,100.0,86.4,95.8,81.9,91.7,755,PREFERRED,1
c68fb906c8f4b4b946d8386bfa6e5467,45,0.022222222222222223,10.92306507201646,2.8895601851851853,100.91466666666666,19.832222222222224,0.24403006978422365,4.5227272727272725,0.07549623347866344,SP,jaboticabal,2018-07-30 17:46:46,housewares,0.9777777777777777,92.90333293133966,97.8,87.6,94.9,93.4,88.1,756,PREFERRED,0
b44dbfbf62e52125f3c15d230569ea91,4,0.0,4.995295138888889,0.0,152.3425,22.422500000000003,0.2251060057177191,4.75,0.12048106069968917,SP,sao paulo,2018-08-10 10:03:27,home_construction,1.0,92.9030489582913,100.0,79.0,98.0,93.9,93.8,757,PREFERRED,1
c447f8dd3ed213f291d65ef074a268eb,7,0.0,11.032149470899471,0.0,93.57142857142857,17.46142857142857,0.2710857851825594,3.7142857142857144,0.02673970512328083,SP,assis,2017-06-19 02:03:15,sports_leisure,1.0,92.90008851945775,100.0,97.0,94.8,92.6,67.9,758,PREFERRED,1
3d49bfdd1b43a7fe169b3740067acc61,3,0.0,8.759347993827161,0.0,71.66666666666667,20.606666666666666,0.29985606060606057,4.666666666666667,0.10337631761292611,MG,montes claros,2018-08-22 13:57:22,construction_tools_construction,1.0,92.89868668070875,100.0,82.3,96.0,91.8,91.7,759,PREFERRED,1
51702dc2a3e106c76dbff722b5bf0726,13,0.0,14.786125356125355,0.0,208.08461538461538,44.76461538461539,0.20834178548494084,4.3076923076923075,0.07074888971350898,SP,conchal,2018-04-29 12:20:23,furniture_decor,1.0,92.89629883107938,100.0,88.5,92.8,94.4,82.7,760,PREFERRED,0
2f9b7ce230a057a98a9f5df5893ee36c,2,0.0,10.458252314814814,0.0,70.91,15.015,0.5315221629031549,4.5,0.07384621617747383,SP,barueri,2017-06-18 16:13:28,housewares,1.0,92.89609429823112,100.0,87.9,95.1,85.2,87.5,761,PREFERRED,1
d1b9d4be4b6f9ebd85f8acd6745ba612,10,0.0,11.264960648148149,0.0,104.02000000000001,17.32,0.17473640352294745,4.5,0.09369285384037718,MG,nova lima,2018-08-21 17:03:40,furniture_decor,1.0,92.89347170720177,100.0,84.1,94.7,95.4,87.5,762,PREFERRED,0
65b081a070633e057c462abdd6fb9dd8,19,0.0,12.037367811890839,0.0,99.21526315789474,23.241052631578945,0.3110781604039328,4.315789473684211,0.0699516092115408,GO,morrinhos,2018-05-07 17:39:18,perfumery,1.0,92.8918936773408,100.0,88.7,94.3,91.5,82.9,763,PREFERRED,0
431050a06a317f2b38168dec3dcd2b46,10,0.0,8.922488425925925,0.0,137.0,20.615000000000002,0.160110725537064,4.5,0.09872929340080325,SP,sao paulo,2018-07-31 14:01:47,health_beauty,1.0,92.87991881925166,100.0,83.2,95.9,95.8,87.5,764,PREFERRED,0
8ae520247981aa06bc94abddf5f46d34,65,0.015384615384615385,10.97949643874644,0.855925925925926,251.09215384615385,22.236153846153844,0.15339359236503822,4.446153846153846,0.08027730768619691,SC,navegantes,2018-08-20 22:45:38,watches_gifts,0.9846153846153847,92.87913081834743,98.5,86.7,94.8,96.0,86.2,765,PREFERRED,0
99cd94252748d2bdde08e17858233602,2,0.0,3.0130844907407406,0.0,79.9,10.760000000000002,0.1346683354192741,4.5,0.11007878431957983,SP,sao paulo,2018-06-21 15:01:12,pet_shop,1.0,92.87819805172585,100.0,81.0,99.0,96.5,87.5,766,PREFERRED,1
97e4a63591ca439a2b8b7efd20e6e19e,5,0.0,6.431298611111112,0.0,69.99,15.709999999999999,0.22446063723389056,4.4,0.09139795268702824,RJ,rio de janeiro,2018-08-16 19:32:56,furniture_living_room,1.0,92.8716650310577,100.0,84.6,97.2,93.9,85.0,767,PREFERRED,1
bd4431c1a8dfa744b59e1e2a8bc99b9e,7,0.0,7.122043650793651,0.0,115.64285714285714,29.155714285714286,0.27422758523501134,4.571428571428571,0.10075623825575224,RJ,rio de janeiro,2018-08-14 12:35:00,health_beauty,1.0,92.86999178146532,100.0,82.8,96.9,92.5,89.3,768,PREFERRED,1
d98eec89afa3380e14463da2aabaea72,165,0.024242424242424242,8.598342662738496,18.71324363425926,41.900181818181814,19.142545454545456,0.507785871290378,4.387195121951219,0.05238350621039207,RS,porto alegre,2018-08-27 10:46:53,fashion_bags_accessories,0.9757575757575757,92.86818078699207,97.6,92.0,96.1,85.9,84.7,769,PREFERRED,0
2f4b9d112bfa44a214bc6cef085d17c8,5,0.0,14.775958333333335,0.0,58.798,23.854000000000003,0.5919283675328472,4.4,0.05592854061364162,ES,afonso claudio,2017-04-16 20:08:33,computers_accessories,1.0,92.86486274035451,100.0,91.4,92.8,83.5,85.0,770,PREFERRED,1
c716e0b86ed568878475b60fbb6323ad,1,0.0,7.47505787037037,0.0,35.0,15.23,0.43514285714285716,5.0,0.1243143403515371,SP,rio de janeiro,2018-03-26 13:11:28,books_general_interest,1.0,92.86369788435661,100.0,78.3,96.7,88.0,100.0,771,PREFERRED,1
dd88d13bea9e4c2bf47daf224f8141e5,1,0.0,5.675613425925926,0.0,458.0,29.38,0.06414847161572053,5.0,0.14933943024982793,RS,lajeado,2018-04-10 23:09:48,furniture_decor,1.0,92.86050063598061,100.0,73.5,97.6,98.5,100.0,772,PREFERRED,1
d3e7d37c0df9aef383f3f2a15b0dddfb,1,0.0,13.07738425925926,0.0,161.0,40.34,0.25055900621118016,5.0,0.12611816125077382,PR,sao jose dos pinhais,2018-07-22 11:50:22,kitchen_dining_laundry_garden_furniture,1.0,92.85560115667509,100.0,77.9,93.7,93.2,100.0,773,PREFERRED,1
b5b800c4065bebf4d3442311c9857344,1,0.0,6.455601851851852,0.0,79.9,8.91,0.11151439299123904,5.0,0.14534376116271008,SP,sao paulo,2018-05-01 12:29:30,health_beauty,1.0,92.85551851258616,100.0,74.2,97.2,97.1,100.0,774,PREFERRED,1
0bb738e4d789e63e2267697c42d35a2d,28,0.03571428571428571,12.086564153439154,9.835717592592593,70.69285714285715,21.132142857142856,0.3992723127953254,4.642857142857143,0.06495792096094423,SP,sao roque,2018-05-13 09:28:31,industry_commerce_and_business,0.9642857142857143,92.85348420502302,96.4,89.6,94.2,89.0,91.1,775,PREFERRED,0
a7b7354cc588f7566a848bcbb1ce3d96,2,0.0,11.876527777777778,0.0,39.9,12.535,0.3141604010025063,4.0,0.04632793388792991,SP,sao paulo,2017-03-23 15:16:21,home_appliances,1.0,92.84361195995704,100.0,93.2,94.3,91.4,75.0,776,PREFERRED,1
dace965ca58120f92f8d742a9fa1864b,8,0.0,8.051372974537037,0.0,180.25,16.47125,0.09259347060228146,4.625,0.11474054120910446,SP,sao paulo,2018-05-19 16:18:30,health_beauty,1.0,92.84237431654444,100.0,80.1,96.4,97.7,90.6,777,PREFERRED,1
f00f5b35d0abcacbdd863672f4bb2c1a,1,0.0,12.155833333333334,0.0,299.0,14.43,0.04826086956521739,4.0,0.06165258735177799,SP,sao paulo,2017-05-27 14:15:33,furniture_decor,1.0,92.84168306154183,100.0,90.3,94.2,98.9,75.0,778,PREFERRED,1
2d34636518ba88f5349b732fcf8ba2e4,1,0.0,10.83261574074074,0.0,150.0,18.63,0.12419999999999999,5.0,0.13772140753858364,SP,sao paulo,2018-04-30 20:25:31,music,1.0,92.83670412239385,100.0,75.7,94.9,96.8,100.0,779,PREFERRED,1
cfd7ddab722b902f7ac5b5f3ba6d723d,12,0.0,5.445188078703704,0.0,282.0858333333333,56.089999999999996,0.3569020541790083,4.75,0.11336541082663355,MG,contagem,2018-08-02 20:52:16,housewares,1.0,92.83421781530869,100.0,80.4,97.8,90.2,93.8,780,PREFERRED,0
55029529919c0123526150bd26ca8f20,7,0.0,8.695739087301588,0.0,64.85,19.268571428571427,0.5436703468112555,4.714285714285714,0.09411644552910145,MG,contagem,2018-08-13 15:07:30,sports_leisure,1.0,92.83412363024723,100.0,84.0,96.0,84.9,92.9,781,PREFERRED,1
bd4889b5e9133b35b66e42a8665cea5c,36,0.0,10.282339248971192,0.0,174.21944444444443,27.35111111111111,0.19417359555216773,4.4,0.08765162287834088,SP,sao paulo,2018-07-24 11:50:06,furniture_decor,1.0,92.83090128640718,100.0,85.3,95.2,94.8,85.0,782,PREFERRED,0
9aa388272ee334b6ae07bc73706e254a,5,0.0,9.55595138888889,0.0,111.58,26.254,0.23333177802045074,5.0,0.13359992744571758,MG,muriae,2018-08-17 00:25:31,bed_bath_table,1.0,92.8260095251539,100.0,76.5,95.6,93.7,100.0,783,PREFERRED,1
cf654707ed6a99f112c7ec3d6f314b8b,3,0.0,5.250501543209876,0.0,252.0,11.18,0.044708994708994705,4.666666666666667,0.12584362556840153,SP,sao paulo,2018-08-14 21:18:48,fashion_bags_accessories,1.0,92.82522474991268,100.0,78.0,97.9,99.0,91.7,784,PREFERRED,1
86ccac0b835037332a596a33b6949ee1,170,0.03529411764705882,12.226574210239653,7.628744212962963,90.63523529411765,22.366352941176473,0.3608959888395784,4.279411764705882,0.0394827408513244,SC,blumenau,2018-07-30 16:32:00,watches_gifts,0.9647058823529412,92.8236342470368,96.5,94.5,94.2,90.1,82.0,785,PREFERRED,0
5cf13accae3222c70a9cac40818ae839,147,0.034013605442176874,10.720689956538171,6.0565138888888885,99.34319727891157,21.134149659863947,0.2133251748075717,4.5,0.06893128589258002,MG,patos de minas,2018-08-23 20:38:24,pet_shop,0.9659863945578231,92.82317652708181,96.6,88.9,95.0,94.3,87.5,786,PREFERRED,0
a425f92c199eb576938df686728acd20,16,0.0,17.149074074074075,0.0,69.14375,18.336875,0.2932074476824752,4.5,0.07839210551912185,PR,curitiba,2018-07-30 12:02:51,furniture_decor,1.0,92.82253699953911,100.0,87.1,91.6,92.0,87.5,787,PREFERRED,0
a9415cf907dfa12f9ed18693244f5329,1,0.0,11.134502314814815,0.0,210.0,175.42,0.8353333333333333,5.0,0.09549944303831215,MG,prados,2018-01-19 16:34:05,kitchen_dining_laundry_garden_furniture,1.0,92.81773465357756,100.0,83.8,94.7,76.6,100.0,788,PREFERRED,1
07017df32dc5f2f1d2801e579548d620,8,0.0,10.079266493055556,0.0,118.31125,22.71875,0.21067479110530035,4.0,0.05602895160620951,PB,joao pessoa,2018-07-29 21:34:43,telephony,1.0,92.81536732521094,100.0,91.3,95.3,94.3,75.0,789,PREFERRED,1
3481aa57cd91f9f9d3fa1fa12d9a3bf7,25,0.0,10.194835185185186,0.0,72.2132,31.178800000000003,0.42736714357261074,3.88,0.03365686838593891,SP,capivari,2017-08-22 11:02:26,furniture_decor,1.0,92.81319706109768,100.0,95.6,95.2,88.2,72.0,790,PREFERRED,0
52f9db5cfb423382a2fa5c9e39303202,21,0.0,10.174080687830687,0.0,58.037142857142854,16.464285714285715,0.3025217097593091,4.285714285714286,0.07297697160777036,SP,echapora,2018-08-02 16:45:33,home_appliances,1.0,92.8065922741893,100.0,88.1,95.3,91.7,82.1,791,PREFERRED,0
f00e21b1e91a79653163b7fd8f293ff1,31,0.03225806451612903,12.971604316009559,32.87413194444444,125.80935483870968,18.418387096774193,0.2093314321941227,4.1,0.0357985096461957,SP,andradas,2017-12-02 18:38:46,toys,0.967741935483871,92.80447491812134,96.8,95.2,93.8,94.4,77.5,792,PREFERRED,0
259f7b5e6e482c230e5bfaa670b6bb8f,135,0.022222222222222223,8.77108359053498,7.421566358024691,62.480666666666664,19.95014814814815,0.3307066028291933,4.380597014925373,0.06494097390322259,SP,poa,2018-08-27 13:59:44,bed_bath_table,0.9777777777777777,92.80123221865846,97.8,89.6,96.0,90.9,84.5,793,PREFERRED,0
76833248bbc0e65a0293ec62023e4396,2,0.0,18.68045138888889,0.0,1199.99,115.35,0.12792598042919134,5.0,0.1254040153724062,SP,birigui,2017-11-17 10:22:53,industry_commerce_and_business,1.0,92.79229393656196,100.0,78.1,90.7,96.7,100.0,794,PREFERRED,1
edb58a1390adf273840030a3d6253829,1,0.0,5.503541666666667,0.0,39.9,18.38,0.4606516290726817,5.0,0.12759761427127908,SP,piracicaba,2018-08-25 11:15:44,home_appliances,1.0,92.79076107724235,100.0,77.6,97.7,87.2,100.0,795,PREFERRED,1
c18309219e789960add0b2255ca4b091,1,0.0,14.187407407407408,0.0,9.9,14.1,1.424242424242424,5.0,0.056262574244662245,RJ,rio de janeiro,2017-12-05 13:49:27,telephony,1.0,92.78382964200875,100.0,91.3,93.1,59.9,100.0,796,PREFERRED,1
98f52e1020fe788c10c0418de4393fec,1,0.0,9.267129629629629,0.0,21.6,15.1,0.699074074074074,4.0,0.029112107381851784,RJ,macae,2017-08-09 15:16:29,sports_leisure,1.0,92.78370324565648,100.0,96.5,95.7,80.5,75.0,797,PREFERRED,1
3d2400ac620cffa23ac81bd192f7f555,1,0.0,7.352754629629629,0.0,105.0,8.9,0.08476190476190476,5.0,0.14696946947846068,SP,sao bernardo do campo,2018-08-13 13:36:05,costruction_tools_tools,1.0,92.78220501905928,100.0,73.9,96.7,97.9,100.0,798,PREFERRED,1
dd8a29ce82d5c705ba932d81494600a5,2,0.0,8.930642361111111,0.0,102.875,13.75,0.13056049535603714,3.5,0.024300835356172314,SP,sao paulo,2017-09-01 16:13:42,market_place,1.0,92.77923105175337,100.0,97.4,95.9,96.6,62.5,799,PREFERRED,1
c3f5668699a1b04c0fa61ecea1e2bff6,3,0.0,12.12863811728395,0.0,135.93666666666667,35.70666666666667,0.2616256569093056,5.0,0.12863669153592763,PR,apucarana,2018-08-02 20:20:53,perfumery,1.0,92.77896427010462,100.0,77.4,94.2,92.9,100.0,800,PREFERRED,1
5c030029b5916fed0986310385ec9009,7,0.0,6.232266865079366,0.0,594.9142857142857,130.78571428571428,0.21444049436228946,4.857142857142857,0.13014944308359624,SC,sao jose,2018-08-20 14:44:08,housewares,1.0,92.77350143488225,100.0,77.1,97.3,94.2,96.4,801,PREFERRED,1
910a922b426b7ff95eaee129ad6c0e1f,2,0.0,14.63134837962963,0.0,59.9,15.58,0.2601001669449082,5.0,0.12474058911438127,SP,sao jose do rio preto,2018-04-11 21:06:07,sports_leisure,1.0,92.77097051885906,100.0,78.2,92.9,92.9,100.0,802,PREFERRED,1
0bebbb2cea103a4a020c95d43fd7d754,9,0.0,5.9149704218106995,0.0,151.91111111111113,16.348888888888887,0.120636074843089,4.888888888888889,0.13877044163010693,SP,sao paulo,2018-08-28 12:48:50,health_beauty,1.0,92.77090359065689,100.0,75.5,97.5,96.9,97.2,803,PREFERRED,1
612a743d294c27884fb7b80d2b19ba35,2,0.0,9.794849537037036,0.0,1528.8500000000001,52.225,0.2568230705729407,4.5,0.09402228912616273,PR,curitiba,2018-08-15 14:50:52,furniture_decor,1.0,92.76164578822495,100.0,84.1,95.5,93.0,87.5,804,PREFERRED,1
94e93ce877be27a515118dbfd2c2be41,29,0.0,13.608297014687102,0.0,187.46827586206896,29.429655172413796,0.23210803195542928,4.035714285714286,0.05292926862433255,SP,votuporanga,2017-09-13 09:21:17,housewares,1.0,92.75638846366601,100.0,91.9,93.4,93.7,75.9,805,PREFERRED,0
e94b64dc6979b302a5a5be1662c83bb6,2,0.0,9.009612268518518,0.0,153.445,15.870000000000001,0.10982172501063805,5.0,0.14333312288503602,SP,itapecerica da serra,2018-07-03 19:34:23,construction_tools_lights,1.0,92.75358148288036,100.0,74.6,95.9,97.2,100.0,806,PREFERRED,1
8ab42aa58097fd4668d60cc648225d5f,19,0.0,10.646656920077973,0.0,135.51315789473685,29.240000000000002,0.37809797946202245,4.368421052631579,0.0753199152902922,GO,goiania,2018-08-03 12:58:11,bed_bath_table,1.0,92.7524489476162,100.0,87.7,95.0,89.6,84.2,807,PREFERRED,0
fac1a9017ade7bdc94058fc1c969f355,9,0.0,7.714949845679012,0.0,223.42666666666665,23.563333333333333,0.27409325877615726,4.666666666666667,0.10971283775985881,SP,sao paulo,2018-08-17 14:01:36,computers_accessories,1.0,92.7512326931868,100.0,81.1,96.6,92.5,91.7,808,PREFERRED,1
2c9005d8043aff18b8557ffb7b13cda4,1,0.0,7.852303240740741,0.0,109.9,19.74,0.17961783439490445,5.0,0.1412034475682615,ES,cachoeiro de itapemirim,2018-05-07 21:00:33,furniture_decor,1.0,92.74958415951308,100.0,75.0,96.5,95.2,100.0,809,PREFERRED,1
ba89796db68db180bd389de96b2ff3b6,2,0.0,8.601232638888888,0.0,154.9,21.73,0.18043791807207024,5.0,0.13997191597724495,SP,sao paulo,2018-07-29 10:00:52,cine_photo,1.0,92.74671424356676,100.0,75.3,96.1,95.2,100.0,810,PREFERRED,1
1710c3aaa9c6b44ec3883ee0fe300e21,2,0.0,6.127557870370371,0.0,594.45,18.825000000000003,0.03892405842834072,5.0,0.1524760350040682,SP,sao caetano do sul,2018-05-02 13:13:23,electronics,1.0,92.74585881082125,100.0,72.9,97.4,99.2,100.0,811,PREFERRED,1
9c1c0c36cd23c20897e473901a8fb149,6,0.0,6.220837191358025,0.0,90.82833333333333,28.67833333333333,0.37466922894061744,5.0,0.13249361704743345,SP,praia grande,2018-08-23 19:57:47,food_drink,1.0,92.74313265070046,100.0,76.7,97.3,89.7,100.0,812,PREFERRED,1
4125d9385a25e82d2f72d3a0fd55bc3f,1,0.0,8.990208333333333,0.0,42.9,18.4,0.42890442890442887,5.0,0.12470574081493005,SP,santos,2018-08-01 16:28:34,housewares,1.0,92.7421733919255,100.0,78.2,95.9,88.1,100.0,813,PREFERRED,1
141440cad9341e553f8401c574a2aa38,11,0.0,6.661177398989898,0.0,117.10909090909091,26.436363636363637,0.2861191725280371,4.454545454545454,0.09437126672763772,PR,pitanga,2018-08-14 02:08:11,drinks,1.0,92.74050507495026,100.0,84.0,97.1,92.2,86.4,814,PREFERRED,0
b9a03475e6447e631b6799ec8274800f,10,0.0,10.848541666666666,0.0,134.91,29.498,0.27092387280738206,4.2,0.06840994634620419,PR,formosa do oeste,2018-07-28 19:42:23,christmas_supplies,1.0,92.74002030879439,100.0,89.0,94.9,92.6,80.0,815,PREFERRED,0
dbbcfe2c8d026742134ac3e28ccde274,4,0.0,8.287314814814815,0.0,77.14750000000001,13.594999999999999,0.3823692415684663,4.0,0.05043676490081027,PR,curitiba,2018-06-06 10:11:30,sports_leisure,1.0,92.7385792267509,100.0,92.4,96.3,89.5,75.0,816,PREFERRED,1
c3aad7dc65449ae90a5e9c3c6c1e78e0,6,0.0,7.48622299382716,0.0,85.0,21.72666666666667,0.2629074074074074,4.666666666666667,0.11118282890694746,SP,auriflama/sp,2018-08-23 00:23:11,party_supplies,1.0,92.73072904990568,100.0,80.8,96.7,92.9,91.7,817,PREFERRED,1
6b89abe95848c850399130d149a39b63,8,0.0,11.262706886574074,0.0,141.9,41.31625,0.29524587506285477,4.375,0.08029539634384347,GO,piracanjuba,2018-04-13 15:55:02,unknown,1.0,92.72485110620113,100.0,86.7,94.7,91.9,84.4,818,PREFERRED,1
2d20f1cd18725c91147da0791d498022,1,0.0,9.953344907407407,0.0,99.8,19.89,0.19929859719438878,5.0,0.13718412885334286,PR,londrina,2018-08-11 14:06:52,housewares,1.0,92.71925570095938,100.0,75.8,95.4,94.7,100.0,819,PREFERRED,1
296729ffb9b684050dd24836dac4494a,2,0.0,7.2698784722222225,0.0,57.0,17.805,0.31231895223420647,5.0,0.13506732124801987,SP,curitiba,2018-08-02 19:54:25,bed_bath_table,1.0,92.71333503286313,100.0,76.2,96.8,91.4,100.0,820,PREFERRED,1
bc30de0d71bd6260b936a026b5cf7200,3,0.0,12.237530864197531,0.0,130.79,30.159999999999997,0.19381375314799285,4.666666666666667,0.1078861710149982,SP,pedreira,2018-04-26 13:47:17,housewares,1.0,92.70695739028073,100.0,81.4,94.2,94.8,91.7,821,PREFERRED,1
403aa86912527d730337ffcb0fb096ab,11,0.0,10.995046296296296,0.0,814.5354545454545,18.60181818181818,0.04707276021090139,4.0,0.06651078430607188,MG,belo horizonte,2017-11-15 14:31:58,telephony,1.0,92.70458003280642,100.0,89.3,94.8,99.0,75.0,822,PREFERRED,0
d1c7fa84e48cfa21a0e595167c1c500e,11,0.0,12.296719276094278,0.0,101.92545454545456,26.17,0.32904523983775297,4.545454545454546,0.09057094169596486,RS,jacutinga,2018-07-23 15:59:52,garden_tools,1.0,92.69359285843977,100.0,84.7,94.1,91.0,88.6,823,PREFERRED,0
bba74270a87732727b5a3b4fd9ac1c39,35,0.0,9.715594576719576,0.0,170.41714285714286,21.249714285714287,0.23682745303887742,4.057142857142857,0.06221506084815397,MG,betim,2018-05-31 13:18:45,sports_leisure,1.0,92.68796077878868,100.0,90.2,95.5,93.6,76.4,824,PREFERRED,0
41b14765bd56c8ad10971074380f9c0c,8,0.0,7.047965856481481,0.0,49.4375,14.891250000000001,0.3072693947144075,4.625,0.1069415262690421,SP,santo andre,2018-07-29 00:48:48,computers_accessories,1.0,92.68665622891568,100.0,81.6,96.9,91.6,90.6,825,PREFERRED,1
41c9d3997dd3c072c31139dc5bb5761f,3,0.0,22.206986882716052,0.0,332.93333333333334,37.24666666666667,0.110587210495952,4.333333333333333,0.070728420425107,MG,araxa,2017-03-05 14:28:33,stationery,1.0,92.68077471190537,100.0,88.5,88.9,97.2,83.3,826,PREFERRED,1
889009a0ed0bb52c87819941192931b8,1,0.0,12.207511574074074,0.0,89.9,33.08,0.36796440489432697,4.0,0.046042683939446126,SP,lencois paulista,2017-06-01 11:59:38,health_beauty,1.0,92.67828420541835,100.0,93.3,94.2,89.9,75.0,827,PREFERRED,1
89a51f50b8095ea78d5768f34c13a76f,10,0.0,7.424040509259259,0.0,67.716,17.71,0.5278736786411119,4.7,0.09936718413211253,DF,brasilia,2018-07-31 20:54:09,perfumery,1.0,92.67491426978862,100.0,83.0,96.7,85.3,92.5,828,PREFERRED,0
42ef3192a9ff87a22d1867b74b3ee205,23,0.0,9.308129528985507,0.0,58.87347826086956,13.125217391304348,0.4220272624649422,4.6521739130434785,0.09884538535503493,SP,santo andre,2018-08-02 19:25:36,toys,1.0,92.67111472497696,100.0,83.1,95.7,88.3,91.3,829,PREFERRED,0
bd149ed516d4c5d418d5781f8e18919f,8,0.0,8.387290219907406,0.0,51.75,17.7425,0.4177220633463894,4.875,0.11817462746227816,SP,guarulhos,2018-08-23 23:04:04,furniture_decor,1.0,92.6660215074755,100.0,79.4,96.2,88.5,96.9,830,PREFERRED,1
262237171f48e85819065498cac80d7b,4,0.0,11.070480324074072,0.0,149.75,37.5,0.2575959933222037,4.25,0.07433992371528331,SC,brusque,2018-08-02 22:27:23,sports_leisure,1.0,92.66356906422348,100.0,87.8,94.8,93.0,81.2,831,PREFERRED,1
3f0e48d209018b466fcd3bb4ccfeb520,9,0.0,9.594345421810699,0.0,599.8888888888889,28.42222222222222,0.04645425686422684,3.888888888888889,0.06105426870226401,PR,curitiba,2018-01-21 16:56:40,pet_shop,1.0,92.6624812806073,100.0,90.4,95.6,99.0,72.2,832,PREFERRED,1
3f995f07c49d0d55a99d5c54957f7d81,43,0.023255813953488372,9.59438630490956,8.823148148148148,91.99302325581395,15.616279069767442,0.18361819031346277,4.209302325581396,0.06108965352821461,SP,itapecerica da serra,2018-08-20 23:06:39,auto,0.9767441860465116,92.65915467846688,97.7,90.4,95.6,95.1,80.2,833,PREFERRED,0
b274baf5bbd142410eb2958cf685d684,7,0.0,6.354259259259259,0.0,83.7,21.238571428571426,0.252311398090996,4.285714285714286,0.08543099525216738,RS,montenegro,2018-07-20 11:33:51,toys,1.0,92.65608431304528,100.0,85.7,97.3,93.2,82.1,834,PREFERRED,1
761681a821d8275bc79f552116d06869,3,0.0,8.154621913580245,0.0,118.30666666666667,53.326666666666675,0.4344189037133844,5.0,0.12762319812372033,SP,sao paulo,2018-07-25 12:02:27,garden_tools,1.0,92.65318018359633,100.0,77.6,96.3,88.0,100.0,835,PREFERRED,1
b8114f2f589a6804810f04f99b36b498,8,0.0,4.987507233796296,0.0,174.9525,36.55125,0.20768548299665726,4.75,0.12675782450392004,SP,sao bernardo do campo,2018-08-17 10:28:31,housewares,1.0,92.65236178809681,100.0,77.8,98.0,94.4,93.8,836,PREFERRED,1
6235903333ba7de1928c869e268e5964,1,0.0,4.974247685185185,0.0,94.06,41.42,0.44035721879651285,5.0,0.13269148247485046,SC,treze tilias,2018-05-13 18:19:47,drinks,1.0,92.64637174815026,100.0,76.7,98.0,87.8,100.0,837,PREFERRED,1
ade45994b717ccee333492330fbf037b,10,0.0,8.410002314814815,0.0,719.6,28.363,0.04075214131511795,4.5,0.11153345682788182,PR,umuarama,2018-08-15 18:26:46,telephony,1.0,92.64587860475564,100.0,80.7,96.2,99.2,87.5,838,PREFERRED,0
2dee2ce60de9709b1a24083217181a1f,54,0.018518518518518517,14.143901963305897,4.883356481481481,144.15740740740742,38.14925925925926,0.2732869789450714,4.425925925925926,0.06896083863350445,MT,sinop,2018-06-28 14:29:37,perfumery,0.9814814814814815,92.64397049246652,98.1,88.9,93.1,92.6,85.6,839,PREFERRED,0
a2fa0bdc798ee84cdb08281337cf4fb6,8,0.0,18.204419849537036,0.0,44.3575,23.38875,0.6706982958069264,4.75,0.07761961211427051,SC,florianopolis,2018-01-15 09:33:40,books_general_interest,1.0,92.64194484956778,100.0,87.2,91.0,81.3,93.8,840,PREFERRED,1
c2bda99904207edd1834f03e0022b007,1,0.0,12.421550925925926,0.0,39.9,7.78,0.1949874686716792,4.0,0.05669341101224854,SP,sao paulo,2017-09-27 09:25:55,books_general_interest,1.0,92.64180476601001,100.0,91.2,94.1,94.8,75.0,841,PREFERRED,1
ccada0ef508e698917a6eab263375905,3,0.0,9.912824074074074,0.0,57.6,19.72,0.492185182189171,3.6666666666666665,0.017167267074896853,PR,pato bragado,2017-10-05 17:01:01,unknown,1.0,92.64175875127214,100.0,98.8,95.4,86.3,66.7,842,PREFERRED,1
334cab711dee080b079fa5779b584783,10,0.0,8.731944444444444,0.0,82.2,29.303999999999995,0.5090503864872602,4.9,0.11474445025914333,SP,santo andre,2018-08-09 18:06:43,furniture_decor,1.0,92.63755904202623,100.0,80.1,96.0,85.9,97.5,843,PREFERRED,0
34f563c82a85b99ae9e6d60db5fc2e28,7,0.0,10.867852182539682,0.0,301.7714285714286,20.985714285714288,0.0900979354322619,4.714285714285714,0.12148580532644242,RS,campo bom,2018-08-04 12:34:43,musical_instruments,1.0,92.6371438948969,100.0,78.8,94.9,97.8,92.9,844,PREFERRED,1
5cbbd5a299cab112b7bf23862255e43e,34,0.0,11.072570465686274,0.0,77.52470588235295,19.716470588235296,0.4138260094743207,4.352941176470588,0.07377758370355285,PR,pinhais,2018-08-16 15:45:56,housewares,1.0,92.63304785960511,100.0,87.9,94.8,88.6,83.8,845,PREFERRED,0
d63f306de130e0391d38a792541723b8,1,0.0,3.3584722222222223,0.0,49.0,7.6,0.15510204081632653,5.0,0.15260629015543328,SP,sao paulo,2018-08-20 10:09:33,auto,1.0,92.63012167357368,100.0,72.8,98.9,95.9,100.0,846,PREFERRED,1
2fa13c8bd5705d279f7ed5cc9ec61c68,2,0.0,4.554305555555556,0.0,43.7,30.65,0.6009794787863527,5.0,0.12424368629779356,SP,sao paulo,2018-07-10 17:52:57,health_beauty,1.0,92.62873196617728,100.0,78.3,98.2,83.3,100.0,847,PREFERRED,1
257e61d3251fb5efb9daadddbc2cf7ca,12,0.0,8.095081018518519,0.0,644.0833333333334,89.765,0.1468155085047283,4.75,0.12575338966344646,PR,apucarana,2018-08-15 16:12:57,baby,1.0,92.62612414507005,100.0,78.0,96.4,96.1,93.8,848,PREFERRED,0
54aa8463e87776b5612f4bdc4bd5d4de,7,0.0,13.480618386243387,0.0,92.75714285714285,17.647142857142857,0.30414162230072506,3.857142857142857,0.03773582627072405,MG,belo horizonte,2017-02-21 10:53:34,fixed_telephony,1.0,92.62045745266133,100.0,94.9,93.5,91.7,71.4,849,PREFERRED,1
33cbbec1e7e1044aaf11d152172c776f,15,0.0,8.429000771604938,0.0,48.71133333333333,26.588666666666665,0.5700084051288902,4.733333333333333,0.09911682385910724,RS,bento goncalves,2018-08-18 13:56:19,small_appliances,1.0,92.61243857617613,100.0,83.1,96.2,84.1,93.3,850,PREFERRED,0
a0415d9b25ede3c4b1e477e9916ffc03,9,0.0,8.927204218106997,0.0,393.79999999999995,20.54888888888889,0.07599469896569593,4.222222222222222,0.08755046166908304,RJ,nova iguacu,2018-01-09 11:53:29,watches_gifts,1.0,92.61218383333389,100.0,85.3,95.9,98.2,80.6,851,PREFERRED,1
365e4bce19bda0082c3d15d83fdb8bcd,6,0.0,10.377220293209875,0.0,132.73333333333332,16.436666666666667,0.23189316843443164,4.666666666666667,0.11076638392015607,SP,sao caetano do sul,2018-06-29 23:18:47,sports_leisure,1.0,92.60881903374025,100.0,80.9,95.1,93.7,91.7,852,PREFERRED,1
f615fe7efbef0f4f08fd3086bc7a3e60,19,0.10526315789473684,8.147284356725146,6.588460648148148,100.87736842105264,17.053684210526313,0.20643813151987345,4.631578947368421,0.03638631141350318,SP,atibaia,2017-10-09 20:20:21,toys,0.8947368421052632,92.60635940103796,89.5,95.1,96.3,94.5,90.8,853,PREFERRED,0
eeb6de78f79159600292e314a77cbd18,82,0.036585365853658534,12.164498786133695,34.19699074074074,530.62,36.53719512195122,0.10402528761870639,4.439024390243903,0.07095359721695635,SC,lages,2018-08-11 08:30:03,garden_tools,0.9634146341463414,92.60296582569067,96.3,88.5,94.2,97.4,86.0,854,PREFERRED,0
91543f9849d68d023e17194926598543,4,0.0,12.869427083333333,0.0,208.5,66.6425,0.2771127143840983,4.5,0.09107681939538333,SC,blumenau,2018-02-22 17:20:48,furniture_decor,1.0,92.60072945105617,100.0,84.6,93.8,92.4,87.5,855,PREFERRED,1
6426d21aca402a131fc0a5d0960a3c90,23,0.043478260869565216,10.963011272141706,0.49074074074074076,52.593043478260874,16.703478260869566,0.3690497707395707,4.173913043478261,0.03157672570264265,SP,ribeirao preto,2017-10-02 21:37:12,bed_bath_table,0.9565217391304348,92.59770335902924,95.7,96.0,94.8,89.8,79.3,856,PREFERRED,0
2eeb6531ee027a48d401e72bebdd87d3,3,0.0,12.211415895061728,0.0,12.9,13.333333333333334,1.113997113997114,4.333333333333333,0.029734641024475362,SP,sao jose dos campos,2017-02-14 19:12:38,perfumery,1.0,92.59235609969845,100.0,96.4,94.2,68.7,83.3,857,PREFERRED,1
a3a38f4affed601eb87a97788c949667,249,0.04819277108433735,12.550501496727652,14.843903356481484,106.39004016064258,20.71574297188755,0.23673668902881248,4.4089068825910935,0.05183971101455493,SC,joinville,2018-08-23 11:43:36,toys,0.9518072289156626,92.59229159773253,95.2,92.2,94.0,93.6,85.2,858,PREFERRED,0
0015a82c2db000af6aaaf3ae2ecb0532,3,0.0,10.793885030864198,0.0,895.0,21.02,0.02348603351955307,3.6666666666666665,0.04449864173277788,SP,santo andre,2017-10-18 08:16:34,small_appliances,1.0,92.59217868099132,100.0,93.6,94.9,99.6,66.7,859,PREFERRED,1
24a6daf925d9d591870a66660416de31,2,0.0,13.617193287037036,0.0,30.0,15.04,0.5054393770856508,4.5,0.07649808479486152,SP,robeirao preto,2018-05-06 20:33:11,books_general_interest,1.0,92.59187276481032,100.0,87.4,93.4,86.0,87.5,860,PREFERRED,1
26e13b6ff5b641b329e5524241ee2c93,3,0.0,6.965096450617284,0.0,29.933333333333334,14.683333333333332,0.49040096618357487,5.0,0.12762644458024822,SP,franca,2018-08-20 22:18:00,fashion_bags_accessories,1.0,92.58874892227519,100.0,77.6,97.0,86.4,100.0,861,PREFERRED,1
960945e1a9535cbc0cd6ddd35fbe7ae8,28,0.0,6.186472387566137,0.0,122.91178571428573,18.303571428571427,0.18935032376784428,4.642857142857143,0.11883676719409289,SP,sao paulo,2018-08-26 10:08:49,construction_tools_construction,1.0,92.58679538739472,100.0,79.3,97.4,94.9,91.1,862,PREFERRED,0
74a9b9bddf14ece02beb81f52c41a88d,1,0.0,20.943726851851853,0.0,60.0,17.7,0.295,5.0,0.11609749235536299,SP,sao paulo,2018-02-07 20:57:16,cool_stuff,1.0,92.5841405907517,100.0,79.8,89.5,91.9,100.0,863,PREFERRED,1
ca77545ca4d2dfd1431bf61334e2fa3c,6,0.0,13.239241898148146,0.0,126.66666666666667,35.61833333333333,0.27461607454085324,4.666666666666667,0.10415169442974583,PR,maringa,2018-04-24 15:34:22,sports_leisure,1.0,92.57694972425608,100.0,82.1,93.6,92.5,91.7,864,PREFERRED,1
bbf9ad41dca6603e614efcdad7aab8c4,14,0.0,13.931492228835978,0.0,560.4285714285714,55.44714285714286,0.10334184059479988,4.5,0.10025334917952268,CE,fortaleza,2018-06-23 18:22:41,health_beauty,1.0,92.56970760952188,100.0,82.9,93.3,97.4,87.5,865,PREFERRED,0
6d22a1fcebb6dd08c9cd90b92a93e8d0,12,0.0,15.403934220679012,0.0,62.800000000000004,19.5275,0.3726253970604542,4.25,0.06237945107656034,SC,joinville,2018-01-26 14:27:45,health_beauty,1.0,92.56565441666464,100.0,90.1,92.5,89.7,81.2,866,PREFERRED,0
f12d3c2a14729ae461b920c11fe20fdc,9,0.0,5.310752314814815,0.0,40.49444444444444,10.541111111111112,0.33989483795614067,4.444444444444445,0.09643977734170914,SP,santo andre,2018-07-31 20:56:04,furniture_decor,1.0,92.5582961521953,100.0,83.6,97.8,90.7,86.1,867,PREFERRED,1
57df9869a600bd6b7c405f2a862eccfb,5,0.0,7.28955324074074,0.0,25.0,14.442000000000002,0.5776800000000001,4.4,0.07560526762708933,MG,santa rita do sapucai,2018-08-14 18:05:19,housewares,1.0,92.55778414021339,100.0,87.6,96.8,83.9,85.0,868,PREFERRED,1
6b1c4d4d9ccf0be3d8544eb0e71e5318,1,0.0,12.218310185185185,0.0,1699.0,60.04,0.035338434373160685,5.0,0.14655511699042656,RS,porto alegre,2018-03-21 14:29:14,computers_accessories,1.0,92.55543135239913,100.0,74.0,94.2,99.3,100.0,869,PREFERRED,1
768de2a4fc06aacecb9a586ccc30746a,13,0.0,14.864153311965813,0.0,34.05384615384615,17.00076923076923,0.4991118338759257,4.384615384615385,0.06666311809213071,DF,brasilia,2018-05-18 10:33:52,cool_stuff,1.0,92.54921157348413,100.0,89.3,92.8,86.1,84.6,870,PREFERRED,0
bd43e172d599bed47a85da877172ca8c,1,0.0,12.473587962962963,0.0,23.92,18.27,0.7637959866220735,5.0,0.10313420101426538,SC,sao bento do sul,2018-07-17 23:29:45,bed_bath_table,1.0,92.54845322839684,100.0,82.3,94.0,78.6,100.0,871,PREFERRED,1
333c4210e76a1aa2ab817b99437e3ff1,2,0.0,7.161348379629629,0.0,167.5,33.715,0.6166266098313078,5.0,0.12068351285188461,SP,vargem grande do sul,2018-08-10 10:31:43,auto,1.0,92.54761691697144,100.0,79.0,96.8,82.8,100.0,872,PREFERRED,1
f435898e493ba0356019a0b1cb8b55b1,10,0.0,10.871199074074074,0.0,67.426,24.184,0.6435448001561916,4.4,0.06605072645932134,PR,curitiba,2018-05-25 10:23:03,auto,1.0,92.5438844162225,100.0,89.4,94.9,82.0,85.0,873,PREFERRED,0
d8c7ba53e7e38711eaef8c2849d6d2e1,22,0.0,8.109704335016835,0.0,54.89863636363636,27.88,0.6352328912307187,4.5,0.07905458263046355,PR,floresta,2018-08-21 06:58:44,baby,1.0,92.53898824382293,100.0,86.9,96.3,82.3,87.5,874,PREFERRED,0
1c5e4e49b9079480255b49d50aac1aa9,12,0.0,8.798226273148147,0.0,847.7591666666667,74.13416666666667,0.12020450020654228,4.333333333333333,0.09540466300322425,SP,santos,2018-08-05 04:43:04,bed_bath_table,1.0,92.5373333596673,100.0,83.8,96.0,96.9,83.3,875,PREFERRED,0
a56a8043ebf66e42119618fb8cf232c6,1,0.0,10.828888888888889,0.0,83.0,23.73,0.28590361445783136,5.0,0.134420404968037,SC,joinville,2018-08-03 22:23:06,computers_accessories,1.0,92.53630194970329,100.0,76.3,94.9,92.2,100.0,876,PREFERRED,1
876182d1918783bbe15233febfbd4926,3,0.0,9.279259259259259,0.0,40.089999999999996,11.576666666666668,0.325754104240421,4.0,0.05642569996754537,SP,sao paulo,2018-02-27 22:26:24,computers_accessories,1.0,92.53341244517097,100.0,91.3,95.7,91.1,75.0,877,PREFERRED,1
5a9b3bcab695173c820e53934574ae80,1,0.0,7.143958333333333,0.0,139.0,64.77,0.4659712230215827,5.0,0.12996126003370842,SP,salto,2018-07-27 16:36:49,furniture_decor,1.0,92.53198194526068,100.0,77.2,96.9,87.1,100.0,878,PREFERRED,1
4965a7002cca77301c82d3f91b82e1a9,1,0.0,6.269537037037037,0.0,8.49,7.87,0.9269729093050648,5.0,0.10411805700848736,SP,sorocaba,2018-04-21 09:36:56,pet_shop,1.0,92.53157377910387,100.0,82.1,97.3,74.0,100.0,879,PREFERRED,1
a1040efe9ff4a6f93c28b0499eada8f5,1,0.0,17.278831018518517,0.0,1658.83,34.48,0.02078573452373058,5.0,0.13956672301007964,SP,jundiai,2018-02-03 14:07:04,construction_tools_safety,1.0,92.529187497544,100.0,75.3,91.5,99.7,100.0,880,PREFERRED,1
2199e7fe213c16213bf5d6a7eadc9a5d,24,0.041666666666666664,10.778349247685185,4.093344907407407,156.97041666666667,22.575416666666666,0.20412989954352864,4.375,0.06025183517522709,SP,registro,2018-08-20 08:13:17,furniture_decor,0.9583333333333334,92.52393823996105,95.8,90.5,94.9,94.5,84.4,881,PREFERRED,0
08d1c9478fb0d7d7fcac9c0da4e82fc7,1,0.0,10.392372685185185,0.0,538.0,67.57,0.12559479553903344,5.0,0.14492215669651423,MG,belo horizonte,2018-06-12 08:29:53,furniture_decor,1.0,92.52274003013169,100.0,74.3,95.1,96.7,100.0,882,PREFERRED,1
e88f7a2995ba184710d339c5c4bf2e30,2,0.0,10.833229166666667,0.0,125.8,17.955,0.14272655007949125,5.0,0.14318234347471295,SP,votuporanga,2018-04-26 10:43:55,pet_shop,1.0,92.52243224449893,100.0,74.6,94.9,96.3,100.0,883,PREFERRED,1
98115075dd26cb8835946fc6086f5d30,4,0.0,4.25859375,0.0,108.74000000000001,14.06,0.13525331976408428,4.75,0.1349919676469464,SP,ao bernardo do campo,2018-08-16 15:02:07,furniture_decor,1.0,92.52133338235143,100.0,76.2,98.4,96.5,93.8,884,PREFERRED,1
866558b3bccef2dbc6d29a2b5995016f,5,0.0,11.550611111111111,0.0,303.88,70.27000000000001,0.6523743387715542,4.8,0.09653961934741491,PR,arapongas,2018-07-20 17:57:36,furniture_decor,1.0,92.5039862457103,100.0,83.6,94.5,81.8,95.0,885,PREFERRED,1
acf974e4d5950ad143a247471b831eb9,5,0.0,11.84618287037037,0.0,91.74000000000001,69.212,0.8041560310100231,4.75,0.08332250185996484,RS,caxias do sul,2017-10-30 13:27:55,unknown,1.0,92.49555406202646,100.0,86.1,94.4,77.5,93.8,886,PREFERRED,1
612170e34b97004b3ba37eae81836b4c,106,0.018867924528301886,11.016334730957373,1.232002314814815,216.72188679245284,21.40679245283019,0.1576930979683575,4.433962264150943,0.08450793211065595,RS,novo hamburgo,2018-08-22 10:02:13,watches_gifts,0.9811320754716981,92.49366407419846,98.1,85.9,94.8,95.8,85.8,887,PREFERRED,0
8603f0038fe0e52fedd3382d266723de,10,0.0,21.26354513888889,0.0,235.5,49.012,0.21331917856132082,4.4,0.07542061610011089,SC,garopaba,2018-01-24 17:02:52,home_appliances_2,1.0,92.4894535855786,100.0,87.6,89.4,94.3,85.0,888,PREFERRED,0
3d621842b2ed28e2b474132480edac3c,8,0.0,9.898842592592594,0.0,109.24125000000001,15.40125,0.6349073018802955,4.625,0.08697644858287219,SP,sao paulo,2017-11-30 20:18:51,auto,1.0,92.48684074777971,100.0,85.4,95.4,82.3,90.6,889,PREFERRED,1
73a63f72308aa20a46f4b1632018f196,25,0.0,12.019214814814816,0.0,299.554,36.8868,0.20031341756260146,4.208333333333333,0.07663095077988413,PR,curitiba,2018-08-01 14:47:50,garden_tools,1.0,92.48466066580659,100.0,87.4,94.3,94.6,80.2,890,PREFERRED,0
b5dd7151a92ccaaa282cbe9681a05f44,1,0.0,13.437083333333334,0.0,85.0,18.7,0.22,5.0,0.13509369044745662,SP,ribeirao preto,2018-07-18 10:09:15,sports_leisure,1.0,92.4836701196014,100.0,76.2,93.5,94.1,100.0,891,PREFERRED,1
3969863bb8af7f72580b3b1ffd3a17b3,10,0.0,10.00020949074074,0.0,52.826,15.142,0.29109989372585476,4.3,0.08194211174266526,SP,sao paulo,2018-08-14 16:18:52,sports_leisure,1.0,92.47685120774291,100.0,86.4,95.3,92.1,82.5,892,PREFERRED,0
8fb67a334bacec338885b4e9e1708073,1,0.0,8.214791666666667,0.0,59.9,38.52,0.6430717863105176,5.0,0.11902444243563365,PR,toledo,2018-07-15 12:57:04,furniture_decor,1.0,92.46830367846549,100.0,79.3,96.3,82.1,100.0,893,PREFERRED,1
efcd8d2104f1a05d028af7bad20d974b,43,0.023255813953488372,10.156973514211886,6.600856481481482,54.63953488372093,18.53139534883721,0.3494029699820226,4.348837209302325,0.06526361777462535,SP,aracatuba,2018-08-22 03:16:24,fashion_bags_accessories,0.9767441860465116,92.46724844008256,97.7,89.6,95.3,90.4,83.7,894,PREFERRED,0
09bad886111255c5b5030314fc7f1a4a,5,0.0,6.468912037037036,0.0,97.5,14.572,0.14945641025641027,5.0,0.15129091473548167,SP,sao paulo,2018-08-27 19:37:48,art,1.0,92.46184629933977,100.0,73.1,97.2,96.1,100.0,895,PREFERRED,1
7722b1df1b0e383e000397b2c11e3e19,127,0.031496062992125984,8.525774369349664,4.571872106481481,54.357165354330704,15.969291338582677,0.36612829975899663,4.267716535433071,0.054769620096749766,SP,sao bernardo do campo,2018-08-27 16:57:10,housewares,0.9685039370078741,92.45967871346372,96.9,91.6,96.1,89.9,81.7,896,PREFERRED,0
0ef83d7d83ed97cd2a0049ac8be5f88a,46,0.021739130434782608,9.34490413647343,11.742037037037036,88.82869565217392,21.250217391304346,0.26706862634300743,4.2444444444444445,0.06465502004600407,PR,curitiba,2018-08-28 13:29:17,health_beauty,0.9782608695652174,92.45622626277155,97.8,89.7,95.7,92.7,81.1,897,PREFERRED,0
f1fd5ab1181f827ffad998c1a5de7d74,15,0.0,9.45754938271605,0.0,469.73266666666666,55.464666666666666,0.14548162671440362,4.666666666666667,0.12065071165248145,PR,curitiba,2018-08-09 06:47:46,luggage_accessories,1.0,92.45356136838927,100.0,79.0,95.6,96.2,91.7,898,PREFERRED,0
6b803197e03abd5056b4313306b4f29d,7,0.0,5.328425925925926,0.0,63.714285714285715,19.167142857142856,0.32952281864215266,4.714285714285714,0.12035879500165647,SP,sao paulo,2018-08-20 21:11:22,food,1.0,92.45219078598251,100.0,79.0,97.8,91.0,92.9,899,PREFERRED,1
751e274377499a8503fd6243ad9c56f6,1,0.0,1.9974652777777777,0.0,218.0,17.84,0.0818348623853211,5.0,0.16294217920747733,SP,campinas,2018-08-20 22:06:10,construction_tools_safety,1.0,92.45102083799654,100.0,70.9,99.6,98.0,100.0,900,PREFERRED,1
cac63f48c38cd7d002a7e846dcd99a23,10,0.0,7.2265243055555555,0.0,93.89000000000001,14.633000000000001,0.15464218796976703,4.8,0.13437618817396632,SP,sumare,2018-08-18 19:39:10,toys,1.0,92.44732997787938,100.0,76.3,96.8,95.9,95.0,901,PREFERRED,0
e256a62e0ac58c0edfba09966142d561,12,0.0,7.894560185185185,0.0,122.84250000000002,27.953333333333333,0.28056793585174905,4.416666666666667,0.0958394729286351,PR,curitiba,2018-07-30 09:37:39,housewares,1.0,92.44579600542376,100.0,83.7,96.5,92.3,85.4,902,PREFERRED,0
8ed8ea9a57c862f2c18c2fe41f601d56,19,0.0,8.578249878167641,0.0,201.67894736842106,38.47736842105263,0.19109165590870764,4.473684210526316,0.10448048721976373,SC,blumenau,2018-06-10 14:06:01,cool_stuff,1.0,92.44513435256403,100.0,82.1,96.1,94.9,86.8,903,PREFERRED,0
28a26ebce31d5918b181ede016fd693b,1,0.0,11.071064814814815,0.0,29.9,17.14,0.5732441471571906,5.0,0.11900165641836205,MG,belo horizonte,2018-08-13 15:55:29,health_beauty,1.0,92.44043250846337,100.0,79.3,94.8,84.0,100.0,904,PREFERRED,1
f4a04f7be452aa3bb31760bf00055dd0,18,0.05555555555555555,9.141429398148148,0.7829513888888889,72.89444444444445,13.43611111111111,0.22149796159588286,4.666666666666667,0.07644690357954079,SP,santo andre,2018-08-17 16:02:15,perfumery,0.9444444444444444,92.43649058757705,94.4,87.4,95.8,94.0,91.7,905,PREFERRED,0
5bf397d04035b5f45cc41e82ec106803,3,0.0,4.018661265432098,0.0,508.3333333333333,15.76,0.04052519398564023,4.333333333333333,0.1102036322494126,SP,sao paulo,2018-07-02 16:45:00,small_appliances,1.0,92.43440640014502,100.0,81.0,98.5,99.2,83.3,906,PREFERRED,1
dbb9b48c841a0e39e21f98e1a6b2ec3e,105,0.0380952380952381,9.957809744268076,11.868900462962962,68.07495238095238,15.021619047619048,0.28105049803809595,4.314285714285714,0.05685282613792927,SP,sao paulo,2018-06-26 18:51:12,housewares,0.9619047619047619,92.43108584720102,96.2,91.2,95.4,92.3,82.9,907,PREFERRED,0
bccf933e006e9b94a6184af782963e77,45,0.022222222222222223,11.69805066872428,5.715590277777777,92.50533333333333,19.65488888888889,0.2529197700234673,4.5227272727272725,0.08391222812439546,SP,assis,2018-08-21 15:13:19,health_beauty,0.9777777777777777,92.41324833475883,97.8,86.0,94.4,93.1,88.1,908,PREFERRED,0
a00824eb9093d40e589b940ec45c4eb0,3,0.0,8.007125771604938,0.0,3133.3233333333333,126.49666666666667,0.040512483120411946,4.666666666666667,0.13015531728773355,SP,bofete,2018-04-09 11:32:37,computers,1.0,92.4113592171427,100.0,77.1,96.4,99.2,91.7,909,PREFERRED,1
265fdc289dffa9f1ad801c74f7d0de47,1,0.0,7.357453703703704,0.0,495.0,51.55,0.10414141414141413,5.0,0.153819963796968,SP,jaci,2018-08-13 12:20:57,furniture_bedroom,1.0,92.39860965483815,100.0,72.6,96.7,97.4,100.0,910,PREFERRED,1
3586b8580d9c917874e053a1bb37b5ff,36,0.027777777777777776,13.619744727366255,20.66082175925926,42.35277777777778,22.990277777777777,0.5496221661814329,4.416666666666667,0.051224379677673126,SP,araraquara,2018-08-12 23:05:02,stationery,0.9722222222222222,92.39251642938085,97.2,92.3,93.4,84.7,85.4,911,PREFERRED,0
51e4e89242cbb846c2deff3dc015650e,16,0.0,9.21369357638889,0.0,51.411249999999995,22.073125,0.4998396576174915,4.625,0.09814363852281613,RS,rio grande,2018-08-20 17:16:49,garden_tools,1.0,92.38953910471261,100.0,83.3,95.8,86.1,90.6,912,PREFERRED,0
2cb6eb1b7185064167657fa09f541105,6,0.0,8.200736882716049,0.0,202.98333333333335,27.463333333333335,0.17611631105912604,4.5,0.10928872268999136,MG,sabara,2018-08-03 21:35:53,furniture_decor,1.0,92.38595258497297,100.0,81.1,96.3,95.3,87.5,913,PREFERRED,1
f4ce8ca9fa7157e3b33f536ac9a4487d,4,0.0,6.975619212962963,0.0,102.4,24.3825,0.26385854674736675,4.75,0.12593080636482862,SP,penapolis,2018-08-20 10:58:06,bed_bath_table,1.0,92.37450647592848,100.0,78.0,96.9,92.8,93.8,914,PREFERRED,1
3c010235b7345c92f125d14ee232a76b,15,0.0,11.039577932098764,0.0,238.53333333333333,28.488,0.1217992785703521,4.666666666666667,0.1211512753071657,PR,mandirituba,2018-08-15 11:37:45,pet_shop,1.0,92.37098879982288,100.0,78.9,94.8,96.9,91.7,915,PREFERRED,0
f410c8873029fcc3809b9df6d0b28914,2,0.0,7.698258101851852,0.0,144.9,18.65,0.12692618221261268,5.0,0.15257126596723652,SP,caxias do sul,2018-08-20 09:32:27,auto,1.0,92.36668502612864,100.0,72.8,96.6,96.7,100.0,916,PREFERRED,1
3c3017960b2dbd72711a61f0400aab8f,9,0.0,12.523006687242798,0.0,97.65555555555557,25.413333333333334,0.27505178165537486,3.888888888888889,0.049047724163338115,SC,jaragua do sul,2017-04-05 17:01:38,furniture_decor,1.0,92.35620510154786,100.0,92.7,94.0,92.5,72.2,917,PREFERRED,1
94144541854e298c2d976cb893b81343,68,0.04411764705882353,12.93787326388889,10.77247685185185,254.21000000000004,21.020147058823532,0.30588131709843014,4.253731343283582,0.04288635862816963,RS,viamao,2018-02-06 09:17:35,health_beauty,0.9558823529411765,92.35498653723917,95.6,93.9,93.8,91.6,81.3,918,PREFERRED,0
c8cc60ffd415254af5d9b9f34f32c369,8,0.0,5.47861255787037,0.0,90.275,24.25375,0.30342330959725017,4.75,0.12656093016781056,SP,sorocaba,2018-08-15 17:47:48,pet_shop,1.0,92.35107492271317,100.0,77.8,97.7,91.7,93.8,919,PREFERRED,1
80e6699fe29150b372a0c8a1ebf7dcc8,95,0.042105263157894736,11.620566033138402,8.19790798611111,117.13926315789473,27.972105263157893,0.28595923623945857,4.372340425531915,0.05729268230051069,PR,pinhais,2018-05-13 19:30:39,sports_leisure,0.9578947368421052,92.34122554252627,95.8,91.1,94.5,92.2,84.3,920,PREFERRED,0
6c6cc59a5c00cacc5054ca06d65cc282,1,0.0,9.252847222222222,0.0,1107.0,148.71,0.13433604336043362,5.0,0.1500923746009137,RS,santa maria,2018-08-11 12:14:35,pet_shop,1.0,92.34082034972874,100.0,73.3,95.7,96.5,100.0,921,PREFERRED,1
cbbd5ae8f53de5f5097cd8217b529e24,1,0.0,20.768761574074073,0.0,175.9,32.26,0.1833996588971006,4.0,0.04985724421346171,SP,santana de parnaiba,2017-02-10 21:37:36,baby,1.0,92.33852010391865,100.0,92.5,89.6,95.1,75.0,922,PREFERRED,1
11eac105f3f90a9b87b19c89d91e24f3,5,0.0,9.12383101851852,0.0,160.578,24.988,0.15887393372737818,3.6,0.03944764087590134,SP,sao paulo,2017-07-12 17:17:00,cool_stuff,1.0,92.33279391686466,100.0,94.5,95.8,95.8,65.0,923,PREFERRED,1
818d28f936e791926d33bcb6ee94ef79,4,0.0,12.943929398148148,0.0,27.9,15.67,0.5616487455197132,4.0,0.04066993291201239,SP,sao paulo,2017-05-24 17:19:22,telephony,1.0,92.32754474518275,100.0,94.3,93.8,84.4,75.0,924,PREFERRED,1
bd65d163ded559eb90a10cd09fec178f,1,0.0,4.471331018518518,0.0,19.8,18.68,0.9434343434343434,4.0,0.03215203972465566,SP,sao paulo,2017-08-21 10:31:19,perfumery,1.0,92.32596566141964,100.0,95.9,98.3,73.5,75.0,925,PREFERRED,1
f3862c2188522d89860c38a3ea8b550d,1,0.0,5.868530092592593,0.0,15.5,12.79,0.8251612903225806,5.0,0.1151202253559815,SP,ribeirao preto,2018-05-15 17:41:00,perfumery,1.0,92.3252165817308,100.0,80.0,97.5,76.9,100.0,926,PREFERRED,1
77fccaae319668a8ab6cd0fd16aec48c,11,0.0,9.411440446127946,0.0,151.54545454545453,20.13090909090909,0.15994899591940792,4.454545454545454,0.10604111169208612,RJ,campos dos goytacazes,2018-07-30 15:38:45,perfumery,1.0,92.32071253454531,100.0,81.8,95.7,95.8,86.4,927,PREFERRED,0
40d54b51e962dbe09cabbcfd33298dee,29,0.0,7.435403895274584,0.0,233.14344827586206,18.496206896551723,0.14788119249822432,4.103448275862069,0.08258099956044695,SP,santo andre,2018-08-25 14:20:27,health_beauty,1.0,92.31951205859316,100.0,86.3,96.7,96.1,77.6,928,PREFERRED,0
e732329483fd5f27367dd997b47f598a,1,0.0,12.152314814814815,0.0,109.9,34.57,0.3145586897179254,5.0,0.13516025432750536,SC,blumenau,2017-08-31 15:28:40,fashion_bags_accessories,1.0,92.31431073408419,100.0,76.2,94.2,91.4,100.0,929,PREFERRED,1
253f95b3a0e6983ae18aed49fbc2b845,5,0.0,9.206965277777778,0.0,159.9,18.288,0.13436454319960078,4.4,0.10383912708423457,SP,sao paulo,2018-06-11 11:52:05,auto,1.0,92.31052965792664,100.0,82.2,95.8,96.5,85.0,930,PREFERRED,1
117cfc326c6d50da67ca858ff5c0c852,5,0.0,6.073467592592593,0.0,90.92,16.296,0.18184443976115205,4.6,0.12189373153439967,RJ,sao joao de meriti,2018-05-19 16:47:00,housewares,1.0,92.30989658202905,100.0,78.7,97.4,95.2,90.0,931,PREFERRED,1
38e679b9e0064cd94c6f035707344dae,27,0.037037037037037035,11.22948645404664,14.641388888888889,134.96851851851852,25.647037037037038,0.2302357059215253,4.115384615384615,0.04561015510100979,PR,londrina,2018-01-30 07:15:03,sports_leisure,0.962962962962963,92.30399699954074,96.3,93.3,94.7,93.8,77.9,932,PREFERRED,0
d558ebe531605a1285ab2b1bc3256dfb,3,0.0,9.418445216049383,0.0,236.33333333333334,24.41,0.11014523118347429,4.666666666666667,0.1259467622268962,MG,divinopolis,2018-06-09 18:56:00,musical_instruments,1.0,92.30319255551107,100.0,77.9,95.7,97.2,91.7,933,PREFERRED,1
35281d148dcf7134bae913c57db4e6da,1,0.0,5.274907407407407,0.0,119.99,17.03,0.1419284940411701,5.0,0.15703414531134377,SP,sao paulo,2018-07-19 19:38:45,housewares,1.0,92.30296991059821,100.0,72.0,97.8,96.3,100.0,934,PREFERRED,1
ffdd9f82b9a447f6f8d4b91554cc7dd3,18,0.0,10.538292824074073,0.0,116.73333333333332,40.41444444444445,0.3567316206814002,4.333333333333333,0.08356974295983943,PR,curitiba,2018-08-19 14:37:08,housewares,1.0,92.2948410268385,100.0,86.1,95.1,90.2,83.3,935,PREFERRED,0
76623fde66e6b63b59440fd34160512d,3,0.0,3.3888425925925922,0.0,21.8,7.78,0.60686538304077,4.0,0.05459046138468656,SP,guarulhos,2018-01-08 15:05:57,fashion_bags_accessories,1.0,92.29200915500941,100.0,91.6,98.8,83.1,75.0,936,PREFERRED,1
a0a14e50070f3225b3eabba5b85da517,4,0.0,6.053330439814815,0.0,44.05,18.11,0.41112372304199774,4.5,0.10095219285380058,PR,curitiba,2018-08-15 18:56:56,furniture_living_room,1.0,92.28925721707694,100.0,82.7,97.4,88.6,87.5,937,PREFERRED,1
5e9f5bd34e0830569f05c9d4f56e04a8,2,0.0,10.026510416666667,0.0,119.99,17.44,0.14534544545378783,4.5,0.11011079547012942,RS,porto alegre,2018-07-14 20:48:14,luggage_accessories,1.0,92.28870945930232,100.0,81.0,95.3,96.2,87.5,938,PREFERRED,1
809413606dbfe5deefd2db646693ef67,3,0.0,7.579143518518518,0.0,65.56,16.79,0.24291573452647278,4.333333333333333,0.09536513579095364,SP,sao paulo,2018-05-06 20:41:35,food_drink,1.0,92.28794688448053,100.0,83.8,96.6,93.4,83.3,939,PREFERRED,1
69a43819c758c65a5befb0b471c954d7,2,0.0,12.98847800925926,0.0,149.925,50.455,0.2910455227613807,4.0,0.05751658424849232,PR,apucarana,2017-09-16 20:40:17,fashion_bags_accessories,1.0,92.28470568538596,100.0,91.1,93.8,92.1,75.0,940,PREFERRED,1
55dedd83e501d8248880557d9073cbfd,7,0.0,4.917848875661376,0.0,137.91428571428574,13.564285714285715,0.12494524619248502,4.857142857142857,0.14812311056421112,RJ,rio de janeiro,2018-08-28 19:31:41,health_beauty,1.0,92.27079540512383,100.0,73.7,98.0,96.8,96.4,941,PREFERRED,1
fa8d335d68129e464e60c1826a683e96,1,0.0,22.21934027777778,0.0,139.9,34.78,0.24860614724803431,4.0,0.04503415414993183,RS,tres coroas,2017-10-20 08:49:05,auto,1.0,92.2692364086451,100.0,93.5,88.9,93.3,75.0,942,PREFERRED,1
fa1a9dec3a9940c072684a46728bf1fc,53,0.0,14.490176668413698,0.0,125.24886792452831,23.305660377358492,0.22883886093576958,4.173076923076923,0.07258375806550466,SC,icara,2018-08-22 20:55:15,pet_shop,1.0,92.26894461721982,100.0,88.2,93.0,93.8,79.3,943,PREFERRED,0
3f9be91358837bff69df67edfa3e42e8,7,0.0,9.842959656084657,0.0,87.81428571428572,20.864285714285717,0.3198533405241323,4.428571428571429,0.09491146380215312,PR,londrina,2018-05-12 18:04:04,pet_shop,1.0,92.26850146908635,100.0,83.9,95.4,91.2,85.7,944,PREFERRED,1
b19c48688808720822399ffa9f2dbe2f,1,0.0,6.303900462962963,0.0,959.99,24.82,0.025854435983708162,5.0,0.16310217356797574,SP,sao paulo,2018-08-22 14:14:50,watches_gifts,1.0,92.25979198863635,100.0,70.8,97.3,99.6,100.0,945,PREFERRED,1
cc3d14116804f7209f3884f6367f1152,26,0.038461538461538464,13.003660078347577,0.6927546296296296,209.14615384615385,22.220384615384617,0.11699930586195902,4.615384615384615,0.08845341682113136,PR,curitiba,2018-08-21 16:40:15,small_appliances,0.9615384615384616,92.25663803749478,96.2,85.1,93.8,97.0,90.4,946,PREFERRED,0
fde0cc9ea29c8ccfc0a2c22256a58c71,35,0.02857142857142857,8.711281084656084,7.944340277777778,112.05714285714286,28.550571428571427,0.25184742435041013,4.485714285714286,0.08468228691183578,PR,curitiba,2018-08-19 19:06:06,toys,0.9714285714285714,92.25586064446118,97.1,85.9,96.0,93.2,87.1,947,PREFERRED,0
c74f14c1e26cf1bd5bd34b6a1e274426,1,0.0,24.23091435185185,0.0,39.0,16.79,0.43051282051282047,5.0,0.1095316208501194,SC,sao miguel do oeste,2018-01-27 19:05:19,books_general_interest,1.0,92.25281975090746,100.0,81.1,87.8,88.1,100.0,948,PREFERRED,1
0951a6e282947e09cd47969f4ed0b47f,7,0.0,4.719513888888889,0.0,70.32857142857144,12.574285714285713,0.23811563544249875,4.857142857142857,0.14219414964733895,SP,taboao da serra,2018-08-27 14:39:21,perfumery,1.0,92.24950188269642,100.0,74.8,98.1,93.6,96.4,949,PREFERRED,1
ad14615bdd492b01b0d97922e87cb87f,1,0.0,13.583900462962964,0.0,8.25,10.96,1.3284848484848486,5.0,0.0742496081059944,SC,tubarao,2017-02-10 17:40:30,auto,1.0,92.24172705866863,100.0,87.9,93.4,62.6,100.0,950,PREFERRED,1
50a7e551a7b3f8d37cd6e32d8bfbe5ea,1,0.0,12.586157407407407,0.0,140.0,27.96,0.19971428571428573,5.0,0.14288348568912074,SP,sao caetano do sul,2018-07-24 22:15:53,drinks,1.0,92.23565941301433,100.0,74.7,94.0,94.6,100.0,951,PREFERRED,1
fb3cfbc8a86f5d7fbb4d36b8df63f60d,9,0.0,7.760724022633744,0.0,104.15555555555555,20.38666666666667,0.25456369108137955,4.333333333333333,0.09547892223890393,RJ,rio de janeiro,2018-08-18 15:58:52,bed_bath_table,1.0,92.23500408259548,100.0,83.8,96.5,93.1,83.3,952,PREFERRED,1
a5cba26a62b8b4d0145b68b841e62e7f,53,0.018867924528301886,13.183294898672257,12.763761574074074,272.43094339622644,25.413773584905663,0.11578018331018838,4.566037735849057,0.09938595018244055,PR,campo mourao,2018-08-20 17:09:20,health_beauty,0.9811320754716981,92.22272705910738,98.1,83.0,93.7,97.0,89.2,953,PREFERRED,0
cab85505710c7cb9b720bceb52b01cee,200,0.025,10.17160630787037,12.705006944444445,55.475,14.142000000000001,0.26026740153932215,4.3291457286432165,0.07283680865544215,SP,sao paulo,2018-08-28 11:26:02,fashion_bags_accessories,0.975,92.22127602309313,97.5,88.1,95.3,92.9,83.2,954,PREFERRED,0
e5cbe890e679490127e9a390b46bbd20,2,0.0,5.923854166666667,0.0,454.495,14.36,0.031037572395164952,4.5,0.12579494832788365,SP,sao paulo,2018-08-19 20:04:58,health_beauty,1.0,92.18781178429704,100.0,78.0,97.5,99.4,87.5,955,PREFERRED,1
f3975e8a41157005d4bcbb358678cd9b,2,0.0,8.65745949074074,0.0,89.4,41.989999999999995,0.43816051195878924,5.0,0.13652188026909767,SC,pinhalzinho,2018-08-19 14:29:37,baby,1.0,92.17621625736878,100.0,75.9,96.1,87.9,100.0,956,PREFERRED,1
c9a06ece156bb057372c68718ec8909b,11,0.0,11.487320075757577,0.0,349.90909090909093,39.36000000000001,0.12736724929206134,3.3636363636363638,0.022233988307702873,DF,brasilia,2017-01-15 17:55:56,garden_tools,1.0,92.17266957768102,100.0,97.8,94.6,96.7,59.1,957,PREFERRED,0
e1c76f339ebd5460999f25a2aa8c92c5,1,0.0,29.84170138888889,0.0,899.9,28.8,0.032003555950661185,5.0,0.12550935895117898,SP,sao paulo,2018-05-12 17:51:47,small_appliances,1.0,92.17198026088921,100.0,78.0,84.8,99.4,100.0,958,PREFERRED,1
d566c37fa119d5e66c4e9052e83ee4ea,64,0.03125,5.835555193865741,0.8612268518518518,79.340625,14.68640625,0.26417862903557066,4.682539682539683,0.10427825053994447,SP,sao paulo,2018-08-26 19:39:08,sports_leisure,0.96875,92.15496528057672,96.9,82.1,97.6,92.8,92.1,959,PREFERRED,0
7ff588a03c2aeae4fbd23f9ae64b760d,14,0.0,4.787471064814815,0.0,84.44285714285715,15.79857142857143,0.3126938705521603,4.642857142857143,0.12287775866984907,SP,guarulhos,2018-08-26 21:47:50,auto,1.0,92.15440965824307,100.0,78.5,98.1,91.4,91.1,960,PREFERRED,0
f650a9708fa1bab22bdd8d3a818cc415,4,0.0,15.323486689814816,0.0,104.00999999999999,17.86,0.1767760339603084,4.0,0.06318167259464233,SC,ararangua,2017-02-25 19:21:14,furniture_decor,1.0,92.1518682557293,100.0,90.0,92.5,95.3,75.0,961,PREFERRED,1
669ae81880e08f269a64487cfb287169,160,0.04375,12.225881438078705,13.757058531746031,81.80225,20.909125,0.29841752371199476,4.283018867924528,0.05145134060877703,SC,rio do sul,2018-08-08 12:55:10,sports_leisure,0.95625,92.1450986954704,95.6,92.2,94.2,91.8,82.1,962,PREFERRED,0
a23266650e7c84bb93fbbba502137478,11,0.0,11.293031355218856,0.0,137.4909090909091,25.367272727272724,0.3305508916679479,3.8181818181818183,0.04673263676413592,RS,porto alegre,2017-12-29 18:39:33,home_construction,1.0,92.14228789920156,100.0,93.1,94.7,90.9,70.5,963,PREFERRED,0
6edacfd9f9074789dad6d62ba7950b9c,199,0.06030150753768844,9.003209798994975,4.10686149691358,64.07824120603014,14.235829145728642,0.26716114211022024,4.442211055276382,0.059151299497922534,SP,guarulhos,2018-08-27 20:31:22,furniture_decor,0.9396984924623115,92.13877535239678,94.0,90.7,95.9,92.7,86.1,964,PREFERRED,0
402916f742e5c740cc751493d9cf5053,9,0.0,6.386786265432098,0.0,139.11111111111111,25.15888888888889,0.21345587835517899,4.666666666666667,0.1285586002136265,MG,guanhaes,2018-08-24 09:26:31,health_beauty,1.0,92.1259458677211,100.0,77.4,97.3,94.3,91.7,965,PREFERRED,1
0af977692321d895349eded183341d28,2,0.0,2.5402256944444446,0.0,128.875,9.735,0.0814398485146567,4.5,0.12975779683785096,SP,santos,2018-08-20 16:20:58,pet_shop,1.0,92.12395596088419,100.0,77.2,99.3,98.0,87.5,966,PREFERRED,1
a3dd39f583bc80bd8c5901c95878921e,34,0.029411764705882353,12.463181168300654,2.018900462962963,135.52382352941177,23.65735294117647,0.2490217300255256,4.588235294117647,0.0887937609519358,BA,salvador,2018-04-10 09:24:25,food_drink,0.9705882352941176,92.12360316234755,97.1,85.1,94.0,93.2,89.7,967,PREFERRED,0
6c12e40690c335dbc2f68a4134d30dc1,16,0.0,13.344157262731482,0.0,571.2,30.31625,0.23744463350421627,4.071428571428571,0.06920536996008109,PR,castro,2018-08-06 09:57:33,garden_tools,1.0,92.11633563491273,100.0,88.8,93.6,93.6,76.8,968,PREFERRED,0
41ab63a91b8b264e8c8780368bf1dd5b,12,0.0,16.308802083333333,0.0,239.30416666666667,28.489166666666666,0.1529293706875963,4.25,0.08343764072627152,MG,belo horizonte,2018-07-12 09:28:43,small_appliances,1.0,92.10816324142581,100.0,86.1,92.0,96.0,81.2,969,PREFERRED,0
febab0275244b9a49a623f0bd613ca2f,102,0.049019607843137254,8.723487427378359,3.4288981481481486,70.19098039215686,29.096960784313723,0.44326364157836984,4.480392156862745,0.061112170555797124,SP,pedreira,2018-08-17 20:05:53,housewares,0.9509803921568627,92.10539149435097,95.1,90.4,96.0,87.7,87.0,970,PREFERRED,0
8a1ff5c35f6595a73fef4c7b96e4908a,2,0.0,10.34066550925926,0.0,799.0,142.39999999999998,0.17822277847309137,5.0,0.15060232055104011,PR,sao  jose dos pinhais,2018-08-01 11:56:01,baby,1.0,92.1053560598817,100.0,73.2,95.2,95.3,100.0,971,PREFERRED,1
626ab1cd96932367f0eeec2e47046c12,3,0.0,7.193283179012346,0.0,436.6666666666667,26.823333333333334,0.06823190489885916,4.666666666666667,0.13636187244302977,SP,sao paulo,2018-07-28 16:45:10,garden_tools,1.0,92.1000357025031,100.0,76.0,96.8,98.4,91.7,972,PREFERRED,1
9198786624eaeb375793215cad26cfa6,8,0.0,12.971222511574075,0.0,106.80000000000001,24.7875,0.24437907156863617,4.0,0.06431300915967884,SC,rodeio,2018-04-23 20:25:37,furniture_decor,1.0,92.0928627261412,100.0,89.8,93.8,93.4,75.0,973,PREFERRED,1
3442033154be05bac582e173ef54fd12,1,0.0,3.9064699074074074,0.0,161.0,8.39,0.05211180124223603,5.0,0.16904096133647614,SP,sao paulo,2018-08-16 21:55:21,telephony,1.0,92.0913623330086,100.0,69.7,98.6,98.8,100.0,974,PREFERRED,1
3bfba5a77604f6dfae7e6dd7aaf65821,4,0.0,9.362138310185186,0.0,523.875,30.6725,0.4743565597784484,5.0,0.13501708426205372,PR,londrina,2018-08-21 20:50:17,health_beauty,1.0,92.08957278371196,100.0,76.2,95.7,86.9,100.0,975,PREFERRED,1
0761743cbffb25d7148189e9f1a5f03a,3,0.0,13.137214506172839,0.0,80.39999999999999,28.733333333333334,0.3910246134222244,4.666666666666667,0.10770606297792916,SP,ribeirao preto,2018-02-02 18:42:02,health_beauty,1.0,92.08443290410867,100.0,81.4,93.7,89.2,91.7,976,PREFERRED,1
698624c6632eeba1774924dbea24c700,1,0.0,6.968645833333333,0.0,19.9,15.23,0.7653266331658293,5.0,0.12196718722628638,SP,sao paulo,2018-04-05 20:23:53,unknown,1.0,92.0794738846217,100.0,78.7,96.9,78.6,100.0,977,PREFERRED,1
5a9c0859cb00fd8aa4db443837f0a700,2,0.0,9.005376157407408,0.0,104.0,23.795,0.24296788656031698,4.5,0.11049112266206197,SC,treze tilias,2018-07-11 19:44:12,health_beauty,1.0,92.07466048738299,100.0,80.9,95.9,93.4,87.5,978,PREFERRED,1
bba8d0c234a52b87b3957037a215d1a4,1,0.0,23.839618055555555,0.0,120.0,19.53,0.16275,5.0,0.12996648567592728,GO,goiania,2018-05-04 19:24:09,furniture_decor,1.0,92.0646529600157,100.0,77.2,88.0,95.7,100.0,979,PREFERRED,1
72bc2cce903c872fe376a8faaa81d237,17,0.0,8.81390114379085,0.0,126.42352941176469,15.04529411764706,0.16916127281242033,4.647058823529412,0.12694085212542316,SP,sao paulo,2018-08-21 22:45:58,books_technical,1.0,92.06263449561929,100.0,77.8,96.0,95.5,91.2,980,PREFERRED,0
4e2627090e6e5b9fabba883a37897683,1,0.0,3.97537037037037,0.0,66.8,23.44,0.35089820359281443,4.199456829701286,0.08932533639286021,MG,belo horizonte,2018-02-26 21:40:14,furniture_decor,1.0,92.05542443038068,100.0,85.0,98.5,90.4,80.0,981,PREFERRED,1
28c7d8743fbc8679f484868cc0fcaefb,3,0.0,13.52462962962963,0.0,67.16666666666667,22.953333333333333,0.3415901069205369,5.0,0.13678284453872433,SP,itaporanga,2018-08-10 00:40:57,health_beauty,1.0,92.05074466485682,100.0,75.9,93.5,90.6,100.0,982,PREFERRED,1
1acde099eb406aa220b1169b188b42da,9,0.0,12.07942772633745,0.0,34.56666666666666,16.37777777777778,0.761876868495156,4.222222222222222,0.05346761220301905,SP,sao paulo,2017-11-06 12:41:01,furniture_decor,1.0,92.04825928626721,100.0,91.8,94.2,78.7,80.6,983,PREFERRED,1
c72de06d72748d1a0dfb2125be43ba63,21,0.0,9.696403218694886,0.0,834.3809523809524,57.6752380952381,0.11815747196788562,4.476190476190476,0.11556669556053245,BA,guanambi,2018-08-18 14:50:45,computers_accessories,1.0,92.0414120139168,100.0,79.9,95.5,97.0,86.9,984,PREFERRED,0
c3e1abd72a42fe690fcd89cf5720fe29,13,0.0,4.309395477207977,0.0,138.35461538461539,12.997692307692308,0.09718811024657147,4.461538461538462,0.12462308802613872,SP,mogi guacu,2018-08-13 13:36:58,pet_shop,1.0,92.04038581845644,100.0,78.2,98.4,97.6,86.5,985,PREFERRED,0
bede56095ba33c42038fb85f707b8a42,2,0.0,12.575914351851853,0.0,1986.95,105.435,0.0497966507771721,4.5,0.11681432386995644,SP,valinhos,2017-12-17 09:15:37,health_beauty,1.0,92.03594686881542,100.0,79.7,94.0,98.9,87.5,986,PREFERRED,1
4b5f66b7adcf57f1ecc0d3c07dd6b177,23,0.043478260869565216,14.243249295491143,20.797685185185184,287.63391304347823,33.75434782608695,0.1218520422968155,4.090909090909091,0.04600873046770983,PR,vendas@creditparts.com.br,2018-07-25 16:11:44,computers_accessories,0.9565217391304348,92.03559751564097,95.7,93.3,93.1,96.9,77.3,987,PREFERRED,0
d52cbce9845184537284a23c3bc3da0e,2,0.0,10.566354166666667,0.0,37.5,31.89,1.2479918864097361,5.0,0.08847401666525315,SC,garopaba,2018-03-02 10:30:09,stationery,1.0,92.02853507150863,100.0,85.1,95.0,64.9,100.0,988,PREFERRED,1
530ec6109d11eaaf87999465c6afee01,94,0.010638297872340425,10.852067203506698,5.851898148148148,134.91606382978725,27.628191489361704,0.22176077700840882,4.340425531914893,0.08967311430544378,PR,cascavel,2018-08-23 15:50:07,sports_leisure,0.9893617021276596,92.01471671535063,98.9,84.9,94.9,94.0,83.5,989,PREFERRED,0
fc5a0d7a310a7a41abf86a458585ff2b,1,0.0,13.929652777777777,0.0,117.9,19.07,0.16174724342663274,4.0,0.0693292702233469,SP,sao paulo,2017-06-02 16:34:22,books_general_interest,1.0,92.01079126058089,100.0,88.8,93.3,95.7,75.0,990,PREFERRED,1
062ce95fa2ad4dfaedfc79260130565f,52,0.038461538461538464,13.327159232549858,14.930185185185184,142.10192307692307,22.25326923076923,0.27272044288911423,4.096153846153846,0.04322756102847109,RS,lajeado,2017-08-31 09:56:53,furniture_decor,0.9615384615384616,92.00883276410177,96.2,93.8,93.6,92.6,77.4,991,PREFERRED,0
7d948535954aaf8c5d39db007f74372e,4,0.0,5.600842013888888,0.0,48.5,10.95,0.22674772036474164,3.75,0.05990185911159566,SP,guaruja,2018-04-08 11:43:25,fashio_female_clothing,1.0,92.00278618516563,100.0,90.6,97.7,93.9,68.8,992,PREFERRED,1
5b664594895aefb418afaee6d40a9a23,15,0.0,10.86211651234568,0.0,59.473333333333336,14.658,0.2585286636226022,4.133333333333334,0.07929832846460011,RJ,petropolis,2018-08-05 15:20:44,construction_tools_construction,1.0,92.00241690877934,100.0,86.9,94.9,93.0,78.3,993,PREFERRED,0
93b9a99027bd8bd6af682aff18dd19bf,19,0.0,11.560305799220274,0.0,101.88947368421053,24.440526315789473,0.27197501049880235,4.111111111111111,0.07572654731988708,SP,mairipora,2018-08-05 06:31:51,furniture_decor,1.0,91.99654797069815,100.0,87.6,94.5,92.6,77.8,994,PREFERRED,0
bf0045791395e66460eb04749c68672a,2,0.0,14.245839120370372,0.0,59.9,17.725,0.2959098497495827,4.0,0.061186908487658564,SP,sao paulo,2017-03-15 21:04:08,stationery,1.0,91.99506907697308,100.0,90.4,93.1,91.9,75.0,995,PREFERRED,1
cce6ab8d1682639fe45ab70234f1665f,61,0.04918032786885246,15.35970267911354,4.692017746913581,40.044262295081964,18.63754098360656,0.46619877636338014,4.508196721311475,0.05317560493547357,SP,curitiba,2017-11-28 21:32:25,bed_bath_table,0.9508196721311475,91.9915539135356,95.1,91.9,92.5,87.1,87.7,996,PREFERRED,0
513a54369b6a8a6602fcb0e129c6d78d,2,0.0,3.5719097222222222,0.0,23.9,7.43,0.3196214045136075,4.5,0.11674852161255363,SP,sao bernardo do campo,2018-08-26 12:06:17,computers_accessories,1.0,91.98936148181737,100.0,79.7,98.8,91.2,87.5,997,PREFERRED,1
964ff64dc05b13811c6d0f41e0aa5f6b,1,0.0,6.680775462962963,0.0,180.0,24.06,0.13366666666666666,5.0,0.1619261105028155,SP,sao paulo,2018-07-18 22:43:29,home_construction,1.0,91.98023994188517,100.0,71.1,97.1,96.5,100.0,998,PREFERRED,1
a9b533a26e898b12e8b8d4c07279bf4d,4,0.0,15.162638888888889,0.0,29.9,17.865000000000002,0.5974916387959867,5.0,0.12041783996863083,RJ,rio de janeiro,2017-12-08 19:31:04,books_general_interest,1.0,91.97844009421142,100.0,79.0,92.6,83.4,100.0,999,PREFERRED,1
aaed1309374718fdd995ee4c58c9dfcd,103,0.02912621359223301,12.298685275080906,4.304413580246913,88.91504854368932,22.269320388349513,0.3263561119380856,4.087378640776699,0.048728835067772536,SC,timbo,2018-08-01 15:54:56,sports_leisure,0.970873786407767,91.96865527518145,97.1,92.7,94.1,91.1,77.2,1000,PREFERRED,0
fcba71d4d5db057f43249145e4eb1e27,3,0.0,18.623179012345677,0.0,164.85,17.906666666666666,0.1088586529776412,4.666666666666667,0.11794399144535139,SP,limeira,2018-02-26 21:43:45,watches_gifts,1.0,91.95838820778133,100.0,79.5,90.8,97.2,91.7,1001,PREFERRED,1
ff4e2d38692ce827b1a4f4b8196e680d,11,0.0,9.210698653198653,0.0,47.17272727272727,13.661818181818182,0.31155423495968815,4.2727272727272725,0.0908620541728342,SP,sao paulo,2018-07-08 10:36:42,books_technical,1.0,91.95192900333217,100.0,84.7,95.8,91.5,81.8,1002,PREFERRED,0
7b07b3c7487f0ea825fc6df75abd658b,90,0.044444444444444446,9.65929732510288,18.135503472222222,102.72744444444444,14.28111111111111,0.20040681728865628,4.411111111111111,0.07513666768274277,SP,sao paulo,2018-08-24 10:48:37,sports_leisure,0.9555555555555556,91.94849619159265,95.6,87.7,95.5,94.6,85.3,1003,PREFERRED,0
d594982fd877af63ace38ea1fca27c76,7,0.0,8.089442791005292,0.0,31.005714285714284,13.237142857142857,0.43872372045544955,4.428571428571429,0.09746215108140215,SP,sao paulo,2018-08-21 11:11:03,cool_stuff,1.0,91.94840285294961,100.0,83.4,96.4,87.9,85.7,1004,PREFERRED,1
fa40cc5b934574b62717c68f3d678b6d,302,0.06291390728476821,11.313600878403237,12.057631578947369,52.57440397350993,15.093377483443708,0.30311261608772494,4.488372093023256,0.05895144541281806,SP,sao paulo,2018-05-21 20:30:42,toys,0.9370860927152318,91.94429722535637,93.7,90.8,94.6,91.7,87.2,1005,PREFERRED,0
d7827b2af99326a03b0ed9c7a24db0d3,1,0.0,13.849085648148149,0.0,1455.0,101.7,0.06989690721649484,5.0,0.1547782439486091,SP,londrina,2018-04-12 19:18:18,garden_tools,1.0,91.93370216411498,100.0,72.4,93.3,98.3,100.0,1006,PREFERRED,1
94d76e96eedd976258cd3278ce56d5f2,1,0.0,7.032673611111111,0.0,385.61,68.56,0.1777962189777236,5.0,0.15970639505128092,SP,sao roque,2018-05-09 11:41:46,sports_leisure,1.0,91.93338852045075,100.0,71.5,96.9,95.3,100.0,1007,PREFERRED,1
acce39e832338debb07b02385cde5967,44,0.0,7.04824626473064,0.0,108.93409090909091,26.844545454545457,0.2567368620342792,4.4772727272727275,0.11411896909335678,MG,contagem,2018-08-26 15:11:20,stationery,1.0,91.93215650565342,100.0,80.2,96.9,93.0,86.9,1008,PREFERRED,0
c394e193cda3b4225ff2094d32184849,2,0.0,11.452471064814816,0.0,1567.4450000000002,88.78,0.04514193480472999,5.0,0.16028437845631865,SP,sao paulo,2018-05-13 23:54:31,drinks,1.0,91.93069319899534,100.0,71.4,94.6,99.0,100.0,1009,PREFERRED,1
497709c2976a8fa308730a2dec5b0726,1,0.0,5.948032407407408,0.0,76.0,18.04,0.23736842105263156,5.0,0.15807634249361807,SP,diadema,2018-07-19 19:22:05,stationery,1.0,91.92868663445027,100.0,71.8,97.5,93.6,100.0,1010,PREFERRED,1
5b51032eddd242adc84c38acab88f23d,12,0.0,11.746846064814816,0.0,323.30833333333334,32.4675,0.0969194090693169,4.0,0.07858099802135872,MG,borda da mata,2018-06-16 21:40:32,furniture_decor,1.0,91.92503163925419,100.0,87.0,94.4,97.6,75.0,1011,PREFERRED,0
d7f1cfc638473be93baedbfd02208016,1,0.0,12.67605324074074,0.0,30.0,17.14,0.5713333333333334,5.0,0.12724130536211475,RJ,belford roxo,2018-07-19 01:00:07,flowers,1.0,91.923449597424,100.0,77.7,93.9,84.1,100.0,1012,PREFERRED,1
61b18775be84fb700a6b2d0ba097bf66,4,0.0,10.575578703703703,0.0,83.625,25.3775,0.33343016947616655,4.75,0.12532587941477213,SP,araraquara,2018-08-21 19:20:14,pet_shop,1.0,91.91982704723623,100.0,78.1,95.0,90.8,93.8,1013,PREFERRED,1
fe4cd9461203cee790d36792420b310f,3,0.0,14.347658179012347,0.0,130.38333333333333,18.126666666666665,0.13851311909343253,4.0,0.07192202478019245,MG,caratinga,2017-09-06 22:28:42,telephony,1.0,91.91925786927244,100.0,88.3,93.0,96.4,75.0,1014,PREFERRED,1
87d73636a3acf123e842bb890a4db036,1,0.0,13.000717592592592,0.0,269.9,43.71,0.16194886995183402,5.0,0.15111218777651766,SP,nhandeara,2018-07-25 15:17:58,furniture_bedroom,1.0,91.915598461685,100.0,73.1,93.8,95.7,100.0,1015,PREFERRED,1
455c5640e8c5bd1b2ee85c0158f85727,8,0.0,14.96896701388889,0.0,841.1875,57.17375,0.08898657994038267,4.5,0.11318075924394766,SC,luiz alves,2018-05-14 23:49:10,musical_instruments,1.0,91.90855667624665,100.0,80.4,92.7,97.8,87.5,1016,PREFERRED,1
003554e2dce176b5555353e4f3555ac8,1,0.0,4.646805555555556,0.0,120.0,19.38,0.1615,5.0,0.16520136738686875,GO,goiania,2017-12-15 06:52:25,unknown,1.0,91.90605680369929,100.0,70.4,98.2,95.7,100.0,1017,PREFERRED,1
25e6ffe976bd75618accfe16cefcbd0d,105,0.05714285714285714,10.20095701058201,6.163134645061729,110.32485714285716,16.389523809523812,0.25711441133807883,4.447619047619048,0.06567035899196882,SP,sao paulo,2018-06-24 20:26:36,toys,0.9428571428571428,91.89053200654205,94.3,89.5,95.2,93.0,86.2,1018,PREFERRED,0
4221a7df464f1fe2955934e30ff3a5a1,5,0.0,16.569189814814813,0.0,169.9,47.908,0.28197763390229547,4.8,0.12300298042259361,BA,bahia,2018-08-13 12:29:00,baby,1.0,91.88806098450137,100.0,78.5,91.9,92.3,95.0,1019,PREFERRED,1
fec6275253471ace26d209bbaa64cd0f,9,0.0,14.156984310699588,0.0,315.55555555555554,39.51888888888888,0.13378325508607197,4.555555555555555,0.11686756722070439,RJ,nova friburgo,2018-07-06 16:38:58,health_beauty,1.0,91.87768833963933,100.0,79.7,93.1,96.5,88.9,1020,PREFERRED,1
33576ec5412fb5905d876f12f33bfde6,31,0.03225806451612903,14.81529607228196,5.980972222222222,87.6774193548387,18.386451612903226,0.20797697753267788,4.096774193548387,0.05193639166726312,PR,curitiba,2018-06-24 20:40:44,fashion_bags_accessories,0.967741935483871,91.87640674288623,96.8,92.1,92.8,94.4,77.4,1021,PREFERRED,0
8a32e327fe2c1b3511609d81aaf9f042,124,0.03225806451612903,8.760223734318995,1.6728703703703702,47.831854838709674,17.521935483870966,0.4192633160730947,3.967479674796748,0.0393526177748003,SP,sao paulo,2018-02-23 11:16:55,furniture_decor,0.967741935483871,91.87637772364185,96.8,94.5,96.0,88.4,74.2,1022,PREFERRED,0
594f9aaa48e5bf431f011ddc5669b0d5,37,0.02702702702702703,7.7872528778778785,3.0664930555555556,87.80540540540541,23.98945945945946,0.31324755647361274,4.594594594594595,0.10034893112332544,MG,contagem,2018-08-27 23:31:47,stationery,0.972972972972973,91.86681572030734,97.3,82.9,96.5,91.4,89.9,1023,PREFERRED,0
55a5b51f93f2b70ea513f5a047b0262a,39,0.07692307692307693,13.739854582146249,3.038557098765432,103.17435897435898,22.255641025641026,0.2578307811611138,4.461538461538462,0.0471786031611907,MG,sao joao del rei,2017-10-06 10:36:09,sports_leisure,0.9230769230769231,91.85300135846704,92.3,93.0,93.4,93.0,86.5,1024,PREFERRED,0
b8bc237ba3788b23da09c0f1f3a3288c,45,0.022222222222222223,11.744737139917694,2.9925925925925925,304.1268888888889,43.01,0.14162814120446965,4.318181818181818,0.08614078816699931,SC,itajai,2018-06-30 07:43:15,housewares,0.9777777777777777,91.85152122483159,97.8,85.6,94.4,96.3,83.0,1025,PREFERRED,0
5bc24d989e71e93c33e50a7782431b0e,17,0.0,9.188674428104575,0.0,185.1764705882353,34.61941176470588,0.2700033040894235,4.352941176470588,0.1017851060108004,MG,campo do meio,2018-08-21 18:52:27,auto,1.0,91.84903126133925,100.0,82.6,95.8,92.6,83.8,1026,PREFERRED,0
539ed9e19811677513447759be5eccfc,1,0.0,5.886180555555556,0.0,14.2,15.23,1.0725352112676056,5.0,0.11053654017173468,MG,belo horizonte,2018-06-16 18:52:33,construction_tools_construction,1.0,91.84146873969038,100.0,80.9,97.5,69.9,100.0,1027,PREFERRED,1
1e483cc5c76fef08d3ca05f9a8af7d01,9,0.0,8.48593492798354,0.0,18.454444444444444,11.364444444444445,1.2845079541453936,4.444444444444445,0.050295244074637334,SP,sao paulo,2017-05-18 12:41:57,fashion_underwear_beach,1.0,91.83626924668486,100.0,92.4,96.1,63.9,86.1,1028,PREFERRED,1
499185655c29ecfdbfe776ef7cf875b5,1,0.0,11.124560185185185,0.0,89.0,17.33,0.19471910112359547,4.0,0.0757370358171525,RS,porto alegre,2018-06-02 13:29:22,bed_bath_table,1.0,91.83325224033413,100.0,87.6,94.7,94.8,75.0,1029,PREFERRED,1
a1544b9ea0b2390e020537d4daa89049,8,0.0,10.917319155092592,0.0,105.15,13.41625,0.1859031201276288,3.875,0.06690658866481901,SP,jundiai,2018-08-16 15:35:40,fashion_bags_accessories,1.0,91.82909246649432,100.0,89.3,94.9,95.0,71.9,1030,PREFERRED,1
aafe36600ce604f205b86b5084d3d767,128,0.046875,12.548532624421297,10.408499228395062,71.856171875,18.962734375,0.2980146197165922,4.40625,0.06495394738851767,SC,sao jose,2018-08-16 09:28:54,baby,0.953125,91.82637550493946,95.3,89.6,94.0,91.9,85.2,1031,PREFERRED,0
20d83f3ef0e6925fd74bfd59170babf7,39,0.05128205128205128,8.920530923551757,4.766059027777778,76.63333333333333,18.219487179487178,0.23809553664246003,4.410256410256411,0.07165404194182226,SP,sao paulo,2018-08-28 21:10:46,fashion_bags_accessories,0.9487179487179487,91.82463214714497,94.9,88.4,95.9,93.6,85.3,1032,PREFERRED,0
939e6227d6964a11a70aa91243e418f2,4,0.0,5.3417332175925925,0.0,106.25,15.8125,0.1491260999812769,4.25,0.10792020741583863,MG,conselheiro lafaiete,2018-08-25 20:26:07,health_beauty,1.0,91.81793890141438,100.0,81.4,97.8,96.1,81.2,1033,PREFERRED,1
e6a69c4a27dfdd98ffe5aa757ad744bc,20,0.0,10.986690393518519,0.0,24.7835,13.106,0.8804917919469997,4.45,0.07094432206654504,SP,sao paulo,2018-06-10 15:02:54,housewares,1.0,91.81535804563484,100.0,88.5,94.8,75.3,86.2,1034,PREFERRED,0
8bd0f31cf0a614c658f6763bd02dea69,33,0.030303030303030304,10.002721310325478,8.595416666666667,137.40424242424243,30.07090909090909,0.2869208965500691,4.28125,0.07244975212212391,SP,sao paulo,2018-08-16 20:32:56,furniture_decor,0.9696969696969697,91.8124010120237,97.0,88.2,95.3,92.2,82.0,1035,PREFERRED,0
698f5fa55a5f73d0740e9d9a773e8093,4,0.0,6.034730902777778,0.0,30.0,20.9975,0.8565416666666666,4.75,0.10416837278851948,RJ,rio de janeiro,2018-06-20 08:57:50,health_beauty,1.0,91.81019311484879,100.0,82.1,97.4,76.0,93.8,1036,PREFERRED,1
54583ab379489add547fe47b628db589,10,0.0,5.116539351851852,0.0,224.0,15.108,0.067452,4.8,0.15635454461685055,SP,sao bernardo do campo,2018-08-28 15:58:28,baby,1.0,91.80946314741318,100.0,72.1,97.9,98.4,95.0,1037,PREFERRED,0
dedcab67899479e4ea5dcc4eba47f587,2,0.0,5.555057870370371,0.0,42.0,10.82,0.25761904761904764,4.5,0.12092655960976847,SC,jaragua do sul,2018-08-17 17:59:38,auto,1.0,91.80743437929296,100.0,78.9,97.7,93.0,87.5,1038,PREFERRED,1
b347677812ea483b0f528eaf8cbc09b7,21,0.0,13.219165564373899,0.0,350.8995238095238,37.663809523809526,0.11217292284794284,4.523809523809524,0.11873431883609478,PR,curitiba,2018-06-22 22:10:44,housewares,1.0,91.80509000602687,100.0,79.3,93.6,97.1,88.1,1039,PREFERRED,0
feb793c88d836c3a75efa4b5a3465d70,1,0.0,5.986342592592592,0.0,466.0,64.17,0.1377038626609442,5.0,0.16655954840726545,SP,sao paulo,2018-03-23 19:26:13,garden_tools,1.0,91.8019970895473,100.0,70.2,97.5,96.4,100.0,1040,PREFERRED,1
04aba03279157f6d4e0fe8ccaf21963c,15,0.06666666666666667,11.624953703703705,22.54832175925926,161.06666666666666,21.282,0.14461091782660176,4.533333333333333,0.07160238823976468,RJ,santo antonio de padua,2018-08-26 13:25:25,health_beauty,0.9333333333333333,91.80042559153878,93.3,88.4,94.5,96.2,88.3,1041,PREFERRED,0
606ce7768feac12c5e8bd58db8b08f0f,5,0.0,9.72950925925926,0.0,607.3,24.356,0.04914620429104551,4.8,0.14999534770945164,SP,campinas,2018-08-07 23:19:34,watches_gifts,1.0,91.79930845852643,100.0,73.3,95.5,98.9,95.0,1042,PREFERRED,1
d93b8458c6fe139d85cfa5eadbf55bd2,1,0.0,5.977627314814815,0.0,19.9,14.1,0.7085427135678393,5.0,0.13288299367669043,SP,sao paulo,2017-11-19 19:35:01,sports_leisure,1.0,91.7963946277265,100.0,76.6,97.5,80.2,100.0,1043,PREFERRED,1
1430239a858e7682bbc43b20758af153,17,0.0,7.671258850762528,0.0,37.29352941176471,14.979411764705883,0.5032334962980047,4.176470588235294,0.07777769915271955,SP,sao paulo,2018-08-21 18:22:34,baby,1.0,91.79636419154038,100.0,87.2,96.6,86.0,79.4,1044,PREFERRED,0
82bd0703a4aefd6b599e5bfdaed378fb,19,0.05263157894736842,11.5280147417154,6.949872685185185,121.85684210526317,19.699473684210528,0.2670939403132348,4.105263157894737,0.04134588854147727,SP,marilia,2017-08-18 08:57:28,health_beauty,0.9473684210526316,91.79621929623669,94.7,94.2,94.5,92.7,77.6,1045,PREFERRED,0
64c9a1db4e73e19aaafd3286dc448c96,1,0.0,9.469189814814815,0.0,439.0,43.6,0.09931662870159454,5.0,0.16318478737259734,PR,curitiba,2018-08-18 14:03:10,housewares,1.0,91.79569196712471,100.0,70.8,95.6,97.5,100.0,1046,PREFERRED,1
1987cd4be10fe09ee50454f9c354d1c6,14,0.07142857142857142,15.318574735449735,18.556863425925926,205.54999999999998,18.395000000000003,0.11769955179376376,4.357142857142857,0.0499517412726322,MG,ouro fino,2018-03-02 23:16:28,pet_shop,0.9285714285714286,91.79307220561165,92.9,92.5,92.5,97.0,83.9,1047,PREFERRED,0
e9c6969d40e6a3d2d0f90013165c2b98,10,0.0,9.087366898148149,0.0,523.9979999999999,24.2,0.06228079205193419,4.4,0.11913498197426704,SP,sao paulo,2018-06-03 13:31:36,pet_shop,1.0,91.79171491272369,100.0,79.3,95.8,98.5,85.0,1048,PREFERRED,0
7c51de0ab286204ce75ff42bf7c10d92,4,0.0,9.790217013888888,0.0,189.75,37.41,0.19033921609579504,4.5,0.11824878370926811,SC,picarras,2018-08-12 17:52:19,health_beauty,1.0,91.789903482388,100.0,79.4,95.5,94.9,87.5,1049,PREFERRED,1
4305fe92735c8a43d154ff6dd2b8d927,17,0.0,11.483929057734205,0.0,153.29999999999998,23.149411764705885,0.17584178435790873,4.176470588235294,0.09099978922142311,MG,coronel fabriciano,2018-08-25 20:26:35,sports_leisure,1.0,91.78872233001218,100.0,84.6,94.6,95.3,79.4,1050,PREFERRED,0
89757206b887aed36f3e18d858460fea,2,0.0,9.605752314814815,0.0,60.25,27.82,0.46265822784810123,5.0,0.141600497866039,SP,sao paulo,2018-07-04 21:45:50,stationery,1.0,91.78796573432585,100.0,74.9,95.6,87.2,100.0,1051,PREFERRED,1
e1643dff33666ca629e3644c02738179,3,0.0,4.555775462962963,0.0,56.666666666666664,9.77,0.20206973581973578,4.333333333333333,0.11330979306388637,SP,sao paulo,2018-05-28 21:16:13,unknown,1.0,91.78446403766984,100.0,80.4,98.2,94.6,83.3,1052,PREFERRED,1
cbf09e831b0c11f6f23ffb51004db972,10,0.0,5.281611111111111,0.0,153.52,28.02,0.2574880839247761,4.4,0.11407960678535722,SP,sbc/sp,2018-08-21 17:40:41,housewares,1.0,91.78260806547512,100.0,80.2,97.8,93.0,85.0,1053,PREFERRED,0
8185694b58b2ba6de20fd41ae608bbea,8,0.0,11.058253761574075,0.0,171.5375,28.78375,0.20470681118463377,4.5,0.11578341654258989,SP,tabao da serra,2018-08-11 13:09:33,furniture_decor,1.0,91.76643169069139,100.0,79.9,94.8,94.5,87.5,1054,PREFERRED,1
d9e8c084b68fe958861d8f2c21202e6b,9,0.0,10.330096450617283,0.0,338.8888888888889,20.206666666666667,0.3131626102292769,4.333333333333333,0.09763187938705749,SP,sao paulo,2018-07-20 16:14:47,agro_industry_and_commerce,1.0,91.76126718562759,100.0,83.4,95.2,91.4,83.3,1055,PREFERRED,1
6548c2550b6e2d8f18053216e1c7b6f3,3,0.0,6.486157407407408,0.0,72.56666666666666,23.283333333333335,0.6794341155188667,5.0,0.13463969087013572,SP,diadema,2018-08-22 17:58:13,housewares,1.0,91.75439133800792,100.0,76.3,97.2,81.0,100.0,1056,PREFERRED,1
2d42ebcda99fd55f6f4bc2f1ca035d50,10,0.0,9.604912037037037,0.0,92.15,28.247000000000003,0.33228285507776933,4.3,0.09527342489785535,GO,uruacu,2018-08-08 13:20:45,small_appliances,1.0,91.75267295414153,100.0,83.8,95.6,90.9,82.5,1057,PREFERRED,0
0e72c1a751b496722a6cb1f10653b62a,3,0.0,6.891940586419754,0.0,46.93333333333334,17.1,0.4685792514049016,4.666666666666667,0.12045192206863654,SP,sao paulo,2018-07-30 21:42:57,toys,1.0,91.75024286107984,100.0,79.0,97.0,87.0,91.7,1058,PREFERRED,1
777a0c55737f34ffeb78010f7542ab41,6,0.0,4.23389274691358,0.0,75.41666666666667,12.638333333333334,0.16848658706326367,4.333333333333333,0.11655644347317999,SP,sao paulo,2018-08-20 17:59:47,health_beauty,1.0,91.74979796369118,100.0,79.7,98.4,95.5,83.3,1059,PREFERRED,1
01cf7e3d21494c41fb86034f2e714fa1,59,0.05084745762711865,11.786124646892656,12.82281635802469,159.99254237288136,33.295762711864406,0.2266368886442318,4.120689655172414,0.04681486618634551,PR,francisco beltrao,2018-02-26 09:41:21,air_conditioning,0.9491525423728814,91.74875698260048,94.9,93.1,94.4,93.9,78.0,1060,PREFERRED,0
747e73c01a4593d4cf60dcf970fd2689,3,0.0,10.688094135802467,0.0,739.3299999999999,41.25666666666667,0.05006646968698684,4.333333333333333,0.11296607157022946,PE,vitoria de santo antao,2018-04-26 10:53:16,watches_gifts,1.0,91.74466915338256,100.0,80.4,95.0,98.9,83.3,1061,PREFERRED,1
d9c349beabc06aa6ff1c6d68b5e9e22e,1,0.0,21.02513888888889,0.0,168.1,37.55,0.22337894110648424,5.0,0.13787970872312794,SP,sao paulo,2018-04-30 16:52:39,construction_tools_construction,1.0,91.7372475311739,100.0,75.7,89.5,94.0,100.0,1062,PREFERRED,1
269cff2d3c8d205c11f37a52402ea93b,4,0.0,7.12845775462963,0.0,320.3975,33.3525,0.11554897114501769,4.5,0.12822920978183516,SP,catanduva,2018-08-10 18:09:49,agro_industry_and_commerce,1.0,91.73558236848265,100.0,77.5,96.9,97.0,87.5,1063,PREFERRED,1
bf00385a5f7fc1ef39a13c2e9ee50a5f,28,0.0,5.772894758597884,0.0,30.55,11.923214285714286,0.4795993103532065,4.428571428571429,0.1033564665399014,SP,sao paulo,2018-08-27 19:59:06,electronics,1.0,91.73419123955645,100.0,82.3,97.6,86.7,85.7,1064,PREFERRED,0
0743a0239d764b9a0f959a57d07e36ab,4,0.0,5.358070023148148,0.0,84.24,16.565,0.21008043106100444,4.75,0.14520938589864557,SP,sao paulo,2018-08-04 17:01:32,food,1.0,91.73202756429785,100.0,74.3,97.8,94.3,93.8,1065,PREFERRED,1
a7d0f8dd44f57ef6de7f7f02e3d82630,2,0.0,6.127939814814814,0.0,36.894999999999996,12.94,0.33463927338738625,4.5,0.11710231433206245,SP,sao paulo,2018-08-19 20:26:26,cool_stuff,1.0,91.72655751022057,100.0,79.6,97.4,90.8,87.5,1066,PREFERRED,1
f2336e113377dd21c744d9c4fc8293a9,4,0.0,20.24722511574074,0.0,890.75,49.769999999999996,0.10205272007641628,4.25,0.08792685012036285,SP,sao paulo,2017-09-15 13:18:29,garden_tools,1.0,91.72428663395912,100.0,85.2,89.9,97.4,81.2,1067,PREFERRED,1
59fb871bf6f4522a87ba567b42dafecf,123,0.06504065040650407,11.998807023486902,4.958959780092592,172.1837398373984,16.370569105691057,0.10245057338076953,4.276422764227642,0.056163152837204994,SP,sao paulo,2018-04-11 23:34:10,health_beauty,0.9349593495934959,91.72357568531369,93.5,91.3,94.3,97.4,81.9,1068,PREFERRED,0
7e93a43ef30c4f03f38b393420bc753a,319,0.05642633228840126,11.314592621618484,15.532701260288064,522.902131661442,18.99884012539185,0.05250177652094265,4.364779874213837,0.07346502728019737,SP,barueri,2018-07-13 21:30:54,watches_gifts,0.9435736677115988,91.72356904359617,94.4,88.0,94.6,98.8,84.1,1069,PREFERRED,0
516e7738bd8f735ac19a010ee5450d8d,72,0.05555555555555555,8.918734407150206,3.102945601851852,88.81097222222223,19.736805555555556,0.3013034973509871,4.694444444444445,0.08914598927594393,RJ,rio de janeiro,2018-08-24 19:51:08,health_beauty,0.9444444444444444,91.72344915356209,94.4,85.0,95.9,91.8,92.4,1070,PREFERRED,0
542917da124346b47ea1ac79a93ce454,19,0.05263157894736842,11.950425804093568,3.930277777777778,67.60000000000001,17.82526315789474,0.39549234219930063,4.105263157894737,0.034602181419706696,PR,curitiba,2017-08-07 14:14:22,health_beauty,0.9473684210526316,91.72139371026226,94.7,95.5,94.3,89.1,77.6,1071,PREFERRED,0
ea846a0e7ad98a741783e886d89dfa44,2,0.0,10.279629629629628,0.0,68.5,27.63,0.40434356351236145,5.0,0.14552054516165583,SP,aracatuba,2018-08-17 16:44:32,perfumery,1.0,91.71203910192115,100.0,74.2,95.2,88.8,100.0,1072,PREFERRED,1
9add47bf45ce8e8c7db6b9cf670b1e09,41,0.024390243902439025,12.248760444896115,7.789618055555556,113.23585365853658,27.651463414634147,0.2847664117130227,4.225,0.07089234634892633,PR,fazenda rio grande,2018-08-18 10:11:14,furniture_decor,0.975609756097561,91.71055630279442,97.6,88.5,94.2,92.2,80.6,1073,PREFERRED,0
289cdb325fb7e7f891c38608bf9e0962,105,0.01904761904761905,6.800120149911817,7.268929398148147,127.57085714285715,19.639904761904763,0.15547171570715237,4.609523809523809,0.12159606450263499,SP,belo horizonte,2018-08-25 14:05:07,perfumery,0.9809523809523809,91.71026511169943,98.1,78.8,97.0,95.9,90.2,1074,PREFERRED,0
c864036feaab8c1659f65ea4faebe1da,58,0.034482758620689655,12.280721982758621,12.345069444444444,180.2448275862069,31.820172413793102,0.17565638644201065,4.568965517241379,0.09701630291106979,PR,campo largo,2018-08-09 16:23:03,sports_leisure,0.9655172413793104,91.70258212054208,96.6,83.5,94.1,95.3,89.2,1075,PREFERRED,0
c33a5c3c983090c8b78a28e65052a20d,8,0.0,11.570222800925926,0.0,74.5125,18.276249999999997,0.23912109594766195,4.125,0.08500703078790282,SC,criciuma,2018-06-24 23:22:22,perfumery,1.0,91.69641323556928,100.0,85.8,94.5,93.5,78.1,1076,PREFERRED,1
6c7d50c24b3ccd2fd83b44d8bb34e073,107,0.018691588785046728,12.294093219972309,6.322436342592592,78.92102803738317,24.990280373831776,0.3694920626720851,4.528301886792453,0.09401019146575539,SP,presidente prudente,2018-08-17 07:32:27,furniture_decor,0.9813084112149533,91.69571365550696,98.1,84.1,94.1,89.8,88.2,1077,PREFERRED,0
1a8e2d9c38b84a9702ac7922924b0573,1,0.0,15.598125,0.0,80.0,17.0,0.2125,5.0,0.14841533266289178,SC,araquari,2018-02-06 10:54:24,unknown,1.0,91.69483944712576,100.0,73.6,92.4,94.3,100.0,1078,PREFERRED,1
b67d6c666e8dce1d078c882825e12704,7,0.0,7.684325396825396,0.0,50.40571428571428,14.884285714285713,0.5550257011013502,4.857142857142857,0.1301086206768035,SP,sao paulo,2018-08-08 16:42:07,sports_leisure,1.0,91.69353457594327,100.0,77.2,96.6,84.6,96.4,1079,PREFERRED,1
ce27a3cc3c8cc1ea79d11e561e9bebb6,122,0.02459016393442623,10.19712668867638,4.167820216049383,77.58565573770493,17.661229508196723,0.4172494519554669,4.188034188034188,0.06392273313792185,SP,sao paulo,2018-08-25 13:07:13,computers_accessories,0.9754098360655737,91.68606290297862,97.5,89.8,95.2,88.5,79.7,1080,PREFERRED,0
01fdefa7697d26ad920e9e0346d4bd1b,128,0.0625,10.729679723668982,5.362333622685186,115.957265625,21.3696875,0.21280948769434455,4.377952755905512,0.06234743937111004,PR,londrina,2018-08-20 21:50:59,health_beauty,0.9375,91.68467737743053,93.8,90.1,95.0,94.3,84.4,1081,PREFERRED,0
643c01d7c56a724bec0454f4780e8a3e,2,0.0,9.720231481481482,0.0,102.775,20.55,0.29747720493506635,4.5,0.114224355737306,SC,joinville,2018-05-15 14:57:12,garden_tools,1.0,91.68427014918383,100.0,80.2,95.5,91.9,87.5,1082,PREFERRED,1
2ee0a0689f2f6a72f35a7cb6033f6e7e,4,0.0,9.681559606481482,0.0,68.0,13.21,0.19421275270547322,4.0,0.08133957845310234,SP,presidente prudente,2017-11-26 14:31:13,fashion_bags_accessories,1.0,91.68099018276972,100.0,86.5,95.5,94.8,75.0,1083,PREFERRED,1
b5d034ac251546e25afe9067f05c1539,1,0.0,12.577013888888889,0.0,69.9,15.37,0.2198855507868383,5.0,0.15333817001938865,SP,itapecerica da serra,2018-04-21 05:31:57,baby,1.0,91.67822963095614,100.0,72.7,94.0,94.1,100.0,1084,PREFERRED,1
eaaa46e98c9e61f6764dd1d7a2ab8b3e,1,0.0,11.097199074074075,0.0,98.0,27.64,0.2820408163265306,5.0,0.15220887414907858,RN,messias targino,2018-08-05 14:07:53,small_appliances,1.0,91.673626361663,100.0,72.9,94.8,92.3,100.0,1085,PREFERRED,1
7aa538dd6e114e503a2e6154ea352253,5,0.0,8.87823611111111,0.0,203.336,20.384,0.14520807840100022,4.4,0.11709565617087477,SP,catanduva,2018-08-17 15:45:42,housewares,1.0,91.67073455158503,100.0,79.6,95.9,96.2,85.0,1086,PREFERRED,1
0db783cfcd3b73998abc6e10e59a102f,131,0.03816793893129771,11.678491747950241,14.445321759259262,68.98702290076335,15.433358778625953,0.2535592585693704,4.2,0.06268007783886692,SP,santos,2018-04-07 15:24:30,telephony,0.9618320610687023,91.66196217680309,96.2,90.1,94.5,93.1,80.0,1087,PREFERRED,0
b1a81260566c1bac3114a6d124413f27,51,0.0196078431372549,8.565282543572986,0.6887847222222222,174.9401960784314,31.641372549019607,0.20909647644481907,4.2745098039215685,0.08989852320335363,RS,carazinho,2018-08-17 15:57:10,luggage_accessories,0.9803921568627451,91.66056413213393,98.0,84.9,96.1,94.4,81.9,1088,PREFERRED,0
3bdff180c7e1f6551a643b99c265a120,56,0.05357142857142857,10.034405588624338,3.0847878086419755,53.71785714285714,17.92642857142857,0.4072682822248243,4.254545454545455,0.04943367615486561,SP,sao paulo,2018-04-17 16:37:44,computers_accessories,0.9464285714285714,91.65661483805097,94.6,92.6,95.3,88.8,81.4,1089,PREFERRED,0
b76f4d90e85657a240495c876313adc5,1,0.0,2.6615972222222224,0.0,299.0,19.3,0.0645484949832776,5.0,0.17946040190246063,SP,hortolandia,2018-08-25 22:28:18,toys,1.0,91.65582551936612,100.0,67.7,99.2,98.5,100.0,1090,PREFERRED,1
18e694e0e48ed6f7aa3f24aade5fd697,31,0.03225806451612903,6.011871266427717,1.695613425925926,22.63032258064516,16.265483870967742,0.7451320120496625,4.67741935483871,0.0848199403024325,SP,varzea paulista,2018-08-26 19:07:32,computers_accessories,0.967741935483871,91.65398967194206,96.8,85.8,97.5,79.2,91.9,1091,PREFERRED,0
bfd27a966d91cfaafdb25d076585f0da,114,0.05263157894736842,12.418292417966212,8.050636574074074,168.640350877193,23.12640350877193,0.18011772263069203,4.31858407079646,0.06485294033079907,SP,serra negra,2018-07-02 10:01:40,toys,0.9473684210526316,91.64589485528445,94.7,89.7,94.1,95.2,83.0,1092,PREFERRED,0
f19516b9ff26bfeb091b30108db4ddbd,3,0.0,10.648128858024691,0.0,76.63333333333333,28.22666666666667,0.38947733568458,3.6666666666666665,0.042841646312724614,SP,artur nogueira,2017-11-14 21:09:04,costruction_tools_garden,1.0,91.64460061513525,100.0,93.9,95.0,89.3,66.7,1093,PREFERRED,1
70f84699be677ec988d1fa824aef7d90,5,0.0,17.529266203703706,0.0,317.65999999999997,23.228,0.077927606962261,4.6,0.12295593799623616,MG,sete lagoas,2018-07-18 21:15:01,musical_instruments,1.0,91.6430015810827,100.0,78.5,91.4,98.1,90.0,1094,PREFERRED,1
ebd2d60905fb58271facef5596b620d3,81,0.037037037037037035,13.009671210562413,55.73123456790123,95.24839506172839,20.178641975308643,0.2642566906826683,4.222222222222222,0.06298614071939586,SP,lencois paulista,2018-08-17 18:41:50,health_beauty,0.962962962962963,91.63401117974006,96.3,90.0,93.7,92.8,80.6,1095,PREFERRED,0
c6bda72e4dbf5c5866b13cb1810c6d03,58,0.034482758620689655,10.273985472541506,22.860133101851854,244.17000000000002,20.333793103448276,0.12834188073427738,4.456896551724138,0.09591265259674311,SP,sao paulo,2018-08-23 18:06:57,baby,0.9655172413793104,91.62902664888063,96.6,83.7,95.2,96.7,86.4,1096,PREFERRED,0
e9e446d01bd10a97a8ffcfc4a3a20cb2,3,0.0,5.304830246913579,0.0,17.05,7.39,0.4400841736503094,4.333333333333333,0.1012572243619753,SP,sao paulo,2018-07-08 19:59:16,perfumery,1.0,91.62697752364363,100.0,82.7,97.8,87.8,83.3,1097,PREFERRED,1
33a6f4b1e7cdc205511e76ba1b6e0186,102,0.0196078431372549,8.671850944081337,11.17157986111111,99.26480392156863,18.016960784313724,0.18904452513102493,4.431372549019608,0.10395761373511157,SP,guarulhos,2018-08-28 14:32:59,bed_bath_table,0.9803921568627451,91.62361025016973,98.0,82.2,96.0,94.9,85.8,1098,PREFERRED,0
b127efdabeffb5d559349c7b172eb75d,8,0.125,9.671536458333334,1.599398148148148,37.5375,17.240000000000002,0.4544129585927391,4.75,0.03465789596317749,SP,sao paulo,2017-05-17 19:12:52,fashion_bags_accessories,0.875,91.61759665503284,87.5,95.4,95.5,87.4,93.8,1099,PREFERRED,1
3092c0b297aacfb4bb6e056ebe13b9b8,15,0.0,13.795378858024693,0.0,89.626,20.995333333333335,0.4438930829659374,4.266666666666667,0.0820368409159186,SP,aruja,2018-06-29 09:18:48,housewares,1.0,91.61197266964759,100.0,86.4,93.3,87.7,81.7,1100,PREFERRED,0
7f7b8245c336066a1f9933c359f11d77,38,0.02631578947368421,8.170569261695908,10.55613425925926,55.114736842105266,14.101842105263158,0.3127076824234787,4.552631578947368,0.10235472884315117,SP,mogi mirim,2018-08-17 08:20:42,health_beauty,0.9736842105263158,91.6092969391561,97.4,82.5,96.3,91.4,88.8,1101,PREFERRED,0
8c0de775f52fe41590b376a3b7c50f68,8,0.0,6.2137239583333335,0.0,74.35000000000001,14.09,0.19255955295147975,4.25,0.10830673641573631,SP,sumare,2018-07-03 15:02:54,sports_leisure,1.0,91.6068352188768,100.0,81.3,97.3,94.8,81.2,1102,PREFERRED,1
f326006815956455b2859abd58fe7e39,9,0.0,12.90150591563786,0.0,349.6844444444444,74.00222222222222,0.22213308488002878,4.666666666666667,0.1280751161098918,SP,fernandopolis,2018-08-01 13:30:49,furniture_decor,1.0,91.60648487134564,100.0,77.5,93.8,94.0,91.7,1103,PREFERRED,1
48b6c3f4c6a93171da04b75313f2130f,2,0.0,24.125260416666666,0.0,145.13,18.9,0.1308159153740229,5.0,0.14096340365240706,SP,osvaldo cruz,2018-04-25 12:58:56,signaling_and_security,1.0,91.60566114011442,100.0,75.1,87.9,96.6,100.0,1104,PREFERRED,1
31eec405c9bb71dec8e2629a92e764fa,5,0.0,8.572550925925928,0.0,51.378,34.048,0.6596312727632163,4.6,0.1041672248488366,ES,cachoeiro de itapemirim,2018-08-10 13:10:40,auto,1.0,91.60472415414922,100.0,82.1,96.1,81.6,90.0,1105,PREFERRED,1
95ec4458365c4d11f452ccf538377619,24,0.041666666666666664,6.6352719907407405,2.9575578703703704,70.55666666666667,16.44666666666667,0.3009911293854797,4.739130434782608,0.1091964920346104,SP,limeira,2018-08-20 09:18:49,stationery,0.9583333333333334,91.5988993764618,95.8,81.2,97.1,91.8,93.5,1106,PREFERRED,0
1127b7f2594683f2510f1c2c834a486b,109,0.027522935779816515,9.404043068297655,4.062685185185185,60.555045871559635,16.131743119266055,0.47357280274448826,4.2110091743119265,0.06368090276615737,SP,campinas,2018-08-22 20:38:11,garden_tools,0.9724770642201834,91.5843926019764,97.2,89.9,95.7,86.9,80.3,1107,PREFERRED,0
9d4db00d65d7760644ac0c14edb5fd86,97,0.041237113402061855,8.056416213249332,9.36396412037037,101.50216494845361,15.562783505154638,0.19051034863125763,4.541666666666667,0.09869760352495868,SP,sorocaba,2018-08-18 09:08:48,toys,0.9587628865979382,91.5769881524984,95.9,83.2,96.4,94.9,88.5,1108,PREFERRED,0
2be17df1c49978426251562096c3cc09,16,0.0625,12.265654658564815,1.4346412037037037,136.49687500000002,20.19125,0.16324272445176216,4.1875,0.050159748869568255,SC,tubarao,2018-06-30 20:39:53,fashion_bags_accessories,0.9375,91.57295514011234,93.8,92.5,94.1,95.7,79.7,1109,PREFERRED,0
5a4236931428800e9d9cc04af0987118,1,0.0,3.981076388888889,0.0,44.97,45.69,1.0160106737825216,5.0,0.12266608500072898,SP,sao paulo,2018-07-17 15:23:54,housewares,1.0,91.57218079825365,100.0,78.6,98.5,71.5,100.0,1110,PREFERRED,1
0b3f27369a4d8df98f7eb91077e438ac,2,0.0,7.161655092592593,0.0,73.255,12.44,0.18987850917198743,4.0,0.08807071284532986,SP,aruja,2017-11-22 18:38:11,furniture_decor,1.0,91.5711435301078,100.0,85.2,96.8,94.9,75.0,1111,PREFERRED,1
4eeb99008a0f59d2c7759c59f9a346eb,2,0.0,7.6647337962962965,0.0,641.0,19.475,0.03624896138807429,4.5,0.13553070461415984,SP,embu das artes,2018-06-18 14:07:12,telephony,1.0,91.56813006795281,100.0,76.1,96.6,99.3,87.5,1112,PREFERRED,1
7df1fc11cc5cbc518b39faa60cf5d67c,5,0.0,7.718787037037036,0.0,207.51999999999998,26.872000000000003,0.16135328667602694,4.2,0.10457501102564801,MS,campo grande,2018-07-24 11:46:04,auto,1.0,91.56701531384638,100.0,82.0,96.6,95.7,80.0,1113,PREFERRED,1
63191ead8d3b2f937cd1996fdcbbad20,1,0.0,11.917349537037037,0.0,367.0,53.29,0.14520435967302453,5.0,0.16118616710418912,SP,jundiai,2018-08-10 16:24:47,musical_instruments,1.0,91.56657851715352,100.0,71.2,94.3,96.2,100.0,1114,PREFERRED,1
4bcec44888b30ba9001234c534716d3f,5,0.0,9.158854166666668,0.0,29.2,12.645999999999999,0.48281363636363633,4.6,0.11457924968730522,SP,santo andre,2018-07-18 15:22:25,health_beauty,1.0,91.56098058833044,100.0,80.1,95.8,86.6,90.0,1115,PREFERRED,1
ff1e15b778c700abdd4d239b81ac466d,7,0.0,7.551547619047619,0.0,59.18571428571429,16.408571428571427,0.27895021496926314,4.571428571428571,0.12708856746964803,PR,curitiba,2018-08-21 18:42:15,sports_leisure,1.0,91.56077285391994,100.0,77.7,96.6,92.4,89.3,1116,PREFERRED,1
4d9fea3499bdc22aa4da4e339365f215,2,0.0,12.668061342592592,0.0,96.27000000000001,15.1,0.15683194789724464,5.0,0.15958904271772634,SP,sao paulo,2018-07-04 16:17:34,perfumery,1.0,91.55041556234106,100.0,71.5,93.9,95.9,100.0,1117,PREFERRED,1
d149de2f383552baea37a7198c2296ce,3,0.0,4.890138888888889,0.0,106.90000000000002,11.223333333333334,0.10498908637355785,5.0,0.17566284449521832,SP,sao paulo,2018-08-27 17:18:42,toys,1.0,91.54582451472263,100.0,68.4,98.1,97.3,100.0,1118,PREFERRED,1
e3d3b3efac954a60d61be70b7e05b49b,3,0.0,11.115142746913582,0.0,427.34999999999997,41.26,0.09398052347554009,4.333333333333333,0.11382046476752951,SP,sao paulo,2018-06-25 01:28:11,home_construction,1.0,91.54516338245192,100.0,80.3,94.8,97.6,83.3,1119,PREFERRED,1
31561f325664a8a7aba4c8d0c3a9b3db,36,0.027777777777777776,7.388848701131688,0.7011689814814814,77.11611111111111,17.49277777777778,0.2954972229756891,4.638888888888889,0.1117541624733776,SP,sao paulo,2018-08-17 02:52:51,auto,0.9722222222222222,91.54222935521116,97.2,80.7,96.7,91.9,91.0,1120,PREFERRED,0
5cf1ec37aea089f45110c70653a166ab,2,0.0,21.465109953703703,0.0,17.5,14.290000000000001,0.8878333333333334,5.0,0.10197631645239211,SP,sao paulo,2017-12-13 16:58:37,unknown,1.0,91.53701449524743,100.0,82.5,89.3,75.1,100.0,1121,PREFERRED,1
3985a3c45be355a4c57fde108bfabd1c,7,0.0,11.443118386243386,0.0,49.17142857142857,24.571428571428573,0.6954295922752713,4.0,0.05181324559062324,RS,rolante,2017-06-19 15:25:29,consoles_games,1.0,91.53334158593529,100.0,92.2,94.6,80.6,75.0,1122,PREFERRED,1
447d377bdb757058acb569025ee18a93,1,0.0,18.0040625,0.0,64.99,18.02,0.2772734266810279,5.0,0.14396766103711817,RS,carazinho,2018-02-02 18:46:41,stationery,1.0,91.53283391987769,100.0,74.5,91.1,92.4,100.0,1123,PREFERRED,1
ad273c9eb54ecb4532de4bf75bae9e4e,9,0.0,12.855585133744857,0.0,85.75444444444445,21.846666666666668,0.288480743811806,4.0,0.07366265760666692,PR,curitiba,2018-08-09 01:14:45,housewares,1.0,91.52893998896418,100.0,88.0,93.8,92.1,75.0,1124,PREFERRED,1
d354c38a7182125a748cb10474fe963b,17,0.058823529411764705,13.723873229847493,2.806423611111111,88.25529411764705,17.257058823529412,0.46987032417403574,4.375,0.04796099500163814,RJ,aperibe,2018-03-08 19:03:20,sports_leisure,0.9411764705882353,91.5240535960291,94.1,92.9,93.4,87.0,84.4,1125,PREFERRED,0
9dd59e43f0c9f0553244e8f9c2fb247e,10,0.1,13.135447916666667,2.8326504629629627,35.63,15.181999999999999,0.5017898942488419,4.8,0.05045555277754978,PR,foz do iguacu,2018-01-23 15:30:59,perfumery,0.9,91.51331520560585,90.0,92.4,93.7,86.1,95.0,1126,PREFERRED,0
2a84855fd20af891be03bc5924d2b453,154,0.032467532467532464,8.619868551587302,20.498581018518518,97.80584415584416,21.24383116883117,0.3061412157940688,4.372549019607843,0.08545824455845356,MG,belo horizonte,2018-08-29 14:18:28,stationery,0.9675324675324676,91.5111496775582,96.8,85.7,96.1,91.6,84.3,1127,PREFERRED,0
4f1f1c8666cdb6442f775c4e8caed465,2,0.0,19.96107060185185,0.0,472.49,62.705,0.14331357622551727,5.0,0.14922245644077986,MG,belo horizonte,2018-08-01 14:04:51,toys,1.0,91.50558539921249,100.0,73.5,90.1,96.2,100.0,1128,PREFERRED,1
6c177e38df6d3f34182b1f1d427231bf,53,0.03773584905660377,14.409789482879106,1.246585648148148,153.0733962264151,18.908679245283018,0.13695756573600498,4.150943396226415,0.06484209964770273,PR,curitiba,2018-08-21 13:32:24,telephony,0.9622641509433962,91.5032367952991,96.2,89.7,93.0,96.4,78.8,1129,PREFERRED,0
4d0041cdbe51b4617d95c70b19decc74,8,0.0,7.155746527777778,0.0,654.4000000000001,28.78625,0.08570955969333667,4.5,0.13510298027868828,MG,juiz de fora,2018-07-31 09:52:59,auto,1.0,91.48874224829163,100.0,76.2,96.9,97.9,87.5,1130,PREFERRED,1
90b36c5aeb728d5504a39f435bef0c5f,4,0.0,11.74271412037037,0.0,38.4725,23.5,0.6446572382524063,5.0,0.133635231085399,SP,conchal,2018-08-01 16:13:13,health_beauty,1.0,91.4832399554941,100.0,76.5,94.4,82.0,100.0,1131,PREFERRED,1
df91910b6a03bb2e3358fa6a35e32f6f,13,0.0,9.194750712250713,0.0,163.3223076923077,30.263846153846153,0.19656094361233686,4.615384615384615,0.1343207453298575,SP,sao paulo,2018-08-14 21:21:39,housewares,1.0,91.48222837901474,100.0,76.3,95.8,94.7,90.4,1132,PREFERRED,0
5f5b43b2bffa8656e4bc6efeb13cc649,26,0.038461538461538464,13.875202101139601,7.796956018518519,137.62307692307692,20.696923076923078,0.19539949694100572,4.423076923076923,0.0835055915883945,SP,sao paulo,2018-06-18 17:35:29,stationery,0.9615384615384616,91.48077849475527,96.2,86.1,93.3,94.8,85.6,1133,PREFERRED,0
acb6c2ca5c82411c1fdb88d5fd5eb95e,10,0.0,10.168471064814815,0.0,41.388,16.161,0.529770076554893,3.9,0.05701679922363334,SP,sao paulo,2018-08-01 15:56:40,sports_leisure,1.0,91.48045897330229,100.0,91.2,95.3,85.3,72.5,1134,PREFERRED,0
e9b6c33b71b67737693b4cfa68341c8d,1,0.0,11.771851851851851,0.0,119.9,21.49,0.17923269391159297,4.0,0.08296540879648827,SP,sao paulo,2017-08-16 20:08:12,housewares,1.0,91.47939486498124,100.0,86.2,94.4,95.2,75.0,1135,PREFERRED,1
120476eb7a04c149d14772edaf5d9bf2,4,0.0,7.798266782407407,0.0,592.2,37.707499999999996,0.128753125364846,4.25,0.1122997602598642,RJ,angra dos reis,2018-08-10 11:56:30,construction_tools_construction,1.0,91.47058628938515,100.0,80.6,96.5,96.7,81.2,1136,PREFERRED,1
b6d44737c043328708f6749c2dbe50bd,60,0.06666666666666667,8.316256944444444,5.335975115740741,90.67066666666666,26.6075,0.32151578887360055,4.516666666666667,0.07220029281124317,SP,santo andre,2018-08-07 17:47:15,housewares,0.9333333333333333,91.47036546038557,93.3,88.2,96.2,91.2,87.9,1137,PREFERRED,0
08f5819815f3d06545011850bd70f0a8,3,0.0,8.471766975308642,0.0,150.66666666666666,23.61,0.16003531292127626,4.666666666666667,0.14202570435541967,SP,santos,2018-08-12 16:01:35,health_beauty,1.0,91.46650049506084,100.0,74.9,96.2,95.8,91.7,1138,PREFERRED,1
066a6914e1ebf3ea95a216c73a986b91,65,0.03076923076923077,13.450978810541312,38.28055555555556,138.3890769230769,25.611538461538462,0.34118998197394323,4.123076923076923,0.058013009999606506,PR,foz do iguacu,2018-08-10 12:12:35,sports_leisure,0.9692307692307692,91.46646798721486,96.9,91.0,93.5,90.6,78.1,1139,PREFERRED,0
916748bc99315c2d202898ae58b1617e,25,0.0,10.472281944444443,0.0,14.776000000000002,15.0844,1.1883527849927848,4.28,0.04756307118066993,SP,sorocaba,2017-11-25 14:37:15,sports_leisure,1.0,91.46542570454275,100.0,93.0,95.1,66.6,82.0,1140,PREFERRED,0
3d68c634a99a1ba46dbca3967a69c623,2,0.0,9.19443287037037,0.0,297.0,131.85,0.44393939393939397,5.0,0.1501564408058756,SC,nova trento,2018-08-02 12:07:27,cool_stuff,1.0,91.46384582680469,100.0,73.3,95.8,87.7,100.0,1141,PREFERRED,1
fadb07c842a2aef5d5a676b85f220e71,7,0.0,6.430039682539683,0.0,56.964285714285715,24.517142857142858,0.6400313064149502,4.714285714285714,0.12080727445199557,SP,sao jose do rio preto,2018-08-27 15:04:59,sports_leisure,1.0,91.46199228453578,100.0,78.9,97.2,82.1,92.9,1142,PREFERRED,1
05feb94f19d094d4b0f9281f0b1d4c99,6,0.0,15.371317515432098,0.0,1558.8333333333333,116.17333333333333,0.07642643228547365,4.5,0.12267026790015172,SP,mogi das cruzes,2018-02-18 18:26:06,garden_tools,1.0,91.45753322351044,100.0,78.6,92.5,98.1,87.5,1143,PREFERRED,1
f35becee938e982bd615edf8ef12bcfb,6,0.0,7.9204591049382715,0.0,24.765,13.036666666666667,0.7134637378487304,4.0,0.058192638950925336,SP,alvares machado,2017-08-02 18:18:33,home_confort,1.0,91.45660584868484,100.0,90.9,96.4,80.1,75.0,1144,PREFERRED,1
822166ed1e47908f7cfb49946d03c726,64,0.015625,12.701389612268517,10.809548611111111,53.618281249999995,24.54453125,0.5829585046262392,4.095238095238095,0.05403612194452706,RJ,tres rios,2018-07-22 15:19:05,bed_bath_table,0.984375,91.45621057654989,98.4,91.7,93.9,83.8,77.4,1145,PREFERRED,0
8fe8786ee000001ab51d030dfd4a7bf1,5,0.0,15.866671296296294,0.0,451.0,40.288,0.08970887505507663,4.6,0.1289942863263866,SC,paulo lopes,2018-06-22 21:16:19,musical_instruments,1.0,91.45245112001122,100.0,77.4,92.2,97.8,90.0,1146,PREFERRED,1
d624126b9206f595fb3fbb6ba03b28a8,23,0.043478260869565216,11.358020833333335,12.029155092592593,312.9913043478261,24.769565217391307,0.19870663255579304,4.318181818181818,0.07620645082500617,PR,curitiba,2018-08-16 19:27:59,auto,0.9565217391304348,91.45232537946802,95.7,87.5,94.6,94.7,83.0,1147,PREFERRED,0
fe1b067411b8c5066e962aa146ccee03,8,0.0,8.78437210648148,0.0,105.9725,17.8875,0.1817351386826658,4.625,0.13746144548306008,SP,presidente prudente,2018-08-21 09:33:04,perfumery,1.0,91.44250596963568,100.0,75.7,96.0,95.2,90.6,1148,PREFERRED,1
e51f22821f0c12a16ad5c020cdcd55e9,4,0.0,10.324129050925926,0.0,224.6775,24.5325,0.13271320026578087,4.75,0.14763658507262473,SP,carapicuiba,2018-08-07 15:17:28,computers_accessories,1.0,91.4404096430238,100.0,73.8,95.2,96.5,93.8,1149,PREFERRED,1
c84592044b180dec206770c38603814b,14,0.0,12.918706183862435,0.0,35.13857142857143,14.930714285714286,0.5199804478525326,4.428571428571429,0.09524031597771145,SP,sao paulo,2018-05-12 11:42:27,electronics,1.0,91.44029098570545,100.0,83.8,93.8,85.6,85.7,1150,PREFERRED,0
c70a353f02429c00775a46a75fb787da,6,0.0,6.758491512345679,0.0,40.333333333333336,15.823333333333332,0.39560846724065896,4.666666666666667,0.13148890545787803,SP,sao paulo,2018-08-10 15:11:34,health_beauty,1.0,91.4391027656539,100.0,76.9,97.1,89.1,91.7,1151,PREFERRED,1
8f119a0aee85c0c8fc534629734e94fd,73,0.0547945205479452,10.275790366565195,5.181802662037038,47.895753424657535,14.09164383561644,0.35865449974129265,4.342465753424658,0.06246945217455134,SP,barueri,2018-08-10 21:02:26,toys,0.9452054794520548,91.43767805087519,94.5,90.1,95.2,90.1,83.6,1152,PREFERRED,0
6061155addc1e54b4cfb51c1c2a32ad8,27,0.037037037037037035,6.005960648148148,2.919560185185185,578.3111111111111,31.91333333333333,0.13689777078795903,4.777777777777778,0.1297632158806511,SP,campinas,2018-08-26 07:38:38,pet_shop,0.962962962962963,91.43612573201591,96.3,77.2,97.5,96.4,94.4,1153,PREFERRED,0
5f57db27027655e6c6a391601daa0258,1,0.0,14.373472222222222,0.0,98.0,53.04,0.5412244897959183,5.0,0.1365108162648583,ES,viana,2018-08-14 10:41:49,auto,1.0,91.42978974753943,100.0,75.9,93.0,85.0,100.0,1154,PREFERRED,1
834f3294fba9f932f56edc879193f925,66,0.06060606060606061,14.296499017957352,7.780222800925926,606.7772727272728,65.45575757575757,0.10723616849625586,4.545454545454546,0.08253092247499377,SP,araraquara,2018-08-15 09:57:51,cool_stuff,0.9393939393939394,91.42801506674462,93.9,86.3,93.1,97.3,88.6,1155,PREFERRED,0
6bb62a4912377c7bfe7cb17b406bc7e6,3,0.0,5.368032407407408,0.0,240.87666666666667,31.343333333333334,0.15484775746310225,5.0,0.17437733865881014,SP,jundiai,2018-08-14 06:30:49,construction_tools_safety,1.0,91.42793656316745,100.0,68.7,97.8,95.9,100.0,1156,PREFERRED,1
ea3ebea5317b0efbc663ecc8ce5e9bc2,3,0.0,9.390617283950617,0.0,99.90000000000002,19.216666666666665,0.2246543987786234,4.0,0.08534246481054615,SC,florianopolis,2018-05-20 20:16:42,auto,1.0,91.42594954183411,100.0,85.7,95.7,93.9,75.0,1157,PREFERRED,1
00d8b143d12632bad99c0ad66ad52825,1,0.0,7.233344907407408,0.0,86.0,51.1,0.5941860465116279,5.0,0.14534947788247707,MG,belo horizonte,2018-03-21 11:17:37,fashion_bags_accessories,1.0,91.42374521705577,100.0,74.2,96.8,83.5,100.0,1158,PREFERRED,1
a3082f442524a1be452e3189e003b361,3,0.0,11.537480709876542,0.0,100.53333333333335,32.550000000000004,0.31301542087484274,4.333333333333333,0.10271309143400499,SP,curitiba,2018-08-09 20:36:13,auto,1.0,91.42222518601608,100.0,82.4,94.5,91.4,83.3,1159,PREFERRED,1
3078096983cf766a32a06257648502d1,56,0.05357142857142857,12.067960276124339,4.2513503086419755,141.26500000000001,24.46875,0.22666345787150716,4.303571428571429,0.06548669292274449,SP,scao jose do rio pardo,2018-05-09 19:32:24,toys,0.9464285714285714,91.42211240333002,94.6,89.5,94.2,93.9,82.6,1160,PREFERRED,0
f205b1a3ca9a34e0f8a228bae6e4c7b3,8,0.0,8.596142939814815,0.0,136.0,49.6125,0.38340152537520955,4.875,0.1458866774601169,RS,cachoeirinha,2018-08-26 17:28:44,furniture_decor,1.0,91.41903160835383,100.0,74.1,96.1,89.4,96.9,1161,PREFERRED,1
8d46553a36e68f95350a200c12f8f2e2,9,0.0,17.568221450617287,0.0,73.33333333333333,17.467777777777776,0.6453909889839609,4.222222222222222,0.06446575853935935,SP,campinas,2018-03-15 17:34:36,perfumery,1.0,91.41542111454743,100.0,89.7,91.3,82.0,80.6,1162,PREFERRED,1
5d3bb11474a06bdc23fb9e89f1164ee0,31,0.03225806451612903,9.800679883512545,8.99212962962963,117.89032258064516,16.91032258064516,0.164930212603166,3.903225806451613,0.05740686330296504,SP,assis,2018-08-13 15:36:49,furniture_decor,0.967741935483871,91.40937048626043,96.8,91.1,95.4,95.6,72.6,1163,PREFERRED,0
cac876b37d3abcd6bd76caca30277996,26,0.038461538461538464,9.977665153133902,0.773275462962963,82.68730769230768,26.939615384615387,0.4105562921159155,4.52,0.08640437229814873,PR,cascavel,2018-07-26 13:09:26,housewares,0.9615384615384616,91.40471180187305,96.2,85.5,95.4,88.7,88.0,1164,PREFERRED,0
d9442042130b7fe579d1295f9f4a248f,19,0.05263157894736842,10.679895833333333,7.740289351851852,40.64,17.835789473684212,0.45260682901089555,4.368421052631579,0.06055762109325193,SP,sao paulo,2017-09-11 20:01:57,housewares,0.9473684210526316,91.40357888925202,94.7,90.5,95.0,87.5,84.2,1165,PREFERRED,0
08084d990eb3f53af056ccbc1730c8a7,11,0.0,8.628722643097644,0.0,31.218181818181822,18.502727272727274,0.5963799479569628,4.4,0.09640260342152134,SP,sao paulo,2018-08-14 20:56:45,electronics,1.0,91.40177165984082,100.0,83.6,96.1,83.4,85.0,1166,PREFERRED,0
68ca56ce86830f3d31b1b7ec6a54da3e,4,0.0,5.02892650462963,0.0,175.67499999999998,41.855,0.2719096486572723,4.25,0.11022668934882551,PR,guaratuba,2018-08-10 18:10:00,stationery,1.0,91.38388186872373,100.0,81.0,98.0,92.6,81.2,1167,PREFERRED,1
94c49f20a123aeb9360dbf80ff912bf6,3,0.0,14.152438271604938,0.0,92.58333333333333,20.513333333333335,0.2754179992107999,3.6666666666666665,0.04952130708842318,SP,sorocaba,2017-06-05 16:01:12,toys,1.0,91.36958109198197,100.0,92.6,93.1,92.5,66.7,1168,PREFERRED,1
1e8c6a4c538f286aee9573239740a4b4,4,0.0,7.021634837962963,0.0,72.875,12.5225,0.1869848484848485,4.25,0.11255677506436597,SP,itatiba,2018-07-29 21:02:20,baby,1.0,91.3547820929567,100.0,80.5,96.9,95.0,81.2,1169,PREFERRED,1
6ba4733aa33f6386e9fb0c0fd3993b38,3,0.0,12.429888117283951,0.0,49.93,20.03,0.40302460499569,4.666666666666667,0.12349272327170376,RS,torres,2018-08-17 10:32:19,unknown,1.0,91.35023274259213,100.0,78.4,94.1,88.9,91.7,1170,PREFERRED,1
23ff42c4bf1f8f16cddb19d8b972974a,2,0.0,11.843969907407407,0.0,87.35000000000001,26.485,0.4579096090637584,4.0,0.06911971263022605,MG,itau de minas,2017-11-17 13:12:47,sports_leisure,1.0,91.34626160610932,100.0,88.8,94.4,87.3,75.0,1171,PREFERRED,1
81a1104df0f08b59c68aa5b03cfe398e,72,0.05555555555555555,12.830092431841564,3.423370949074074,129.45805555555555,24.922916666666666,0.20546785980077853,4.314285714285714,0.06658366447796761,PR,sao jose dos pinhais,2018-04-16 18:51:24,garden_tools,0.9444444444444444,91.33983380375051,94.4,89.3,93.8,94.5,82.9,1172,PREFERRED,0
5b85809efd0d0e4dea1a9544e1280ed9,12,0.0,7.96546199845679,0.0,150.38333333333335,24.396666666666665,0.18293521432290227,4.25,0.11157375733678863,SP,presidente prudente,2018-08-20 14:02:55,health_beauty,1.0,91.3383268321803,100.0,80.7,96.4,95.1,81.2,1173,PREFERRED,0
49f8d2ea7b718d0ce587d34207caf2b4,1,0.0,6.839895833333333,0.0,149.9,15.36,0.10246831220813875,5.0,0.17699222880253995,SP,sao bernardo do campo,2018-08-23 20:34:07,pet_shop,1.0,91.3342519939428,100.0,68.2,97.0,97.4,100.0,1174,PREFERRED,1
87142160b41353c4e5fca2360caf6f92,304,0.05592105263157895,10.946132545991716,5.701417483660131,102.52980263157895,23.760921052631577,0.33867306539313075,4.404290429042904,0.06875613690165767,RS,porto alegre,2018-08-21 21:53:58,computers_accessories,0.944078947368421,91.33227645859702,94.4,88.9,94.8,90.7,85.1,1175,PREFERRED,0
d03698c2efd04a549382afa6623e27fb,17,0.058823529411764705,15.052040441176471,5.668634259259259,497.68176470588236,42.47941176470588,0.11424936497764064,4.705882352941177,0.09675048726928535,BA,ilheus,2018-07-31 20:19:04,computers_accessories,0.9411764705882353,91.33072655482046,94.1,83.5,92.7,97.1,92.6,1176,PREFERRED,0
9674754b5a0cb32b638cec001178f799,84,0.03571428571428571,8.410468474426809,3.7979938271604943,59.05511904761905,14.295357142857142,0.35283276065862407,4.107142857142857,0.06382341224386973,SP,sao paulo,2018-08-22 02:28:35,small_appliances,0.9642857142857143,91.32298983016041,96.4,89.9,96.2,90.3,77.7,1177,PREFERRED,0
aae3bfea055532c57fb453ed3ec80b30,47,0.0,12.724472517730497,0.0,64.44531914893616,16.70255319148936,0.3107580212441209,3.652173913043478,0.04968915841015543,SP,santo andre,2018-05-15 16:01:56,market_place,1.0,91.32044942866345,100.0,92.6,93.9,91.5,66.3,1178,PREFERRED,0
596849622429351f47b32e6cae1055ff,11,0.0,5.847595749158248,0.0,91.36363636363636,13.15181818181818,0.31705870547073983,4.6,0.13504106976668961,SP,mogi das cruses,2018-08-21 20:32:25,telephony,1.0,91.31423262514485,100.0,76.2,97.5,91.3,90.0,1179,PREFERRED,0
4a23adac87cf538689fa600d976f78b2,3,0.0,8.555979938271605,0.0,135.0,11.803333333333333,0.0874320987654321,4.333333333333333,0.12331107799608305,SP,sao paulo,2018-08-22 13:02:19,furniture_decor,1.0,91.31250584815369,100.0,78.5,96.1,97.8,83.3,1180,PREFERRED,1
4ba52dfeba874da5b9ee7b17c7494f04,11,0.09090909090909091,10.621666666666668,6.982094907407407,133.0,18.62818181818182,0.17271201962593488,4.363636363636363,0.050812476311163916,SP,mogi das cruzes,2017-10-23 18:48:32,books_technical,0.9090909090909091,91.31172140443248,90.9,92.3,95.0,95.4,84.1,1181,PREFERRED,0
45d33f715e24d15a6ccf5c17b3a23e3c,52,0.07692307692307693,11.676441194800569,9.365436921296295,84.85711538461538,16.280576923076925,0.2753263847562669,4.346153846153846,0.05206457398112791,SP,sorocaba,2018-08-17 08:06:17,computers_accessories,0.9230769230769231,91.30062753550712,92.3,92.1,94.5,92.5,83.7,1182,PREFERRED,0
5075aaa8404020ae6aa8bf4792099b41,10,0.0,11.988199074074073,0.0,157.288,29.927,0.4600057257003547,3.9,0.062024148352658424,MG,pocos de caldas,2018-01-13 19:23:28,drinks,1.0,91.29381680358175,100.0,90.2,94.3,87.3,72.5,1183,PREFERRED,0
21d59342ba150175ca2aa4f8faddeca6,2,0.0,8.62144675925926,0.0,147.2,47.655,0.32273728236281507,4.5,0.12287043068743392,SP,itaquaquecetuba,2018-08-22 14:53:45,health_beauty,1.0,91.28569670897507,100.0,78.5,96.1,91.2,87.5,1184,PREFERRED,1
a513150f33f99a06569e9cd5c4bb889b,2,0.0,9.656533564814815,0.0,338.5,17.125,0.07480922433767756,4.5,0.13588417770318478,SP,sao paulo,2017-12-01 15:32:44,construction_tools_construction,1.0,91.28339956610306,100.0,76.0,95.5,98.2,87.5,1185,PREFERRED,1
189ca3538ce9f920cacf0f982cbe223b,4,0.0,4.121629050925926,0.0,104.75,15.6675,0.3493168740747769,4.25,0.10930528589834189,SP,sao paulo,2018-08-07 14:50:14,stationery,1.0,91.28051546904,100.0,81.1,98.5,90.4,81.2,1186,PREFERRED,1
229c3efbfb0ea2058de4ccdfbc3d784a,118,0.01694915254237288,10.759132140615192,12.85464699074074,131.17796610169492,19.497542372881355,0.17923839019503793,3.623931623931624,0.04703505107804047,MG,belo horizonte,2018-08-17 15:12:27,computers_accessories,0.9830508474576272,91.27796518551035,98.3,93.1,94.9,95.2,65.6,1187,PREFERRED,0
b906dd0e57f282c7089171b6ed07982e,2,0.0,6.987065972222222,0.0,102.95,28.325,0.2854353493222106,4.0,0.08884715943148988,PR,parana,2018-06-25 17:58:26,sports_leisure,1.0,91.27666554460751,100.0,85.1,96.9,92.2,75.0,1188,PREFERRED,1
466222e777149751370e7e98fb623b0c,1,0.0,6.829317129629629,0.0,87.9,17.55,0.19965870307167236,5.0,0.1726254639219995,RJ,rio de janeiro,2018-08-06 23:14:27,auto,1.0,91.26852544194553,100.0,69.0,97.0,94.6,100.0,1189,PREFERRED,1
b26741d31a563d769b4af0465ab20c56,2,0.0,12.684010416666666,0.0,324.0,23.515,0.07157799158608925,4.0,0.0923905367398038,SC,florianopolis,2018-03-26 16:14:32,sports_leisure,1.0,91.26076603848819,100.0,84.4,93.9,98.3,75.0,1190,PREFERRED,1
cac4e0bc1a3269fa2b6ea5e763f6115b,2,0.0,11.330792824074074,0.0,28.94,25.07,0.8725257211711758,5.0,0.1256366135862292,SC,brusque,2018-03-27 05:53:39,housewares,1.0,91.25261878281621,100.0,78.0,94.6,75.6,100.0,1191,PREFERRED,1
25be943a321c8938947bdaabca979a90,3,0.0,3.203792438271605,0.0,159.66666666666666,31.876666666666665,0.1914155567718786,4.333333333333333,0.12735446968599876,SP,sao bernardo do campo,2018-07-28 23:15:29,kitchen_dining_laundry_garden_furniture,1.0,91.2492712195758,100.0,77.7,98.9,94.9,83.3,1192,PREFERRED,1
df0f42bc4c2142eacf0eaf2cffd0cfbb,14,0.0,14.022936507936508,0.0,122.67785714285715,22.634999999999998,0.18315405958004025,4.142857142857143,0.09501359581006917,SC,itajai,2018-07-15 01:16:15,health_beauty,1.0,91.24772427757209,100.0,83.9,93.2,95.1,78.6,1193,PREFERRED,0
3d2531eccfbde1d7c8db7a3a12fb267a,10,0.0,9.996932870370369,0.0,199.954,21.306,0.16032280964592602,4.222222222222222,0.10931929174677384,MG,contagem,2018-08-19 18:34:21,health_beauty,1.0,91.24481738235379,100.0,81.1,95.3,95.8,80.6,1194,PREFERRED,0
49383af7ab774e4e8f3000f49c83dc4b,8,0.0,8.085562789351851,0.0,86.6125,33.13625,0.37406251939187096,4.375,0.11209657841795993,SP,taubate,2018-08-20 23:18:27,bed_bath_table,1.0,91.23012260040649,100.0,80.6,96.4,89.7,84.4,1195,PREFERRED,1
7299e27ed73d2ad986de7f7c77d919fa,332,0.04819277108433735,11.36374996513833,8.763757233796296,102.69569277108434,20.426716867469878,0.4668502079502307,4.430722891566265,0.0703341459667912,MG,araguari,2018-08-21 14:20:40,consoles_games,0.9518072289156626,91.2293512653792,95.2,88.6,94.6,87.1,85.8,1196,PREFERRED,0
7402d13c03a7e91366337cd1de471144,3,0.0,9.903695987654322,0.0,157.96333333333334,36.96666666666667,0.3122273070434824,4.333333333333333,0.10950873850908212,PR,cambe,2018-08-17 11:18:22,kitchen_dining_laundry_garden_furniture,1.0,91.22876698162983,100.0,81.1,95.4,91.5,83.3,1197,PREFERRED,1
1464afc72f696af775557a821c2e253f,29,0.034482758620689655,11.55180316091954,27.82462962962963,36.52965517241379,15.669655172413794,0.4611806894689346,4.241379310344827,0.06559458652771966,RJ,nova friburgo,2018-08-19 09:08:14,perfumery,0.9655172413793104,91.22738637015743,96.6,89.5,94.5,87.2,81.0,1198,PREFERRED,0
d7d517afce974cd491b8d52bb5b5b1fc,1,0.0,13.544733796296295,0.0,89.99,18.73,0.20813423713745974,4.0,0.08362604995351405,SP,sao paulo,2018-08-16 02:24:08,housewares,1.0,91.22476189089662,100.0,86.1,93.5,94.4,75.0,1199,PREFERRED,1
a08692680c77d30a0b4280da5df01c5a,6,0.0,9.340208333333333,0.0,405.5,37.985,0.09169513954427692,5.0,0.17579743674231815,SP,sao paulo,2018-01-26 08:17:40,computers_accessories,1.0,91.22326221587002,100.0,68.4,95.7,97.7,100.0,1200,PREFERRED,1
850f4f8af5ea87287ac68de36e29107f,185,0.06486486486486487,10.170151526526526,6.064394290123457,245.17983783783782,17.03962162162162,0.1441837258853392,4.313186813186813,0.0701852060180298,SP,sao paulo,2018-06-27 11:10:11,toys,0.9351351351351351,91.22272851974901,93.5,88.6,95.3,96.2,82.8,1201,PREFERRED,0
eb9267cccc90f1b49c8d2f9887c7dd97,1,0.0,7.810868055555556,0.0,319.9,26.37,0.08243201000312599,5.0,0.17892040581258095,PE,recife,2018-05-06 21:44:22,sports_leisure,1.0,91.22151839999847,100.0,67.8,96.5,98.0,100.0,1202,PREFERRED,1
4e6015589b781adaa5ce7f1892d06bb1,3,0.0,5.894976851851851,0.0,228.0,18.833333333333332,0.08260233918128655,3.6666666666666665,0.07782865258780954,SP,guaruja,2018-01-24 11:06:18,sports_leisure,1.0,91.2170041680728,100.0,87.2,97.5,98.0,66.7,1203,PREFERRED,1
43f8c9950d11ecd03a0304a49e010da6,41,0.07317073170731707,11.497686314363143,5.481527777777778,103.64853658536586,13.600731707317074,0.15011581905229068,4.560975609756097,0.08128197416646937,SP,carapicuiba,2018-05-29 19:22:17,consoles_games,0.926829268292683,91.20716006345185,92.7,86.5,94.5,96.1,89.0,1204,PREFERRED,0
8bb48dc19fccaa8613b6229bf7f452a2,81,0.024691358024691357,11.496238854595337,3.9003472222222224,51.68358024691358,23.30938271604938,0.626004259674899,4.45679012345679,0.08040496243872958,SP,assis,2018-07-23 14:45:41,costruction_tools_garden,0.9753086419753086,91.20496768210761,97.5,86.7,94.5,82.5,86.4,1205,PREFERRED,0
07bf9669d84d1f11be443a9dd938f698,18,0.0,8.355687371399178,0.0,98.66666666666667,35.90111111111111,0.35248070987654323,3.7222222222222223,0.06242786428251204,SP,sao paulo,2018-06-27 09:01:34,kitchen_dining_laundry_garden_furniture,1.0,91.20175744181157,100.0,90.1,96.2,90.3,68.1,1206,PREFERRED,0
e601b04acf48b4576e73ddca9481f0dc,14,0.0,6.883446593915344,0.0,31.574285714285715,14.06357142857143,0.5786198840129602,4.285714285714286,0.0956824097546953,SP,sao paulo,2018-08-27 11:19:47,garden_tools,1.0,91.19687578726945,100.0,83.7,97.0,83.9,82.1,1207,PREFERRED,0
1a3df491d1c4f1589fc2b934ada68bf2,160,0.05625,14.842359664351852,5.133402777777778,140.45250000000001,25.4889375,0.19667955512725507,4.271875,0.06335316819580034,SC,joinville,2018-08-15 20:49:33,bed_bath_table,0.94375,91.1762088730551,94.4,89.9,92.8,94.7,81.8,1208,PREFERRED,0
c8b3445d737de6befde0c88ede534a5e,29,0.034482758620689655,12.019195003192847,6.606122685185185,106.34655172413794,21.894137931034482,0.22725782651827947,4.413793103448276,0.09334684847482128,SP,sao paulo,2018-06-27 09:21:40,toys,0.9655172413793104,91.17086823982052,96.6,84.2,94.3,93.9,85.3,1209,PREFERRED,0
6a38087bc8ad4f89ff453561005f6dea,15,0.0,10.229387345679012,0.0,122.22866666666667,36.528,0.35978505580264647,4.6,0.12828045751062012,GO,anapolis,2018-08-17 12:56:21,computers_accessories,1.0,91.16850407453427,100.0,77.5,95.2,90.1,90.0,1210,PREFERRED,0
3364a91ec4d56c98e44174de954b94f6,6,0.0,14.826041666666669,0.0,604.9733333333334,50.38333333333333,0.15636446396823236,3.8333333333333335,0.07280692424745633,RO,porto velho,2017-08-29 09:42:04,auto,1.0,91.16316581997232,100.0,88.1,92.8,95.9,70.8,1211,PREFERRED,1
89d9a386b0b6e5fc8403071b03f7206a,2,0.0,13.494710648148148,0.0,83.5,34.125,0.38847305389221554,4.0,0.07437223079113908,SP,sao paulo,2018-02-12 22:38:55,unknown,1.0,91.16037906863565,100.0,87.8,93.5,89.3,75.0,1212,PREFERRED,1
55d3daac7c404d59e51c2aa2f4dc5a23,21,0.0,8.714584986772488,0.0,213.36190476190478,62.3752380952381,0.30179663538568546,4.095238095238095,0.0949253282090073,SP,sao paulo,2018-08-17 11:17:42,signaling_and_security,1.0,91.15879617968797,100.0,83.9,96.0,91.7,77.4,1213,PREFERRED,0
184725737946a1a938bbbd1a9e978103,3,0.0,8.57604938271605,0.0,119.90000000000002,14.623333333333335,0.1239538916544215,4.666666666666667,0.15041644708437843,SP,maua,2018-08-21 15:56:19,health_beauty,1.0,91.1585680886998,100.0,73.3,96.1,96.8,91.7,1214,PREFERRED,1
6d7f8d9d594e28796b6b3205b00f459c,3,0.0,15.28804012345679,0.0,139.29999999999998,19.703333333333333,0.1461381321445115,3.6666666666666665,0.05976978573318778,PR,curitiba,2017-07-14 12:28:30,furniture_decor,1.0,91.15510119508788,100.0,90.6,92.5,96.2,66.7,1215,PREFERRED,1
5b925e1d006e9476d738aa200751b73b,63,0.06349206349206349,10.885000367430923,15.660717592592592,122.9920634920635,16.719682539682537,0.16444057988455243,4.603174603174603,0.09320418330555544,SP,sao paulo,2018-08-20 18:43:09,sports_leisure,0.9365079365079365,91.14099577858765,93.7,84.2,94.9,95.6,90.1,1216,PREFERRED,0
5587130f9850696ed7fafbc91c2cee44,2,0.0,6.5392013888888885,0.0,34.9,16.845,0.5677843123432795,5.0,0.1539705684702895,SP,sao paulo,2018-08-07 09:25:23,housewares,1.0,91.14079346927075,100.0,72.6,97.2,84.2,100.0,1217,PREFERRED,1
21c62b998a043ebe31161d38f84929fc,4,0.0,13.303304398148148,0.0,187.6225,22.71,0.12563244165543566,4.5,0.12989383545001398,CE,fortaleza,2018-08-08 22:21:23,auto,1.0,91.13623225512481,100.0,77.2,93.6,96.7,87.5,1218,PREFERRED,1
6288c69c4ce638e59925e59193f98b16,20,0.05,9.613747106481481,8.915810185185185,209.84,13.510499999999999,0.19753460490733396,4.25,0.07569176848300264,SP,santo andre,2018-08-03 23:17:41,toys,0.95,91.13506060480259,95.0,87.6,95.5,94.7,81.2,1219,PREFERRED,0
a2a41aedb70551d4a85aa04dc2fced48,2,0.0,8.864953703703703,0.0,26.395,13.47,0.49997754992968063,4.0,0.07647406934057477,SP,sao paulo,2017-12-03 10:52:08,home_appliances,1.0,91.11138589613527,100.0,87.4,95.9,86.1,75.0,1220,PREFERRED,1
7dc8c42cc750eeafea6c85712ffee9bf,40,0.05,9.295700810185185,6.848894675925926,159.017,25.6195,0.24776512773209197,4.275,0.07570549958513154,SP,sao paulo,2018-08-28 22:30:32,housewares,0.95,91.11090420617882,95.0,87.6,95.7,93.3,81.9,1221,PREFERRED,0
48e5ee06fb2dc74df1c711a9b6dfac2a,1,0.0,11.242453703703704,0.0,57.0,45.3,0.7947368421052631,5.0,0.13343186587373962,MG,oliveira,2018-02-03 13:49:34,construction_tools_construction,1.0,91.1068857669134,100.0,76.5,94.7,77.8,100.0,1222,PREFERRED,1
11fb6f6d341adbe19e81733701704635,3,0.0,5.3621990740740735,0.0,399.0,133.22,0.3338847117794486,5.0,0.1705149159806012,SP,sao paulo,2018-08-25 18:36:46,bed_bath_table,1.0,91.10541517142778,100.0,69.4,97.8,90.8,100.0,1223,PREFERRED,1
33d677f27a69b84051204ee4ae76eaca,9,0.0,8.826325874485597,0.0,18.333333333333332,19.276666666666667,1.0689223472966947,4.555555555555555,0.0867501617316768,SC,joinville,2018-07-20 19:11:27,food_drink,1.0,91.09095706968074,100.0,85.5,96.0,70.0,88.9,1224,PREFERRED,1
128f9bfbe4c7d5185033914b1de3d39a,13,0.07692307692307693,11.82590811965812,1.7566087962962964,97.49153846153847,19.38307692307692,0.3182073212881586,4.769230769230769,0.0867857315092845,SP,atibaia,2018-06-17 13:26:47,health_beauty,0.9230769230769231,91.08999744884416,92.3,85.5,94.4,91.3,94.2,1225,PREFERRED,0
533d46c1b06970e99f09523a61df4972,2,0.0,16.602592592592593,0.0,79.99,16.32,0.2040255031878985,4.5,0.1207475776424787,SP,itapetininga,2018-02-04 18:39:24,electronics,1.0,91.08967042613412,100.0,78.9,91.8,94.5,87.5,1226,PREFERRED,1
1961c3e1272bfeceb05d0b78b5bbfdaf,2,0.0,6.7361921296296305,0.0,328.5,19.505,0.0669406392694064,4.5,0.1452720986883871,SP,guarulhos,2018-08-18 22:35:15,pc_gamer,1.0,91.08812682350592,100.0,74.2,97.1,98.4,87.5,1227,PREFERRED,1
1703bc09972dab9782e7a9194943b69f,1,0.0,12.12505787037037,0.0,249.9,106.21,0.4250100040016006,5.0,0.1542634677174689,MG,minas gerais,2018-07-14 17:52:26,auto,1.0,91.08775808891464,100.0,72.5,94.2,88.3,100.0,1228,PREFERRED,1
e0a366315b1b726b6c7832d664c0f530,43,0.046511627906976744,7.974509313092161,4.071915509259259,176.22302325581396,17.703953488372093,0.13080058159265612,4.3023255813953485,0.09002278658691923,SP,sao paulo,2018-08-16 22:08:23,construction_tools_construction,0.9534883720930233,91.08643824567888,95.3,84.8,96.4,96.6,82.6,1229,PREFERRED,0
8cc6a0e5738e61a87b03c78b2ba9db4b,23,0.08695652173913043,16.772033514492755,53.57568865740741,577.0739130434782,21.908695652173915,0.10392133210992738,4.478260869565218,0.06154717350322136,MG,andradas,2017-04-28 15:54:22,stationery,0.9130434782608696,91.07174142385418,91.3,90.3,91.8,97.4,87.0,1230,PREFERRED,0
05a48cc8859962767935ab9087417fbb,1,0.0,11.276516203703704,0.0,42.9,16.49,0.38438228438228433,5.0,0.15841594717765245,SP,sao paulo,2018-08-02 12:05:38,garden_tools,1.0,91.07155704199698,100.0,71.7,94.7,89.4,100.0,1231,PREFERRED,1
7008613ea464bad5cb9b83456e1e6a8f,123,0.04878048780487805,14.4758306044866,8.630104166666667,61.29024390243902,23.97837398373984,0.4692548919916231,4.278688524590164,0.05607526233311227,SC,canoinhas,2018-08-21 16:08:39,sports_leisure,0.9512195121951219,91.06756753802226,95.1,91.3,93.0,87.0,82.0,1232,PREFERRED,0
f4db9b37944bcb8873e6b456ee190bbf,21,0.09523809523809523,13.154061397707231,3.8793402777777777,162.3704761904762,23.81714285714286,0.14565028189023502,4.571428571428571,0.06641872708214601,SP,itaquaquecetuba,2018-08-15 10:31:34,fashion_bags_accessories,0.9047619047619048,91.06711569995232,90.5,89.4,93.7,96.2,89.3,1233,PREFERRED,0
d26aa40b90272d4843d63be7c1462c8d,2,0.0,4.590243055555556,0.0,76.45,12.26,0.15651566661000624,4.5,0.14403385048571724,SP,sao paulo,2018-08-01 12:43:05,baby,1.0,91.06390197075422,100.0,74.5,98.2,95.9,87.5,1234,PREFERRED,1
709e16e2b25c7474d980076c6bfc4806,59,0.03389830508474576,10.640604402071563,6.994166666666667,86.57627118644068,20.71372881355932,0.3188091005338146,4.508474576271187,0.10032522081482609,SP,birigui,2018-08-26 08:40:36,health_beauty,0.9661016949152542,91.0618473388782,96.6,82.9,95.0,91.3,87.7,1235,PREFERRED,0
4c8545742faaf58fafd5fd14d25d75cf,4,0.0,9.968619791666667,0.0,755.0,49.0775,0.09647569007730877,4.5,0.1387301837025466,SP,fernandopolis,2018-05-19 18:08:37,auto,1.0,91.0607413204199,100.0,75.5,95.4,97.6,87.5,1236,PREFERRED,1
d57e18d5f73c7ccb7f7339b61166898d,60,0.03333333333333333,9.294000578703704,0.42181134259259256,52.53,14.903333333333334,0.32235821757302113,4.45,0.09828858254153693,SP,sao paulo,2018-08-21 13:41:26,fashion_bags_accessories,0.9666666666666667,91.05692456934135,96.7,83.2,95.7,91.2,86.2,1237,PREFERRED,0
1f867308a0ce13133a4e639ff4de0c02,6,0.0,11.09054976851852,0.0,141.26666666666668,32.63666666666666,1.1003959172392992,4.666666666666667,0.09056201456763346,PR,curitiba,2018-03-31 01:11:46,housewares,1.0,91.05563957343136,100.0,84.7,94.8,69.1,91.7,1238,PREFERRED,1
fdb9095204a334cd8872252ffec6f2db,45,0.06666666666666667,8.77845859053498,16.68317901234568,178.17777777777778,24.672666666666665,0.13280720267844076,4.166666666666667,0.06388959234887603,SP,sao paulo,2018-05-28 10:55:14,bed_bath_table,0.9333333333333333,91.05479808678413,93.3,89.8,96.0,96.5,79.2,1239,PREFERRED,0
f8db351d8c4c4c22c6835c19a46f01b0,649,0.05238828967642527,9.903596041631,6.708832380174292,76.70214175654854,19.08169491525424,0.3525393308693814,4.291021671826625,0.06927796552618805,SP,salto,2018-08-25 19:56:43,housewares,0.9476117103235747,91.04971001016182,94.8,88.8,95.4,90.3,82.3,1240,PREFERRED,0
1996942dc085d7773ba77a529b163cd0,9,0.0,11.793770576131687,0.0,285.8355555555556,31.241111111111113,0.12411277782042557,4.222222222222222,0.11260819351870072,SP,pradopolis,2018-08-15 23:20:59,watches_gifts,1.0,91.04711582017622,100.0,80.5,94.4,96.8,80.6,1241,PREFERRED,1
28d162ab86bb49d719c32f0ee6186eaa,1,0.0,16.388842592592592,0.0,109.99,17.21,0.15646876988817165,4.0,0.08596049088243811,SP,ribeirao preto,2017-09-19 10:20:27,sports_leisure,1.0,91.03337751010423,100.0,85.6,92.0,95.9,75.0,1242,PREFERRED,1
582d4f8675b945722eda7c0cb61ba4c7,55,0.01818181818181818,11.168163930976432,3.6028125,83.94509090909092,17.824545454545454,0.8207299978689502,4.218181818181818,0.059095224788948235,SP,bertioga,2018-08-03 19:21:12,electronics,0.9818181818181818,91.03255891867403,98.2,90.8,94.7,77.0,80.5,1243,PREFERRED,0
f680f85bee2d253556ac91be391d2c82,45,0.022222222222222223,9.748835648148148,4.480914351851852,115.19822222222223,19.853777777777776,0.2876818043249263,4.333333333333333,0.09915261680958712,SP,carapicuiba,2018-08-24 21:06:11,baby,0.9777777777777777,91.0291495382843,97.8,83.1,95.5,92.1,83.3,1244,PREFERRED,0
95e03ca3d4146e4011985981aeb959b9,169,0.03550295857988166,12.597296940061364,21.754606481481485,63.57550295857988,18.67402366863905,0.3565696227801674,4.050898203592815,0.05862493212056961,RJ,rio de janeiro,2018-08-15 08:44:39,housewares,0.9644970414201184,91.02503453473888,96.4,90.9,94.0,90.2,76.3,1245,PREFERRED,0
ff063b022a9a0aab91bad2c9088760b7,93,0.03225806451612903,9.33752053464755,3.7098418209876542,130.6520430107527,21.504193548387097,0.20040339750386957,4.311827956989247,0.09610896819881332,SP,santo andre,2018-08-20 14:39:22,furniture_decor,0.967741935483871,91.0234522948001,96.8,83.7,95.7,94.6,82.8,1246,PREFERRED,0
5795aebfe331fbcd02a2c4b679fb7952,5,0.0,10.255453703703704,0.0,226.4,23.682,0.11096182826182825,4.4,0.13036074965465855,SC,palhoca,2018-08-20 11:59:20,health_beauty,1.0,91.02283413284499,100.0,77.1,95.2,97.2,85.0,1247,PREFERRED,1
0b0ddbc7b9d9584f442c7ac92b0ff6c9,3,0.0,11.944313271604939,0.0,472.25333333333333,44.626666666666665,0.13170104980740635,4.666666666666667,0.147224134096101,SP,guarulhos,2018-06-04 23:21:42,auto,1.0,91.021718328794,100.0,73.9,94.3,96.6,91.7,1248,PREFERRED,1
ba5daa4041e1f15cdf34b76e3e18a450,15,0.0,5.692246141975308,0.0,53.78666666666667,10.17,0.25421161453715874,4.266666666666667,0.11918836609144466,SP,sao paulo,2018-08-20 11:16:03,toys,1.0,91.01447775146569,100.0,79.2,97.6,93.1,81.7,1249,PREFERRED,0
e0487761face83d64fcada2408959a36,2,0.0,3.5394791666666667,0.0,24.625,7.4350000000000005,0.3023034055727554,4.5,0.1382141569081097,SP,sao paulo,2018-08-27 18:58:15,food,1.0,91.01259506149087,100.0,75.6,98.8,91.7,87.5,1250,PREFERRED,1
9bcdfa7b615b3abb9461d9e3ad9886ae,14,0.07142857142857142,12.67588210978836,7.803090277777778,151.86214285714283,28.40857142857143,0.39093306647601933,4.428571428571429,0.060102660387326555,SC,blumenau,2018-04-16 20:07:14,sports_leisure,0.9285714285714286,91.0093496069282,92.9,90.6,93.9,89.2,85.7,1251,PREFERRED,0
3ea08c48e851106d2f584349daba335f,1,0.0,6.003807870370371,0.0,170.0,22.94,0.13494117647058823,4.0,0.10497355084982304,MG,barbacena,2018-06-13 21:43:00,baby,1.0,91.0092313393243,100.0,82.0,97.5,96.5,75.0,1252,PREFERRED,1
a90a5da8b09e44264a177c0374a5ac87,3,0.0,9.380806327160494,0.0,24.899999999999995,24.2,1.4402055455998397,4.333333333333333,0.04818422322836691,PR,ponta grossa,2017-03-08 20:17:07,telephony,1.0,91.00777759271188,100.0,92.9,95.7,59.4,83.3,1253,PREFERRED,1
afe0067131b73e40875c9b6c10bd2e21,45,0.044444444444444446,15.468515432098766,5.6660763888888885,112.0111111111111,24.690888888888885,0.2222678545528757,4.2727272727272725,0.0730079142200837,MG,lagoa da prata,2018-06-10 22:56:17,perfumery,0.9555555555555556,91.00761107052625,95.6,88.1,92.4,94.0,81.8,1254,PREFERRED,0
e333046ce6517bd8bb510291d44f0130,68,0.058823529411764705,10.158788807189541,6.790396412037037,107.97470588235294,21.501029411764705,0.27594909177277493,4.338235294117647,0.07345066352862901,SP,ipaussu,2018-08-24 16:27:11,housewares,0.9411764705882353,90.998646423151,94.1,88.0,95.3,92.5,83.5,1255,PREFERRED,0
85d9eb9ddc5d00ca9336a2219c97bb13,498,0.03614457831325301,14.661061328647925,5.357847865226337,30.31222891566265,16.957871485943777,0.5826758308665686,4.228282828282828,0.05583703880999359,MG,belo horizonte,2018-08-19 22:46:19,computers_accessories,0.963855421686747,90.99563859819268,96.4,91.4,92.9,83.8,80.7,1256,PREFERRED,0
e2c92f9c1c7746d899d18f2e158bbff7,12,0.0,9.151562499999999,0.0,136.82500000000002,26.2,0.19329481171003024,4.583333333333333,0.1422889450442731,SP,sao jose do rio preto,2018-08-07 16:05:28,auto,1.0,90.99295616405276,100.0,74.8,95.8,94.8,89.6,1257,PREFERRED,0
48162d548f5b1b11b9d29d1e01f75a61,66,0.030303030303030304,11.606531285072952,7.7889988425925925,312.8801515151515,31.485757575757575,0.1972359344274414,3.984848484848485,0.06913321583572432,SP,piracicaba,2018-08-17 12:16:27,garden_tools,0.9696969696969697,90.98677350043974,97.0,88.8,94.5,94.7,74.6,1258,PREFERRED,0
dc7192adf8ba09569261f4a8d576afe0,6,0.0,6.290896990740741,0.0,142.33333333333334,19.218333333333334,0.15993228850203764,4.333333333333333,0.12964243683048324,SP,itapeva,2018-08-22 18:50:34,small_appliances_home_oven_and_coffee,1.0,90.98352203127632,100.0,77.2,97.3,95.8,83.3,1259,PREFERRED,1
1fdc574883ef3b33ad41562d93f3a74a,18,0.05555555555555555,11.25219843106996,40.82833333333333,236.16666666666666,15.181666666666665,0.07011944532204298,4.444444444444445,0.09506002460938064,SP,limeira,2018-07-21 13:10:30,auto,0.9444444444444444,90.97307067830994,94.4,83.9,94.7,98.3,86.1,1260,PREFERRED,0
a806a4bb063ea7ca6d374eafa50a6058,5,0.0,12.707159722222222,0.0,58.879999999999995,22.174,0.4535932851873209,4.0,0.07581100506865729,ES,serra,2018-02-12 17:56:55,perfumery,1.0,90.96927391368564,100.0,87.6,93.9,87.4,75.0,1261,PREFERRED,1
079d295dcbf06ee8bb1b65ba964eb2b6,5,0.0,8.265361111111112,0.0,69.86,38.158,0.5289641047770459,4.6,0.12573575123924088,SP,sao paulo,2018-08-09 20:00:05,construction_tools_construction,1.0,90.96652135884949,100.0,78.0,96.3,85.3,90.0,1262,PREFERRED,1
bb7ad8a45c027be8ab075b8e465f8ca0,2,0.0,5.669924768518518,0.0,9.99,16.32,1.6336336336336337,5.0,0.09597607044676024,SC,floranopolis,2018-07-28 13:17:15,food,1.0,90.96409526813186,100.0,83.7,97.6,54.0,100.0,1263,PREFERRED,1
7a67c85e85bb2ce8582c35f2203ad736,1133,0.06001765225066196,11.246922256546043,11.849999319172115,123.27695498676081,18.160344218887907,0.19279157050646978,4.294666666666667,0.07308006755281213,SP,sao paulo,2018-08-21 01:30:48,cool_stuff,0.9399823477493381,90.9606786487889,94.0,88.1,94.7,94.8,82.4,1264,PREFERRED,0
17ca9b9e9b9ef8fdb529001b49ebb50f,114,0.02631578947368421,8.261944241390514,3.8812191358024695,84.80508771929826,20.71201754385965,0.35067035882613323,4.087719298245614,0.07711494896646981,MG,betim,2018-08-21 12:21:04,bed_bath_table,0.9736842105263158,90.96020427760226,97.4,87.3,96.3,90.4,77.2,1265,PREFERRED,0
6b15924333bd1a741595fe981ea04822,20,0.1,7.831157986111111,0.4602777777777778,29.531,11.7105,0.4196991600270129,4.7,0.0678781915608301,SP,sao caetano do sul,2017-07-05 00:35:30,health_beauty,0.9,90.95824493335414,90.0,89.1,96.5,88.4,92.5,1266,PREFERRED,0
b9c0ffa92f3ff9a5a3d45ef7213c0842,3,0.0,21.183537808641976,0.0,163.33333333333334,27.39,0.18811868686868685,5.0,0.15599283177841253,SP,sao paulo,2017-12-14 20:24:06,baby,1.0,90.9568514390745,100.0,72.2,89.4,95.0,100.0,1267,PREFERRED,1
093805f8f2aeb63881444571e1f48f30,22,0.045454545454545456,8.274672243265995,7.62369212962963,55.26318181818181,15.633636363636363,0.3049014509815671,4.181818181818182,0.07329301405395651,SP,osasco,2018-01-30 12:01:37,health_beauty,0.9545454545454546,90.955204477852,95.5,88.0,96.3,91.7,79.5,1268,PREFERRED,0
c3e2398fcc7e581cda2e546557bf6968,1,0.0,11.835428240740741,0.0,14.9,15.23,1.0221476510067113,5.0,0.12221349691484384,SP,sao paulo,2018-06-23 20:33:24,furniture_decor,1.0,90.95192994047547,100.0,78.7,94.4,71.3,100.0,1269,PREFERRED,1
10076e5788b8ee532724bcd460baf762,22,0.045454545454545456,10.269643834175083,14.66392361111111,36.24909090909091,16.60272727272727,0.5034927324456795,4.590909090909091,0.09035329382993144,SP,batatais,2018-07-24 16:05:58,baby,0.9545454545454546,90.949721893143,95.5,84.8,95.2,86.0,89.8,1270,PREFERRED,0
0885aaf116795758dfeb5f1032487bcd,25,0.04,6.015936574074074,0.9280555555555555,99.1276,19.5588,0.22410834793635717,4.44,0.10614072517668055,SP,ferraz de vasconcelos,2018-08-19 17:17:45,bed_bath_table,0.96,90.94931760015503,96.0,81.7,97.5,94.0,86.0,1271,PREFERRED,0
c0f3eea2e14555b6faeea3dd58c1b1c3,1,0.0,5.6671875,0.0,79.99,15.66,0.19577447180897614,5.0,0.18146506096560075,SP,sao paulo,2018-08-03 00:26:04,sports_leisure,1.0,90.94841815378429,100.0,67.3,97.6,94.8,100.0,1272,PREFERRED,1
5566627eab3fe93fd6ee08798226101a,5,0.0,8.814136574074073,0.0,17.1,20.462,1.313899504758333,4.4,0.06307967077622427,PR,sao jose dos pinhais,2018-01-22 10:33:42,perfumery,1.0,90.94756004658583,100.0,90.0,96.0,63.0,85.0,1273,PREFERRED,1
670a9dda115b5a88b18cfadee8de2332,11,0.0,12.298190235690235,0.0,83.53636363636365,16.644545454545455,0.20668478450483715,4.454545454545454,0.12716746551004984,SP,ribeirao preto,2018-08-16 16:28:13,fashion_bags_accessories,1.0,90.94632713032529,100.0,77.7,94.1,94.4,86.4,1274,PREFERRED,0
9140ef75cc8211c4035935e80e567204,1,0.0,12.179131944444444,0.0,49.9,22.28,0.4464929859719439,5.0,0.15587377226520263,PR,maringa,2018-08-01 18:58:49,pet_shop,1.0,90.94534219923077,100.0,72.2,94.2,87.6,100.0,1275,PREFERRED,1
9e25199f6ef7e7c347120ff175652c3b,1,0.0,8.199456018518518,0.0,12.5,14.52,1.1616,4.0,0.04189277286898811,SP,taubate,2017-03-27 09:59:40,housewares,1.0,90.94374195296473,100.0,94.1,96.3,67.3,75.0,1276,PREFERRED,1
d4e12e7884759a14fa0f5f896c791cae,29,0.06896551724137931,8.422430954661559,5.087609953703703,48.275862068965516,15.161034482758621,0.34334278398210905,4.620689655172414,0.08821328896251905,SP,sao paulo,2018-07-23 08:06:43,bed_bath_table,0.9310344827586207,90.94237788704453,93.1,85.2,96.2,90.6,90.5,1277,PREFERRED,0
184a67a8f9f63234d3a92340bbdb727f,7,0.0,17.62088458994709,0.0,39.441428571428574,29.732857142857142,0.810648630433323,4.285714285714286,0.06954499316827042,SC,joinville,2017-11-08 07:52:53,furniture_decor,1.0,90.93702118909397,100.0,88.8,91.3,77.3,82.1,1278,PREFERRED,1
8b2d4ab22f42c5cfc338b846decfda60,6,0.0,15.661452546296296,0.0,76.33333333333333,30.886666666666667,0.5432059771825397,4.833333333333333,0.13159218697588934,PR,fazenda rio grande,2018-08-20 00:11:37,sports_leisure,1.0,90.93242345695248,100.0,76.9,92.3,84.9,95.8,1279,PREFERRED,1
d66c11a9572221d92fbb8c4897db5f9b,16,0.0,8.548737702546296,0.0,48.535,24.23875,0.6503542869914136,4.5625,0.11591102029224605,RJ,rio de janeiro,2018-08-22 18:36:40,electronics,1.0,90.92963451305751,100.0,79.9,96.1,81.9,89.1,1280,PREFERRED,0
7d7866a99a8656a42c7ff6352a433410,5,0.0,4.886585648148148,0.0,29.577999999999996,11.898,0.42438911440229105,4.4,0.12277639952862032,SP,sao paulo,2018-08-29 14:52:00,party_supplies,1.0,90.92371761881932,100.0,78.6,98.1,88.3,85.0,1281,PREFERRED,1
05ff92fedb5be47920fea08e501238b9,57,0.05263157894736842,12.3373714668616,10.111805555555556,372.56105263157895,30.664736842105263,0.12108597596042078,4.315789473684211,0.08337424116511874,RS,santo angelo,2018-08-07 21:31:29,cool_stuff,0.9473684210526316,90.92194634982405,94.7,86.1,94.1,96.9,82.9,1282,PREFERRED,0
06e5eefc71ec47ae763c5c6f8db7064f,90,0.022222222222222223,10.933133744855967,0.6639641203703703,243.42844444444447,24.25522222222222,0.113685707266081,3.977272727272727,0.08212318182311992,RS,porto alegre,2018-08-22 17:14:07,computers_accessories,0.9777777777777777,90.90943258415555,97.8,86.3,94.8,97.1,74.4,1283,PREFERRED,0
aced59e9b31ef866a94f9e7f29d8d418,59,0.0847457627118644,9.93509808537351,4.251486111111111,123.78949152542373,18.691694915254235,0.36449544047838167,4.47457627118644,0.06221732838002942,SP,sao paulo,2018-08-26 04:51:22,housewares,0.9152542372881356,90.90739384657664,91.5,90.2,95.4,90.0,86.9,1284,PREFERRED,0
131fcb0a0c9a47bba4474aacff0f14b7,4,0.0,4.300601851851852,0.0,92.45,9.1525,0.10836872586872587,4.0,0.11156485091022587,SP,sao paulo,2018-08-09 01:13:45,home_appliances,1.0,90.90425116328748,100.0,80.7,98.4,97.2,75.0,1285,PREFERRED,1
7d294cf9a6a69dc6a0c3e540fff0e039,5,0.0,8.816810185185187,0.0,51.45,38.826,0.7546355685131195,4.4,0.09710541729292994,SC,barra velha,2018-08-01 19:42:37,baby,1.0,90.90406630262267,100.0,83.5,96.0,78.9,85.0,1286,PREFERRED,1
eb4a59a06b3948e851a7d7a830bcbc42,1,0.0,11.078020833333333,0.0,32.0,21.15,0.6609375,5.0,0.14612654192856075,BA,salvador,2018-02-23 17:55:18,health_beauty,1.0,90.89139475979343,100.0,74.1,94.8,81.6,100.0,1287,PREFERRED,1
8b11118053756a9a2932f447e11fc1b5,1,0.0,11.909560185185185,0.0,79.99,11.17,0.13964245530691338,3.0,0.019097673734321505,SP,igaracu do tiete,2016-10-06 22:34:03,fixed_telephony,1.0,90.89089778468858,100.0,98.4,94.3,96.3,50.0,1288,PREFERRED,1
5d76d80a2f5f39c891b996a1bf4c9853,6,0.0,10.233966049382715,0.0,226.4,33.07666666666667,0.14438492038295958,4.833333333333333,0.1652321182424011,SP,sao paulo,2018-08-18 14:48:50,electronics,1.0,90.88389972206532,100.0,70.4,95.2,96.2,95.8,1289,PREFERRED,1
4736e9d642ef4257cd7622516931eb51,16,0.0,4.796315104166666,0.0,67.42937500000001,23.18125,0.5233068268842814,4.125,0.09652141364313593,SP,piracicaba,2018-08-25 17:37:28,sports_leisure,1.0,90.87691115822064,100.0,83.6,98.1,85.5,78.1,1290,PREFERRED,0
76d336555bb25f3165d2f0d6da719c40,1,0.0,11.495,0.0,165.0,11.76,0.07127272727272727,3.0,0.024569648623715423,SP,sorocaba,2017-02-03 19:52:09,sports_leisure,1.0,90.85569083816193,100.0,97.4,94.6,98.3,50.0,1291,PREFERRED,1
1d29dfba02015238dfbe2449a5eaa361,12,0.08333333333333333,15.374400077160493,54.697546296296295,51.06666666666666,14.76,0.28846730614399846,4.5,0.061799579578755946,MG,vicosa,2018-05-10 13:09:26,perfumery,0.9166666666666666,90.85543179814134,91.7,90.2,92.5,92.1,87.5,1292,PREFERRED,0
4d232b78ab7ef10393dc3807d827bc0d,5,0.0,6.165969907407407,0.0,295.0,42.998000000000005,0.152639610177861,4.4,0.13817428743664859,MG,belo horizonte,2018-08-15 20:14:22,auto,1.0,90.85536105490368,100.0,75.6,97.4,96.0,85.0,1293,PREFERRED,1
0c8380b62e38e8a1e6adbeba7eb9688c,175,0.05714285714285714,13.203905026455026,23.39993634259259,98.12502857142857,22.67291428571429,0.2828640579567001,4.109826589595376,0.05435789544136776,MG,tres coracoes,2018-08-20 16:43:55,bed_bath_table,0.9428571428571428,90.85398537969847,94.3,91.7,93.6,92.3,77.7,1294,PREFERRED,0
8daab2245ebdc277c51098d01c5ad8ef,16,0.0625,10.034896556712964,0.9572106481481482,100.286875,17.753125,0.19647243869133632,4.625,0.1011852532195784,SP,sao paulo,2018-08-22 13:49:40,costruction_tools_tools,0.9375,90.85186300150177,93.8,82.7,95.3,94.7,90.6,1295,PREFERRED,0
508808d438fe2ff972ed13bb8f4a82e2,8,0.0,4.011468460648148,0.0,23.85625,11.0375,0.6697040156008116,4.625,0.12889877838014654,SP,sao paulo,2018-08-27 22:34:17,construction_tools_lights,1.0,90.8475870010783,100.0,77.4,98.5,81.3,90.6,1296,PREFERRED,1
4e7c18b98d84e05cbae3ff0ff03846c2,81,0.04938271604938271,12.090135888203019,5.062630208333332,112.10864197530863,34.87111111111111,0.38695695560152865,4.2125,0.06423247937633979,SP,jaboticabal,2018-07-12 16:53:30,small_appliances,0.9506172839506173,90.83067091893766,95.1,89.8,94.2,89.3,80.3,1297,PREFERRED,0
ccf8813e5a7d6c84d865cd38bfc2b130,25,0.08,11.6956375,4.699467592592593,105.336,16.194000000000003,0.15624087637871806,4.52,0.08029247991956363,SP,taubate,2018-08-23 09:27:52,furniture_decor,0.92,90.82876650638947,92.0,86.7,94.4,95.9,88.0,1298,PREFERRED,0
50bf89f1349bc0409a268c3a49678009,1,0.0,9.616319444444445,0.0,179.9,102.57,0.5701500833796553,5.0,0.1552614235466947,SP,jaci,2018-07-02 00:11:34,furniture_decor,1.0,90.82756105912534,100.0,72.3,95.5,84.1,100.0,1299,PREFERRED,1
0307f7565ff85b299b6e5ef162b1b1a9,6,0.0,15.198894675925928,0.0,785.3166666666666,42.83166666666667,0.1540714646595255,3.5,0.05330545040517767,SP,sao jose do rio preto,2017-05-25 07:49:44,cool_stuff,1.0,90.82440439550751,100.0,91.9,92.6,95.9,62.5,1300,PREFERRED,1
db4350fd57ae30082dec7acbaacc17f9,130,0.038461538461538464,10.933986378205129,8.156581018518517,24.610384615384614,15.815615384615382,0.6942020216247382,4.24031007751938,0.05831646216500505,SP,sao paulo,2018-08-21 16:53:34,telephony,0.9615384615384616,90.8207264082926,96.2,90.9,94.8,80.6,81.0,1301,PREFERRED,0
b4ffb71f0cb1b1c3d63fad021ecf93e1,141,0.02127659574468085,10.10461206330444,9.052642746913582,47.49390070921986,17.99801418439716,0.6117602738384929,4.26595744680851,0.0791847525386109,SP,sao paulo,2018-08-18 10:55:43,auto,0.9787234042553191,90.81839770105246,97.9,86.9,95.3,83.0,81.6,1302,PREFERRED,0
0f7eea709efdf942b5f95c7516dbacd7,3,0.0,8.043919753086419,0.0,65.24666666666667,14.773333333333333,0.3335008657612801,4.0,0.09387714398287784,SP,pedrinhas paulista,2018-05-13 14:59:06,health_beauty,1.0,90.81523576016674,100.0,84.1,96.4,90.8,75.0,1303,PREFERRED,1
1e8b33f18b4f7598d87f5cbee2282cc2,121,0.049586776859504134,7.851181607744108,2.8042824074074075,144.45752066115702,22.636611570247936,0.17048358834761962,4.428571428571429,0.1012288516225935,SP,sao paulo,2018-08-27 21:27:13,bed_bath_table,0.9504132231404958,90.81251048459278,95.0,82.7,96.5,95.5,85.7,1304,PREFERRED,0
6dd7dce75cd55c1ce255dc38d9f0cd46,1,0.0,12.228090277777778,0.0,75.0,21.33,0.2844,4.0,0.09021824072905595,SC,palhoca,2017-12-17 14:44:48,cool_stuff,1.0,90.79718232247454,100.0,84.8,94.2,92.2,75.0,1305,PREFERRED,1
d4ffeb15b67e81ff9af2b4252d99fb7e,11,0.0,9.353339646464645,0.0,127.30909090909091,29.49181818181818,0.2536248182896792,4.3,0.12038745681699516,SP,atibaia,2018-07-27 19:57:12,luggage_accessories,1.0,90.79258695802439,100.0,79.0,95.7,93.1,82.5,1306,PREFERRED,0
ca7c6bd577e559472af1c699de9e764e,6,0.0,4.6808198302469135,0.0,24.666666666666668,11.803333333333333,0.4886486486486486,4.333333333333333,0.11695258642269746,SP,sao bernardo do campo,2018-04-04 13:47:39,health_beauty,1.0,90.78676943535629,100.0,79.7,98.2,86.4,83.3,1307,PREFERRED,1
33dd941c27854f7625b968cc6195a552,5,0.0,11.700719907407407,0.0,1357.5,76.182,0.05633024744193975,4.4,0.13613975873355544,ES,vila velha,2018-08-03 00:45:12,housewares,1.0,90.78605205725516,100.0,76.0,94.4,98.7,85.0,1308,PREFERRED,1
70bf57d811208f8923b41bbd499a67a4,7,0.0,4.817481812169312,0.0,111.54285714285716,12.704285714285714,0.12280091041890907,4.142857142857143,0.12357195035313276,SP,franco da rocha,2018-08-27 17:24:25,cool_stuff,1.0,90.7826144556132,100.0,78.4,98.1,96.8,78.6,1309,PREFERRED,1
a3fa18b3f688ec0fca3eb8bfcbd2d5b3,1,0.0,14.268726851851852,0.0,47.8,36.46,0.7627615062761507,5.0,0.13739140191101729,SP,são paulo,2018-04-30 10:10:48,perfumery,1.0,90.76727952581737,100.0,75.8,93.1,78.7,100.0,1310,PREFERRED,1
9a1aea68d3efa00862ec88c0768037d0,7,0.0,13.021289682539683,0.0,187.02857142857144,27.50142857142857,0.14498591353290233,4.428571428571429,0.1313980603238388,SP,catanduva,2018-07-19 17:24:12,home_appliances_2,1.0,90.76380801576676,100.0,76.9,93.7,96.2,85.7,1311,PREFERRED,1
28405831a29823802aa22c084cfd0649,6,0.0,7.19403163580247,0.0,35.0,12.138333333333334,0.34680952380952385,4.5,0.13472202574186556,SP,sao paulo,2018-08-18 18:29:46,christmas_supplies,1.0,90.76303746664827,100.0,76.3,96.8,90.5,87.5,1312,PREFERRED,1
33c51922b6e3c16b24a8f28e5833c99d,18,0.05555555555555555,14.543931327160493,1.8699884259259258,369.88166666666666,20.445,0.09793227797992585,4.235294117647059,0.0763927039654511,PR,londrina,2018-08-01 08:33:57,perfumery,0.9444444444444444,90.74251021757411,94.4,87.4,92.9,97.5,80.9,1313,PREFERRED,0
5f1dc28029d2c244352a68107ec2b542,60,0.06666666666666667,9.779908757716049,2.3678877314814812,45.07333333333334,16.2315,0.6180844697146829,4.47457627118644,0.06418148402038427,SP,sao paulo,2018-06-15 12:52:05,health_beauty,0.9333333333333333,90.73879282672534,93.3,89.8,95.5,82.8,86.9,1314,PREFERRED,0
5145090ab595c0d0b8557199f5701fbf,4,0.0,15.680384837962961,0.0,364.9,49.4625,0.1385514440814738,4.25,0.1140546459777947,PR,curitiba,2018-06-09 21:53:29,bed_bath_table,1.0,90.73197083955077,100.0,80.2,92.3,96.4,81.2,1315,PREFERRED,1
6902157ee16728322d61a1321fa79e58,2,0.0,10.457511574074074,0.0,79.9,15.815000000000001,0.19793491864831037,3.0,0.02146925299704884,SP,sao paulo,2017-10-07 19:27:08,telephony,1.0,90.72730987697429,100.0,98.0,95.1,94.7,50.0,1316,PREFERRED,1
7c5b05cbdb5542049f38d90d7815b97d,21,0.047619047619047616,7.548407186948853,7.754641203703704,47.33190476190477,14.234285714285715,0.35320527327003076,4.523809523809524,0.10158158161137838,SP,sao paulo,2018-07-15 09:56:32,books_imported,0.9523809523809523,90.72719552461822,95.2,82.6,96.6,90.3,88.1,1317,PREFERRED,0
36f98ad67cc981f50ce8aed093d5783c,2,0.0,6.10787037037037,0.0,59.7,19.61,0.3371867435158501,4.0,0.09878386022672295,PR,toledo,2018-08-01 23:43:21,electronics,1.0,90.7236205331549,100.0,83.2,97.4,90.7,75.0,1318,PREFERRED,1
5def4c3732941a971cba8fdee992ede1,5,0.0,4.562969907407408,0.0,26.96,13.248,0.7133492393172196,4.6,0.12630633484992704,SP,sao paulo,2018-08-28 18:49:20,costruction_tools_tools,1.0,90.71034753455027,100.0,77.9,98.2,80.1,90.0,1319,PREFERRED,1
5a8e7d5003a1f221f9e1d6e411de7c23,131,0.061068702290076333,10.34174689001979,2.1377705439814814,82.9342748091603,19.614045801526718,0.23719427522275077,4.175572519083969,0.06711719989667819,SP,campinas,2018-08-24 16:26:08,furniture_decor,0.9389312977099237,90.70896215677897,93.9,89.2,95.2,93.6,79.4,1320,PREFERRED,0
985c92cc412091f8529c12d7f23d3fef,12,0.08333333333333333,7.550009645061729,0.6920023148148148,114.04166666666667,19.844166666666666,0.2106122317902319,4.75,0.10205488184706644,MG,sao joao del rei,2018-08-20 21:03:23,health_beauty,0.9166666666666666,90.7072358785982,91.7,82.5,96.6,94.3,93.8,1321,PREFERRED,0
d25aa0aaacb370e912f8cf6efeba38b3,17,0.058823529411764705,8.840630446623093,4.7013541666666665,159.32,43.273529411764706,0.26722700926205745,4.470588235294118,0.09264666688088151,SC,massaranduba,2018-08-14 19:44:00,housewares,0.9411764705882353,90.70478835964259,94.1,84.3,96.0,92.7,86.8,1322,PREFERRED,0
4d6d651bd7684af3fffabd5f08d12e5a,362,0.04696132596685083,13.012435063689379,8.898470179738563,119.30052486187846,21.699585635359117,0.2094845392362126,4.232686980609419,0.07938273254958207,SP,jau,2018-08-23 17:09:58,sports_leisure,0.9530386740331491,90.69549549311657,95.3,86.9,93.7,94.4,80.8,1323,PREFERRED,0
2dd1fb6f0e42a2243b8a01e40cd41216,3,0.0,13.608958333333334,0.0,228.96333333333334,26.810000000000002,0.13007465612633878,3.6666666666666665,0.07312621050865123,PR,curitiba,2017-04-22 14:49:56,sports_leisure,1.0,90.69424301727173,100.0,88.1,93.4,96.6,66.7,1324,PREFERRED,1
ef728fa1f17436c91ed1ccd03dcf9631,3,0.0,4.790559413580247,0.0,42.9,19.37333333333333,0.6167155672377123,4.333333333333333,0.11114574116961617,SP,jau,2018-08-23 12:31:37,arts_and_craftmanship,1.0,90.69285778920117,100.0,80.8,98.1,82.8,83.3,1325,PREFERRED,1
52a52b9f656520e99716f5bc40f661c8,7,0.0,10.714502314814814,0.0,111.87142857142855,21.16,0.19678521786083666,4.0,0.1001923513190869,SP,sao carlos,2018-07-28 13:11:22,furniture_decor,1.0,90.68826124103666,100.0,82.9,95.0,94.7,75.0,1326,PREFERRED,1
0b90b6df587eb83608a64ea8b390cf07,162,0.037037037037037035,14.470965006287152,9.533090277777779,178.0354938271605,22.67975308641975,0.16692219960763052,4.03416149068323,0.07157814484837616,PR,maringa,2018-08-16 22:03:02,computers_accessories,0.962962962962963,90.67712373055923,96.3,88.4,93.0,95.6,75.9,1327,PREFERRED,0
c66dccfb3f109511246da627dd5a2498,43,0.046511627906976744,11.561708387166236,4.758576388888889,289.3406976744186,22.29139534883721,0.09647168227732686,4.558139534883721,0.11471718551293575,SP,registro,2018-08-24 16:32:04,watches_gifts,0.9534883720930233,90.67473815414469,95.3,80.1,94.5,97.6,89.0,1328,PREFERRED,0
902c99f1ac505c0d18778b61bcd636f7,3,0.0,4.851431327160494,0.0,41.156666666666666,27.27333333333333,1.001309621391925,5.0,0.14088304175491626,SP,mogi guacu,2018-08-10 16:55:53,housewares,1.0,90.67186005481067,100.0,75.1,98.1,71.9,100.0,1329,PREFERRED,1
abcd2cb37d46c2c8fb1bf071c859fc5b,43,0.046511627906976744,13.882470930232557,9.70041087962963,111.0306976744186,29.955581395348837,0.33623820227369944,4.348837209302325,0.08037372968059182,MT,cuiaba,2018-08-11 20:16:35,health_beauty,0.9534883720930233,90.67045344920997,95.3,86.7,93.3,90.8,83.7,1330,PREFERRED,0
46dc3b2cc0980fb8ec44634e21d2718e,502,0.06573705179282868,11.931924201342776,9.188281074635242,244.8406175298805,22.754741035856572,0.11525890694274803,4.280241935483871,0.07735830136876015,RJ,rio de janeiro,2018-08-17 22:29:33,toys,0.9342629482071714,90.66696805293137,93.4,87.3,94.3,97.0,82.0,1331,PREFERRED,0
d50d79cb34e38265a8649c383dcffd48,69,0.07246376811594203,13.289562365807836,12.092252314814814,189.20768115942028,28.33840579710145,0.18693215331339802,4.25,0.06365927185266917,SP,sao paulo,2018-08-10 10:56:10,garden_tools,0.927536231884058,90.6631563460195,92.8,89.9,93.6,95.0,81.2,1332,PREFERRED,0
dfc475d54e1b6dbeeb7d7d9bdaa63827,17,0.058823529411764705,13.436251361655774,0.7753935185185186,99.49823529411765,23.81,0.3447747604259138,4.705882352941177,0.09972846008154744,PR,curitiba,2018-08-13 16:25:09,housewares,0.9411764705882353,90.66236502924767,94.1,83.0,93.5,90.5,92.6,1333,PREFERRED,0
87f3e35268860433e13d577825aada95,1,0.0,51.49710648148148,0.0,19.9,14.52,0.7296482412060302,4.199456829701286,0.017189019582671775,SP,bom jesus dos perdoes,2016-10-05 20:20:59,furniture_decor,1.0,90.65835898161778,100.0,98.8,73.3,79.6,80.0,1334,PREFERRED,1
cb3dd9ce66268c7a3ca7241ac70ab58c,48,0.0625,14.009482060185185,17.646296296296295,58.09,17.090625,0.3853084695027457,4.197916666666667,0.05401974539231338,SP,sao paulo,2018-04-23 21:42:34,sports_leisure,0.9375,90.6582687879727,93.8,91.7,93.2,89.4,79.9,1335,PREFERRED,0
f049a72cf58fd31b11f8919cade515e7,2,0.0,3.4543113425925926,0.0,38.125,13.875,0.6389158163265305,4.5,0.12604595808416275,SP,sao paulo,2018-08-06 18:48:35,bed_bath_table,1.0,90.64719239755665,100.0,77.9,98.8,82.2,87.5,1336,PREFERRED,1
f1c1ac3f3efc07e659c035008e615e66,3,0.0,10.968858024691357,0.0,764.9866666666667,71.57333333333334,0.15686542929518663,3.3333333333333335,0.05094147532215589,SP,sao paulo,2017-09-27 12:56:13,auto,1.0,90.64108358731711,100.0,92.3,94.8,95.9,58.3,1337,PREFERRED,1
0887a9f087bcd5d9f6642b52f897fc6c,12,0.08333333333333333,14.240796682098766,7.761111111111111,136.83333333333334,18.3625,0.1410572610652091,4.416666666666667,0.07046778861057364,SP,cananeia,2017-08-05 13:51:38,telephony,0.9166666666666666,90.636045776274,91.7,88.6,93.1,96.3,85.4,1338,PREFERRED,0
381c83fdca332ea6afd896da20bf6e4a,46,0.043478260869565216,12.691300322061192,3.4268055555555557,159.90869565217392,21.72195652173913,0.17466270145239696,4.391304347826087,0.09833890093108691,PR,curitiba,2018-08-14 07:04:43,watches_gifts,0.9565217391304348,90.62831375537463,95.7,83.2,93.9,95.4,84.8,1339,PREFERRED,0
8b181ee5518df84f18f4e1a43fe07923,1,0.0,14.560891203703704,0.0,27.9,27.08,0.9706093189964158,5.0,0.1275341648405414,SP,goioere,2018-05-30 09:21:06,health_beauty,1.0,90.62653890148512,100.0,77.6,92.9,72.8,100.0,1340,PREFERRED,1
dfc5fb7259bb2b599ca565e6e9448f0f,31,0.03225806451612903,13.37829674432497,15.095115740740741,191.60451612903225,21.358709677419355,0.10779073261660782,4.193548387096774,0.094099613455523,SP,sao bernardo do campo,2018-08-06 22:05:30,garden_tools,0.967741935483871,90.61768873647738,96.8,84.1,93.6,97.3,79.8,1341,PREFERRED,0
2a167ca73899c85001a837d8fb4962f6,2,0.0,6.509230324074074,0.0,2048.5,50.31,0.024011493046721108,4.5,0.15805706807986847,SP,sao paulo,2018-07-24 23:09:26,costruction_tools_tools,1.0,90.6154225391987,100.0,71.8,97.2,99.6,87.5,1342,PREFERRED,1
0ddefe3c7a032b91f4e25b9c3a08fca1,9,0.0,7.80940072016461,0.0,44.766666666666666,16.666666666666668,0.5310430956970436,4.555555555555555,0.13022193424776057,SP,sao bernardo do campo,2018-08-24 12:41:33,arts_and_craftmanship,1.0,90.6152624160844,100.0,77.1,96.5,85.2,88.9,1343,PREFERRED,1
9b00ed88b7fdb95d6ff76e27c1b52d16,46,0.06521739130434782,9.403925372383252,6.214768518518518,34.80173913043478,12.641739130434782,0.4587331871427338,4.543478260869565,0.08331383510173629,SP,sao paulo,2018-07-07 23:41:08,sports_leisure,0.9347826086956522,90.61328791321493,93.5,86.1,95.7,87.3,88.6,1344,PREFERRED,0
45c20d94d9171b0bcfab3c955e47d67b,4,0.0,14.431024305555555,0.0,32.365,20.2775,1.3162478259646917,4.5,0.06844600659963387,SP,cordeiropolis,2017-08-30 17:53:35,housewares,1.0,90.6121636705822,100.0,89.0,93.0,63.0,87.5,1345,PREFERRED,1
01c97ebb5cdac52891c0ed1c37ba0012,9,0.0,13.929164094650206,0.0,64.16666666666667,19.833333333333332,0.4517037593853741,4.222222222222222,0.09882503990123881,SP,catanduva,2018-07-31 19:13:20,computers_accessories,1.0,90.6081276566497,100.0,83.1,93.3,87.5,80.6,1346,PREFERRED,1
4a82168aaef173cbb6e46ae88728f919,4,0.0,6.717989004629629,0.0,128.0,25.0975,0.19836215797625195,4.0,0.1084112269926461,PR,irati,2018-08-07 13:32:25,health_beauty,1.0,90.60776740612273,100.0,81.3,97.1,94.7,75.0,1347,PREFERRED,1
670c26e0f1bf8d0576271d5cfaec6d2b,77,0.05194805194805195,14.281619017556517,33.780144675925925,81.67662337662338,22.08688311688312,0.3006212299410302,4.311688311688312,0.07633634954761835,PR,maringa,2018-08-01 10:17:18,sports_leisure,0.948051948051948,90.60364567761131,94.8,87.5,93.1,91.8,82.8,1348,PREFERRED,0
014d9a685fd57276679edd00e07089e5,11,0.0,9.154871632996633,0.0,84.24909090909091,20.483636363636364,0.25519398713719715,3.727272727272727,0.07978779404361036,PR,maringa,2018-08-17 13:13:21,stationery,1.0,90.60144819009518,100.0,86.8,95.8,93.1,68.2,1349,PREFERRED,0
47efca563408aae19bb7206c2d969ea9,11,0.0,13.789200336700338,0.0,232.9909090909091,40.71181818181818,0.310085901753613,4.363636363636363,0.11867602475670246,PI,teresina,2018-08-23 20:49:24,auto,1.0,90.6002985845477,100.0,79.3,93.3,91.5,84.1,1350,PREFERRED,0
c52c644cc0dc85121207a27013efc6af,1,0.0,7.146863425925926,0.0,397.8,283.16,0.7118149824032177,5.0,0.15574198694916552,MG,tiradentes,2018-08-10 14:19:56,furniture_decor,1.0,90.59889190006812,100.0,72.2,96.9,80.1,100.0,1351,PREFERRED,1
ae7ab174effdead6c241e547e4ca13f0,6,0.0,9.565426311728395,0.0,496.26666666666665,155.43,0.3123080951220743,4.333333333333333,0.12321482734012325,PR,arapongas,2018-08-11 19:14:29,furniture_living_room,1.0,90.5987316489439,100.0,78.5,95.6,91.4,83.3,1352,PREFERRED,1
13c2ed7698b3ca92dad49e849219da59,8,0.0,10.88997974537037,0.0,62.32625,19.334999999999997,0.46264885187128885,4.375,0.11548148950413299,PR,ponta grossa,2018-08-02 12:06:05,perfumery,1.0,90.59357565055274,100.0,80.0,94.9,87.2,84.4,1353,PREFERRED,1
3fadb4cba4c35bce6a7eaf9872d5623a,3,0.0,9.260574845679013,0.0,69.83333333333333,22.673333333333336,0.31416070007955454,3.3333333333333335,0.045478156082803145,RS,caxias do sul,2017-05-31 22:12:33,health_beauty,1.0,90.59232832259924,100.0,93.4,95.7,91.4,58.3,1354,PREFERRED,1
bd0a1b0aadca9a83d9304f7e8ff5fbd5,4,0.0,5.896536458333333,0.0,42.6475,15.6175,0.4283907297058134,4.5,0.1357219323537145,SP,sao paulo,2018-07-29 20:39:20,telephony,1.0,90.58679626771432,100.0,76.1,97.5,88.2,87.5,1355,PREFERRED,1
813348c996469b40f2e028d5429d3495,171,0.05263157894736842,10.175386005523068,8.790213477366255,63.12590643274854,20.05666666666667,0.345511743306769,4.065476190476191,0.06109704442501931,SP,jundiai,2018-04-24 13:21:26,housewares,0.9473684210526316,90.58570474368,94.7,90.4,95.2,90.5,76.6,1356,PREFERRED,0
72431a818f97fe6ab9c81eee3e297e54,1,0.0,12.434548611111111,0.0,229.9,19.49,0.08477598956067854,5.0,0.18467036780603735,SP,rio das pedras,2018-04-13 11:22:56,auto,1.0,90.57172621694693,100.0,66.7,94.1,97.9,100.0,1357,PREFERRED,1
6e864f5c4669eff3d98140a07cc50202,13,0.07692307692307693,9.844045584045585,2.9901388888888887,56.96846153846154,14.751538461538463,0.41539239267792855,4.461538461538462,0.07105450705430821,SP,sao paulo,2018-05-30 14:51:11,books_general_interest,0.9230769230769231,90.5716898849619,92.3,88.5,95.4,88.5,86.5,1358,PREFERRED,0
e5c84227854980f1db19a58958c551d9,4,0.0,10.187983217592592,0.0,18.2025,17.2075,1.19357924676158,4.75,0.10362475125430155,PR,fazenda rio grande,2018-08-15 11:56:10,housewares,1.0,90.54960458918028,100.0,82.2,95.2,66.4,93.8,1359,PREFERRED,1
b92e3c8f9738272ff7c59e111e108d7c,60,0.03333333333333333,17.08449112654321,9.146331018518518,134.20233333333334,40.90783333333333,0.31865166904034586,4.2,0.07691178157407966,MG,uba,2018-08-07 15:23:50,furniture_decor,0.9666666666666667,90.5347304922276,96.7,87.3,91.6,91.3,80.0,1360,PREFERRED,0
1660ad786c27fd935378b6192a90b417,11,0.09090909090909091,8.472480008417508,2.6862268518518517,130.9090909090909,20.60181818181818,0.17294871794871794,4.909090909090909,0.11333603806541205,SP,sao bernardo do campo,2018-07-22 17:19:08,computers_accessories,0.9090909090909091,90.53168691762254,90.9,80.4,96.2,95.4,97.7,1361,PREFERRED,0
b29d3380981c51df13fc6fbe87e1763d,6,0.0,8.026134259259258,0.0,72.55,16.43,0.2701671497423927,3.8333333333333335,0.09063383091238943,SP,ribeirao preto,2018-08-02 18:56:22,bed_bath_table,1.0,90.52676716793306,100.0,84.7,96.4,92.6,70.8,1362,PREFERRED,1
89dda63a3c907c468ec88c310ed91213,1,0.0,25.440254629629628,0.0,44.99,20.4,0.45343409646588123,5.0,0.14223416896908622,SP,maua/sao paulo,2018-04-08 09:41:45,computers_accessories,1.0,90.52473459440093,100.0,74.8,87.2,87.4,100.0,1363,PREFERRED,1
a3b42d266fa8afc874b909422ce88582,1,0.0,3.5071296296296297,0.0,839.4000000000001,81.84,0.09749821300929234,5.0,0.19973502204745572,SP,orlandia,2018-07-31 10:27:34,computers_accessories,1.0,90.52367243750732,100.0,63.8,98.8,97.5,100.0,1364,PREFERRED,1
f0ec78809fe0bc3edb11c9fe5b97b059,2,0.0,9.34699074074074,0.0,31.299999999999997,11.829999999999998,0.37058421373099887,4.0,0.09561939198838308,SP,sao paulo,2018-07-18 12:50:16,housewares,1.0,90.52291828858205,100.0,83.8,95.7,89.8,75.0,1365,PREFERRED,1
8a8835a43bda99fd37310ad76c457510,2,0.0,7.462633101851852,0.0,112.17,17.1,0.1520532589110533,4.5,0.15082651977586603,SP,sao caetano do sul,2018-08-02 18:50:07,auto,1.0,90.52271448036595,100.0,73.2,96.7,96.0,87.5,1366,PREFERRED,1
6b243f80ed07b10f0e8aa0f21a205f3c,78,0.038461538461538464,11.223339713912631,14.430987654320987,80.71628205128205,19.84769230769231,0.29841183603452565,4.256410256410256,0.088791044768671,PR,curitiba,2018-08-23 03:31:57,sports_leisure,0.9615384615384616,90.52107812329339,96.2,85.1,94.7,91.8,81.4,1367,PREFERRED,0
b3809b8d4394588a47c8470ea331e135,1,0.0,5.049641203703704,0.0,89.0,7.88,0.08853932584269662,4.0,0.11965764742945337,SP,sao paulo,2018-07-06 19:46:58,electronics,1.0,90.51321017952112,100.0,79.2,98.0,97.8,75.0,1368,PREFERRED,1
48436dade18ac8b2bce089ec2a041202,133,0.07518796992481203,14.420501688248399,18.960034722222225,88.82105263157895,21.32345864661654,0.281844631201773,4.120300751879699,0.047221745563513315,SP,volta redonda,2018-08-18 21:19:10,cool_stuff,0.924812030075188,90.50975829097709,92.5,93.0,93.0,92.3,78.0,1369,PREFERRED,0
49e7217cfe4e427191c378ec626d8737,12,0.0,16.036587577160493,0.0,239.06666666666663,29.340833333333336,0.2660560163114327,4.083333333333333,0.09767694697411206,MG,formiga,2018-05-27 20:45:09,housewares,1.0,90.50154160954882,100.0,83.4,92.1,92.8,77.1,1370,PREFERRED,0
8de8fe3af4449ed695d2434c933ed73e,1,0.0,10.056851851851851,0.0,2090.0,65.35,0.031267942583732056,5.0,0.19336916765683454,SP,sao paulo,2018-08-04 15:52:54,home_appliances,1.0,90.49583366988261,100.0,65.0,95.3,99.4,100.0,1371,PREFERRED,1
f789d2c4f2c2eb38fc4373e7a4b35264,41,0.04878048780487805,11.265818371725384,2.856747685185185,116.63804878048781,21.42780487804878,0.21662857146012857,4.2926829268292686,0.08946816857171191,MG,juiz de fora,2018-08-22 11:28:14,pet_shop,0.9512195121951219,90.4921898772124,95.1,84.9,94.7,94.2,82.3,1372,PREFERRED,0
9dc79dd988ac42f4d56c340d7048420a,4,0.0,6.52150462962963,0.0,187.4,23.5825,0.12219133399441245,4.75,0.17454553757289093,SP,sao paulo,2018-08-27 15:18:45,health_beauty,1.0,90.48332974335922,100.0,68.6,97.2,96.8,93.8,1373,PREFERRED,1
e546117ed9cafbc40239c0c78635c584,2,0.0,6.369074074074074,0.0,228.0,14.17,0.06214912280701755,4.5,0.15894357198234105,SP,sao paulo,2018-08-23 19:02:12,perfumery,1.0,90.47586979904771,100.0,71.6,97.3,98.5,87.5,1374,PREFERRED,1
392f7f2c797e4dc077e4311bde2ab8ce,2,0.0,5.309016203703703,0.0,26.0,18.28,0.7030769230769232,5.0,0.16202651434107485,RN,rio de janeiro,2018-08-21 10:10:40,auto,1.0,90.46870791271674,100.0,71.0,97.8,80.4,100.0,1375,PREFERRED,1
0fe2d9733ed841eb064503920015a8c0,3,0.0,8.665925925925926,0.0,129.88,36.23666666666667,0.27756483991990294,4.666666666666667,0.15560605684904313,SP,ourinhos,2018-07-09 22:14:07,auto,1.0,90.46687493283036,100.0,72.3,96.0,92.4,91.7,1376,PREFERRED,1
5b67882648febfb6e1225e6ad7164f6b,27,0.037037037037037035,12.55868912894376,9.614525462962963,260.3103703703704,24.014444444444443,0.18334151411444055,4.0,0.07550750201122625,PR,umuarama,2018-08-10 19:41:30,sports_leisure,0.962962962962963,90.46620784974341,96.3,87.6,94.0,95.1,75.0,1377,PREFERRED,0
0791d9fc1e30678ecf03d3e55fa108d3,5,0.0,7.8056828703703705,0.0,168.4,37.398,0.23693623780349443,4.0,0.10730257142016386,MG,belo horizonte,2018-07-24 16:03:03,housewares,1.0,90.46494093749205,100.0,81.5,96.5,93.6,75.0,1378,PREFERRED,1
1b938a7ec6ac5061a66a3766e0e75f90,29,0.034482758620689655,11.460889607279695,0.8786574074074074,135.05862068965516,30.803448275862067,0.35949187675525224,4.413793103448276,0.1011799363547368,SP,penapolis,2018-08-18 18:46:34,baby,0.9655172413793104,90.46471667498965,96.6,82.7,94.6,90.1,85.3,1379,PREFERRED,0
080102cd0a76b09e0dcf55fcacc60e05,122,0.040983606557377046,9.905664750303583,6.813861111111112,46.45532786885246,17.984180327868852,0.5607610348953537,4.516393442622951,0.09513905446635923,MG,belo horizonte,2018-08-26 16:26:52,computers_accessories,0.9590163934426229,90.4639027825827,95.9,83.9,95.4,84.4,87.9,1380,PREFERRED,0
82921991ff5b557b045605b8bbf08d49,1,0.0,4.079814814814815,0.0,18.9,18.23,0.9645502645502646,5.0,0.1488801720742312,SP,sao paulo,2018-08-05 19:41:36,telephony,1.0,90.45435577299682,100.0,73.6,98.5,72.9,100.0,1381,PREFERRED,1
80cfd480be3eb6d6267139f5cb793555,1,0.0,14.254143518518518,0.0,99.9,26.44,0.26466466466466465,4.0,0.09520118944137743,SP,sao paulo,2017-03-10 10:34:16,stationery,1.0,90.45333834338787,100.0,83.8,93.1,92.8,75.0,1382,PREFERRED,1
392353362d22cc2c236e1ee81ff19890,4,0.0,8.402120949074074,0.0,59.69,37.3725,0.8614848838346761,4.5,0.10872622835840182,SC,blumenau,2018-08-17 23:15:06,construction_tools_construction,1.0,90.45204670237982,100.0,81.2,96.2,75.9,87.5,1383,PREFERRED,1
cc5a78bbad32776dc4e3af205218368c,32,0.03125,8.246468098958333,5.746331018518519,137.8928125,41.3353125,0.6345830650257586,4.46875,0.0972527222093208,MG,divinopolis,2018-08-24 02:24:29,housewares,0.96875,90.44708881886152,96.9,83.4,96.3,82.3,86.7,1384,PREFERRED,0
b81e3a6c866a764974fe849821abeebd,8,0.0,6.141940104166666,0.0,104.51875000000001,27.1075,0.39073097851657185,4.625,0.1502507541047772,SP,maua,2018-08-15 22:06:09,housewares,1.0,90.44677656465012,100.0,73.3,97.4,89.2,90.6,1385,PREFERRED,1
26d8a1c7c75d513045798992ead43aa2,34,0.08823529411764706,12.723354779411764,13.747226080246913,174.6214705882353,19.21558823529412,0.12442231341352442,4.411764705882353,0.07407672988039939,PR,apucarana,2018-08-11 20:30:25,perfumery,0.9117647058823529,90.44103914138198,91.2,87.9,93.9,96.8,85.3,1386,PREFERRED,0
ed46f1eb4a638113deb2a1137b5f22e9,4,0.0,7.358561921296296,0.0,867.5,54.17,0.06300245261984391,4.0,0.11887780344153304,SC,indaial,2018-08-23 23:05:07,health_beauty,1.0,90.43945137981981,100.0,79.3,96.7,98.5,75.0,1387,PREFERRED,1
d6ab728cf30867cf3f1a2e216ae2f9b7,12,0.0,10.844957561728394,0.0,166.83333333333334,19.31833333333333,0.16621557604406853,4.416666666666667,0.13960568366750195,SP,sao paulo,2018-08-21 15:43:35,sports_leisure,1.0,90.4387150615061,100.0,75.3,94.9,95.6,85.4,1388,PREFERRED,0
44ed138eca6214d572ce1d813fb0049b,2,0.0,8.518258101851853,0.0,64.895,28.005,0.43713712667345495,4.5,0.13394748566737727,RS,canoas,2018-08-21 09:31:11,health_beauty,1.0,90.43853609696126,100.0,76.4,96.1,87.9,87.5,1389,PREFERRED,1
d94a40fd42351c259927028d163af842,96,0.041666666666666664,14.095049069251543,2.649285300925926,139.65302083333333,33.69385416666667,0.24035175063381298,4.28421052631579,0.08906295004249282,MG,baependi,2018-08-08 13:18:36,housewares,0.9583333333333334,90.43653915715505,95.8,85.0,93.2,93.5,82.1,1390,PREFERRED,0
4200ddf1967c5e41e48db62bc6d4b5ac,21,0.047619047619047616,10.566667768959435,4.925509259259259,34.71333333333333,22.686666666666664,0.744772623873651,4.444444444444445,0.07331051529528254,SP,sao bernardo do campo,2018-04-18 14:22:18,bed_bath_table,0.9523809523809523,90.43300836082949,95.2,88.0,95.0,79.2,86.1,1391,PREFERRED,0
9140bd1d9de28b197dce077bdd687438,6,0.0,6.242758487654321,0.0,209.8116666666667,30.676666666666666,0.2651813485415919,4.166666666666667,0.12197369022154175,SP,amparo,2018-08-10 10:10:06,sports_leisure,1.0,90.43112275889077,100.0,78.7,97.3,92.8,79.2,1392,PREFERRED,1
4917cee8d902e13428c3ec4b1ca6f315,31,0.03225806451612903,18.077756123058542,13.687175925925926,164.64193548387095,34.65935483870968,0.2127159971460215,4.161290322580645,0.08152981912384133,SC,blumenau,2018-08-17 01:48:47,home_appliances_2,0.967741935483871,90.42757093651261,96.8,86.5,91.1,94.3,79.0,1393,PREFERRED,0
c76d418370990614e89e956c7a7567d9,2,0.0,10.554403935185185,0.0,152.62,32.265,0.21144303846921247,3.5,0.06599900793819709,SP,taboao da serra,2017-09-12 13:52:34,sports_leisure,1.0,90.42271031937153,100.0,89.4,95.0,94.3,62.5,1394,PREFERRED,1
25cf099de44674fde97473224f9d59ab,50,0.04,9.392387962962964,5.910862268518518,33.087199999999996,14.103800000000001,0.5821240168815954,4.326530612244898,0.08159858396022802,SP,cotia,2018-08-25 21:53:15,auto,0.96,90.41530206152385,96.0,86.4,95.7,83.8,83.2,1395,PREFERRED,0
503c1de08ae81a2d86f17951b204db55,22,0.09090909090909091,13.488269675925926,12.830966435185184,223.045,18.859545454545454,0.08486620466413326,4.409090909090909,0.07361947606382477,SP,sao paulo,2018-07-26 09:26:38,baby,0.9090909090909091,90.41076438567244,90.9,88.0,93.5,97.9,85.2,1396,PREFERRED,0
c35672b10ad50968f567ea3f4b91e877,18,0.05555555555555555,11.607548868312756,5.793958333333333,63.92055555555555,20.265555555555558,0.3256894343140758,4.5,0.09545632273962837,RJ,mesquita,2018-08-04 16:27:58,health_beauty,0.9444444444444444,90.40894001423551,94.4,83.8,94.5,91.1,87.5,1397,PREFERRED,0
95cca791657aabeff15a07eb152d7841,1,0.0,3.7175,0.0,9.99,18.23,1.8248248248248249,5.0,0.09949220573776019,PR,palotina,2018-06-30 23:22:38,sports_leisure,1.0,90.40833264398498,100.0,83.0,98.7,48.5,100.0,1398,PREFERRED,1
0f94588695d71662beec8d883ffacf09,1,0.0,14.887152777777779,0.0,9.0,18.59,2.0655555555555556,5.0,0.0667411129108237,SC,florianopolis,2017-03-01 10:56:53,art,1.0,90.40630068877694,100.0,89.3,92.8,41.7,100.0,1399,PREFERRED,1
f7496d659ca9fdaf323c0aae84176632,25,0.08,12.427496296296297,1.9219328703703704,194.5428,32.6828,0.1857417054866258,4.56,0.08927922074527428,SP,sao paulo,2018-08-16 11:34:12,furniture_decor,0.92,90.40627734134887,92.0,85.0,94.1,95.0,89.0,1400,PREFERRED,0
a3f0b55de503387383c7b1de3ad7f678,23,0.043478260869565216,10.949255233494364,11.570162037037036,185.15217391304347,52.81260869565217,0.2742683381243807,4.391304347826087,0.0999650235383403,PR,curitiba,2018-05-21 13:14:36,fashion_bags_accessories,0.9565217391304348,90.40626868177145,95.7,82.9,94.8,92.5,84.8,1401,PREFERRED,0
4b39558c138930b9e5489c93b6df5fe3,4,0.0,12.827239583333334,0.0,274.175,33.1,0.1283880052669584,4.5,0.1458717188156108,SE,aracaju,2018-01-14 16:43:17,computers_accessories,1.0,90.40071429587859,100.0,74.1,93.8,96.7,87.5,1402,PREFERRED,1
b6dc74ed30f124f95227bed4e43a3bed,9,0.1111111111111111,18.03835390946502,7.121539351851852,43.06222222222222,18.25888888888889,0.47317355322424137,4.666666666666667,0.04874315704517806,PR,arapongas,2017-12-05 10:31:53,sports_leisure,0.8888888888888888,90.39783264880748,88.9,92.7,91.1,86.9,91.7,1403,PREFERRED,1
6c9875b2f94ba781186f0c1aed8d1687,1,0.0,4.810162037037037,0.0,5.5,15.1,2.7454545454545456,5.0,0.043422095576105345,SP,brotas,2017-05-21 18:55:49,pet_shop,1.0,90.39551578896113,100.0,93.8,98.1,22.4,100.0,1404,PREFERRED,1
1c68394e931a64f90ea236c5ea590300,139,0.03597122302158273,16.22607364108713,21.21024074074074,179.86215827338128,21.14956834532374,0.15372002551845848,3.946043165467626,0.06929546164455173,PR,sarandi,2018-08-13 10:39:55,computers_accessories,0.9640287769784173,90.39126398603038,96.4,88.8,92.0,95.9,73.7,1405,PREFERRED,0
7adbd3210a7b3cc2235e225eef33574d,3,0.0,10.077029320987654,0.0,43.96666666666667,24.319999999999997,0.7270172417916158,4.666666666666667,0.12829052912460148,SP,sao paulo,2018-08-14 19:39:04,housewares,1.0,90.38805518349426,100.0,77.5,95.3,79.7,91.7,1406,PREFERRED,1
7178f9f4dd81dcef02f62acdf8151e01,202,0.04950495049504951,15.745930738907225,5.338045138888889,182.15544554455445,21.70811881188119,0.3287871207126064,4.059701492537314,0.0588374220002406,SC,videira,2018-08-17 11:27:54,health_beauty,0.9504950495049505,90.3862768772595,95.0,90.8,92.3,91.0,76.5,1407,PREFERRED,0
35b96509602ec4b7da831b5cd73ff2c2,2,0.0,9.125092592592592,0.0,279.45,23.775,0.08548998135377513,4.5,0.15488338283334513,RS,sao leopoldo,2018-08-03 19:12:10,sports_leisure,1.0,90.38503444769178,100.0,72.4,95.8,97.9,87.5,1408,PREFERRED,1
2c54051840f19eca309a5423cf22df36,2,0.0,8.931585648148149,0.0,11.85,14.285,1.2105423674401186,4.5,0.0889663216577615,PR,curitiba,2018-04-04 09:52:29,sports_leisure,1.0,90.36620116927766,100.0,85.0,95.9,66.0,87.5,1409,PREFERRED,1
a2deecd5398f5df4987110c80a1972a3,13,0.0,8.307628205128205,0.0,47.98538461538461,17.076153846153847,0.4869714403918499,4.269230769230769,0.1147960358246761,SP,sao paulo,2018-08-24 14:37:50,home_appliances,1.0,90.36609392995003,100.0,80.1,96.2,86.5,81.7,1410,PREFERRED,0
51209b446b2073894bdc0face6c73ffc,2,0.0,9.960538194444446,0.0,179.8,39.64,0.22046718576195773,4.0,0.10679855763487699,ES,vila velha,2018-07-19 11:52:13,furniture_decor,1.0,90.36448497907826,100.0,81.6,95.4,94.1,75.0,1411,PREFERRED,1
5db42a6cd9bf1bf0d3aab9582767f168,1,0.0,16.873449074074074,0.0,200.0,19.33,0.09664999999999999,5.0,0.18093493460318735,ES,vitoria,2018-05-05 20:10:05,housewares,1.0,90.36405922170319,100.0,67.4,91.7,97.6,100.0,1412,PREFERRED,1
9535a841eecebed61a9fb1ac1cbb5597,2,0.0,9.502650462962963,0.0,392.45,16.715,0.05658017745795608,3.0,0.03910508549835966,SP,sao paulo,2017-02-10 10:34:36,garden_tools,1.0,90.35936095167129,100.0,94.6,95.6,98.7,50.0,1413,PREFERRED,1
3c487ae8f8d7542beff5788e2e0aea83,30,0.03333333333333333,13.742282793209878,15.869074074074074,312.8566666666666,23.988333333333333,0.08337232559747457,4.2,0.10012099975798505,DF,gama,2018-08-17 15:27:40,fashion_bags_accessories,0.9666666666666667,90.35609352214415,96.7,82.9,93.4,97.9,80.0,1414,PREFERRED,0
116ccb1a1604bc88e4d234a8c23f33de,59,0.05084745762711865,8.842458215630884,1.3407870370370372,32.63033898305085,15.224576271186441,0.6941453116884343,4.694915254237288,0.09819728614488614,SP,sao bernardo do campo,2018-08-21 21:49:19,auto,0.9491525423728814,90.34763408107654,94.9,83.3,96.0,80.6,92.4,1415,PREFERRED,0
8fdca8e349553f99bc738833a62c8802,22,0.045454545454545456,10.546610900673402,6.341631944444444,44.97,17.312727272727273,0.6787667310126575,4.190476190476191,0.060868028978780526,SP,sao paulo,2017-08-09 10:26:30,electronics,0.9545454545454546,90.34144173234547,95.5,90.4,95.1,81.1,79.8,1416,PREFERRED,0
6aa3928696eab49a19a466e665a649fd,17,0.058823529411764705,9.373204656862745,1.7897222222222222,121.93529411764706,19.917058823529413,0.2018505313158512,4.705882352941177,0.1216707742222571,RJ,nova iguacu,2018-08-17 22:23:06,health_beauty,0.9411764705882353,90.3396727771216,94.1,78.8,95.7,94.6,92.6,1417,PREFERRED,0
66922902710d126a0e7d26b0e3805106,149,0.0738255033557047,11.33207758513547,6.605361952861952,95.85369127516779,21.488926174496644,0.25325821515274355,4.52027027027027,0.08993112641742157,MG,belo horizonte,2018-08-21 21:44:04,pet_shop,0.9261744966442953,90.33767407820102,92.6,84.9,94.6,93.1,88.0,1418,PREFERRED,0
f1ed6bd0a9b11b581f16c851c6a5a527,17,0.058823529411764705,20.990234885620914,6.856273148148148,95.45705882352941,21.988823529411764,0.25120142359828235,4.411764705882353,0.0765642554692435,RS,porto alegre,2018-05-19 00:41:02,furniture_decor,0.9411764705882353,90.33418691205878,94.1,87.4,89.5,93.2,85.3,1419,PREFERRED,0
b7d5b4b87af9d42b601865d3f3810bff,1,0.0,8.628703703703703,0.0,350.0,20.69,0.059114285714285716,3.0,0.04094342092077316,SC,florianopolis,2017-05-06 18:49:21,garden_tools,1.0,90.33357935514047,100.0,94.2,96.1,98.6,50.0,1420,PREFERRED,1
2c43fb513632d29b3b58df74816f1b06,3,0.0,4.594564043209877,0.0,286.0,24.05666666666667,0.1357659099481204,3.6666666666666665,0.09527731734922738,MG,belo horizonte,2018-07-23 20:50:50,pet_shop,1.0,90.33352164194679,100.0,83.8,98.2,96.5,66.7,1421,PREFERRED,1
845e8036c3f7bf62099352f5ed910240,18,0.0,7.74677404835391,0.0,80.15555555555555,24.25222222222222,0.33776530595204746,4.0,0.10449090527216832,RJ,rio de janeiro,2018-08-18 12:20:25,bed_bath_table,1.0,90.31822212461435,100.0,82.1,96.5,90.7,75.0,1422,PREFERRED,0
0509040ea3fe50071181bbc359eb7738,87,0.06896551724137931,11.611956550659855,3.019974922839506,42.40632183908046,16.20574712643678,0.4785463946774877,4.476744186046512,0.07714503413769554,MG,belo horizonte,2018-08-02 12:05:18,sports_leisure,0.9310344827586207,90.29562801613955,93.1,87.3,94.5,86.7,86.9,1423,PREFERRED,0
e8b3a3a38279a82f0e5d006d5e5b7d2c,80,0.05,17.3070546875,7.327523148148147,147.904875,20.628999999999998,0.277024599576354,4.0125,0.05721131903255229,PR,jussara,2018-03-05 15:23:25,consoles_games,0.95,90.29261163846556,95.0,91.1,91.5,92.5,75.3,1424,PREFERRED,0
44073f8b7e41514de3b7815dd0237f4f,142,0.035211267605633804,13.152955301251957,7.412842592592592,129.72915492957748,22.116338028169015,0.2492232942595909,3.74468085106383,0.05564853491467579,DF,brasilia,2018-08-08 18:12:16,health_beauty,0.9647887323943662,90.28996806406924,96.5,91.4,93.7,93.2,68.6,1425,PREFERRED,0
2e1c9f22be269ef4643f826c9e650a52,160,0.06875,9.771185329861112,8.635488215488216,76.0603125,14.4423125,0.24914432303285264,4.264150943396227,0.0774489915269462,SP,sao paulo,2018-08-24 10:16:19,health_beauty,0.93125,90.28871315927087,93.1,87.2,95.5,93.2,81.6,1426,PREFERRED,0
00fc707aaaad2d31347cf883cd2dfe10,101,0.04950495049504951,15.286127039787312,6.357770833333333,126.0128712871287,22.639603960396038,0.17544869025866353,4.095,0.07353236923324248,PR,maringa,2018-06-13 16:19:00,computers_accessories,0.9504950495049505,90.2862469138676,95.0,88.0,92.5,95.3,77.4,1427,PREFERRED,0
e9511df20ccd82658a30c37b7fb343af,22,0.0,9.756910774410773,0.0,95.3,33.02272727272727,0.5951966410453419,4.318181818181818,0.11152900093419006,SP,bauru,2018-08-08 14:23:32,construction_tools_construction,1.0,90.28385155990198,100.0,80.7,95.5,83.4,83.0,1428,PREFERRED,0
76d64c4aca3a7baf218bf93ef7fa768d,63,0.031746031746031744,11.015438896237507,7.376111111111111,265.1077777777778,56.418571428571425,0.23371679874592033,4.222222222222222,0.10023808818589511,PR,curitiba,2018-08-26 13:53:04,toys,0.9682539682539683,90.27956443140047,96.8,82.9,94.8,93.7,80.6,1429,PREFERRED,0
3a4127e1ba7208ea37044c5092aae170,5,0.0,11.77629861111111,0.0,368.53999999999996,16.29,0.04480930997756612,4.0,0.1159833255427379,SP,sao paulo,2018-07-13 14:48:56,telephony,1.0,90.27849470947271,100.0,79.9,94.4,99.0,75.0,1430,PREFERRED,1
3361277dc30b7cccdb0c286b24219756,29,0.06896551724137931,13.247004709450831,3.581585648148148,134.65689655172412,21.925862068965518,0.3535914623912944,4.344827586206897,0.07191070282627919,PR,maringa,2018-08-18 18:48:25,pet_shop,0.9310344827586207,90.27630708196841,93.1,88.3,93.6,90.3,83.6,1431,PREFERRED,0
be3b4b0f050a6aa1b2d901c4b77e979f,3,0.0,8.301018518518518,0.0,192.73333333333332,51.839999999999996,0.27536748395736915,4.0,0.10814753838165553,PR,imbituva,2018-06-08 12:12:54,construction_tools_construction,1.0,90.27601547110515,100.0,81.4,96.2,92.5,75.0,1432,PREFERRED,1
788f22bafdd7ab0e1e79f19db72f16a4,2,0.0,3.541741898148148,0.0,62.900000000000006,13.120000000000001,0.20140143982842854,4.5,0.1596130701850811,SP,sao paulo,2018-08-21 22:02:04,auto,1.0,90.2734499759787,100.0,71.5,98.8,94.6,87.5,1433,PREFERRED,1
8dfbc5ff27df12f6cef751d3b9554222,4,0.0,10.066796875,0.0,56.5,22.53,0.8845223930481283,4.5,0.10836831403374907,PR,curitiba,2018-08-15 19:46:26,garden_tools,1.0,90.27145990384722,100.0,81.3,95.3,75.2,87.5,1434,PREFERRED,1
dc317f341ab0e22f39acbd9dbf9b4a1f,55,0.05454545454545454,12.409295244107744,20.500898919753087,346.31454545454545,65.66563636363635,0.23020834571994908,4.1454545454545455,0.07577069713272298,RS,cachoeirinha,2018-07-01 17:40:56,cool_stuff,0.9454545454545454,90.26514375988222,94.5,87.6,94.1,93.8,78.6,1435,PREFERRED,0
22a23e5ac7061fc538cc2a019afaaf16,1,0.0,11.029351851851851,0.0,95.0,14.42,0.15178947368421053,3.0,0.0329310242252183,MG,belo horizonte,2017-05-18 11:00:04,food_drink,1.0,90.26361609081292,100.0,95.8,94.8,96.0,50.0,1436,PREFERRED,1
89ad3263c0931c47f976d7c5778e60f6,5,0.0,6.490780092592592,0.0,110.00999999999999,23.131999999999998,0.24285005624921455,4.0,0.11347474740779628,SP,sao paulo,2018-07-28 14:44:16,baby,1.0,90.25698224141436,100.0,80.3,97.2,93.4,75.0,1437,PREFERRED,1
d4d99b60c4c94cd35acd502cec65dc8d,1,0.0,19.08181712962963,0.0,72.9,14.39,0.19739368998628257,3.0,0.01701512418600045,SP,sao paulo,2016-10-09 12:13:58,furniture_decor,1.0,90.2565150669237,100.0,98.8,90.5,94.7,50.0,1438,PREFERRED,1
282f23a9769b2690c5dda22e316f9941,97,0.05154639175257732,11.273206973081328,8.156282407407407,65.64329896907216,18.995154639175258,0.3962321438129457,4.381443298969073,0.08872993286613454,MG,belo horizonte,2018-08-23 19:14:36,food_drink,0.9484536082474226,90.25336420519115,94.8,85.1,94.7,89.1,84.5,1439,PREFERRED,0
8dd386be0767c330276ea6a3f96532d3,1,0.0,10.293009259259259,0.0,89.98,44.5,0.49455434541009113,5.0,0.17061998837305845,SC,paulo lopes,2018-08-10 21:14:35,sports_leisure,1.0,90.2523924426564,100.0,69.4,95.2,86.3,100.0,1440,PREFERRED,1
3c4e0452bff7a2a788179488d3d77032,32,0.03125,13.833818721064816,31.49931712962963,117.075,18.94125,0.1913351599705486,3.838709677419355,0.06898744277177338,PR,colombo,2018-03-23 17:33:12,toys,0.96875,90.25224013469196,96.9,88.9,93.3,94.9,71.0,1441,PREFERRED,0
bd23da7354813347129d751591d1a6e2,85,0.047058823529411764,9.884980800653594,11.052531828703703,114.95882352941176,16.506941176470587,0.1544022455157059,4.119047619047619,0.08814459026288506,SP,sao paulo,2018-08-17 09:08:30,furniture_decor,0.9529411764705882,90.25110408385193,95.3,85.2,95.4,95.9,78.0,1442,PREFERRED,0
78c99c6dff4eeae5be99bf635ed21e3f,30,0.1,13.400021990740742,15.707121913580247,64.69933333333333,21.359333333333332,0.41313814352785166,4.533333333333333,0.06079516202223557,SP,marilia,2017-08-18 11:21:40,sports_leisure,0.9,90.24843791306569,90.0,90.4,93.5,88.6,88.3,1443,PREFERRED,0
d0d70d21e2234dd7cd3cf63fe414148a,7,0.0,9.305324074074075,0.0,65.48571428571428,48.64142857142857,0.8545098583746228,4.714285714285714,0.1286639267203843,PB,sao bento,2018-08-15 20:43:17,bed_bath_table,1.0,90.24831541686655,100.0,77.4,95.7,76.1,92.9,1444,PREFERRED,1
557f22c76691849db52d2abccf0015d0,12,0.0,14.50512538580247,0.0,66.65583333333333,25.7225,0.4539071294388677,3.272727272727273,0.03094689778600636,GO,morrinhos,2017-09-12 23:58:05,computers_accessories,1.0,90.24773320260348,100.0,96.2,93.0,87.4,56.8,1445,PREFERRED,0
4c4d546adf3c3868fe19c9ec6e9ffda9,2,0.0,6.870364583333333,0.0,55.849999999999994,22.695,0.4028309045275016,4.0,0.10364623639885798,PR,maringa,2018-08-16 15:54:42,pet_shop,1.0,90.24374449791586,100.0,82.2,97.0,88.9,75.0,1446,PREFERRED,1
974cf2cb8f4b7add98709c30df02fe10,30,0.03333333333333333,11.269405092592592,13.928599537037037,89.82333333333332,16.573333333333334,0.19255921921505648,4.166666666666667,0.09769584653698346,SP,araraquara,2018-08-21 23:41:36,computers_accessories,0.9666666666666667,90.23408026181244,96.7,83.4,94.7,94.8,79.2,1447,PREFERRED,0
d90fe2229fee1a5da999ccd0c06c1667,3,0.0,9.816265432098765,0.0,150.0,22.30333333333333,0.6814242424242424,4.666666666666667,0.1348151302256284,SP,sao paulo,2018-08-08 19:23:00,auto,1.0,90.22555210754643,100.0,76.2,95.4,81.0,91.7,1448,PREFERRED,1
c4af86330efa7a2620772227d2d670c9,4,0.0,15.150208333333333,0.0,1349.0,91.24,0.06791299922298726,4.333333333333333,0.13630495555018401,SP,mogi das cruzes,2018-06-15 20:46:53,construction_tools_construction,1.0,90.22099069051039,100.0,76.0,92.6,98.4,83.3,1449,PREFERRED,1
e24fc9fcd865784fb25705606fe3dfe7,51,0.0784313725490196,12.578922476397967,15.83527488425926,250.35294117647058,19.857058823529414,0.10751941048037876,4.1568627450980395,0.06718638033867289,SP,braganca paulista,2018-03-26 23:31:51,health_beauty,0.9215686274509804,90.21788180199759,92.2,89.2,94.0,97.3,78.9,1450,PREFERRED,0
f0837c8d71434931d9e38e7b79234797,22,0.045454545454545456,11.822301136363636,9.612083333333333,156.67727272727274,27.384545454545457,0.5036375623250042,4.590909090909091,0.10313417438337008,RS,arvorezinha,2018-08-14 17:27:42,housewares,0.9545454545454546,90.21348172731301,95.5,82.3,94.4,86.0,89.8,1451,PREFERRED,0
ca3bd7cd9f149df75950150d010fe4a2,67,0.04477611940298507,13.682881253454948,3.3728819444444444,137.72074626865674,49.28268656716418,0.45455429639488787,4.104477611940299,0.06539921184038561,SP,sao paulo,2018-08-06 17:47:40,housewares,0.9552238805970149,90.21245397875016,95.5,89.6,93.4,87.4,77.6,1452,PREFERRED,0
3fe7120d6257285ac6a3ce7cb071ccec,2,0.0,9.570578703703703,0.0,99.99,14.14,0.1414141414141414,3.5,0.0762220349395159,MG,governador valadares,2018-01-10 14:04:29,health_beauty,1.0,90.20983716406373,100.0,87.5,95.6,96.3,62.5,1453,PREFERRED,1
3d8fa2f5b647373c8620330c4e077a9f,42,0.023809523809523808,9.113136849647267,13.97292824074074,85.01523809523809,19.200476190476188,0.24364129551737856,4.2317073170731705,0.11080514811581404,SP,sao paulo,2018-08-15 14:57:55,garden_tools,0.9761904761904762,90.20970436648096,97.6,80.8,95.8,93.4,80.8,1454,PREFERRED,0
1b8b75e227c9a9c100d0c210fb6176ce,15,0.06666666666666667,14.996113425925927,4.765162037037037,96.32466666666667,13.574666666666667,0.18997770974240144,3.933333333333333,0.049591082048888895,SP,sao paulo,2017-11-30 15:39:45,fashion_bags_accessories,0.9333333333333333,90.20827232369525,93.3,92.6,92.7,94.9,73.3,1455,PREFERRED,0
b4f8921fcc4ff77b66bea6dda43dcd51,18,0.05555555555555555,7.78515367798354,1.8158333333333334,636.9466666666667,84.37444444444445,0.14983216994832477,4.555555555555555,0.12077272621074127,RS,caxias do sul,2018-08-21 21:18:33,bed_bath_table,0.9444444444444444,90.20723556457496,94.4,78.9,96.5,96.1,88.9,1456,PREFERRED,0
dcb7367a92f5ffb89f1e2152ed260285,1,0.0,10.07724537037037,0.0,79.9,18.44,0.23078848560700876,5.0,0.1876324931726016,SP,osvaldo cruz,2018-03-18 16:47:16,signaling_and_security,1.0,90.20290284980291,100.0,66.1,95.3,93.8,100.0,1457,PREFERRED,1
f25e239052084705e17a982bc600ab2a,7,0.0,13.87251984126984,0.0,1044.4285714285713,54.839999999999996,0.16735324767643897,4.142857142857143,0.11801277821721157,SP,sao paulo,2018-03-09 18:05:10,pet_shop,1.0,90.20255681546517,100.0,79.5,93.3,95.6,78.6,1458,PREFERRED,1
b76dba6c951ab00dc4edf0a1aa88037e,157,0.03184713375796178,10.381203408822836,10.580851851851852,16.212165605095542,14.535222929936307,0.999356376234157,4.219354838709678,0.05748449565900895,SP,sao paulo,2018-08-27 20:03:07,telephony,0.9681528662420382,90.19153907192381,96.8,91.1,95.1,72.0,80.5,1459,PREFERRED,0
e63e8bfa530fb16910dd6956e592bb81,38,0.05263157894736842,9.380543981481482,5.765734953703704,31.97342105263158,16.43026315789474,0.5090952430029171,4.2631578947368425,0.07645803532383215,SP,guarulhos,2018-08-28 10:44:03,housewares,0.9473684210526316,90.19002204779669,94.7,87.4,95.7,85.9,81.6,1460,PREFERRED,0
63b9ae557efed31d1f7687917d248a8d,5,0.0,18.660874999999997,0.0,27.9,20.562,1.139977480778267,4.2,0.057260103395700326,SP,sao jose do rio pardo,2017-02-13 19:14:05,furniture_decor,1.0,90.18698484407275,100.0,91.1,90.8,68.0,80.0,1461,PREFERRED,1
dee656f0f566ed1aa85bd137c943f08f,90,0.05555555555555555,12.716046810699588,12.643259259259258,68.802,18.452,0.3504088884471766,4.4,0.08908837037747717,SP,cruzeiro,2018-08-22 10:16:30,sports_leisure,0.9444444444444444,90.18076393708851,94.4,85.0,93.9,90.4,85.0,1462,PREFERRED,0
b494891378bd8f4560abe576c52deacd,19,0.05263157894736842,5.474568104288499,0.5324537037037037,149.42105263157896,15.577894736842106,0.1303475233368391,4.7368421052631575,0.14280278002138616,SP,sao paulo,2018-08-20 00:59:32,health_beauty,0.9473684210526316,90.17288037107424,94.7,74.7,97.7,96.6,93.4,1463,PREFERRED,0
89c127985a8b130cfa45c1d36764017a,6,0.0,10.99207561728395,0.0,222.44500000000002,17.836666666666666,0.12580434220367118,3.4,0.06809100720763704,SP,osasco,2018-01-04 21:27:37,cool_stuff,1.0,90.15568907354663,100.0,89.0,94.8,96.7,60.0,1464,PREFERRED,1
cda598c48d7c614bc1cad7d8ff6f0010,16,0.0,8.126241319444444,0.0,64.91875,17.848125,0.39925070896904363,4.125,0.11342047018854454,SP,mirassol,2018-08-15 10:36:56,auto,1.0,90.15448065948667,100.0,80.3,96.3,89.0,78.1,1465,PREFERRED,0
3340ef1913fb70d28420f6ceb685c339,32,0.09375,16.713813657407407,44.70139274691358,211.5609375,24.2878125,0.15302667125153777,4.375,0.06490380114162553,PR,maringa,2017-11-23 16:22:37,computers_accessories,0.90625,90.1511994661843,90.6,89.6,91.8,96.0,84.4,1466,PREFERRED,0
df56d7b40d437f88407c5f78b63bc328,22,0.045454545454545456,12.586075862794614,47.87983796296297,126.87636363636365,20.919090909090908,0.17758337622773904,4.090909090909091,0.08341749590155127,PR,cascavel,2018-03-28 11:26:34,sports_leisure,0.9545454545454546,90.14767292896902,95.5,86.1,94.0,95.3,77.3,1467,PREFERRED,0
5a6a02f419701fc8c605af71d4fc57a4,10,0.1,5.593672453703704,1.7240162037037037,60.05,11.391,0.23573685449745155,4.8,0.10732309935012116,SP,americana,2018-08-24 23:42:21,books_general_interest,0.9,90.14324386187675,90.0,81.5,97.7,93.6,95.0,1468,PREFERRED,0
b83cedfb587e7911540e3f576d6917ce,24,0.08333333333333333,10.15885368441358,2.888078703703704,93.41041666666666,15.246666666666668,0.22504374191257104,4.208333333333333,0.06634798318497831,SP,sao paulo,2018-05-14 12:20:47,health_beauty,0.9166666666666666,90.13843021875635,91.7,89.4,95.3,93.9,80.2,1469,PREFERRED,0
7816cd9c5b1238e320545f5bf7eb80e8,1,0.0,10.901851851851852,0.0,489.0,22.76,0.0465439672801636,4.0,0.12030443665567654,SP,araraquara,2018-05-24 21:30:11,garden_tools,1.0,90.13606366514186,100.0,79.0,94.9,99.0,75.0,1470,PREFERRED,1
cc419e0650a3c5ba77189a1882b7556a,1647,0.06132361870066788,11.589734716881424,7.449061354052072,61.27990285367335,14.97338190649666,0.30754311919983285,4.1541894907689185,0.07111433543982601,SP,santo andre,2018-08-27 16:12:22,health_beauty,0.9386763812993322,90.12948092168041,93.9,88.5,94.5,91.6,78.9,1471,PREFERRED,0
0c7533c71df861ec58ad7ff999ed0e8d,60,0.05,10.740889467592591,11.714918981481482,50.10333333333333,15.245166666666668,0.4643899329075128,4.2,0.07525660480773305,SP,valinhos,2018-07-28 10:25:00,perfumery,0.95,90.12154334286119,95.0,87.7,95.0,87.1,80.0,1472,PREFERRED,0
cc63f0dd2acba93ffed4fe9f8e0321fa,55,0.0,8.998671506734008,0.0,129.03109090909092,25.454,0.21957949253923703,4.090909090909091,0.1206799030616205,SP,sao jose do rio preto,2018-08-24 09:17:45,housewares,1.0,90.11929376760219,100.0,79.0,95.9,94.1,77.3,1473,PREFERRED,0
4bf2f4ee540798a61f9636d12cd9cc80,29,0.034482758620689655,13.562493215197957,0.9783796296296297,172.26068965517243,17.429310344827584,0.10575100897427808,4.137931034482759,0.09842969956259826,SP,assis,2018-08-09 09:12:58,fashion_underwear_beach,0.9655172413793104,90.1149330834124,96.6,83.2,93.5,97.3,78.4,1474,PREFERRED,0
58f1a6197ed863543e0136bdedb3fce2,42,0.023809523809523808,10.302723489858906,12.547650462962963,157.9738095238095,25.217142857142854,0.16172300253102362,4.142857142857143,0.10881403337370771,MG,conselheiro lafaiete,2018-08-18 21:16:18,watches_gifts,0.9761904761904762,90.10978602849458,97.6,81.2,95.2,95.7,78.6,1475,PREFERRED,0
eddd1991bd6d9309995a480c39b95137,2,0.0,14.754149305555556,0.0,300.5,35.775000000000006,0.12818227762803236,3.5,0.07058569968880782,PR,ponta grossa,2017-11-06 18:48:57,unknown,1.0,90.10527971115472,100.0,88.6,92.8,96.7,62.5,1476,PREFERRED,1
3076499bbc033a927bf4a8a41bcf7fd4,6,0.0,8.311128472222222,0.0,51.571666666666665,19.965,0.5316215511036245,4.166666666666667,0.10958422042644643,SP,auriflama,2018-08-22 11:13:09,furniture_decor,1.0,90.10421317038497,100.0,81.1,96.2,85.2,79.2,1477,PREFERRED,1
31344c16881c08a8a72c6d2eb29918c1,41,0.04878048780487805,15.987935862691959,22.774033564814815,231.3390243902439,54.430243902439024,0.24479180251153915,4.512195121951219,0.10528490971510066,MG,uba,2018-08-20 12:03:54,furniture_decor,0.9512195121951219,90.10214333643441,95.1,81.9,92.2,93.4,87.8,1478,PREFERRED,0
058fd0aa2bfdb2274e05e1ae971dabb6,60,0.06666666666666667,10.141677469135802,12.892424768518518,126.71333333333334,14.843833333333333,0.1176619641657278,4.383333333333334,0.09948513625454362,SP,santo andre,2018-06-07 19:45:30,perfumery,0.9333333333333333,90.096384770761,93.3,83.0,95.3,97.0,84.6,1479,PREFERRED,0
41b39e28db005d9731d9d485a83b4c38,183,0.06557377049180328,12.413312272313295,7.336638695987655,91.23704918032787,21.2675956284153,0.31170212931546626,4.19672131147541,0.0706124007740425,SP,santo andre,2018-08-20 14:19:56,bed_bath_table,0.9344262295081968,90.08698245893565,93.4,88.6,94.1,91.5,79.9,1480,PREFERRED,0
02f623a8eb246f3c5f7c2f96462654e6,44,0.09090909090909091,8.482709648569024,9.210859375,144.95454545454547,18.855227272727273,0.13851285965172505,4.558139534883721,0.09732973240380303,SP,botucatu,2018-08-22 23:52:12,sports_leisure,0.9090909090909091,90.0794368257813,90.9,83.4,96.1,96.4,89.0,1481,PREFERRED,0
20611af7866c6068fd5ae1f9dbe15c92,2,0.0,8.539311342592592,0.0,109.9,57.25,0.5209281164695178,4.5,0.13645756834947703,SP,porto ferreira,2018-07-16 09:04:15,baby,1.0,90.07882546622477,100.0,75.9,96.1,85.5,87.5,1482,PREFERRED,1
7cb946b1ad19faebe28c3e86c2794ec3,1,0.0,18.151435185185186,0.0,25.0,15.1,0.604,5.0,0.154735207118246,MG,sete lagoas,2017-11-16 21:01:25,health_beauty,1.0,90.07806861226332,100.0,72.4,91.0,83.2,100.0,1483,PREFERRED,1
6ebf4eceee4dd9847201c82e77ef8123,1,0.0,15.017141203703703,0.0,59.9,22.13,0.369449081803005,5.0,0.1739403803487003,RJ,rio de janeiro,2018-04-04 23:21:54,health_beauty,1.0,90.07267945811502,100.0,68.7,92.7,89.8,100.0,1484,PREFERRED,1
eb3071b9f0b0ddaa2df5ea130f09f26b,9,0.1111111111111111,9.65403677983539,2.5186574074074075,692.2222222222222,64.60222222222222,0.09871890317885602,4.555555555555555,0.08299794990773507,SP,sao paulo,2018-05-16 10:05:44,furniture_bedroom,0.8888888888888888,90.06914437388826,88.9,86.2,95.5,97.5,88.9,1485,PREFERRED,1
db1f0f7c7e5e87f40b62226f020bb297,3,0.0,9.605447530864199,0.0,19.669999999999998,21.573333333333334,2.302387772097864,4.666666666666667,0.04245791031903947,PR,pinhais,2017-05-09 10:19:17,signaling_and_security,1.0,90.06770029688195,100.0,93.9,95.6,35.0,91.7,1486,PREFERRED,1
2d9e8987a2ea5cf88dce330249043ff1,2,0.0,8.896828703703704,0.0,119.9,52.185,0.4352376980817348,4.5,0.14157033636141048,SP,jaci,2018-08-18 02:42:23,furniture_living_room,1.0,90.04858952652694,100.0,75.0,95.9,88.0,87.5,1487,PREFERRED,1
cb32766839f443db85c82a43c4a6c19e,2,0.0,19.473778935185187,0.0,117.0,15.755,0.13480781877968578,3.0,0.024430759429559502,SP,rio claro,2017-02-26 16:03:49,fashio_female_clothing,1.0,90.04763968224805,100.0,97.4,90.3,96.5,50.0,1488,PREFERRED,1
6d803cb79cc31c41c4c789a75933b3c7,58,0.06896551724137931,13.296695801404853,12.610813078703703,150.19655172413792,20.92534482758621,0.1792413654050208,4.25,0.0795745458434164,SP,sao joaquim da barra,2018-06-06 15:11:41,sports_leisure,0.9310344827586207,90.04429977291359,93.1,86.8,93.6,95.2,81.2,1489,PREFERRED,0
8fff28c4263ddec387f28d237fb42773,2,0.0,5.756741898148148,0.0,29.3,27.015,0.85962771421487,5.0,0.1609612674011427,SP,sao paulo,2018-08-21 08:23:49,bed_bath_table,1.0,90.03990922529603,100.0,71.2,97.6,75.9,100.0,1490,PREFERRED,1
4bfc7a4a1cf8d4d2121c27422d9e50b5,24,0.041666666666666664,7.609909336419753,8.033067129629629,319.94166666666666,41.47666666666667,0.16169899503771343,4.5,0.12974650674992516,SP,sao paulo,2018-08-22 19:14:34,housewares,0.9583333333333334,90.03531075373684,95.8,77.2,96.6,95.7,87.5,1491,PREFERRED,0
b335c59ab742f751a85db9c411a86739,30,0.03333333333333333,16.15451427469136,8.400833333333333,88.00033333333334,21.167666666666666,0.39308497418066946,4.033333333333333,0.0715273818065516,MG,araguari,2017-12-12 19:45:01,housewares,0.9666666666666667,90.03044289409529,96.7,88.4,92.1,89.2,75.8,1492,PREFERRED,0
02b72cdeb9cfcc429f1af6f4e3f3b737,4,0.0,12.510251736111112,0.0,130.6625,56.4975,0.4315855764039368,4.75,0.15578730201940616,SP,ibitinga,2018-08-22 20:09:46,baby,1.0,90.02795920679365,100.0,72.2,94.0,88.1,93.8,1493,PREFERRED,1
730937bf88cb151eb2eb849f642fc213,22,0.045454545454545456,6.470883312289562,2.681909722222222,130.36818181818182,20.968636363636364,0.14965590059607498,4.409090909090909,0.12272902434664233,SP,rio claro,2018-08-19 10:36:45,sports_leisure,0.9545454545454546,90.02279740138192,95.5,78.6,97.2,96.1,85.2,1494,PREFERRED,0
a72f15980dc3e9bfd1a49ac9b2f3af65,1,0.0,5.1416203703703705,0.0,89.9,18.73,0.20834260289210232,4.0,0.12265844923115223,SP,marilia,2018-07-25 16:18:46,furniture_decor,1.0,90.02215740975197,100.0,78.6,97.9,94.4,75.0,1495,PREFERRED,1
a150c540f572d0fb53992264bc5c10b5,1,0.0,10.858275462962963,0.0,119.9,15.59,0.1300250208507089,4.0,0.1179027401019634,SP,sorocaba,2018-02-04 22:19:12,consoles_games,1.0,90.0177105629952,100.0,79.5,94.9,96.6,75.0,1496,PREFERRED,1
bac692d6c0ed08467878018e6cc9c26c,1,0.0,7.197361111111111,0.0,477.0,82.23,0.17238993710691825,4.0,0.12148018271134234,SC,blumenau,2018-07-31 16:21:04,construction_tools_lights,1.0,90.01717584957167,100.0,78.8,96.8,95.4,75.0,1497,PREFERRED,1
fad44952713764836814be105382aee5,32,0.03125,10.79425925925926,0.7929282407407408,162.71875,16.7721875,0.10617426416445312,4.28125,0.11886305508133839,RJ,rio de janeiro,2018-08-14 08:38:20,health_beauty,0.96875,90.00540676599752,96.9,79.3,94.9,97.3,82.0,1498,PREFERRED,0
aae5e7b457a3c72ee230a47d98fceda5,5,0.0,11.924442129629629,0.0,120.96,28.154000000000003,0.4065284280936455,4.2,0.1159415097480653,PR,sao jose dos pinhas,2018-08-17 18:21:02,bed_bath_table,1.0,89.99228242793986,100.0,79.9,94.3,88.8,80.0,1499,PREFERRED,1
bc39d8938f90a3a2b98193723ed59774,2,0.0,4.553125,0.0,153.4,11.155,0.07271838331160364,4.0,0.13238652122750766,SP,cajamar,2018-06-21 15:08:30,small_appliances,1.0,89.98770271495977,100.0,76.7,98.2,98.2,75.0,1500,PREFERRED,1
c6381d2d013342748761e906d45aff76,15,0.0,16.018105709876544,0.0,136.19866666666667,38.08533333333333,0.38991686626923,3.8666666666666667,0.08426148470341657,RS,portao,2018-07-25 01:12:50,housewares,1.0,89.98181393820717,100.0,85.9,92.2,89.2,71.7,1501,PREFERRED,0
7d456afc660226829370f3173d14520c,54,0.05555555555555555,8.539151020233195,14.724899691358024,154.37111111111113,28.408148148148147,0.2858561499442992,4.333333333333333,0.09878632813126458,SP,mogi das cruzes,2018-08-21 18:47:23,bed_bath_table,0.9444444444444444,89.98139888681538,94.4,83.2,96.1,92.2,83.3,1502,PREFERRED,0
88cd3681e0a2ba85e190f7d817629c4c,1,0.0,7.015775462962963,0.0,180.0,19.36,0.10755555555555556,4.0,0.1265433002525965,SC,brusque,2018-08-15 21:09:19,auto,1.0,89.97300201021048,100.0,77.8,96.9,97.3,75.0,1503,PREFERRED,1
731ef20c231d9a7103a425e83fd91271,2,0.0,12.976006944444446,0.0,846.0,252.8,0.3295390070921986,3.5,0.06440390147464767,SC,lages - sc,2017-10-28 20:52:15,kitchen_dining_laundry_garden_furniture,1.0,89.97147226621895,100.0,89.7,93.8,91.0,62.5,1504,PREFERRED,1
8931a84a914b3fe9b1ddaa4d704947ca,29,0.06896551724137931,11.88358437100894,9.219699074074075,160.9758620689655,14.64103448275862,0.13102458154346708,4.071428571428571,0.07234105177594853,SP,sao paulo,2018-07-19 22:57:19,perfumery,0.9310344827586207,89.97042020691852,93.1,88.2,94.3,96.6,76.8,1505,PREFERRED,0
1690cada046eb7e92c12f98b1f8a8167,10,0.1,7.352841435185185,2.6226967592592594,176.0,23.291,0.13117566197281777,4.9,0.1221457142083577,SP,sao paulo,2018-08-10 17:09:47,auto,0.9,89.96487759722902,90.0,78.7,96.7,96.6,97.5,1506,PREFERRED,0
b0398568231ba5e6734af1881671a317,4,0.0,13.211869212962963,0.0,167.41750000000002,29.802500000000002,0.3443964770472967,4.0,0.10245501333167942,ES,colatina,2018-04-10 09:24:49,cool_stuff,1.0,89.96240647473132,100.0,82.5,93.6,90.5,75.0,1507,PREFERRED,1
25debeafbce801fdd479539350185eee,4,0.0,15.28008101851852,0.0,43.215,17.25,0.49252938234558635,3.5,0.05116402312186255,SP,igaracu do tiete,2017-12-01 21:37:16,perfumery,1.0,89.96012262775514,100.0,92.3,92.5,86.3,62.5,1508,PREFERRED,1
dd2bdf855a9172734fbc3744021ae9b9,105,0.05714285714285714,15.350510802469136,10.995189043209876,101.01904761904763,18.97152380952381,0.25631634662524694,3.871287128712871,0.05243736286917785,MG,belo horizonte,2018-01-03 10:05:57,bed_bath_table,0.9428571428571428,89.9561321883505,94.3,92.0,92.5,93.0,71.8,1509,PREFERRED,0
f4c4daa86e30c7e5a553a8d518ac03a5,18,0.05555555555555555,16.640676440329216,7.9428935185185185,332.46166666666664,18.899444444444445,0.06788787324257446,4.0,0.07284866637825864,PR,cascavel,2017-11-13 21:54:11,watches_gifts,0.9444444444444444,89.94850140660961,94.4,88.1,91.8,98.4,75.0,1510,PREFERRED,0
cc80e2f693fa6e2408f47ccf62413fc1,2,0.0,14.152598379629628,0.0,210.0,44.315,0.21102380952380953,4.0,0.10913750947762575,PR,curitiba,2017-12-01 16:49:36,auto,1.0,89.94589312572872,100.0,81.2,93.1,94.3,75.0,1511,PREFERRED,1
df47da4ae86fa4db890d05aaf24e21d8,5,0.0,7.044877314814815,0.0,62.1,15.436000000000002,0.25642801607576376,4.2,0.13391062011137836,SP,sao paulo,2018-08-23 10:47:14,housewares,1.0,89.94524634208419,100.0,76.4,96.9,93.0,80.0,1512,PREFERRED,1
cca3071e3e9bb7d12640c9fbe2301306,683,0.05710102489019034,14.19901574616344,13.027707443019946,92.96005856515373,20.7796925329429,0.26800675798811346,3.9330357142857144,0.05875898583598747,SP,ibitinga,2018-08-22 22:53:19,furniture_decor,0.9428989751098097,89.9446493163878,94.3,90.8,93.1,92.7,73.3,1513,PREFERRED,0
c13fb473e7cb8b83ccd543c094df0608,2,0.0,12.762152777777779,0.0,27.4,14.36,0.5056284286763331,3.5,0.05491082816288967,SP,sao paulo,2017-03-20 10:48:56,fixed_telephony,1.0,89.9436378820637,100.0,91.6,93.9,86.0,62.5,1514,PREFERRED,1
d23019c84ffae2d5ef2270367b8605fc,38,0.02631578947368421,11.473644310428849,22.724155092592593,767.8997368421052,70.9171052631579,0.334413973429168,4.394736842105263,0.11810119257956471,PR,londrina,2018-08-22 19:54:03,musical_instruments,0.9736842105263158,89.93849620440417,97.4,79.5,94.6,90.8,84.9,1515,PREFERRED,0
1b4c3a6f53068f0b6944d2d005c9fc89,110,0.06363636363636363,14.459139309764309,9.34585152116402,131.21445454545454,26.927909090909093,0.2575449598149933,4.247706422018348,0.07902300480543004,SC,sao ludgero,2018-07-26 13:09:48,housewares,0.9363636363636364,89.93401713782046,93.6,86.9,93.0,93.0,81.2,1516,PREFERRED,0
4ebdc7e6cd6102a022dadc49156d4ea8,28,0.03571428571428571,9.928439153439154,5.029849537037037,31.578571428571426,12.767857142857142,0.4688451365196225,3.892857142857143,0.06665917910862612,SP,sao paulo,2018-07-19 19:38:57,furniture_decor,0.9642857142857143,89.93364577037558,96.4,89.3,95.4,87.0,72.3,1517,PREFERRED,0
e1dc0754bada9ee4cfe9713f22f61292,12,0.0,8.281831597222222,0.0,73.75,22.064999999999998,0.3126735287452199,3.8333333333333335,0.10007513157916618,RJ,duque de caxias,2018-08-20 14:38:06,baby,1.0,89.93345413470861,100.0,82.9,96.3,91.4,70.8,1518,PREFERRED,0
bb7a14e229b1c95156719c3d9552eeee,10,0.1,11.600447916666667,24.961064814814815,276.02,28.740999999999996,0.14799577666337674,4.5,0.08348599978583207,RJ,rio de janeiro,2018-04-20 12:56:37,small_appliances,0.9,89.93172027952484,90.0,86.1,94.5,96.1,87.5,1519,PREFERRED,0
26d6bbee02420494d471c9f6436929c0,12,0.0,8.373374807098765,0.0,36.20916666666667,20.599166666666665,0.8695220411408711,4.666666666666667,0.13221697056912932,PR,curitiba,2018-08-25 19:15:56,auto,1.0,89.93100857542895,100.0,76.7,96.2,75.6,91.7,1520,PREFERRED,0
cb5ff1b9715e99589f3e0c7a6afab9e3,4,0.0,6.08377025462963,0.0,21.25,13.5075,0.7149047619047619,4.0,0.0930160395384032,PR,maringa,2018-08-21 15:22:16,sports_leisure,1.0,89.93005567658878,100.0,84.3,97.4,80.0,75.0,1521,PREFERRED,1
15cd6eefe58588619aaed41dfa6621b1,15,0.06666666666666667,15.830198302469137,17.70199074074074,103.456,36.44733333333333,0.48020114151659593,4.466666666666667,0.07857247762437118,MG,ouro preto,2018-05-12 17:35:56,unknown,0.9333333333333333,89.92980404678993,93.3,87.0,92.3,86.7,86.7,1522,PREFERRED,0
7f35f9daf223da737b78738fbae4d977,5,0.0,7.866502314814815,0.0,50.4,20.202,0.4280333333333333,4.0,0.1070823136831025,SP,valinhos,2018-07-04 18:15:26,diapers_and_hygiene,1.0,89.92838935148212,100.0,81.6,96.5,88.2,75.0,1523,PREFERRED,1
33fd411ed63a7c2f9005e3f065d9f85d,1,0.0,8.134837962962964,0.0,24.9,18.23,0.7321285140562249,4.0,0.08867555165490329,RS,condor,2018-04-11 11:52:13,health_beauty,1.0,89.9260611989871,100.0,85.1,96.3,79.5,75.0,1524,PREFERRED,1
dbd66278cbfe1aa1000f90a217ca4695,83,0.060240963855421686,9.351991019634092,2.5037662037037034,58.287951807228914,18.28253012048193,0.3668975501803469,4.542168674698795,0.10676546763400269,SP,sao paulo,2018-08-23 00:09:30,electronics,0.9397590361445783,89.92363663775012,94.0,81.6,95.7,89.9,88.6,1525,PREFERRED,0
f4aba7c0bca51484c30ab7bdc34bcdd1,107,0.06542056074766354,10.996372879889234,6.633741732804233,27.261682242990656,14.125046728971963,0.5739392616320061,3.94392523364486,0.04130896958794214,SP,sao paulo,2017-07-24 06:25:07,health_beauty,0.9345794392523364,89.91690569501499,93.5,94.2,94.8,84.0,73.6,1526,PREFERRED,0
5b33b527da3c5b969cc99dc435cad09a,16,0.0625,12.708035300925927,13.404155092592593,117.049375,22.846875,0.43188721804214386,4.125,0.06321495895852115,PR,paranavai,2018-08-11 18:52:49,electronics,0.9375,89.91556588765177,93.8,90.0,93.9,88.1,78.1,1527,PREFERRED,0
039b29ff3b3473435d0cd59040575de9,9,0.0,9.107943672839506,0.0,12.766666666666667,11.183333333333334,0.908071242616469,4.444444444444445,0.11170521671672676,SP,ribeirao pires,2018-08-23 13:56:52,music,1.0,89.9126622096475,100.0,80.7,95.8,74.5,86.1,1528,PREFERRED,1
07e8e8fc5222bb358e6f259da3197074,2,0.0,8.63806712962963,0.0,25.9,11.53,0.4451737451737452,4.0,0.10513172321984181,SP,sao paulo,2018-08-08 22:13:19,unknown,1.0,89.9118604852527,100.0,81.9,96.1,87.7,75.0,1529,PREFERRED,1
a7ecf689b40a44361e259b28939023e4,1,0.0,10.922962962962963,0.0,389.0,21.91,0.05632390745501285,5.0,0.20266830582686532,ES,vila velha,2018-07-13 22:05:44,sports_leisure,1.0,89.91031479250525,100.0,63.2,94.9,98.7,100.0,1530,PREFERRED,1
b8a0adc91af209270c2c725168eb00fd,6,0.0,11.105634645061729,0.0,53.38333333333333,18.811666666666667,0.3651444353754396,4.0,0.1058378574978357,SP,ibitinga,2018-06-27 10:15:28,bed_bath_table,1.0,89.90892034343396,100.0,81.8,94.8,89.9,75.0,1531,PREFERRED,1
827f8f69dfa529c561901c4f2e0f332f,91,0.0989010989010989,13.683475910663411,7.022485853909465,37.45483516483517,17.533736263736262,0.47486105718173105,4.286516853932584,0.04552774657440901,PR,curitiba,2018-03-19 13:16:50,fashion_shoes,0.9010989010989011,89.8951617209622,90.1,93.4,93.4,86.8,82.2,1532,PREFERRED,0
8bdd8e3fd58bafa48af76b2c5fd71974,9,0.1111111111111111,10.378738425925926,8.614965277777777,216.31555555555556,18.084444444444443,0.09068257137702555,4.888888888888889,0.11205111570222333,SP,sao paulo,2018-08-05 14:50:57,toys,0.8888888888888888,89.89229504426407,88.9,80.6,95.1,97.7,97.2,1533,PREFERRED,1
d7ab82074b5f1dfba46db123df101bff,2,0.0,5.941001157407407,0.0,19.335,22.65,1.1714507370054306,4.5,0.10642749090461065,SP,atibaia,2018-01-04 12:52:13,unknown,1.0,89.8782987748977,100.0,81.7,97.5,67.1,87.5,1534,PREFERRED,1
2f73e04d12cdf0c945ded66bb3fcf6c7,3,0.0,13.595486111111109,0.0,453.0,33.949999999999996,0.08405630424023479,3.3333333333333335,0.06682932441761281,ES,cachoeiro de itapemirim,2018-08-19 19:52:18,garden_tools,1.0,89.87760283126465,100.0,89.3,93.4,97.9,58.3,1535,PREFERRED,1
5d9f3746e112e696f98ea22c56b3e912,1,0.0,7.0696875,0.0,1322.64,47.77,0.03611715962015363,5.0,0.210987284232507,SP,sao paulo,2018-07-24 17:36:19,garden_tools,1.0,89.87545021622655,100.0,61.6,96.9,99.3,100.0,1536,PREFERRED,1
723a46b89fd5c3ed78ccdf039e33ac63,1,0.0,7.9987615740740745,0.0,66.64,23.4,0.35114045618247297,4.0,0.1125429159460851,RS,"novo hamburgo, rio grande do sul, brasil",2018-05-28 23:06:44,auto,1.0,89.87443399867291,100.0,80.5,96.4,90.3,75.0,1537,PREFERRED,1
9c4d31c7e46ab03a43fc06e3142afd4e,2,0.0,6.894334490740741,0.0,609.45,21.910000000000004,0.033814756327586966,4.5,0.17231110214694684,RJ,rio de janeiro,2018-08-20 18:55:21,toys,1.0,89.87402684403838,100.0,69.1,97.0,99.4,87.5,1538,PREFERRED,1
4e17c65a516f69d023a2ae78b84f28d6,61,0.06557377049180328,13.33190023527626,8.8034375,125.23377049180328,18.94327868852459,0.26067093167997235,4.229508196721311,0.07920534784466102,SP,suzano,2018-08-26 19:22:51,perfumery,0.9344262295081968,89.86998734307407,93.4,86.9,93.6,92.9,80.7,1539,PREFERRED,0
51f108f62cb87d61918159902c8f8583,3,0.0,5.971261574074075,0.0,101.24333333333334,25.01,0.33536227588539275,4.333333333333333,0.14305237620666209,PR,cascavel,2018-08-19 08:24:27,books_technical,1.0,89.86861279234498,100.0,74.7,97.5,90.8,83.3,1540,PREFERRED,1
4c60877808f4318ef1107fbeb8f89afa,2,0.0,15.193721064814815,0.0,59.0,16.315,0.2906904761904762,4.0,0.104360542862389,SP,atibaia,2018-01-16 14:33:54,computers_accessories,1.0,89.86592338797699,100.0,82.1,92.6,92.1,75.0,1541,PREFERRED,1
a09a13f18ed27932d08438aa6f12756e,1,0.0,8.917627314814816,0.0,29.9,16.11,0.5387959866220736,3.0,0.021838063917308928,RS,sapiranga,2017-10-28 19:17:28,garden_tools,1.0,89.86483097603684,100.0,97.9,95.9,85.0,50.0,1542,PREFERRED,1
42b6488f5b8246d9141712abd4b1b693,2,0.0,7.897939814814816,0.0,123.995,20.905,0.19106290076973198,4.0,0.12243617623528788,PR,maringa,2018-08-14 19:10:40,health_beauty,1.0,89.86267862545037,100.0,78.6,96.5,94.9,75.0,1543,PREFERRED,1
fe2032dab1a61af8794248c8196565c9,291,0.08934707903780069,10.728765710512919,14.208227831196583,225.92993127147767,15.862886597938145,0.07535217984076359,4.407665505226481,0.09124144780269454,SP,campinas,2018-08-21 15:12:32,perfumery,0.9106529209621993,89.86217748777871,91.1,84.6,95.0,98.2,85.2,1544,PREFERRED,0
ffc470761de7d0232558ba5e786e57b7,27,0.037037037037037035,9.739319272976681,8.004479166666666,56.63444444444445,15.595925925925926,0.36912797380529955,4.444444444444445,0.11708954717097439,SP,guarulhos,2018-08-17 20:31:07,housewares,0.962962962962963,89.83752160444949,96.3,79.6,95.5,89.8,86.1,1545,PREFERRED,0
252e76235acb79183cfca6e34f13337d,3,0.0,14.127746913580246,0.0,106.7,26.14,0.2414034351698463,3.3333333333333335,0.057564272411311734,SP,campinas,2018-06-01 11:54:07,furniture_decor,1.0,89.83270183818567,100.0,91.1,93.2,93.5,58.3,1546,PREFERRED,1
0691148aee60ca47977c187804f935ae,47,0.02127659574468085,11.940049005122145,38.66939814814815,131.45127659574467,35.38595744680851,0.38177083499507364,4.180851063829787,0.10381652433132804,PR,londrina,2018-08-27 08:56:49,sports_leisure,0.9787234042553191,89.82575287855663,97.9,82.2,94.3,89.5,79.5,1547,PREFERRED,0
e70053bf73d1b5863932e53a9fa47496,7,0.0,13.455330687830687,0.0,575.0,19.082857142857144,0.047157617393081726,4.285714285714286,0.1448890118753257,SP,sao paulo,2018-08-04 16:22:05,telephony,1.0,89.82479063289908,100.0,74.3,93.5,99.0,82.1,1548,PREFERRED,1
26af45f5dfd967225a832838aa4e24a3,9,0.0,9.80650591563786,0.0,66.74222222222222,27.85111111111111,0.4395626219398884,4.0,0.1055146030746282,PR,curitiba,2018-08-22 21:26:03,auto,1.0,89.816532163355,100.0,81.9,95.4,87.8,75.0,1549,PREFERRED,1
4867209cb29b56b92893d7bde3ce8012,1,0.0,10.228275462962962,0.0,150.0,19.15,0.12766666666666665,4.0,0.12338647840010879,SP,jau,2018-06-16 16:05:44,health_beauty,1.0,89.811752254878,100.0,78.4,95.2,96.7,75.0,1550,PREFERRED,1
4b0fdb526525f9890eb145bf1534640e,18,0.0,9.188895961934158,0.0,139.9388888888889,31.09,0.2449621721429788,4.055555555555555,0.12252289690492048,SP,ibitinga,2018-08-22 15:53:04,bed_bath_table,1.0,89.81126151255047,100.0,78.6,95.8,93.4,76.4,1551,PREFERRED,0
377bc18334c78dd2f1535ef22a3ad225,1,0.0,9.886643518518518,0.0,135.98,88.46,0.6505368436534784,5.0,0.17127702460449107,PR,sao jose dos pinhais,2018-08-18 20:59:58,garden_tools,1.0,89.81059740927205,100.0,69.3,95.4,81.9,100.0,1552,PREFERRED,1
cd52a8efd71af3336b14b5039b951cc1,2,0.0,11.198726851851852,0.0,80.4,21.185000000000002,0.26103257041803163,3.0,0.035658154994940086,SP,palhoca,2017-09-13 08:23:41,fashion_bags_accessories,1.0,89.80948804525217,100.0,95.3,94.7,92.9,50.0,1553,PREFERRED,1
6d2f2e3b539480db1e0842b3a4e32e6e,3,0.0,6.255354938271605,0.0,101.98666666666666,56.1,0.5573440569343331,3.6666666666666665,0.07855358340240726,SP,guarulhos,2017-06-22 22:22:55,furniture_decor,1.0,89.80645932358517,100.0,87.0,97.3,84.5,66.7,1554,PREFERRED,1
5c853bb56f70f4d14218944bae111d7a,20,0.0,8.545459490740742,0.0,11.537,11.2005,1.0447237302165937,4.25,0.09157143903836558,SP,cotia,2018-08-22 21:25:12,furniture_decor,1.0,89.8051207706025,100.0,84.5,96.1,70.7,81.2,1555,PREFERRED,0
094ced053e257ae8cae57205592d6712,19,0.0,12.158787158869396,0.0,85.3736842105263,26.32421052631579,0.4185544421906931,4.052631578947368,0.10726998680715738,SP,ribeirao preto,2018-07-30 10:59:07,health_beauty,1.0,89.80237224840411,100.0,81.5,94.2,88.4,76.3,1556,PREFERRED,0
cb810bd318f51b3dc3c753944d61a1fa,1,0.0,12.295810185185186,0.0,1750.0,39.02,0.02229714285714286,4.0,0.12641781617423478,RJ,niteroi,2018-08-16 15:02:31,health_beauty,1.0,89.80111879396475,100.0,77.9,94.1,99.7,75.0,1557,PREFERRED,1
651530bf5c607240ccdd89a30c9c9712,1,0.0,11.76519675925926,0.0,199.9,24.55,0.12281140570285143,4.0,0.1214943164182481,BA,ipira,2018-08-09 18:09:53,fashion_bags_accessories,1.0,89.79398457036478,100.0,78.8,94.4,96.8,75.0,1558,PREFERRED,1
5a425cc503b39b262a847fd6212bf53b,14,0.07142857142857142,6.823572255291005,7.596435185185185,95.75714285714287,17.94857142857143,0.21080623969858783,4.461538461538462,0.10859532958090254,PR,londrina,2018-08-20 13:56:52,toys,0.9285714285714286,89.78600837931819,92.9,81.3,97.0,94.3,86.5,1559,PREFERRED,0
1927cdb9fa74f5270097f6250e8e8f34,1,0.0,8.128900462962964,0.0,120.0,58.92,0.491,5.0,0.18417154778559922,SP,marilia,2018-08-06 15:47:47,drinks,1.0,89.78525388744183,100.0,66.8,96.3,86.4,100.0,1560,PREFERRED,1
a61cc04793308395a840807104365121,1,0.0,8.368773148148149,0.0,14.63,23.74,1.6226930963773067,5.0,0.11676002462251692,SP,jarinu,2018-05-03 09:31:04,housewares,1.0,89.78472179619399,100.0,79.7,96.2,54.3,100.0,1561,PREFERRED,1
6481e96574816ead57975da2c0f6d80d,31,0.03225806451612903,6.983245967741936,1.9597337962962964,106.38387096774194,32.27677419354839,0.4719074502158757,4.258064516129032,0.10559865670531042,SP,sorocaba,2018-07-28 13:11:22,signaling_and_security,0.967741935483871,89.78391605106751,96.8,81.8,96.9,86.9,81.5,1562,PREFERRED,0
fe49ee029e61e789a1f3a5525f57ba8d,16,0.0625,10.416166811342592,2.713935185185185,154.605625,13.59125,0.11036581700522928,4.25,0.0989276169177569,SP,osasco,2018-03-19 12:58:21,toys,0.9375,89.7678092446001,93.8,83.1,95.1,97.2,81.2,1563,PREFERRED,0
9d69ba0a7a626a64dc5db08e529559cf,1,0.0,13.860972222222221,0.0,19.3,18.24,0.9450777202072538,5.0,0.14814594917589052,SP,ribeirao preto,2018-07-13 19:38:58,food,1.0,89.7670644903391,100.0,73.7,93.3,73.5,100.0,1564,PREFERRED,1
fec8cd45395b3cb0c2b173d7739706a1,4,0.0,10.44833912037037,0.0,320.0,24.235,0.07573437499999999,3.75,0.1074890481891346,SP,jambeiro,2018-04-25 15:44:24,toys,1.0,89.76581772249035,100.0,81.5,95.1,98.2,68.8,1565,PREFERRED,1
817245bcc3badd82bbd222e0366951a6,28,0.03571428571428571,12.42172123015873,14.775520833333333,190.91428571428574,24.9725,0.13047436363701181,4.111111111111111,0.1032187356634212,SP,bauru,2018-07-17 14:16:29,auto,0.9642857142857143,89.76234619022117,96.4,82.3,94.1,96.6,77.8,1566,PREFERRED,0
270297ead4c65a6cd2593960d2af6b21,17,0.0,14.341523011982572,0.0,553.6823529411765,33.78764705882353,0.10183651094604233,3.823529411764706,0.10532058179154505,SP,sao paulo,2018-08-13 23:03:46,furniture_decor,1.0,89.76182441709994,100.0,81.9,93.0,97.4,70.6,1567,PREFERRED,0
70ee69419916dc13e3aed619061f996c,1,0.0,14.4346875,0.0,45.0,8.72,0.1937777777777778,3.0,0.03535065973419965,SP,mogi das cruzes,2017-08-07 10:50:46,furniture_decor,1.0,89.7577673447544,100.0,95.3,93.0,94.8,50.0,1568,PREFERRED,1
f5f2ab9bdb6b30c14c61be68c5ed37da,18,0.1111111111111111,13.4501858281893,10.82984375,118.59333333333335,18.881666666666668,0.18774845116967392,4.277777777777778,0.05619420340921032,SP,porto ferreira,2017-12-04 19:12:17,toys,0.8888888888888888,89.75725347660241,88.9,91.3,93.5,95.0,81.9,1569,PREFERRED,0
077c5fae4bea9500e3737b16f71b9d3a,4,0.0,8.317737268518519,0.0,26.700000000000003,17.61,1.3814236111111111,4.5,0.09280878175499813,SP,sorocaba,2018-06-22 13:20:25,housewares,1.0,89.7460021400444,100.0,84.3,96.2,61.1,87.5,1570,PREFERRED,1
1bc2e21de46adfea6b98cc96b00f3b40,3,0.0,16.51103009259259,0.0,346.65000000000003,34.2,0.09716214222796171,3.3333333333333335,0.06421338896564764,SC,joinville,2017-05-16 10:55:20,cool_stuff,1.0,89.73392785379468,100.0,89.8,91.9,97.6,58.3,1571,PREFERRED,1
9f505651f4a6abe901a56cdc21508025,391,0.05115089514066496,8.061168271052383,9.804690393518518,66.18764705882353,15.116496163682864,0.366482873424434,4.376288659793815,0.10656622521216376,SP,sao paulo,2018-08-29 15:00:37,computers_accessories,0.948849104859335,89.73309891633234,94.9,81.7,96.4,89.9,84.4,1572,PREFERRED,0
ffff564a4f9085cd26170f4732393726,8,0.0,12.49623263888889,0.0,44.875,14.41875,0.4952931923228581,3.25,0.04083295523495509,SP,campinas,2017-01-24 12:38:48,auto,1.0,89.73112603937471,100.0,94.3,94.0,86.3,56.2,1573,PREFERRED,1
8a130737016f838139d31878787a39c9,56,0.07142857142857142,10.189485160383597,3.7795891203703706,75.39339285714286,15.040892857142856,0.2117301489272029,4.446428571428571,0.10305506105999988,SP,sao paulo,2018-07-20 21:57:45,home_construction,0.9285714285714286,89.72454364511427,92.9,82.3,95.2,94.3,86.2,1574,PREFERRED,0
6b90f847357d8981edd79a1eb1bf0acb,45,0.044444444444444446,5.575552469135802,0.40686342592592595,73.824,16.392222222222223,0.3147751548711194,4.355555555555555,0.11723516466801376,SP,guarulhos,2018-08-29 11:06:11,health_beauty,0.9555555555555556,89.72325948935328,95.6,79.6,97.7,91.4,83.9,1575,PREFERRED,0
53e4c6e0f4312d4d2107a8c9cddf45cd,456,0.05482456140350877,12.084257660209552,12.633790277777775,65.16425438596491,21.450723684210526,0.3977197710069212,4.138766519823789,0.07700085673466389,SP,pedreira,2018-08-27 17:10:36,housewares,0.9451754385964912,89.72185788355405,94.5,87.3,94.2,89.0,78.5,1576,PREFERRED,0
c7a0a13cbcf29d5ce51c8f80afdc0b89,8,0.0,10.866258680555555,0.0,60.385,21.84,0.7699600957521652,4.125,0.09606628564738431,SC,laurentino,2018-08-08 23:12:35,fashion_bags_accessories,1.0,89.7161613263379,100.0,83.7,94.9,78.5,78.1,1577,PREFERRED,1
efff9341f3f8f5237b44ff67ed36a7bf,5,0.0,11.931902777777777,0.0,174.598,19.932,0.25109482215402623,4.4,0.1466224383601453,ES,vitoria,2018-08-15 19:42:43,garden_tools,1.0,89.71273515797775,100.0,74.0,94.3,93.2,85.0,1578,PREFERRED,1
ad75519a07f039025e83795a4418470f,3,0.0,9.542349537037039,0.0,100.7,38.60666666666666,0.4016885024322852,3.6666666666666665,0.08434160671428553,GO,santa terezinha de goias,2018-08-15 16:08:01,drinks,1.0,89.70947631845813,100.0,85.9,95.6,88.9,66.7,1579,PREFERRED,1
751bdc4d83a466c7206cd42e8f426b03,49,0.02040816326530612,11.078544973544973,28.604050925925925,130.91979591836733,20.423061224489796,0.29365529994060724,4.0212765957446805,0.10114123595092343,SP,ribeirao pires,2018-07-26 12:43:57,sports_leisure,0.9795918367346939,89.7044680810336,98.0,82.7,94.8,92.0,75.5,1580,PREFERRED,0
ed4acab38528488b65a9a9c603ff024a,31,0.03225806451612903,9.886824223416966,0.9224074074074075,408.0148387096774,19.39290322580645,0.1874024814633776,3.806451612903226,0.08395164125072878,SP,sao paulo,2018-07-27 15:27:42,computers_accessories,0.967741935483871,89.70400322741827,96.8,86.0,95.4,95.0,70.2,1581,PREFERRED,0
c0563dd588b775f2e37747ef6ad6c92c,28,0.10714285714285714,10.860574156746031,5.848904320987654,133.11392857142857,15.028214285714284,0.11500086420917058,4.357142857142857,0.07509055380830157,SP,santo andre,2018-08-20 16:08:31,cool_stuff,0.8928571428571429,89.70071663780041,89.3,87.7,94.9,97.0,83.9,1582,PREFERRED,0
b6e1504972665f739dec4facb9943775,14,0.07142857142857142,11.147410714285714,18.568599537037038,106.03428571428572,16.134999999999998,0.23718034704443008,4.357142857142857,0.09350765285939201,SP,piracicaba,2018-03-26 12:35:07,garden_tools,0.9285714285714286,89.69878292450827,92.9,84.2,94.7,93.6,83.9,1583,PREFERRED,0
2ff97219cb8622eaf3cd89b7d9c09824,86,0.05813953488372093,9.02618243970715,9.66642824074074,50.41627906976744,15.872790697674418,0.41991367726179113,4.534883720930233,0.10984788123305478,SP,salto,2018-08-25 14:09:50,housewares,0.9418604651162791,89.69764381759676,94.2,81.0,95.9,88.4,88.4,1584,PREFERRED,0
d9a84e1403de8da0c3aa531d6d108ba6,51,0.058823529411764705,7.678986474219317,11.099598765432098,26.46078431372549,13.199019607843137,0.635928165794889,4.7254901960784315,0.11377535869054187,SP,sao paulo,2018-08-28 09:18:17,toys,0.9411764705882353,89.69444340889774,94.1,80.3,96.6,82.3,93.1,1585,PREFERRED,0
240b9776d844d37535668549a396af32,35,0.05714285714285714,11.357760582010583,8.935636574074074,380.91685714285717,23.987428571428573,0.12127469966321974,4.3428571428571425,0.10944757838221433,RJ,niteroi,2018-08-21 14:19:34,telephony,0.9428571428571428,89.69365387916437,94.3,81.1,94.6,96.9,83.6,1586,PREFERRED,0
9261d76c62caaf0b24677c2ceb7f8f20,6,0.0,7.901643518518519,0.0,161.45,41.25666666666667,0.22868568763376773,3.8333333333333335,0.11091694648846141,SC,palhoca,2018-08-20 23:41:45,housewares,1.0,89.68254676840314,100.0,80.8,96.5,93.8,70.8,1587,PREFERRED,1
3d871de0142ce09b7081e2b9d1733cb1,1053,0.05982905982905983,13.577884329605007,10.016685405643742,88.74966761633428,20.99683760683761,0.2817939720638128,4.208253358925144,0.08401468671730475,SP,campo limpo paulista,2018-08-26 12:28:39,stationery,0.9401709401709402,89.68141675070737,94.0,86.0,93.4,92.3,80.2,1588,PREFERRED,0
76ea5315acb3f5f7ade3cd261faf922a,14,0.07142857142857142,8.997049437830688,2.6606944444444443,76.03999999999999,14.979285714285714,0.2695206419296454,4.5,0.10678009584075919,SP,sao paulo,2018-07-16 15:00:42,auto,0.9285714285714286,89.6777820701685,92.9,81.6,95.9,92.7,87.5,1589,PREFERRED,0
d58d521f3789def2e7a22715e0badd93,2,0.0,4.854195601851852,0.0,32.99,9.11,0.27614428614731734,3.5,0.08717986832644524,SP,sao paulo,2018-03-20 12:08:39,computers_accessories,1.0,89.67750611976439,100.0,85.4,98.1,92.5,62.5,1590,PREFERRED,1
53243585a1d6dc2643021fd1853d8905,348,0.04310344827586207,13.432182877022138,8.581837191358026,626.265632183908,36.94419540229885,0.0857241573840456,4.19364161849711,0.1070467897810617,BA,lauro de freitas,2018-08-21 09:52:32,telephony,0.9568965517241379,89.67644186896841,95.7,81.6,93.5,97.9,79.8,1591,PREFERRED,0
249f0e9905a6e06ad6c6bea7547ab9f6,3,0.0,6.271500771604939,0.0,170.14333333333335,44.43,0.22023329267569836,3.6666666666666665,0.10122068298235876,RJ,rio de janeiro,2018-08-03 18:54:39,art,1.0,89.67572814275117,100.0,82.7,97.3,94.1,66.7,1592,PREFERRED,1
14a08204d03bb6b6bde8029f801ae0eb,27,0.0,9.084816529492455,0.0,79.27407407407408,21.78148148148148,0.47067659228325553,3.962962962962963,0.10492180042080515,SP,sao paulo,2018-08-20 20:02:22,electronics,1.0,89.67513894424263,100.0,82.0,95.8,87.0,74.1,1593,PREFERRED,0
5f3ae9136c875522250f8184f253413a,42,0.07142857142857142,7.8619786155202815,2.4845756172839506,27.21547619047619,14.207619047619048,0.5904668591824225,4.642857142857143,0.10095430003746664,SP,sao paulo,2018-08-22 10:56:54,books_technical,0.9285714285714286,89.67214478337007,92.9,82.7,96.5,83.6,91.1,1594,PREFERRED,0
83deb69e889cf80f82be1dc6d5f2d486,40,0.05,15.945520833333333,4.231244212962963,134.07525,22.841,0.2018634104907407,4.325,0.10154381686082052,SC,florianopolis,2018-08-12 18:45:22,musical_instruments,0.95,89.66191529633385,95.0,82.6,92.2,94.6,83.1,1595,PREFERRED,0
de09d00cfc265b8804c7df34075a68fa,3,0.0,6.152604166666666,0.0,261.3333333333333,14.656666666666666,0.06071570707615589,3.3333333333333335,0.08517049603892375,SP,sao paulo,2018-05-07 15:48:42,fashion_bags_accessories,1.0,89.65685501625805,100.0,85.8,97.4,98.6,58.3,1596,PREFERRED,1
22c32ec35d0116ef02c281798a25bf8b,4,0.0,11.45622974537037,0.0,29.895,22.607499999999998,0.6963554364578954,3.75,0.07153540664287962,PR,maringa,2018-02-22 19:15:25,sports_leisure,1.0,89.64721960983123,100.0,88.4,94.6,80.6,68.8,1597,PREFERRED,1
112453736dbe3889cfb74e1aaa0ba0c1,7,0.0,13.33525958994709,0.0,270.0,37.824285714285715,0.14063492063492064,4.142857142857143,0.13211360929691757,SP,sao paulo,2018-08-18 20:19:40,auto,1.0,89.64547722390714,100.0,76.8,93.6,96.3,78.6,1598,PREFERRED,1
94231344608e603693b0a8891143f65d,3,0.0,12.531454475308642,0.0,240.66666666666666,34.059999999999995,0.1434209073039727,4.0,0.12210378664484395,SP,porto alegre,2018-08-07 16:58:43,housewares,1.0,89.64537283410606,100.0,78.7,94.0,96.2,75.0,1599,PREFERRED,1
28ea411b354f14b1a494be4e79f0ce02,6,0.16666666666666666,8.916840277777778,0.7803472222222222,136.66666666666666,12.821666666666667,0.09529023714153025,4.666666666666667,0.061462406975745065,SP,sao paulo,2018-01-30 16:34:50,bed_bath_table,0.8333333333333334,89.64154970100357,83.3,90.3,95.9,97.6,91.7,1600,PREFERRED,1
1e9d5a33694bddb76316fd1f54734d20,2,0.0,12.253842592592592,0.0,159.0,75.47,0.47465408805031445,4.5,0.14217410324916846,MT,jaciara,2018-08-17 11:12:26,furniture_bedroom,1.0,89.64088531005666,100.0,74.8,94.1,86.8,87.5,1601,PREFERRED,1
d379f449f2a3b271bc01c0782020f705,28,0.03571428571428571,13.299655257936507,16.886550925925928,160.49857142857144,39.14821428571429,0.39216932694031004,3.892857142857143,0.07172144282741733,MG,divinopolis,2018-08-22 10:48:54,furniture_decor,0.9642857142857143,89.64062175727769,96.4,88.3,93.6,89.2,72.3,1602,PREFERRED,0
92d14edfb62ee5ae7fdff70b0f4e7233,7,0.0,8.176374007936507,0.0,49.07,23.192857142857147,0.5695498651670035,3.7142857142857144,0.08198301794856518,SP,sao bernardo do campo,2018-04-04 22:19:10,health_beauty,1.0,89.63333403194166,100.0,86.4,96.3,84.1,67.9,1603,PREFERRED,1
cd6efc47efaabf134f8bdb654e10b4f1,31,0.0967741935483871,8.592231556152926,4.471238425925926,136.05,19.96,0.15236793612850305,4.483870967741935,0.09563788809786405,RJ,rio de janeiro,2018-08-15 14:18:13,stationery,0.9032258064516129,89.62868840424599,90.3,83.8,96.1,96.0,87.1,1604,PREFERRED,0
bb5bd94c8f59cc050072d2930c869cac,16,0.0625,14.669749710648148,0.8039814814814815,169.285625,20.803125,0.17139094735284782,4.1875,0.0862697331654814,SP,sao paulo,2018-06-08 09:43:52,fashion_bags_accessories,0.9375,89.62853143328779,93.8,85.6,92.9,95.4,79.7,1605,PREFERRED,0
1838dd9b8977065acf51d95e0053ea7a,62,0.04838709677419355,12.791684961170848,2.264953703703704,44.36290322580645,19.561129032258062,0.47999556582440545,4.370967741935484,0.0958697977922352,MG,belo horizonte,2018-08-01 22:15:19,computers_accessories,0.9516129032258065,89.62413165181049,95.2,83.7,93.9,86.7,84.3,1606,PREFERRED,0
c1849d4d32d7a6cecd5aa471809d3135,3,0.0,5.419305555555556,0.0,129.66,13.909999999999998,0.41845115527427906,4.333333333333333,0.14419801511871919,SP,santo andre,2018-08-26 22:41:03,auto,1.0,89.62183095083955,100.0,74.4,97.8,88.4,83.3,1607,PREFERRED,1
1554a68530182680ad5c8b042c3ab563,244,0.06967213114754098,14.238300223891924,17.4838167211329,118.66213114754099,26.840122950819673,0.2925526110026186,4.3429752066115705,0.08704823770220611,MG,monte siao,2018-08-15 19:30:07,furniture_decor,0.930327868852459,89.61372812574017,93.0,85.4,93.1,92.0,83.6,1608,PREFERRED,0
412a4720f3e9431b4afa1476a1acddbe,21,0.047619047619047616,10.530947971781305,56.93225694444445,98.0047619047619,24.336190476190477,0.29695367625431884,4.238095238095238,0.10098251937279919,SP,campinas,2018-08-13 21:49:33,sports_leisure,0.9523809523809523,89.60694292881588,95.2,82.7,95.1,91.9,81.0,1609,PREFERRED,0
d4910f1cdcfdabd48d6b316e395d4a23,11,0.09090909090909091,6.125251473063972,0.6437152777777778,104.26181818181819,19.549090909090907,0.186734601957325,4.909090909090909,0.13594629334180688,SP,santo andre,2018-08-17 17:13:02,pet_shop,0.9090909090909091,89.5958717315802,90.9,76.0,97.4,95.0,97.7,1610,PREFERRED,0
c273175f7c6c80fb02f051e2fc6d0d72,14,0.07142857142857142,10.586340112433861,7.664398148148148,84.87357142857142,18.23,0.2804166480212219,3.7857142857142856,0.04935470875707021,SP,sao paulo,2017-07-20 11:33:01,auto,0.9285714285714286,89.59335773573888,92.9,92.6,95.0,92.4,69.6,1611,PREFERRED,0
8f0fbe2cd4d472157dc1cdef6edecaa9,2,0.0,7.662847222222222,0.0,55.19,14.399999999999999,0.397964545608394,3.0,0.037937079406883574,SP,sao paulo,2017-09-11 22:51:42,computers_accessories,1.0,89.59287833610074,100.0,94.8,96.6,89.0,50.0,1612,PREFERRED,1
2528513dd95219a6013d4d05176e391a,155,0.05161290322580645,10.708532855436081,11.423726851851853,212.23870967741937,24.622516129032256,0.16563677721446016,4.0394736842105265,0.0904239812452004,SP,osasco,2018-08-24 11:17:45,home_confort,0.9483870967741935,89.58673338657988,94.8,84.8,95.0,95.6,76.0,1613,PREFERRED,0
1bb2bdb95f4841f1bba2c0d2cd83d3c9,79,0.0759493670886076,12.408010431317393,6.738582175925926,62.09822784810127,14.154050632911394,0.4701813508427549,4.628205128205129,0.09789442517514099,SP,sao paulo,2018-08-13 11:43:17,books_general_interest,0.9240506329113924,89.58544241498412,92.4,83.3,94.1,87.0,90.7,1614,PREFERRED,0
ba90964cff9b9e0e6f32b23b82465f7b,38,0.05263157894736842,10.018161245126706,4.9144907407407405,1163.4868421052631,34.5,0.036117368753255795,4.421052631578948,0.12840064473196278,SP,guarulhos,2018-08-15 18:28:56,small_appliances_home_oven_and_coffee,0.9473684210526316,89.58484221269636,94.7,77.5,95.3,99.3,85.5,1615,PREFERRED,0
39f776d2974049026ff531fc42ef2a3e,3,0.0,16.382831790123458,0.0,361.34666666666664,30.123333333333335,0.16884394451485707,3.6666666666666665,0.08939717818960846,GO,goiania,2018-04-25 18:57:38,construction_tools_safety,1.0,89.58407613381364,100.0,85.0,92.0,95.5,66.7,1616,PREFERRED,1
e21a1e8be4715b0fcfd5385643bc49c4,19,0.0,16.973890107212476,0.0,33.88421052631579,23.152631578947368,0.7883287506138645,3.8421052631578947,0.06562758469914667,SC,jaguaruna,2018-02-22 20:29:58,auto,1.0,89.57596358725925,100.0,89.5,91.6,77.9,71.1,1617,PREFERRED,0
001cca7ae9ae17fb1caed9dfb1094831,195,0.06666666666666667,13.405804902659069,11.871598112535612,125.99964102564103,44.4048717948718,0.3653499590034525,4.0625,0.06531356068040103,ES,cariacica,2018-07-12 21:38:26,garden_tools,0.9333333333333333,89.56813544381423,93.3,89.6,93.5,89.9,76.6,1618,PREFERRED,0
0aa2205ca24f113f4658a5c536667426,4,0.0,8.79331597222222,0.0,203.905,43.12,0.29508372996746934,4.0,0.12096616753061781,SP,sao paulo,2018-08-14 17:39:49,stationery,1.0,89.56674172073768,100.0,78.9,96.0,91.9,75.0,1619,PREFERRED,1
7963e546f34e098b578f9ad102494601,1,0.0,18.14728009259259,0.0,60.99,21.23,0.3480898507952123,5.0,0.1805944688756828,SP,sao paulo,2017-11-05 18:19:24,sports_leisure,1.0,89.56558496743752,100.0,67.5,91.0,90.4,100.0,1620,PREFERRED,1
57d2ba47f7a3209aa347532ae75c1165,2,0.0,15.687424768518518,0.0,159.0,70.12,0.4252934662236988,4.0,0.10186308756702213,SC,sao bento do sul,2018-07-18 11:23:07,sports_leisure,1.0,89.56437101118844,100.0,82.6,92.3,88.2,75.0,1621,PREFERRED,1
e0482f2c769468c3bbcd8a01e09d98c5,1,0.0,5.906377314814815,0.0,189.0,45.4,0.2402116402116402,4.0,0.12906554447004068,SP,sao paulo,2018-08-10 20:43:30,construction_tools_safety,1.0,89.56393137260883,100.0,77.4,97.5,93.5,75.0,1622,PREFERRED,1
72c5da29406b4234927b81855e7b64f6,31,0.03225806451612903,10.797208781362007,14.204548611111111,382.1512903225807,28.26967741935484,0.08639830001738319,4.129032258064516,0.116620082963196,SP,guarulhos,2018-08-26 20:32:14,construction_tools_construction,0.967741935483871,89.5626589628936,96.8,79.7,94.9,97.9,78.2,1623,PREFERRED,0
537eb890efff034a88679788b647c564,152,0.05921052631578947,9.187356923123781,6.201745113168723,29.658552631578942,15.630526315789474,0.5749073900934171,4.286184210526316,0.08313003565195501,RJ,rio de janeiro,2018-08-28 21:56:12,furniture_decor,0.9407894736842105,89.55503878210548,94.1,86.2,95.8,84.0,82.2,1624,PREFERRED,0
5194c22ed1f616ec0c0f33c571542879,4,0.0,12.323978587962962,0.0,61.4,20.2125,0.5458945052462995,4.25,0.12010419358734639,MG,santa rita do sapucai,2018-08-05 15:48:29,home_appliances_2,1.0,89.55309281247762,100.0,79.1,94.1,84.8,81.2,1625,PREFERRED,1
8c5e007d7bd5693fa1386ffefbc99f6c,9,0.0,10.242138631687244,0.0,114.34555555555555,42.03333333333333,0.3247048604284827,4.333333333333333,0.14336824100110113,SP,indaiatuba,2018-08-19 20:45:58,health_beauty,1.0,89.5441316380655,100.0,74.6,95.2,91.1,83.3,1626,PREFERRED,1
1c56ffe0e9dea2657fc6e95b53f40b13,3,0.0,6.678163580246913,0.0,61.0,28.13,0.449238591916558,4.333333333333333,0.14191501492831096,SP,sao carlos,2018-08-22 21:47:41,perfumery,1.0,89.54375723920539,100.0,74.9,97.1,87.6,83.3,1627,PREFERRED,1
3b15288545f8928d3e65a8f949a28291,99,0.0707070707070707,14.609071034418257,10.418176256613757,139.9559595959596,24.12878787878788,0.18359196293740818,4.112244897959184,0.07557242451478495,SP,ibitinga,2018-08-13 16:57:13,bed_bath_table,0.9292929292929293,89.54182219201586,92.9,87.6,92.9,95.1,77.8,1628,PREFERRED,0
8cbac7e12637ed9cffa18c7875207478,64,0.0625,13.987199616608796,7.34377025462963,45.0153125,24.7190625,0.7134758266380873,4.265625,0.06325389732214642,SC,jaragua do sul,2018-08-27 18:25:28,cool_stuff,0.9375,89.54028086957995,93.8,90.0,93.2,80.1,81.6,1629,PREFERRED,0
5ef131ac72773e5b3f6c0d63cf424657,10,0.0,5.92846412037037,0.0,58.769000000000005,26.193,0.4832522133687494,4.1,0.12302111104928837,SP,ribeirao preto,2018-08-25 16:48:02,toys,1.0,89.53711651036618,100.0,78.5,97.5,86.6,77.5,1630,PREFERRED,0
7a425d299613df3e613bcf9d2eaf5c49,18,0.05555555555555555,11.79452996399177,4.880023148148148,67.71111111111111,15.926111111111112,0.35860802183122004,4.111111111111111,0.0810152485817658,RJ,rio de janeiro,2018-08-01 23:12:08,perfumery,0.9444444444444444,89.53424583173695,94.4,86.6,94.4,90.1,77.8,1631,PREFERRED,0
eed78ac17f7f795a19a709745f00cd4e,22,0.0,10.03719433922559,0.0,211.8227272727273,43.656363636363636,0.25012770441995236,3.772727272727273,0.10452571275084553,SP,botucatu,2018-07-17 14:25:51,furniture_decor,1.0,89.53084990572948,100.0,82.1,95.3,93.2,69.3,1632,PREFERRED,0
ffa6adafb71b807dc13159e26431354c,17,0.0,9.852557189542484,0.0,147.11176470588236,30.381176470588237,0.21540608028843378,3.9411764705882355,0.12009176296645681,PR,londrina,2018-08-13 14:18:44,cool_stuff,1.0,89.52992405702437,100.0,79.1,95.4,94.2,73.5,1633,PREFERRED,0
701938c450705b8ae65fc923b70f35c7,74,0.06756756756756757,12.979548298298297,7.109652777777777,160.53094594594594,50.96756756756756,0.32381221958077855,4.0,0.06383385397162292,SP,s jose do rio preto,2018-04-01 21:48:34,furniture_living_room,0.9324324324324325,89.52488931542206,93.2,89.9,93.8,91.1,75.0,1634,PREFERRED,0
3bb32fedaa74e4ad20f4ce067733bd31,2,0.0,7.152453703703704,0.0,51.849999999999994,29.43,0.5818597914686268,4.5,0.14686217465205464,SC,porto belo,2018-08-05 20:48:32,sports_leisure,1.0,89.51767667035443,100.0,73.9,96.9,83.8,87.5,1635,PREFERRED,1
b94cc9f10ddc85e4ba73a6f7974e7101,39,0.07692307692307693,10.580454059829059,4.799286265432099,649.9,26.215128205128206,0.03993628555511204,4.297297297297297,0.10140195794081491,RJ,macae,2018-06-12 16:20:38,toys,0.9230769230769231,89.50860503076302,92.3,82.7,95.0,99.2,82.4,1636,PREFERRED,0
485452467ff670447e84a8370c3fc898,3,0.0,14.225609567901236,0.0,58.56666666666667,46.580000000000005,1.629634615933395,4.666666666666667,0.08631892598826067,SC,taio,2018-03-01 22:20:35,unknown,1.0,89.50786194770117,100.0,85.5,93.1,54.1,91.7,1637,PREFERRED,1
e5475dcab1e07b63d7f6e902d8f5eda8,19,0.05263157894736842,9.57444018031189,2.9577546296296298,115.36842105263158,13.222105263157895,0.32873039999893217,4.105263157894737,0.0887531932148994,SP,diadema,2018-08-06 20:27:28,sports_leisure,0.9473684210526316,89.50521338934995,94.7,85.1,95.6,91.0,77.6,1638,PREFERRED,0
45ba18c210d42734ec52c0c1c574e9ee,34,0.029411764705882353,7.086428376906318,1.710625,150.1241176470588,26.930882352941175,0.3276864665036353,4.147058823529412,0.11327820804052513,SP,sao roque,2018-08-23 19:03:09,baby,0.9705882352941176,89.50035922558041,97.1,80.4,96.9,91.0,78.7,1639,PREFERRED,0
c003204e1ab016dfa150abc119207b24,195,0.06666666666666667,9.627084223646722,9.962687856125354,128.09528205128206,24.405948717948718,0.19685516624280713,4.466666666666667,0.11461531525040937,SP,cajamar,2018-08-26 16:19:58,auto,0.9333333333333333,89.50014239410316,93.3,80.1,95.5,94.7,86.7,1640,PREFERRED,0
1354d51653f645349064725ed204e85e,18,0.05555555555555555,9.560979938271606,0.9196180555555555,133.88888888888889,15.81777777777778,0.17137960932423651,3.888888888888889,0.07917523342936003,SP,sao paulo,2018-08-21 08:54:00,furniture_decor,0.9444444444444444,89.49796016838845,94.4,86.9,95.6,95.4,72.2,1641,PREFERRED,0
0be8ff43f22e456b4e0371b2245e4d01,154,0.06493506493506493,10.391216104497355,9.141519675925926,73.93564935064936,16.301493506493504,0.2956496092765836,4.0519480519480515,0.07651966626457629,SP,sao paulo,2018-08-29 10:22:35,sports_leisure,0.935064935064935,89.4897353815114,93.5,87.4,95.1,91.9,76.3,1642,PREFERRED,0
96493fab2fbb13a14d0c0e8772eef5c3,63,0.06349206349206349,13.384796259553205,2.697074652777778,301.0952380952381,19.241746031746032,0.08134754530669078,4.064516129032258,0.08628209659993488,SP,sao paulo,2018-06-05 10:22:28,computers_accessories,0.9365079365079365,89.48971022959424,93.7,85.5,93.5,98.0,76.6,1643,PREFERRED,0
b586cd24c010a13916af621b0325fbba,6,0.0,5.270991512345678,0.0,184.82333333333335,43.998333333333335,0.26027865933859995,3.8333333333333335,0.11757843453481731,SC,rio do sul,2018-08-23 11:27:36,construction_tools_construction,1.0,89.48289364937973,100.0,79.6,97.8,92.9,70.8,1644,PREFERRED,1
3c88ed2e76a2247933a15daa7161eb1c,1,0.0,19.908125,0.0,155.0,151.2,0.9754838709677419,5.0,0.1422688294946913,SP,cosmopolis,2018-02-01 21:45:16,pet_shop,1.0,89.48154807229234,100.0,74.8,90.1,72.6,100.0,1645,PREFERRED,1
d06d019f72a04e5497a0b64190af170c,17,0.058823529411764705,8.503113425925926,0.7907175925925926,142.1135294117647,13.26529411764706,0.13605450217874143,4.529411764705882,0.13112296150193395,SP,cotia,2018-08-21 17:00:16,health_beauty,0.9411764705882353,89.48091357736203,94.1,77.0,96.1,96.5,88.2,1646,PREFERRED,0
a17f621c590ea0fab3d5d883e1630ec6,60,0.08333333333333333,11.787244791666666,5.836543981481481,44.156666666666666,16.750833333333333,0.4917026379902351,4.189655172413793,0.060181344045790126,SP,sorocaba,2018-04-05 08:55:00,sports_leisure,0.9166666666666666,89.47768503217455,91.7,90.6,94.4,86.4,79.7,1647,PREFERRED,0
ef0ace09169ac090589d85746e3e036f,127,0.08661417322834646,12.871996755613882,14.33618897306397,126.59685039370079,18.301653543307086,0.15021217521440458,4.425196850393701,0.094803788071339,RJ,sao goncalo,2018-08-23 21:20:25,perfumery,0.9133858267716536,89.4700469968279,91.3,83.9,93.8,96.0,85.6,1648,PREFERRED,0
39d61be7a92eb77b7da367bd4845bc0e,7,0.0,10.782415674603174,0.0,100.08428571428571,29.861428571428572,0.31728476313501996,4.0,0.11854737575826402,SP,sao paulo,2018-08-07 14:24:03,furniture_decor,1.0,89.46147600311352,100.0,79.4,94.9,91.3,75.0,1649,PREFERRED,1
dfa0c4c6229ab200a4a1336b4d7128ff,73,0.0410958904109589,9.929915017757484,8.049610339506172,63.94794520547945,23.53876712328767,0.49488588404671374,4.109589041095891,0.08810874455905857,SC,florianopolis,2018-08-23 07:36:13,housewares,0.9589041095890412,89.45630431215426,95.9,85.2,95.4,86.3,77.7,1650,PREFERRED,0
4371b634e0efc0e22b09b52907d9d469,99,0.08080808080808081,11.204618640104751,6.909657118055556,78.6160606060606,14.252525252525253,0.26980932003583846,4.510204081632653,0.10169686096686296,SP,sao paulo,2018-08-13 18:15:19,sports_leisure,0.9191919191919192,89.45496961707055,91.9,82.6,94.7,92.7,87.8,1651,PREFERRED,0
bff9deb0ec77d437f3305a79cf25529e,5,0.0,6.972201388888888,0.0,32.39,16.157999999999998,0.5008888180469573,4.0,0.11426563088922048,SP,limeira,2018-08-16 22:31:19,telephony,1.0,89.44858260626465,100.0,80.2,96.9,86.1,75.0,1652,PREFERRED,1
004c9cd9d87a3c30c522c48c4fc07416,156,0.08333333333333333,14.811330202397912,8.913452635327634,126.0873717948718,22.61532051282051,0.19390505013465967,4.162337662337662,0.07131463854807976,SP,ibitinga,2018-05-03 11:13:38,bed_bath_table,0.9166666666666666,89.44640786168449,91.7,88.4,92.8,94.8,79.1,1653,PREFERRED,0
a369d693961cb93b61ca2cc518872a85,11,0.0,11.026400462962963,0.0,241.53636363636363,59.194545454545455,0.25769770482514115,3.909090909090909,0.11521119961001176,SP,sao jose do rio preto,2018-07-21 13:54:34,home_construction,1.0,89.43010186565307,100.0,80.0,94.8,93.0,72.7,1654,PREFERRED,0
164a5a8794e6d42e14f55e447b12a3bc,1,0.0,13.407523148148147,0.0,73.99,62.77,0.8483578862008381,5.0,0.16166147181736185,PR,guaira,2018-07-27 11:24:55,baby,1.0,89.43000545264285,100.0,71.1,93.5,76.2,100.0,1655,PREFERRED,1
e5899683388855d3dabe8913bbe365de,3,0.0,7.7213618827160495,0.0,150.96,26.993333333333336,0.1785618990814745,4.0,0.13258932946809457,SP,sao carlos,2018-08-22 13:05:05,furniture_decor,1.0,89.42572218243016,100.0,76.7,96.6,95.2,75.0,1656,PREFERRED,1
dcf3755cefcdc158ad0b7bdde51e871b,3,0.0,13.252658179012345,0.0,89.90000000000002,29.776666666666667,0.3312198739340007,4.0,0.11459752339711533,RS,cachoeira do sul,2018-08-11 10:48:51,furniture_decor,1.0,89.414767229663,100.0,80.1,93.6,90.9,75.0,1657,PREFERRED,1
7b0df942f46435babab05d49b744b2c4,32,0.09375,11.085880353009259,4.089375,706.2696875,21.0046875,0.04227370292157362,4.387096774193548,0.09727090890843436,SP,braganca paulista,2018-06-25 08:27:27,musical_instruments,0.90625,89.40752198248771,90.6,83.4,94.8,99.1,84.7,1658,PREFERRED,0
aba1721a889e04decc910aa13b768ef4,81,0.1111111111111111,9.353879458161865,3.8615303497942386,173.28765432098766,15.056296296296296,0.17557111879437887,4.444444444444445,0.08410494441293022,SP,sao paulo,2018-08-21 10:57:15,stationery,0.8888888888888888,89.40522377822595,88.9,86.0,95.7,95.3,86.1,1659,PREFERRED,0
f9eedec3129e8cc6b6429c42d0808c5b,2,0.0,6.757737268518518,0.0,394.9,21.675,0.05825506716856033,4.5,0.18089358041213813,RJ,"rio de janeiro, rio de janeiro, brasil",2018-07-26 00:39:18,watches_gifts,1.0,89.40432056832933,100.0,67.4,97.1,98.7,87.5,1660,PREFERRED,1
7357b52d27cbaa90f81a96cbc1279396,12,0.08333333333333333,9.850832368827161,38.60913194444444,110.66833333333334,18.150833333333335,0.1709353034822703,4.333333333333333,0.09518396010485682,MG,lagoa santa,2018-08-22 21:33:00,housewares,0.9166666666666666,89.40358880924441,91.7,83.8,95.4,95.5,83.3,1661,PREFERRED,0
65febd49fd28ec955651299159b1f527,33,0.06060606060606061,6.6798937289562295,0.20537615740740742,125.35484848484849,28.747575757575756,0.31345891129844267,4.454545454545454,0.11810732822280359,SP,sao paulo,2018-08-22 14:00:26,housewares,0.9393939393939394,89.40295272090671,93.9,79.5,97.1,91.4,86.4,1662,PREFERRED,0
b9de031b671cd48b28fae9d828cbf2b4,1,0.0,9.232627314814815,0.0,155.32,43.37,0.2792299768220448,5.0,0.20296638830474228,SP,sao paulo,2018-07-18 13:52:45,auto,1.0,89.39790391288908,100.0,63.2,95.7,92.4,100.0,1663,PREFERRED,1
7d81e74a4755b552267cd5e081563028,1,0.0,2.209490740740741,0.0,32.5,7.49,0.23046153846153847,4.0,0.1393963789604069,SP,sao paulo,2018-08-20 13:31:30,construction_tools_construction,1.0,89.39056495898241,100.0,75.4,99.5,93.8,75.0,1664,PREFERRED,1
31da954dc0855f2495c6310f70a2f931,28,0.10714285714285714,8.271112351190476,5.139525462962963,153.0,15.449285714285713,0.16040987615639374,4.321428571428571,0.08044531804878337,SP,araras,2018-08-20 13:28:21,health_beauty,0.8928571428571429,89.38726389589469,89.3,86.7,96.3,95.8,83.0,1665,PREFERRED,0
87d30a6a0cbf89356e49324971ab1d24,17,0.058823529411764705,11.212977260348584,7.794548611111111,125.53705882352942,12.692941176470589,0.18831018827033333,4.352941176470588,0.11185502240928019,SP,sao paulo,2018-06-20 20:25:37,toys,0.9411764705882353,89.37858516027745,94.1,80.6,94.7,95.0,83.8,1666,PREFERRED,0
d9cb0052a666de5308b32f32ad5f1b1c,3,0.0,13.012816358024692,0.0,131.29999999999998,23.22333333333333,0.204360584507108,3.6666666666666665,0.0971821654735418,SP,olimpia,2018-05-15 22:07:28,health_beauty,1.0,89.37824732818062,100.0,83.5,93.7,94.5,66.7,1667,PREFERRED,1
4cf490a58259286ada5ba8525ba9e84a,7,0.0,24.765550595238096,0.0,153.6142857142857,20.364285714285717,0.1334486089048714,3.4285714285714284,0.06337680112586273,SP,tabatinga,2017-11-23 12:17:53,cool_stuff,1.0,89.37184595261999,100.0,89.9,87.5,96.5,60.7,1668,PREFERRED,1
01fd077212124329bac32490e8ef80d9,30,0.03333333333333333,7.888111111111112,9.939108796296296,40.166666666666664,18.637,0.5593952244133427,4.233333333333333,0.10480921053101253,SP,ribeirao preto / sao paulo,2018-08-24 17:52:59,health_beauty,0.9666666666666667,89.37115558331202,96.7,82.0,96.5,84.4,80.8,1669,PREFERRED,0
c510bc1718f0f2961eaa42a23330681a,12,0.0,6.957580054012346,0.0,845.0833333333334,59.20416666666667,0.11574013784134217,4.25,0.1584440921630814,SP,indaiatuba,2018-08-13 19:38:49,baby,1.0,89.36343457961848,100.0,71.7,97.0,97.0,81.2,1670,PREFERRED,0
980640c45d7a4635885491d077167e4d,14,0.07142857142857142,7.608943452380953,1.0450462962962963,71.735,17.312142857142856,0.2644406914801685,4.642857142857143,0.12726016783704316,SP,rio claro,2018-08-22 15:43:52,fashion_bags_accessories,0.9285714285714286,89.35701749007912,92.9,77.7,96.6,92.8,91.1,1671,PREFERRED,0
b839e41795b7f3ad94cc2014a52f6796,33,0.030303030303030304,6.671601430976431,9.06712962962963,1297.8484848484848,27.906969696969696,0.02525905342384137,4.090909090909091,0.12987013295703292,SP,sao caetano do sul,2018-08-25 15:12:30,construction_tools_construction,0.9696969696969697,89.35480163897607,97.0,77.2,97.1,99.6,77.3,1672,PREFERRED,0
8fb791022c1fc8909664f48ab7dc636d,5,0.0,5.729247685185185,0.0,1623.99,72.67999999999999,0.0461014958378254,4.2,0.160912681624584,SP,sao paulo,2018-07-22 16:56:59,home_appliances_2,1.0,89.35293551293584,100.0,71.2,97.6,99.0,80.0,1673,PREFERRED,1
e06f09ec0a4aca210779cf1cfc63cf19,29,0.06896551724137931,14.870760296934865,10.345989583333333,182.05137931034483,21.44551724137931,0.30609121234621434,3.9482758620689653,0.06031236472643458,SP,sao paulo,2017-12-19 23:35:40,housewares,0.9310344827586207,89.35063219614207,93.1,90.5,92.8,91.6,73.7,1674,PREFERRED,0
dda37071807e404c5bb2a1590c66326f,1,0.0,16.582835648148148,0.0,199.99,19.28,0.09640482024101205,5.0,0.20261126574741087,SP,sao paulo,2018-04-24 08:37:20,luggage_accessories,1.0,89.34927962975927,100.0,63.3,91.9,97.6,100.0,1675,PREFERRED,1
cf2384dd2f1dddea3f838efed0945e65,16,0.0,14.251440248842592,0.0,131.34375,27.09,0.20629028172851444,3.9375,0.11747020868339968,SP,serra negra,2018-08-02 12:14:15,furniture_living_room,1.0,89.31784464481258,100.0,79.6,93.1,94.5,73.4,1676,PREFERRED,0
994f04b3718c2bab35c2adfa8afecd2a,46,0.08695652173913043,14.21344303542673,32.99761574074074,70.43260869565218,16.209130434782608,0.26197971805709985,4.369565217391305,0.0845628576752385,SP,jaguariuna,2018-07-19 14:01:10,housewares,0.9130434782608696,89.31630154609681,91.3,85.9,93.1,92.9,84.2,1677,PREFERRED,0
f63d8f293af3a6454377546bd9dd19ff,17,0.11764705882352941,16.170412581699345,8.169641203703703,103.04823529411765,29.12529411764706,0.4113647134068063,4.470588235294118,0.05800240576239054,SP,votorantim,2018-02-13 16:01:40,garden_tools,0.8823529411764706,89.31405768924864,88.2,91.0,92.1,88.6,86.8,1678,PREFERRED,0
b6f52e346160519c24a23af05410ad32,1,0.0,12.60994212962963,0.0,129.9,13.35,0.10277136258660508,4.0,0.13132263526405963,SP,sao paulo,2018-04-26 08:13:16,health_beauty,1.0,89.312777009915,100.0,76.9,94.0,97.4,75.0,1679,PREFERRED,1
d650b663c3b5f6fb392b6326366efa9a,56,0.07142857142857142,9.863419105489417,7.660393518518519,323.33750000000003,14.82017857142857,0.05575387809855796,4.428571428571429,0.12007720900042614,SP,cotia,2018-08-13 22:51:49,watches_gifts,0.9285714285714286,89.31052776610122,92.9,79.1,95.4,98.7,85.7,1680,PREFERRED,0
fcb5ace8bcc92f75707dc0f01a27d269,58,0.034482758620689655,10.726530371966794,18.70155671296296,136.77068965517242,15.281379310344828,0.24981686810429357,4.035087719298246,0.10334808663650522,SP,guarulhos,2018-08-09 23:10:26,cool_stuff,0.9655172413793104,89.31029992879716,96.6,82.3,95.0,93.2,75.9,1681,PREFERRED,0
1da3aeb70d7989d1e6d9b0e887f97c23,257,0.058365758754863814,8.642422494235479,7.875956018518519,33.72093385214008,16.202684824902725,0.6711339236389086,4.1640625,0.07463764528855861,SP,sao paulo,2018-08-21 17:04:34,sports_leisure,0.9416342412451362,89.30381787408638,94.2,87.8,96.1,81.3,79.1,1682,PREFERRED,0
778323240ce2830d68aab11794e00bfb,3,0.0,10.546203703703704,0.0,63.326666666666675,17.483333333333334,0.3263483141072659,4.333333333333333,0.14801600354429836,SP,sao paulo,2018-07-30 09:18:59,health_beauty,1.0,89.29260175625973,100.0,73.7,95.1,91.1,83.3,1683,PREFERRED,1
5670f4db5b62c43d542e1b2d56b0cf7c,21,0.047619047619047616,8.836012455908289,2.8835069444444446,315.35428571428577,27.23857142857143,0.20926076116086212,4.380952380952381,0.1267531096585366,SP,sao paulo,2018-08-17 11:51:36,perfumery,0.9523809523809523,89.29151709896989,95.2,77.8,96.0,94.4,84.5,1684,PREFERRED,0
b452cb0ae35044c4a53179c39f49fb06,2,0.0,16.722858796296297,0.0,31.849999999999998,19.145,0.5801523306911125,4.0,0.09668629584137645,SP,sorocaba,2018-06-02 13:16:37,auto,1.0,89.29064047750646,100.0,83.6,91.8,83.8,75.0,1685,PREFERRED,1
71592660bbcb6a4664e97b6f8b68babc,6,0.0,12.457635030864196,0.0,337.86333333333334,28.895,0.11518701687204146,4.333333333333333,0.15740170472154316,SP,sao jose do rio preto,2018-07-31 20:47:41,computers_accessories,1.0,89.29012377099409,100.0,71.9,94.0,97.0,83.3,1686,PREFERRED,1
2138ccb85b11a4ec1e37afbd1c8eda1f,383,0.05483028720626632,11.367534692002707,9.457879739858907,31.715953002610963,15.663028720626631,0.5770321680687118,3.9607329842931938,0.0626602156157079,SP,sao paulo,2018-08-28 13:28:34,telephony,0.9451697127937336,89.28929868527776,94.5,90.1,94.6,83.9,74.0,1687,PREFERRED,0
830379336fad8c6f3b15a4a3ddb5c66e,2,0.0,6.126064814814815,0.0,134.0,85.19,0.6357462686567164,4.5,0.15023183730144066,SP,sao paulo,2018-07-24 10:54:55,kitchen_dining_laundry_garden_furniture,1.0,89.28492469647612,100.0,73.3,97.4,82.3,87.5,1688,PREFERRED,1
609e1a9a6c2539919b8205cf7c4e6ff0,80,0.025,10.332753906250002,10.410763888888889,77.98412499999999,32.204375,0.5111859317421225,3.9358974358974357,0.08829518452723979,SC,brusque,2018-08-24 00:35:51,bed_bath_table,0.975,89.2810991665416,97.5,85.2,95.2,85.8,73.4,1689,PREFERRED,0
6c99c983ce3b6ba0ab813e6790e81691,9,0.0,6.133632973251029,0.0,60.75,22.862222222222222,0.5771166646632918,3.7777777777777777,0.0972742044877765,MG,uberlandia,2018-08-07 11:15:11,toys,1.0,89.27973124654872,100.0,83.4,97.4,83.9,69.4,1690,PREFERRED,1
00ee68308b45bc5e2660cd833c3f81cc,134,0.08955223880597014,9.636189970287452,10.828601466049383,153.32753731343283,24.534477611940297,0.20355017585226415,4.323308270676692,0.09091897908737602,SP,sao paulo,2018-08-09 20:45:10,bed_bath_table,0.9104477611940298,89.27719893441356,91.0,84.7,95.5,94.5,83.1,1691,PREFERRED,0
1f9ab4708f3056ede07124aad39a2554,76,0.05263157894736842,14.516997593810917,13.507774884259257,175.7438157894737,31.512105263157896,0.18239344196047264,4.093333333333334,0.09307766828383138,SP,tupa,2018-06-02 11:14:30,baby,0.9473684210526316,89.27553546648943,94.7,84.2,92.9,95.1,77.3,1692,PREFERRED,0
d63c73efd41eb002280e7ec831424edb,2,0.0,6.290329861111111,0.0,2799.0,84.29499999999999,0.030731324353135785,4.0,0.14686788394024836,SP,piracicaba,2018-05-29 14:21:11,health_beauty,1.0,89.27486914040801,100.0,73.9,97.3,99.4,75.0,1693,PREFERRED,1
d9bd94811c3338dceb4181f3dbc0c73e,54,0.1111111111111111,8.041346021947874,10.652947530864198,127.98185185185184,14.279444444444445,0.1216900546628563,4.796296296296297,0.1197710801193515,SP,sao paulo,2018-08-21 15:39:07,baby,0.8888888888888888,89.27304823235876,88.9,79.1,96.4,96.9,94.9,1694,PREFERRED,0
a36ac007a4d18f865c8d32c3b2402c2d,8,0.0,9.652709780092593,0.0,153.72375,20.14625,0.14990950687188365,2.75,0.03659927849927421,SP,barueri,2017-09-06 15:36:32,garden_tools,1.0,89.26515353207351,100.0,95.1,95.5,96.1,43.8,1695,PREFERRED,1
da7039f29f90ce5b4846ffc0fcc93beb,17,0.058823529411764705,9.274008033769062,1.9187731481481483,86.80235294117647,16.69058823529412,0.21738059635686446,4.529411764705882,0.12954144136765675,SP,santo andre,2018-08-18 09:47:18,cine_photo,0.9411764705882353,89.26461739686702,94.1,77.3,95.7,94.1,88.2,1696,PREFERRED,0
575df70bde3f9f2b30bf8d2e9910d725,26,0.07692307692307693,13.81230591168091,3.273443287037037,203.17115384615383,28.87923076923077,0.38386084614078714,4.1923076923076925,0.07255282800327062,SP,sao jose do rio preto,2018-08-14 19:32:48,furniture_decor,0.9230769230769231,89.26423367848005,92.3,88.2,93.3,89.4,79.8,1697,PREFERRED,0
034b9387752bfa309f350a70cd45ffa3,8,0.0,8.508582175925927,0.0,12.0,18.0325,1.5027083333333333,4.5,0.09543950158955677,SC,blumenau,2018-08-22 16:05:04,toys,1.0,89.26061626102467,100.0,83.8,96.1,57.7,87.5,1698,PREFERRED,1
8602a61d680a10a82cceeeda0d99ea3d,12,0.08333333333333333,8.732926311728395,0.5811574074074074,54.3325,16.18583333333333,0.31869865800076413,4.583333333333333,0.11090168293531433,SP,sao paulo,2018-08-02 16:31:11,fashion_bags_accessories,0.9166666666666666,89.25758747919417,91.7,80.8,96.0,91.3,89.6,1699,PREFERRED,0
edb1ef5e36e0c8cd84eb3c9b003e486d,165,0.07878787878787878,11.897481130751965,13.208510505698003,480.5618181818182,23.930666666666667,0.09630164222208076,4.442424242424242,0.11111879876756499,RJ,teresopolis,2018-08-20 19:09:20,health_beauty,0.9212121212121213,89.25733161975403,92.1,80.8,94.3,97.6,86.1,1700,PREFERRED,0
e53d5b9b29d1218281f4a907ada18626,2,0.0,7.199259259259259,0.0,48.18,32.445,0.6562841768845579,4.5,0.14782014832320617,PR,toledo,2018-08-20 08:11:26,toys,1.0,89.25686419636136,100.0,73.8,96.8,81.7,87.5,1701,PREFERRED,1
b12cfd255810394b60caef18ae163547,2,0.0,15.839143518518519,0.0,280.0,83.07499999999999,0.2966964285714285,4.5,0.154832459641234,PR,cascavel,2017-11-24 00:34:46,office_furniture,1.0,89.25428920400863,100.0,72.4,92.2,91.9,87.5,1702,PREFERRED,1
1fe5540d7c1c37a595fefbacd5570d9e,20,0.05,11.861380787037037,5.745092592592592,226.88000000000002,29.057499999999997,0.13391730938128257,4.3,0.11889670967920585,RJ,paraiba do sul,2018-08-16 08:44:24,computers_accessories,0.95,89.25428161596865,95.0,79.3,94.4,96.5,82.5,1703,PREFERRED,0
5a05a16bb50629ee31afab8a6d4c2674,14,0.07142857142857142,7.040058697089948,0.7909027777777777,56.73571428571428,20.084285714285716,0.3619596116138463,4.214285714285714,0.0910855176604382,RS,caxias do sul,2018-07-02 17:52:02,housewares,0.9285714285714286,89.25162645416897,92.9,84.6,96.9,90.0,80.4,1704,PREFERRED,0
693660429f9dc4ff704eb3d88dad54d7,2,0.0,3.5799305555555554,0.0,62.0,12.059999999999999,0.19451612903225807,4.0,0.14216138044355245,SP,santo andre,2018-07-23 17:01:07,electronics,1.0,89.25111830774046,100.0,74.8,98.7,94.8,75.0,1705,PREFERRED,1
d263fa444c1504a75cbca5cc465f592a,1,0.0,9.542453703703703,0.0,399.0,45.07,0.11295739348370927,5.0,0.21540066855733367,SP,americana,2018-07-24 09:46:27,furniture_decor,1.0,89.2493277223058,100.0,60.8,95.6,97.1,100.0,1706,PREFERRED,1
7901646fdd36a55f564ffaf2dbccaaf7,22,0.13636363636363635,9.824321864478115,3.794675925925926,538.9581818181819,28.261363636363637,0.09923718204067745,4.5,0.07738583132458995,RJ,rio de janeiro,2018-08-23 00:13:49,air_conditioning,0.8636363636363636,89.23085678778034,86.4,87.3,95.4,97.5,87.5,1707,PREFERRED,0
91f5779a8731baca4809fdeade81803f,6,0.0,16.374195601851852,0.0,328.57666666666665,24.271666666666665,0.23729196639479103,3.8333333333333335,0.10581837100342818,RJ,barra mansa,2018-04-09 21:48:58,sports_leisure,1.0,89.22873827741219,100.0,81.8,92.0,93.6,70.8,1708,PREFERRED,1
63b464dbf392c7b80d12d932fa7cafed,36,0.05555555555555555,13.07969971707819,15.775109953703705,183.94444444444446,23.912222222222223,0.12817841885269063,3.861111111111111,0.07938009826645526,SP,sao paulo,2018-01-28 22:03:43,furniture_decor,0.9444444444444444,89.22678503527169,94.4,86.9,93.7,96.7,71.5,1709,PREFERRED,0
edb65fe661681b1c0de8bd47c8655855,1,0.0,14.114236111111111,0.0,69.0,15.24,0.22086956521739132,3.0,0.045385899949061684,SP,sao paulo,2017-04-26 12:37:33,small_appliances,1.0,89.22554932478334,100.0,93.4,93.2,94.0,50.0,1710,PREFERRED,1
0a85ebe4e328db81ac9109781205e2f7,11,0.09090909090909091,5.093094486531987,1.7723958333333334,53.45454545454545,11.314545454545454,0.22193523369286083,4.636363636363637,0.12199486213677534,SP,jundiai,2018-08-24 15:40:41,furniture_decor,0.9090909090909091,89.2237845960453,90.9,78.7,97.9,94.0,90.9,1711,PREFERRED,0
75fbb52eda0cbc24f479d3b2fbfa8d3e,37,0.05405405405405406,13.80278591091091,7.225138888888889,29.169999999999998,23.9027027027027,0.9905654193194459,4.4324324324324325,0.07308646938806644,GO,goiania,2018-06-16 17:34:31,dvds_blu_ray,0.9459459459459459,89.21868336826734,94.6,88.1,93.3,72.2,85.8,1712,PREFERRED,0
1fe61aa5494bd3ae92a2c13e067c810f,1,0.0,7.990543981481482,0.0,537.76,100.82,0.18748140434394525,4.0,0.13605128766451402,SC,santa cecilia,2017-11-27 12:12:28,auto,1.0,89.21313467194445,100.0,76.0,96.4,95.0,75.0,1713,PREFERRED,1
e9779976487b77c6d4ac45f75ec7afe9,636,0.07389937106918239,9.881199499912649,10.880696168242709,66.09196540880502,15.607044025157233,0.3713212116381276,4.273301737756714,0.08945761736965689,SP,praia grande,2018-08-28 01:57:12,sports_leisure,0.9261006289308176,89.2119845146923,92.6,84.9,95.4,89.8,81.8,1714,PREFERRED,0
7a241947449cc45dbfda4f9d0798d9d0,56,0.07142857142857142,13.22058097718254,5.952259837962963,133.11714285714285,33.495357142857145,0.3052585721852412,4.1454545454545455,0.07970092806220717,MG,jacutinga,2018-08-05 21:37:08,air_conditioning,0.9285714285714286,89.20844993252395,92.9,86.8,93.6,91.6,78.6,1715,PREFERRED,0
2e0dba2da448400b1c11d7b4b22f32a4,7,0.0,8.869021164021165,0.0,33.69571428571429,24.54714285714286,0.6679501000507659,3.142857142857143,0.039546764443976916,SP,santo andre,2017-05-21 19:21:32,auto,1.0,89.18943353303024,100.0,94.5,95.9,81.4,53.6,1716,PREFERRED,1
68f86ba270525243e68ae74044f992b9,10,0.1,10.094481481481482,0.641724537037037,77.75,18.67,0.28406552075290714,4.5,0.09356508075767782,RJ,rio de janeiro,2018-07-30 11:58:55,health_beauty,0.9,89.18242269264282,90.0,84.2,95.3,92.3,87.5,1717,PREFERRED,0
bd0389da23d89b726abf911cccc54596,86,0.08139534883720931,13.71641190245478,18.137488425925927,86.18906976744186,19.224999999999998,0.27226912760928934,4.209302325581396,0.07946744220002698,DF,brasilia,2018-08-14 14:48:11,computers_accessories,0.9186046511627907,89.16441696130441,91.9,86.9,93.4,92.6,80.2,1718,PREFERRED,0
38102b031c2a15e54623d711bfc753d3,6,0.0,25.001385030864196,0.0,56.666666666666664,45.21666666666667,0.8874570360195361,4.333333333333333,0.09354479511037528,CE,mucambo,2017-09-30 22:39:05,furniture_decor,1.0,89.16088465975174,100.0,84.2,87.4,75.1,83.3,1719,PREFERRED,1
c840d3fdbba0790404fdae73d253b253,9,0.0,12.156665380658437,0.0,502.4755555555555,39.96111111111111,0.12323369855250466,3.5555555555555554,0.0993311144050158,PR,curitiba,2018-06-29 12:41:16,furniture_decor,1.0,89.15690318488913,100.0,83.0,94.2,96.8,63.9,1720,PREFERRED,1
52f976b17ea7f2f087f56dcc419328f6,6,0.0,10.383350694444443,0.0,1271.6666666666667,143.775,0.11307141782627711,3.6666666666666665,0.11165773737512824,PR,california,2018-07-23 20:37:29,sports_leisure,1.0,89.15279991404607,100.0,80.7,95.1,97.1,66.7,1721,PREFERRED,1
d6b1ce66b035a475f00c017792ff9769,89,0.06741573033707865,10.27755019766958,8.292658179012346,136.038202247191,21.75932584269663,0.17434408623751868,4.318181818181818,0.10997726490930505,SP,salto,2018-08-26 22:50:16,construction_tools_lights,0.9325842696629214,89.15148939618706,93.3,81.0,95.2,95.4,83.0,1722,PREFERRED,0
fc59392d66ef99377e50356ee4f3b4e1,5,0.0,7.950819444444444,0.0,103.998,17.394,0.17018876405980365,3.6,0.10725981930362656,BA,salvador,2018-08-12 07:47:57,computers_accessories,1.0,89.14485587461732,100.0,81.5,96.4,95.5,65.0,1723,PREFERRED,1
07a9bc7f61396b658ddf3ac534efe44c,1,0.0,5.995138888888889,0.0,119.9,15.59,0.1300250208507089,3.5,0.10506613522231188,SP,sao paulo,2017-06-26 11:44:22,toys,1.0,89.14443500543305,100.0,81.9,97.5,96.6,62.5,1724,PREFERRED,1
966cb4760537b1404caedd472cc610a5,67,0.029850746268656716,10.040945273631841,2.0456018518518517,692.9589552238806,22.55268656716418,0.03437749954376114,4.119402985074627,0.13080174381443957,SP,diadema,2018-08-08 14:49:25,watches_gifts,0.9701492537313433,89.1390663351805,97.0,77.0,95.3,99.3,78.0,1725,PREFERRED,0
cb0b3bcf14e0a709df412a99424a59d7,2,0.0,22.21970486111111,0.0,230.0,23.715,0.10321590909090908,4.5,0.158212078839489,SP,sao paulo,2018-04-16 17:46:55,auto,1.0,89.13405703920162,100.0,71.8,88.9,97.4,87.5,1726,PREFERRED,1
620c87c171fb2a6dd6e8bb4dec959fc6,718,0.10027855153203342,12.927675674455791,10.059970743312757,156.2018105849582,19.10951253481894,0.18144645611488708,4.313202247191011,0.08158398997509735,RJ,petropolis,2018-08-24 11:14:21,health_beauty,0.8997214484679665,89.11215756766431,90.0,86.5,93.8,95.2,82.8,1727,PREFERRED,0
085f6f7e049c996695fb2074fe38d45e,6,0.0,10.56288387345679,0.0,50.9,21.76,0.7502823953052662,4.0,0.10064982036527753,SP,taubate,2018-05-02 15:25:10,housewares,1.0,89.107760247776,100.0,82.8,95.0,79.0,75.0,1728,PREFERRED,1
1d4587203296c8f4ad134dc286fa6db0,39,0.05128205128205128,9.473282882241216,12.901180555555555,57.0,15.690769230769233,0.5114627699564351,4.358974358974359,0.10739884271207402,SP,sao paulo,2018-08-27 19:29:28,auto,0.9487179487179487,89.10000140802612,94.9,81.5,95.6,85.8,84.0,1729,PREFERRED,0
b56906f7fd1696e043f1bcce164c487b,40,0.05,12.87296412037037,16.821302083333332,54.70725,21.33725,0.4339508795403829,4.0,0.0792082039719752,SP,echapora,2018-08-08 09:00:50,health_beauty,0.95,89.09905811761641,95.0,86.9,93.8,88.0,75.0,1730,PREFERRED,0
52ac6f920b7280e4c6d30dd94de6259b,6,0.0,12.983881172839508,0.0,942.8833333333333,121.09833333333334,0.14912138171233855,3.6666666666666665,0.10636344662308704,PR,pinhais,2018-05-23 08:20:07,office_furniture,1.0,89.09739348308888,100.0,81.7,93.8,96.1,66.7,1731,PREFERRED,1
0241d4d5d36f10f80c644447315af0bd,231,0.06060606060606061,11.095085377585377,7.655625826719577,134.6990476190476,29.323636363636364,0.2649413844130447,4.4195652173913045,0.11731865768096593,PR,curitiba,2018-08-28 15:11:49,furniture_decor,0.9393939393939394,89.09617686099924,93.9,79.6,94.8,92.8,85.5,1732,PREFERRED,0
7238a95bb63ef7e498389fb863b834a1,15,0.06666666666666667,7.956341820987655,0.8377199074074074,151.04666666666665,37.96066666666666,0.2958473652820702,4.733333333333333,0.14088313504288438,SP,limeira,2018-08-16 15:13:00,baby,0.9333333333333333,89.09350554041492,93.3,75.1,96.4,91.9,93.3,1733,PREFERRED,0
caa9bc43a9fe8cf9c564ddd8a03cc4a6,13,0.07692307692307693,9.549083867521368,0.6436921296296296,61.83615384615385,17.990000000000002,0.39782728756065705,4.666666666666667,0.11962938146555269,SP,jacarei,2018-08-27 18:50:06,toys,0.9230769230769231,89.08683910035693,92.3,79.2,95.6,89.0,91.7,1734,PREFERRED,0
562fc2f2c2863ab7e79a9e4388a58a14,252,0.03571428571428571,11.32284396127278,9.956976594650206,34.51277777777778,16.784642857142856,0.5132040761196774,4.248,0.10731040030094845,SP,campinas,2018-08-21 09:42:29,telephony,0.9642857142857143,89.08095198491331,96.4,81.5,94.6,85.7,81.2,1735,PREFERRED,0
aded58c8142dedc5494a81f948431fab,4,0.0,8.741727430555555,0.0,82.3725,22.77,0.37298276720994844,3.75,0.10710793640611649,RJ,rio de janeiro,2018-04-23 12:11:20,health_beauty,1.0,89.07628501200614,100.0,81.6,96.0,89.7,68.8,1736,PREFERRED,1
f18112da765e0971ca5d510dec322bdd,2,0.0,17.898136574074073,0.0,163.9,41.475,0.25653266369105837,4.0,0.11856488100664178,SC,brusque,2018-01-02 19:20:35,unknown,1.0,89.0672406168856,100.0,79.4,91.2,93.0,75.0,1737,PREFERRED,1
1c40343cc5d18c2d8248ac2f3366de34,20,0.1,7.44487962962963,1.0958391203703703,124.7855,18.878,0.24601694200298369,4.6,0.11052513365357611,SP,limeira,2018-08-20 21:51:20,perfumery,0.9,89.06345809930176,90.0,80.9,96.7,93.3,90.0,1738,PREFERRED,0
b16d3dadc47d4eb18be3d88bad0775ce,10,0.1,6.42946875,0.8395370370370371,72.21000000000001,17.844,0.38281635839314815,4.3,0.08078138057441249,RS,estancia velha,2018-08-16 22:06:01,sports_leisure,0.9,89.0561246983744,90.0,86.6,97.2,89.4,82.5,1739,PREFERRED,0
a1043bafd471dff536d0c462352beb48,700,0.05714285714285714,13.674363409391535,8.439577835648148,142.2962,44.37,0.3289477037861975,4.276504297994269,0.10145872701461721,MG,ilicinea,2018-08-25 11:01:56,garden_tools,0.9428571428571428,89.054097082882,94.3,82.6,93.4,91.0,81.9,1740,PREFERRED,0
218d46b86c1881d022bce9c68a7d4b15,376,0.09574468085106383,14.01051347640859,12.32396829989712,143.15664893617023,19.819840425531915,0.1779950150336826,4.199197860962567,0.07576359938580522,SP,ribeirao preto,2018-08-22 15:38:10,sports_leisure,0.9042553191489362,89.04589484952231,90.4,87.6,93.2,95.3,80.0,1741,PREFERRED,0
1c129092bf23f28a5930387c980c0dfc,189,0.0582010582010582,11.843229044189691,5.8539499158249155,48.20703703703703,15.521111111111113,0.3304509943212997,4.361702127659575,0.11048005123080265,SP,sao paulo,2018-08-11 14:36:54,bed_bath_table,0.9417989417989419,89.04564392923584,94.2,80.9,94.4,90.9,84.0,1742,PREFERRED,0
cfa5ab0e4d3fc212fd0b3410e7081c62,15,0.0,11.974913580246914,0.0,331.314,76.53866666666666,0.3672342479273262,3.8666666666666667,0.11187551898249183,MG,uba,2018-08-20 21:59:32,furniture_living_room,1.0,89.04458760295174,100.0,80.6,94.3,89.9,71.7,1743,PREFERRED,0
715bbd5ba4e6b74cb0d2f29eb45058b0,61,0.08196721311475409,12.02894600030358,9.814550925925925,66.2672131147541,20.779999999999998,0.3563328687645468,4.459016393442623,0.0989275523388145,SP,serra negra,2018-08-19 15:25:29,watches_gifts,0.9180327868852459,89.04406354211034,91.8,83.1,94.3,90.2,86.5,1744,PREFERRED,0
2b1a40c1daabc6ca280c4b815c101841,22,0.045454545454545456,13.425314078282828,5.352708333333333,561.0272727272727,83.32454545454544,0.13182648207989875,3.8181818181818183,0.08643997118844747,MG,divinopolis,2018-06-16 12:55:53,auto,0.9545454545454546,89.04324158322567,95.5,85.5,93.5,96.6,70.5,1745,PREFERRED,0
edd066cd02126d7800f9b66e980e9931,6,0.16666666666666666,11.897121913580248,1.8875462962962963,164.61666666666667,31.03833333333333,0.19764852513426465,5.0,0.08917323738133733,DF,brasilia,2018-06-13 07:25:51,housewares,0.8333333333333334,89.03640601293424,83.3,85.0,94.3,94.7,100.0,1746,PREFERRED,1
de722cd6dad950a92b7d4f82673f8833,335,0.04477611940298507,12.721812741846325,6.925229166666665,164.1982089552239,28.629641791044776,0.1888931809579159,4.320359281437126,0.12422011720028807,PE,recife,2018-08-23 13:48:07,computers_accessories,0.9552238805970149,89.03398490849091,95.5,78.3,93.9,95.0,83.0,1747,PREFERRED,0
55c26bcb609f480eb7868594245febb5,6,0.0,9.694230324074075,0.0,115.73166666666668,30.62,0.24268042052461739,4.0,0.13377253879432296,SP,tabatinga,2018-08-09 11:44:40,stationery,1.0,89.03021593547302,100.0,76.4,95.5,93.4,75.0,1748,PREFERRED,1
750303a20e9c56b2a6bc45cdce0b897d,53,0.03773584905660377,14.103843029350104,30.148234953703707,148.60377358490567,24.317358490566036,0.37943350472622484,4.30188679245283,0.11461172272890295,GO,goiania,2018-08-24 17:53:18,sports_leisure,0.9622641509433962,89.02091362059544,96.2,80.1,93.2,89.5,82.5,1749,PREFERRED,0
4559697a8f7e637227c2eeaed843baff,39,0.07692307692307693,12.937863544634379,3.5052932098765432,89.3923076923077,18.03128205128205,0.23367385181922123,4.205128205128205,0.08908940244655919,SP,presidente prudente,2018-06-27 12:45:26,home_appliances,0.9230769230769231,89.01569929964643,92.3,85.0,93.8,93.7,80.1,1750,PREFERRED,0
5dc203c7b84a0e71e878a179de05fb9a,5,0.0,8.570122685185186,0.0,84.38,25.630000000000003,0.49543910413024966,4.0,0.12102676215618255,SP,pompeia,2018-08-07 14:32:23,garden_tools,1.0,89.0130443650119,100.0,78.9,96.1,86.3,75.0,1751,PREFERRED,1
e883aa812c37a7413226856f4579fe91,26,0.038461538461538464,9.902272079772079,1.0739467592592593,157.58076923076922,17.590769230769233,0.1603370923088,4.153846153846154,0.12293267650603863,SP,itapevi,2018-08-17 18:20:27,small_appliances,0.9615384615384616,88.99747840418189,96.2,78.5,95.4,95.8,78.8,1752,PREFERRED,0
e644cbadf7eeb30d0d29f335ce7d52ec,7,0.0,6.880929232804233,0.0,109.8442857142857,23.017142857142858,0.24226953607014398,4.0,0.13916201565682948,SP,sao paulo,2018-08-21 23:14:33,consoles_games,1.0,88.9968480176985,100.0,75.4,97.0,93.4,75.0,1753,PREFERRED,1
0adac9fbd9a2b63cccaac4f8756c1ca8,105,0.06666666666666667,13.136139109347441,11.78210482804233,150.9370476190476,22.95361904761905,0.49126468544557567,4.114285714285714,0.07441748361200284,SP,louveira,2018-08-16 20:56:16,housewares,0.9333333333333333,88.9902720832056,93.3,87.8,93.7,86.4,77.9,1754,PREFERRED,0
52d76513f0c4d97f3b99570e2c94ee31,19,0.05263157894736842,10.409611963937621,3.9950462962962963,440.6842105263158,52.02947368421053,0.13010383385730565,4.055555555555555,0.10616878583963438,RS,novo hamburgo,2018-08-16 14:34:23,industry_commerce_and_business,0.9473684210526316,88.98160098003348,94.7,81.7,95.1,96.6,76.4,1755,PREFERRED,0
4eb61f060e7dcc1d5a80d806c35cc541,8,0.0,6.202073206018518,0.0,170.3625,20.12625,0.1193640040763117,3.875,0.13814680105261995,SP,sao paulo,2018-08-23 00:46:54,home_appliances_2,1.0,88.97948225855143,100.0,75.6,97.4,96.9,71.9,1756,PREFERRED,1
df560393f3a51e74553ab94004ba5c87,26,0.07692307692307693,18.46703303062678,20.97473958333333,131.9146153846154,21.927307692307693,0.20310900140736995,3.8846153846153846,0.057493401603544665,PR,loanda,2018-03-10 21:24:16,garden_tools,0.9230769230769231,88.97473554903803,92.3,91.1,90.9,94.5,72.1,1757,PREFERRED,0
1caf283236cd69af44cbc09a0a1e7d32,33,0.09090909090909091,13.810502244668912,25.318449074074078,27.80606060606061,18.565151515151513,0.8574687267237647,4.606060606060606,0.07281478851444527,RJ,nova iguacu,2018-07-26 19:41:13,toys,0.9090909090909091,88.96994968357193,90.9,88.1,93.3,76.0,90.2,1758,PREFERRED,0
dc4a0fc896dc34b0d5bfec8438291c80,221,0.06787330316742081,13.924537560750796,11.258715277777778,109.41316742081449,20.687239819004525,0.2383493907961661,3.841628959276018,0.06645225959675997,SP,ibitinga,2018-08-20 12:55:19,bed_bath_table,0.9321266968325792,88.96221682760238,93.2,89.4,93.3,93.5,71.0,1759,PREFERRED,0
5dceca129747e92ff8ef7a997dc4f8ca,320,0.0625,11.618235026041667,8.291625,348.21131249999996,42.714,0.22817425754293344,4.022151898734177,0.0890779323328031,SP,santa barbara d´oeste,2018-06-25 22:59:03,luggage_accessories,0.9375,88.95542869883229,93.8,85.0,94.5,93.8,75.6,1760,PREFERRED,0
54a1852d1b8f10312c55e906355666ee,198,0.09595959595959595,11.496459736251403,11.380966739766082,86.23464646464646,16.99313131313131,0.2260207357039185,4.355329949238579,0.09107199420358207,SP,santa barbara d'oeste,2018-08-21 19:49:42,sports_leisure,0.9040404040404041,88.9540122615774,90.4,84.6,94.5,93.9,83.9,1761,PREFERRED,0
2ea0861cc19e94cad86438c984c52da4,5,0.0,5.0607291666666665,0.0,31.160000000000004,9.754,0.33670077469345566,3.8,0.12185489344336224,SP,sao paulo,2018-06-24 02:18:59,housewares,1.0,88.95285316004576,100.0,78.7,98.0,90.8,70.0,1762,PREFERRED,1
483ca627d131e18f988349b1655c0acd,1,0.0,15.342986111111111,0.0,264.0,19.73,0.07473484848484849,5.0,0.21430264286861944,SP,mogi mirim,2018-03-27 16:37:34,health_beauty,1.0,88.94918401762222,100.0,61.0,92.5,98.2,100.0,1763,PREFERRED,1
e503f22be6a4f456d9851920a5d9c670,2,0.0,5.669965277777777,0.0,99.45,16.22,0.17103205582445563,4.0,0.14649227389568856,SP,sao paulo,2018-08-14 15:12:04,drinks,1.0,88.94406670154207,100.0,74.0,97.6,95.5,75.0,1764,PREFERRED,1
56642bcb79900e777d68e91915cb4267,48,0.08333333333333333,12.484718364197532,13.851047453703705,76.20083333333334,16.961458333333333,0.2937893850852021,4.0625,0.07197303770029424,SP,sao paulo,2018-07-26 12:56:16,health_beauty,0.9166666666666666,88.94202796075807,91.7,88.3,94.0,92.0,76.6,1765,PREFERRED,0
de23c3b98a88888289c6f5cc1209054a,161,0.09937888198757763,10.952872455141478,7.25357421875,162.3227950310559,16.60962732919255,0.11931183168676059,4.291925465838509,0.09143223269656821,SP,sao paulo,2018-08-09 09:45:06,toys,0.9006211180124224,88.92533615070577,90.1,84.6,94.8,96.9,82.3,1766,PREFERRED,0
e84ad2127668df3aafc6b73531a0beb8,19,0.05263157894736842,10.564939692982456,8.531018518518518,51.94736842105263,15.091052631578949,0.4061711945180089,4.368421052631579,0.11536986826866158,SP,sao paulo,2018-08-08 13:37:57,cool_stuff,0.9473684210526316,88.91825678604428,94.7,80.0,95.0,88.8,84.2,1767,PREFERRED,0
b7ed9fb14c8eadb37adb9c45d67ab0fb,7,0.0,12.563201058201058,0.0,80.85714285714286,31.678571428571427,0.35762484471376105,3.2857142857142856,0.06885963933031014,SP,jacarei,2018-07-27 20:09:23,stationery,1.0,88.90753731876683,100.0,88.9,94.0,90.2,57.1,1768,PREFERRED,1
2e13c71026e1a39ba5cc1b86dcb679aa,23,0.08695652173913043,10.730386976650564,3.8808101851851853,161.6086956521739,21.51304347826087,0.16746139991571712,4.521739130434782,0.1166551092549394,SP,sao paulo,2018-08-23 17:29:25,sports_leisure,0.9130434782608696,88.89446903551492,91.3,79.7,95.0,95.6,88.0,1769,PREFERRED,0
17e34d8224d27a541263c4c64b11a56b,247,0.08502024291497975,14.273879142300196,11.58038855820106,220.97238866396762,20.78975708502024,0.16951822096479172,4.253061224489796,0.09105573671346762,SP,riberao preto,2018-08-20 11:27:27,perfumery,0.9149797570850202,88.89365560966397,91.5,84.6,93.1,95.5,81.3,1770,PREFERRED,0
c7dcd301ecfe5ab7f778ac172cf74be7,3,0.0,25.347723765432097,0.0,135.93,16.8,0.21732431008903186,3.0,0.03391892746068632,MG,belo horizonte,2016-10-04 23:26:51,health_beauty,1.0,88.89182358768322,100.0,95.6,87.2,94.1,50.0,1771,PREFERRED,1
8581055ce74af1daba164fdbd55a40de,377,0.10079575596816977,13.126087717359269,10.16406980994152,169.19262599469496,24.92538461538462,0.1606400782781033,4.3111702127659575,0.08693060457949423,SP,guarulhos,2018-04-18 20:55:32,auto,0.8992042440318302,88.87352694143021,89.9,85.4,93.7,95.8,82.8,1772,PREFERRED,0
c847e075301870dd144a116762eaff9a,41,0.0975609756097561,16.930350327461607,46.50921875,371.9219512195122,26.650731707317075,0.2236666101816164,4.2,0.0707196105120504,MG,uberaba,2018-01-10 11:38:12,cool_stuff,0.9024390243902439,88.86524149054257,90.2,88.5,91.7,94.0,80.0,1773,PREFERRED,0
ff82e8873fba613f2261a9acc896fd84,4,0.0,9.54111400462963,0.0,31.150000000000002,14.7325,0.6712908632513607,3.5,0.0731859718996643,MG,itabira,2018-02-16 19:30:29,baby,1.0,88.85403662236419,100.0,88.1,95.6,81.3,62.5,1774,PREFERRED,1
0d4c8269e7f0401201794deef160edd6,3,0.0,17.420385802469138,0.0,264.2133333333333,33.13,0.1085206075139864,3.6666666666666665,0.10650418648612368,SP,ribeirao preto,2017-11-07 17:17:18,auto,1.0,88.85310274794163,100.0,81.7,91.4,97.2,66.7,1775,PREFERRED,1
fe1bbc5feda5c8979a8a1b3b2512d5a6,9,0.1111111111111111,11.927600308641976,3.658275462962963,80.52444444444444,15.28111111111111,0.24917963856068148,3.888888888888889,0.04365618697420684,MG,arinos,2017-07-14 17:24:41,sports_leisure,0.8888888888888888,88.84640090718582,88.9,93.7,94.3,93.2,72.2,1776,PREFERRED,1
baa49d93c8c8841e27400a300f5d74b2,6,0.16666666666666666,12.282937885802468,0.6386458333333334,41.06666666666666,14.67,0.35887853963266375,4.5,0.04393096427155265,SC,sao jose,2017-06-05 12:57:58,sports_leisure,0.8333333333333334,88.84091541788858,83.3,93.7,94.1,90.1,87.5,1777,PREFERRED,1
c0aff2da32c17759d30b22fb0af6649d,4,0.0,7.762465277777778,0.0,47.2,20.8825,0.8140778002188,3.75,0.08762835249500656,SC,florianopolis,2018-08-22 15:27:49,stationery,1.0,88.83579990320285,100.0,85.3,96.5,77.2,68.8,1778,PREFERRED,1
81f89e42267213cb94da7ddc301651da,45,0.0,7.498508487654321,0.0,86.35555555555555,16.994,0.20903163608428244,3.7333333333333334,0.12283753863089739,SP,presidente prudente,2018-08-27 18:45:54,perfumery,1.0,88.82421875259752,100.0,78.5,96.7,94.4,68.3,1779,PREFERRED,0
8a432f4e5b471f8da497d7dc517666e2,93,0.053763440860215055,7.790131795101553,3.8013263888888886,82.08279569892473,21.339032258064517,0.28013218891651626,4.239130434782608,0.1186216024608281,SP,presidente prudente,2018-08-28 11:16:37,bed_bath_table,0.946236559139785,88.8162894336805,94.6,79.4,96.5,92.4,81.0,1780,PREFERRED,0
f45122a9ab94eb4f3f8953578bc0c560,179,0.0782122905027933,12.76398251603559,11.170131448412699,120.14178770949721,18.05050279329609,0.2582308687007792,4.011173184357542,0.07599210873698763,SP,piracicaba,2018-08-22 09:39:57,pet_shop,0.9217877094972067,88.8149202507979,92.2,87.5,93.9,93.0,75.3,1781,PREFERRED,0
08633c14ef2db992c11f840f04fad4cd,73,0.0684931506849315,10.056839326484019,7.0858032407407405,104.8013698630137,19.74232876712329,0.24223241099756232,4.383561643835616,0.11771423138024478,SP,ribeirao pires,2018-08-24 14:57:19,sports_leisure,0.9315068493150684,88.81315628625156,93.2,79.5,95.3,93.4,84.6,1782,PREFERRED,0
77714512e8d4dda9c234da8e3faf16e4,4,0.0,12.183356481481482,0.0,60.849999999999994,26.395,0.40365507289004904,4.25,0.14424405813047886,SP,guarulhos,2018-08-15 17:34:38,construction_tools_construction,1.0,88.81128284393192,100.0,74.4,94.2,88.9,81.2,1783,PREFERRED,1
ccc4bbb5f32a6ab2b7066a4130f114e3,184,0.07608695652173914,15.867033640297906,15.698607804232806,397.7479347826087,28.30271739130435,0.0754464967427538,4.3224043715847,0.10766116662373902,PR,curitiba,2018-08-21 20:53:43,health_beauty,0.9239130434782609,88.81100546780144,92.4,81.5,92.2,98.2,83.1,1784,PREFERRED,0
c7246702dc991a06d788120dc7544391,1,0.0,20.98670138888889,0.0,54.86,17.66,0.3219103171709807,5.0,0.1932291549004803,CE,fortaleza,2018-02-19 22:45:39,cool_stuff,1.0,88.80873494340172,100.0,65.1,89.5,91.2,100.0,1785,PREFERRED,1
56db5c0782e8f7ddc9343f9576ff6d16,2,0.0,9.917291666666667,0.0,367.4,28.575,0.08641957627204319,3.0,0.06904501770453356,SC,palhoca,2018-08-07 20:45:25,air_conditioning,1.0,88.80719903562499,100.0,88.9,95.4,97.9,50.0,1786,PREFERRED,1
c714262700f93defc16bf17a51a4cb23,4,0.0,10.20859375,0.0,118.94749999999999,21.3325,0.2005659402182537,3.75,0.12080472543604101,SP,sao paulo,2018-05-15 00:50:44,cool_stuff,1.0,88.792653816069,100.0,78.9,95.2,94.6,68.8,1787,PREFERRED,1
f457c46070d02cadd8a68551231220dd,186,0.06451612903225806,14.661757516925528,10.43870949074074,104.88462365591398,20.60252688172043,0.204562910332532,3.924731182795699,0.07985457837719516,PR,maringa,2018-06-30 13:24:32,computers_accessories,0.935483870967742,88.78645923969262,93.5,86.8,92.9,94.5,73.1,1788,PREFERRED,0
96804ea39d96eb908e7c3afdb671bb9e,36,0.027777777777777776,13.049579796810699,7.9410185185185185,98.05277777777778,19.859722222222224,1.376929616615214,4.222222222222222,0.06325751972832007,MG,ibia,2018-04-24 20:15:21,sports_leisure,0.9722222222222222,88.78451994955174,97.2,90.0,93.7,61.2,80.6,1789,PREFERRED,0
0afccdb8a34ee5c79f7c06faf2b4d56e,24,0.08333333333333333,13.473533468364197,8.815219907407407,49.4,15.47875,0.3488641808322875,4.086956521739131,0.07227249483039272,MG,uberlandia,2018-04-07 13:48:17,telephony,0.9166666666666666,88.78448490816933,91.7,88.2,93.5,90.4,77.2,1790,PREFERRED,0
4e06067cc08b3f41d837768d392c3ee3,30,0.03333333333333333,10.446677469135803,28.742291666666667,31.157333333333334,19.075,1.0329244850205141,4.2,0.0822647730843919,MG,betim,2018-08-04 19:38:07,perfumery,0.9666666666666667,88.77917761880373,96.7,86.3,95.1,71.0,80.0,1791,PREFERRED,0
5d9dc90a686a8fddacffab6bab5653a3,12,0.08333333333333333,8.628353587962962,2.939560185185185,313.495,30.7775,0.17216392018063542,4.166666666666667,0.09719749441310732,SP,santana de parnaiba,2018-08-15 17:00:49,sports_leisure,0.9166666666666666,88.7758301543849,91.7,83.5,96.1,95.4,79.2,1792,PREFERRED,0
13f57c12a00ed4610db646b913a7f5c6,7,0.14285714285714285,12.374728835978837,2.528773148148148,92.17142857142858,25.135714285714283,0.2617894957786095,4.857142857142857,0.09636450002116727,SP,santos,2018-05-04 06:35:42,auto,0.8571428571428572,88.7694822965787,85.7,83.6,94.1,92.9,96.4,1793,PREFERRED,1
70c0fda4c313d87115644d39e62eec60,1,0.0,9.881921296296296,0.0,25.99,37.09,1.42708734128511,5.0,0.1472227802481545,PE,caruaru,2018-08-04 15:27:00,housewares,1.0,88.75990150873058,100.0,73.9,95.4,59.8,100.0,1794,PREFERRED,1
42b729f859728f5079499127a9c2ef37,102,0.0784313725490196,7.889164737654321,7.900257523148149,40.261372549019605,12.6678431372549,0.34400062663231024,4.514851485148514,0.11942433433387585,SP,sao paulo,2018-08-23 13:23:25,health_beauty,0.9215686274509804,88.75929288957546,92.2,79.2,96.5,90.5,87.9,1795,PREFERRED,0
a2e874074c877c5a05abae80ad6e488f,40,0.05,19.23790740740741,7.671863425925926,183.875,27.633499999999998,0.273662343336445,4.25,0.10487552815073622,SP,sao jose do rio preto,2018-08-26 07:54:47,housewares,0.95,88.75550447402328,95.0,82.0,90.4,92.5,81.2,1796,PREFERRED,0
f626e15b7314c267e4429010866f70e9,5,0.0,9.946752314814814,0.0,38.709999999999994,25.094,0.6727881094277304,3.8,0.0979811339471107,SP,marechal candido rondon,2018-07-30 20:48:59,food_drink,1.0,88.75451849382205,100.0,83.3,95.4,81.2,70.0,1797,PREFERRED,1
232a6014e7b10cba61c6c2b2ea6bb4b0,32,0.0625,13.599160156249999,3.6612673611111113,119.37406250000001,37.4084375,0.39696935220109475,4.15625,0.0906024001319476,SP,cafelandia,2018-07-20 10:39:19,pet_shop,0.9375,88.74876222044874,93.8,84.7,93.4,89.0,78.9,1798,PREFERRED,0
432c37c9dfba871172ec162e20118b8c,44,0.09090909090909091,14.598831281565657,6.45451099537037,60.906136363636364,21.24840909090909,0.4625533908219095,4.25,0.07166153318705436,DF,brasilia,2018-04-12 22:26:18,cool_stuff,0.9090909090909091,88.74793252322901,90.9,88.4,92.9,87.2,81.2,1799,PREFERRED,0
f7720c4fa8e3aba4546301ab80ea1f1b,57,0.05263157894736842,11.041904848927874,16.65266975308642,35.20789473684211,22.309473684210527,0.7647694396748165,4.2894736842105265,0.09072365622141661,PR,curitiba,2018-08-17 18:16:56,furniture_decor,0.9473684210526316,88.7475781688815,94.7,84.7,94.8,78.6,82.2,1800,PREFERRED,0
43753b27d77860f1654aa72e251a7878,1,0.0,27.33425925925926,0.0,23.9,42.38,1.773221757322176,5.0,0.09813179764729205,BA,barro alto,2017-09-08 12:12:48,furniture_decor,1.0,88.74211266441951,100.0,83.3,86.2,50.0,100.0,1801,PREFERRED,1
6eb94e1466490d327a09abf8f3552a50,9,0.1111111111111111,8.174558899176954,0.6066898148148148,152.55,23.80777777777778,0.15970707089095504,4.75,0.12485094830178434,SP,jundiai,2018-08-23 13:05:40,health_beauty,0.8888888888888888,88.73757272800214,88.9,78.2,96.3,95.8,93.8,1802,PREFERRED,1
c4f7fee5b0db50e87766f5a4d1b1b758,5,0.0,11.528446759259259,0.0,552.406,30.538,0.1161837814585022,4.0,0.14439193258719615,SP,sorocaba,2018-04-17 20:37:20,costruction_tools_tools,1.0,88.73451767084927,100.0,74.4,94.5,97.0,75.0,1803,PREFERRED,1
bba3293d6f5d5af2f415e004e8b93ae3,17,0.058823529411764705,12.072742374727667,9.643622685185186,688.3588235294118,19.217058823529413,0.03260676580573223,4.294117647058823,0.1284897979149264,SP,sao paulo,2018-06-22 22:17:39,health_beauty,0.9411764705882353,88.734442638956,94.1,77.5,94.2,99.4,82.4,1804,PREFERRED,0
9c0e69c7bf2619675bbadf47b43f655a,142,0.11267605633802817,14.747309761345852,20.484186197916667,228.92901408450703,18.965985915492958,0.09915424450649754,4.219858156028369,0.07506382728457121,SP,sao jose dos campos,2018-05-29 13:47:34,computers_accessories,0.8873239436619719,88.72943988661903,88.7,87.7,92.8,97.5,80.5,1805,PREFERRED,0
729b2d09b2a0bdab221076327f13d050,48,0.08333333333333333,12.483082320601852,4.892413194444444,37.60854166666667,19.472916666666666,0.5548513216340757,4.5625,0.10020394379353172,SP,mineiros do tiete,2018-08-21 12:27:17,health_beauty,0.9166666666666666,88.72371898257603,91.7,82.9,94.0,84.6,89.1,1806,PREFERRED,0
3aa3c89ae3cd482385568be76120f63c,1,0.0,10.831493055555555,0.0,29.9,19.04,0.6367892976588628,4.0,0.1150599833503367,GO,goiania,2018-06-07 22:36:29,auto,1.0,88.71802011995614,100.0,80.0,94.9,82.2,75.0,1807,PREFERRED,1
c8417879a15366a17c30af34c798c332,24,0.125,9.402091531635802,0.9035030864197532,70.69583333333333,18.3775,0.47077086220907893,4.260869565217392,0.05637263207346954,SP,sao paulo,2017-09-28 20:11:40,garden_tools,0.875,88.71794072653232,87.5,91.3,95.7,87.0,81.5,1808,PREFERRED,0
5f2684dab12e59f83bef73ae57724e45,67,0.05970149253731343,10.647301340519624,15.412702546296298,132.40253731343284,16.563432835820894,0.1469143522699615,3.791044776119403,0.08459137324103108,SP,sao paulo,2018-08-29 12:25:59,toys,0.9402985074626866,88.70947997624671,94.0,85.9,95.0,96.1,69.8,1809,PREFERRED,0
c026ef0d72e9132d9fa112308090c8dc,1,0.0,11.181145833333334,0.0,520.0,37.72,0.07253846153846154,4.0,0.14834582583995812,RJ,rio de janeiro,2018-08-05 11:38:06,home_construction,1.0,88.69653942583217,100.0,73.7,94.7,98.3,75.0,1810,PREFERRED,1
a53f60f05f822b5c621a50ff6a5cb362,4,0.0,11.473101851851853,0.0,103.85000000000001,32.2825,0.5158081424346739,3.6666666666666665,0.09564591082498007,MG,uberlandia,2018-08-17 22:35:51,furniture_decor,1.0,88.69049834654817,100.0,83.8,94.6,85.7,66.7,1811,PREFERRED,1
9b013e03b2ab786505a1d3b5c0756754,168,0.05952380952380952,8.581075011022929,6.697121527777777,51.91047619047619,15.32184523809524,0.42918337329663475,4.233532934131737,0.10668689448641593,SP,vicente de carvalho,2018-08-27 14:54:22,health_beauty,0.9404761904761905,88.67966926051419,94.0,81.6,96.1,88.1,80.8,1812,PREFERRED,0
4978a02ea9c8be7a9b5480680f40334e,17,0.0,5.173650599128541,0.0,137.62470588235294,18.801176470588235,0.21399984784573195,3.5294117647058822,0.11352821236927847,SP,sao paulo,2018-08-05 11:58:34,construction_tools_construction,1.0,88.67631040699968,100.0,80.3,97.9,94.2,63.2,1813,PREFERRED,0
e433f5fd4050e3352b5d83522b7fe24b,1,0.0,7.448333333333333,0.0,548.06,48.71,0.08887713024121448,4.0,0.15407382981626447,PR,arapongas,2018-08-23 11:45:59,home_construction,1.0,88.6725349018518,100.0,72.6,96.7,97.8,75.0,1814,PREFERRED,1
651fe66032c9520ee5587f694908040d,7,0.0,6.706140873015873,0.0,66.28571428571429,18.389999999999997,0.3357417818676272,4.0,0.140708211292128,RS,alvorada,2018-08-21 21:32:17,fashion_bags_accessories,1.0,88.67142009314009,100.0,75.1,97.1,90.8,75.0,1815,PREFERRED,1
70eea00b476a314817cefde4aad4f89a,105,0.0761904761904762,13.465943342151675,9.84773292824074,298.6452380952381,26.116952380952384,0.15445249136976172,4.403846153846154,0.11624283114265838,SP,itatiba,2018-08-22 20:43:48,sports_leisure,0.9238095238095239,88.66833880191452,92.4,79.8,93.5,95.9,85.1,1816,PREFERRED,0
fd435faa3c0422b60440ea3480d0e77c,1,0.0,9.468483796296296,0.0,749.0,133.87,0.17873164218958612,5.0,0.22381306600024575,PB,joao pessoa,2018-08-20 07:36:53,electronics,1.0,88.66549916089141,100.0,59.2,95.6,95.2,100.0,1817,PREFERRED,1
d91fb3b7d041e83b64a00a3edfb37e4f,524,0.06297709923664122,11.27949595349166,3.7821650533108864,76.19540076335878,17.286374045801526,0.41989109155914117,4.139102564102564,0.09315125217390827,SP,praia grande,2018-08-24 17:59:20,home_appliances,0.9370229007633588,88.66503590128039,93.7,84.2,94.7,88.4,78.5,1818,PREFERRED,0
373ee4a3a775a733770ca3f790b8b9ac,13,0.07692307692307693,10.0089155982906,14.408726851851851,164.73,22.33230769230769,0.3046060816929334,3.923076923076923,0.07509430862146901,RJ,rio de janeiro,2018-05-08 14:23:15,sports_leisure,0.9230769230769231,88.6601640283319,92.3,87.7,95.3,91.7,73.1,1819,PREFERRED,0
a7a9b880c49781da66651ccf4ba9ac38,3,0.0,9.482303240740741,0.0,102.53333333333335,21.823333333333334,0.22122487021137469,3.6666666666666665,0.1171524237438209,SP,itirapina,2018-07-06 11:54:40,bed_bath_table,1.0,88.65427364978252,100.0,79.6,95.6,94.0,66.7,1820,PREFERRED,1
343e716476e3748b069f980efbaa294e,16,0.0625,13.03556495949074,2.9605439814814813,54.793749999999996,18.939375,0.35331167765124,4.266666666666667,0.10503802679108071,SP,campinas,2018-08-10 08:00:25,books_general_interest,0.9375,88.63986609775463,93.8,82.0,93.7,90.3,81.7,1821,PREFERRED,0
7b3f6ce5c6c22e9b96e7581ebf0df6e1,1,0.0,10.947905092592592,0.0,29.8,12.69,0.4258389261744966,3.0,0.05093037760343147,SP,tambau,2017-12-09 19:07:28,unknown,1.0,88.63002553172367,100.0,92.3,94.8,88.2,50.0,1822,PREFERRED,1
b32be1695eb7ec5f10f72d9610a12527,44,0.045454545454545456,12.276737163299662,1.4956712962962964,603.9772727272727,66.76545454545455,0.1629316757372644,4.1395348837209305,0.12038777383114109,RS,caxias do sul,2018-08-13 12:59:34,kitchen_dining_laundry_garden_furniture,0.9545454545454546,88.62482756830504,95.5,79.0,94.1,95.7,78.5,1823,PREFERRED,0
808d4348b916efa08e766ebad39f61eb,20,0.05,7.961432870370371,4.977430555555555,35.6475,13.429499999999999,0.594035632648177,4.6,0.1348110778168357,SP,sao paulo,2018-08-22 10:41:47,perfumery,0.95,88.62120843293627,95.0,76.2,96.4,83.5,90.0,1824,PREFERRED,0
ed4311e67debd72b8610a5347a743087,25,0.08,7.809243981481481,2.82849537037037,145.44,28.272399999999998,0.20160430691371506,4.625,0.13863414213140174,SP,guarulhos,2018-08-28 16:33:22,housewares,0.92,88.60747144161327,92.0,75.5,96.5,94.6,90.6,1825,PREFERRED,0
e5a38146df062edaf55c38afa99e42dc,119,0.09243697478991597,12.246709850606909,13.179166666666667,127.99235294117648,15.789747899159664,0.16893547972742176,4.0,0.0752490885934343,SP,sao paulo,2018-08-21 17:33:29,housewares,0.907563025210084,88.60527723159942,90.8,87.7,94.2,95.5,75.0,1826,PREFERRED,0
fbc14c0cf93505ef89f64665ffa4a7b5,17,0.058823529411764705,11.464373638344226,5.858888888888889,713.7547058823529,26.701176470588237,0.05641491337143029,4.125,0.11764328320458248,SP,serrana,2018-08-08 21:34:09,fixed_telephony,0.9411764705882353,88.60075650144982,94.1,79.5,94.6,98.7,78.1,1827,PREFERRED,0
25c5c91f63607446a97b143d2d535d31,153,0.0718954248366013,14.523522981723554,8.074965277777778,348.87529411764706,45.38464052287582,0.14854906188496358,3.888157894736842,0.07921339917997289,MG,itauna,2018-03-28 11:26:02,computers_accessories,0.9281045751633987,88.59169478036068,92.8,86.9,92.9,96.1,72.2,1828,PREFERRED,0
6fa9202c10491e472dffd59a3e82b2a3,3,0.0,8.464201388888888,0.0,2338.08,308.33666666666664,0.13187601222655626,4.333333333333333,0.17765426070557033,SP,sorocaba,2018-08-13 14:07:50,housewares,1.0,88.58992980077711,100.0,68.0,96.2,96.6,83.3,1829,PREFERRED,1
f9903dd0f812c7e771fcad47b6fff231,9,0.0,14.593449074074073,0.0,180.76333333333332,44.71,0.37658379474286396,3.4444444444444446,0.08346711354667163,SC,blumenau,2018-07-08 19:09:12,construction_tools_lights,1.0,88.58765460362703,100.0,86.1,92.9,89.6,61.1,1830,PREFERRED,1
ac6417315ae5da8f9a38ee11de6f7780,7,0.14285714285714285,11.468726851851853,4.897731481481482,102.34285714285714,19.245714285714286,0.22084372096129276,4.142857142857143,0.04820501180400093,SP,aruja,2018-03-27 11:44:20,garden_tools,0.8571428571428572,88.58661594998128,85.7,92.8,94.6,94.0,78.6,1831,PREFERRED,1
4830e40640734fc1c52cd21127c341d4,200,0.07,10.040145428240741,5.291987433862434,47.376549999999995,14.9583,0.37968438341125016,4.24,0.1020087911790765,SP,sao paulo,2018-08-27 17:32:01,housewares,0.9299999999999999,88.58584376386473,93.0,82.5,95.3,89.5,81.0,1832,PREFERRED,0
c70c1b0d8ca86052f45a432a38b73958,259,0.08494208494208494,8.064343316530817,5.804398148148148,140.0916216216216,15.014054054054053,0.1092490937744445,4.365758754863813,0.12034884031493187,SP,hortolandia,2018-08-29 08:46:11,health_beauty,0.915057915057915,88.58024067791145,91.5,79.0,96.4,97.2,84.1,1833,PREFERRED,0
519a7aa428f18d125a283cf8c014fdd6,3,0.0,7.4835262345679014,0.0,26.566666666666663,24.366666666666664,0.927070601245562,4.0,0.10648445703889182,SC,rio do oeste,2018-07-30 21:54:00,furniture_living_room,1.0,88.57138709527968,100.0,81.7,96.7,74.0,75.0,1834,PREFERRED,1
cbd996ad3c1b7dc71fd0e5f5df9087e2,160,0.0875,12.850710575810186,14.171894014550263,51.843125,17.467125000000003,0.4136297287821743,4.210191082802548,0.0805195802082947,SP,sao jose do rio preto,2018-08-27 22:12:59,food,0.9125,88.5713764143905,91.2,86.7,93.8,88.6,80.3,1835,PREFERRED,0
dbec9a0a7efeff029d4d9dce7dc4cc95,3,0.0,11.927997685185185,0.0,390.0,39.53,0.1008222079589217,4.0,0.14807782027194283,MG,belo horizonte,2018-08-14 18:15:54,furniture_decor,1.0,88.5697364821447,100.0,73.7,94.3,97.5,75.0,1836,PREFERRED,1
9200e6ce317b67196b6b0bad4d4bd567,1,0.0,16.296388888888888,0.0,36.9,14.52,0.3934959349593496,3.0,0.045717606144318704,RJ,rio de janeiro,2017-03-25 10:31:25,furniture_decor,1.0,88.5462919874868,100.0,93.3,92.0,89.1,50.0,1837,PREFERRED,1
4677a5437afda5fa7140b927b07be1cc,11,0.09090909090909091,12.510571338383839,1.6143055555555557,310.5181818181818,38.18181818181818,0.15204591607650764,4.363636363636363,0.10665379074781654,PR,japira,2018-08-09 14:20:29,auto,0.9090909090909091,88.5446356721903,90.9,81.6,94.0,96.0,84.1,1838,PREFERRED,0
2d22fc3089eb907b29ebff50581fb472,3,0.0,9.620108024691358,0.0,105.90000000000002,19.896666666666665,0.18842690434559464,3.6666666666666665,0.12116268341492568,RJ,macae,2018-04-29 18:43:21,home_construction,1.0,88.54424149551787,100.0,78.9,95.5,95.0,66.7,1839,PREFERRED,1
8ea394aed8138685abe1eb9f25e1021d,2,0.0,11.29025462962963,0.0,670.0,38.8,0.05791044776119403,4.0,0.1524508303793562,SP,sorocaba,2018-06-07 11:31:23,signaling_and_security,1.0,88.53268925859051,100.0,72.9,94.7,98.7,75.0,1840,PREFERRED,1
0d33a55da925bbf1ff02af5f6059fc7f,20,0.05,8.71004861111111,5.780972222222222,24.765,16.9465,0.7238564670652864,4.4,0.11208332270230179,SP,sao paulo,2018-08-01 12:32:19,books_technical,0.95,88.53225622554375,95.0,80.6,96.0,79.8,85.0,1841,PREFERRED,0
ea65d8b58316a6f2362f2a9e4b3e86ad,9,0.0,8.413410493827161,0.0,229.04444444444445,25.646666666666665,0.30689908506154084,4.0,0.1425288713819403,SP,campinas,2018-08-25 12:13:10,computers_accessories,1.0,88.53028251650848,100.0,74.8,96.2,91.6,75.0,1842,PREFERRED,1
b2ba3715d723d245138f291a6fe42594,322,0.09006211180124224,14.124115194386933,7.923671775223501,152.92012422360247,19.520776397515526,0.18472561168257165,4.210031347962382,0.09117200250594741,SP,sao paulo,2018-08-22 08:25:48,stationery,0.9099378881987578,88.51901220597273,91.0,84.6,93.2,95.1,80.3,1843,PREFERRED,0
4992e76a42cb3aad7a7047e0d3d7e729,52,0.07692307692307693,8.047769987535613,3.4491608796296296,39.474999999999994,18.23519230769231,0.4857941187752246,3.9423076923076925,0.07235576704292063,SP,sao paulo,2018-08-13 20:53:44,housewares,0.9230769230769231,88.50527747805774,92.3,88.2,96.4,86.5,73.6,1844,PREFERRED,0
870d0118f7a9d85960f29ad89d5d989a,43,0.046511627906976744,14.780152885443584,23.167100694444443,70.9839534883721,28.213023255813955,0.46785520417138016,4.093023255813954,0.09654930028543413,MG,pocos de caldas,2018-08-27 09:19:09,furniture_living_room,0.9534883720930233,88.49126576718317,95.3,83.6,92.8,87.0,77.3,1845,PREFERRED,0
d1ef48b38baca7e831711c4a0aeb398f,27,0.1111111111111111,9.80408864883402,2.318622685185185,52.07925925925925,23.374444444444446,0.6405863098412327,4.555555555555555,0.08364026245148767,PR,apucarana,2018-07-25 21:14:25,small_appliances,0.8888888888888888,88.48880165245195,88.9,86.1,95.4,82.1,88.9,1846,PREFERRED,0
9cea4682e16655f7da87f406902e989e,4,0.0,10.071336805555555,0.0,21.939999999999998,32.8675,1.517482557277314,4.0,0.06895240763183952,PR,araucaria,2018-02-02 23:31:10,stationery,1.0,88.4885150221955,100.0,88.9,95.3,57.3,75.0,1847,PREFERRED,1
d180e07dc1e58c31c3f0cd599dc4d945,1,0.0,7.997523148148148,0.0,58.8,14.16,0.24081632653061225,3.0,0.06979560080418029,MG,belo horizonte,2018-01-26 14:08:25,unknown,1.0,88.48575650939395,100.0,88.7,96.4,93.5,50.0,1848,PREFERRED,1
236585a4ddb5fea9fa40233e2249ed91,11,0.09090909090909091,13.136474116161617,5.677615740740741,59.04818181818182,17.10363636363636,0.2922600231638933,4.090909090909091,0.07744689679485374,RS,caxias do sul,2018-08-09 23:21:52,computers_accessories,0.9090909090909091,88.47365724378781,90.9,87.2,93.7,92.0,77.3,1849,PREFERRED,0
c53bcd3be457a342a97e39e5a9f0be22,5,0.0,12.383395833333333,0.0,119.88000000000002,43.257999999999996,0.36927116609929056,3.2,0.07093078497685515,SE,neopolis,2018-07-22 20:44:34,bed_bath_table,1.0,88.4681219798722,100.0,88.5,94.1,89.8,55.0,1850,PREFERRED,1
6f892e20a171e98efe17fdb971ff319b,41,0.0975609756097561,17.35576219512195,10.315228587962963,147.53658536585365,20.91439024390244,0.17617974998307584,4.15,0.0772085080218504,SP,sao paulo,2017-12-04 08:36:15,telephony,0.9024390243902439,88.46776350113079,90.2,87.3,91.4,95.3,78.8,1851,PREFERRED,0
623ad9d0c1e14bb5464a8c72bff7b4af,1,0.0,24.09232638888889,0.0,95.0,38.96,0.41010526315789475,4.0,0.11175336026439903,MG,claudio,2018-05-13 20:05:37,unknown,1.0,88.46529831943852,100.0,80.7,87.9,88.7,75.0,1852,PREFERRED,1
6d66611d7c44cc30ce351abc49a68421,163,0.06134969325153374,12.089881205975914,6.701478009259259,82.92331288343559,20.16920245398773,0.28821276604747564,3.987577639751553,0.09331443438868085,SP,sao paulo,2018-08-25 11:43:42,musical_instruments,0.9386503067484663,88.4551806460632,93.9,84.2,94.2,92.1,74.7,1853,PREFERRED,0
cea729054f157f5870bdd321a958d994,24,0.041666666666666664,7.273115837191358,1.817175925925926,106.53708333333333,15.566666666666668,0.2944710334446139,4.125,0.12623307261481936,SP,sao paulo,2018-08-13 13:59:20,sports_leisure,0.9583333333333334,88.44741793464641,95.8,77.9,96.8,92.0,78.1,1854,PREFERRED,0
e9bc59e7b60fc3063eb2290deda4cced,203,0.11330049261083744,14.355142936964057,6.451637479871175,162.84748768472906,22.40679802955665,0.1664327292116991,4.1182266009852215,0.06924661593389313,PR,maringa,2018-08-16 16:37:43,computers_accessories,0.8866995073891626,88.44545628787533,88.7,88.8,93.0,95.6,78.0,1855,PREFERRED,0
d297f1055de2956aedfd3b04113dce3e,1,0.0,3.8065277777777777,0.0,54.3,7.64,0.1406998158379374,4.0,0.16192655261105596,SP,nova odessa,2018-08-20 22:00:09,agro_industry_and_commerce,1.0,88.4388004088138,100.0,71.1,98.6,96.3,75.0,1856,PREFERRED,1
f664f98bfda2eaf266a23ff144e7a872,2,0.0,2.6854803240740743,0.0,106.94500000000001,26.285,0.23635628705542475,3.0,0.0799622316452462,SP,sao paulo,2017-11-19 20:27:48,pet_shop,1.0,88.43367173481968,100.0,86.8,99.2,93.6,50.0,1857,PREFERRED,1
640e21a7d01df7614a3b4923e990d40c,110,0.07272727272727272,10.306008101851852,16.68060763888889,66.61345454545454,21.519000000000002,0.34519118118975683,4.363636363636363,0.11457505239742902,SP,ibitinga,2018-08-25 20:27:21,bed_bath_table,0.9272727272727272,88.42867612316593,92.7,80.1,95.2,90.5,84.1,1858,PREFERRED,0
f7c31656c19db6275a8acadca289f426,1,0.0,13.381388888888889,0.0,61.56,16.19,0.2629954515919428,3.0,0.06089041063624336,SP,ibitinga,2018-02-15 11:26:40,unknown,1.0,88.42140999105058,100.0,90.4,93.6,92.8,50.0,1859,PREFERRED,1
f88adb15807168d3c43d71021090ce4a,3,0.0,6.365833333333334,0.0,162.93333333333334,17.419999999999998,0.10728610372817622,3.3333333333333335,0.10787874649054925,SP,porto ferreira,2018-08-14 18:06:34,party_supplies,1.0,88.419724165232,100.0,81.4,97.3,97.3,58.3,1860,PREFERRED,1
968268a686aa05d1f529fb07dff08130,12,0.0,9.403155864197531,0.0,389.77416666666664,16.962500000000002,0.058144355445741515,3.5,0.118904943554361,SP,sao paulo,2018-08-10 16:12:00,stationery,1.0,88.41436535166271,100.0,79.3,95.7,98.7,62.5,1861,PREFERRED,0
e24d3429d294b2eb200b064ebb035879,19,0.05263157894736842,7.711454678362573,8.80005787037037,98.87263157894736,19.585263157894737,0.2764194096968461,4.2631578947368425,0.13007486124952633,SP,sao paulo,2018-08-26 04:53:46,health_beauty,0.9473684210526316,88.41403652379886,94.7,77.2,96.6,92.5,81.6,1862,PREFERRED,0
4b9750c8ad28220fe6702d4ecb7c898f,215,0.07906976744186046,9.477784453057708,11.930481345315904,73.21674418604651,15.551581395348839,0.24796428493382766,4.367441860465116,0.11768753758948026,SP,limeira,2018-08-27 12:11:07,baby,0.9209302325581395,88.41358162557273,92.1,79.5,95.6,93.3,84.2,1863,PREFERRED,0
4cc43a222a0f94910728b62b97a8c5f8,1,0.0,14.14508101851852,0.0,108.5,12.26,0.11299539170506913,3.0,0.06881710699716018,SP,ribeirao preto,2018-01-31 14:13:06,perfumery,1.0,88.40654262248168,100.0,88.9,93.1,97.1,50.0,1864,PREFERRED,1
e908c0f3646e8b60375734a350d95d71,1,0.0,27.108946759259258,0.0,2951.0,58.53,0.019833954591663844,4.0,0.13108891034107026,SP,sao paulo,2017-04-05 16:12:50,computers_accessories,1.0,88.40646805106267,100.0,77.0,86.3,99.7,75.0,1865,PREFERRED,1
6650fcccd8cd2f7e55ffa524f30c4c59,2,0.0,8.132112268518519,0.0,192.4,49.77,0.226663042851613,3.0,0.07211123443394904,SP,sao paulo,2017-10-06 16:19:03,luggage_accessories,1.0,88.40426772837624,100.0,88.3,96.3,93.9,50.0,1866,PREFERRED,1
f5f46307a4d15880ca14fab4ad9dfc9b,9,0.1111111111111111,13.349134516460905,7.7912384259259255,158.10444444444445,25.70888888888889,0.1929119301010461,4.111111111111111,0.07156312338578799,SC,rio do sul,2017-11-29 21:51:19,sports_leisure,0.8888888888888888,88.3892617080799,88.9,88.4,93.6,94.8,77.8,1867,PREFERRED,1
ceaec5548eefc6e23e6607c5435102e7,198,0.06060606060606061,13.014988075196408,9.975784143518519,260.10646464646464,31.229242424242425,0.12935004743268,4.2,0.11979949024391796,SP,sao paulo,2018-08-15 20:48:09,cool_stuff,0.9393939393939394,88.38604822422167,93.9,79.1,93.7,96.6,80.0,1868,PREFERRED,0
a5259c149128e82c9d6d46e0c1c812bb,8,0.0,19.34989728009259,0.0,147.7825,54.85875,0.8740352713232267,3.875,0.08403830197525299,RO,ji parana,2018-03-09 10:24:31,auto,1.0,88.38507313007946,100.0,86.0,90.4,75.5,71.9,1869,PREFERRED,1
d6b664fa0667064c6d76394e7848d790,6,0.16666666666666666,17.54533564814815,0.6923611111111111,1013.3333333333334,54.05666666666667,0.05139830458687062,4.833333333333333,0.08902034357365633,SP,araraquara,2018-05-16 12:19:35,garden_tools,0.8333333333333334,88.38463527914391,83.3,85.0,91.3,98.9,95.8,1870,PREFERRED,1
da8622b14eb17ae2831f4ac5b9dab84a,1294,0.07727975270479134,11.229572197535635,10.715269907407405,123.21058732612056,19.054381761978362,0.224358138958948,4.194875776397516,0.10496766586347053,SP,piracicaba,2018-08-28 21:56:30,bed_bath_table,0.9227202472952086,88.3662561172076,92.3,82.0,94.7,93.9,79.9,1871,PREFERRED,0
05d2173d43ea568aa0540eba70d2ca76,62,0.06451612903225806,15.022058878434887,18.522844328703705,92.89774193548386,27.085,0.46727746761928296,4.183333333333334,0.09279101487091143,MG,alfenas,2018-08-12 20:44:16,auto,0.935483870967742,88.36224738020738,93.5,84.3,92.7,87.1,79.6,1872,PREFERRED,0
a938325a4b357fd23a6a4d5bb126408e,23,0.043478260869565216,13.404421296296297,15.78556712962963,138.34782608695653,20.273478260869567,0.17509945629952667,3.9565217391304346,0.11047696142927423,RJ,nilopolis,2018-08-14 14:57:20,auto,0.9565217391304348,88.35836384601677,95.7,80.9,93.5,95.3,73.9,1873,PREFERRED,0
989becdce12ebc39863c2bceab6f3ca1,15,0.13333333333333333,13.739216820987654,0.5610532407407407,420.1933333333333,54.30133333333333,0.21224850987357718,4.8,0.10826424113901001,PR,curitiba,2018-07-26 19:28:07,sports_leisure,0.8666666666666667,88.35046137698194,86.7,81.3,93.4,94.3,95.0,1874,PREFERRED,0
96e5dc09087bad639b4ee193104ec2e5,2,0.0,7.808726851851851,0.0,50.95,26.27,0.9073000386932729,4.5,0.15109617909470796,RJ,bom jardim,2018-08-21 09:12:03,health_beauty,1.0,88.33914045583091,100.0,73.1,96.5,74.6,87.5,1875,PREFERRED,1
8ff1a9df749e454105c55cda13e79143,13,0.0,12.501949786324786,0.0,110.27692307692308,23.346923076923076,0.23682087518917772,3.727272727272727,0.12266344011230859,SP,marilia,2018-06-22 16:18:40,housewares,1.0,88.33313924337303,100.0,78.6,94.0,93.6,68.2,1876,PREFERRED,0
c0098efcf800861dcae589affca31408,9,0.1111111111111111,11.417037037037037,0.6869328703703703,132.14222222222222,20.82888888888889,0.19212312748082228,4.777777777777778,0.1281933516609185,SP,ribeirao preto,2018-07-17 08:06:39,auto,0.8888888888888888,88.33178992031357,88.9,77.5,94.6,94.9,94.4,1877,PREFERRED,1
6e0908ef4d4efadbc3cc2b74ea477cb0,7,0.14285714285714285,13.233920304232806,6.724641203703704,78.63571428571427,21.542857142857144,0.3275689508289628,4.142857142857143,0.04427744716383237,RJ,rio de janeiro,2017-09-01 16:11:40,furniture_decor,0.8571428571428572,88.33159271848277,85.7,93.6,93.6,91.0,78.6,1878,PREFERRED,1
8e6cc767478edae941d9bd9eb778d77a,99,0.08080808080808081,16.698648054620275,9.412387152777779,58.41868686868687,21.00161616161616,0.6373446354099571,4.072164948453608,0.06002079989945966,MG,araguari,2018-06-13 11:37:39,housewares,0.9191919191919192,88.32937079189722,91.9,90.6,91.8,82.2,76.8,1879,PREFERRED,0
5b92bfa4120daa27c574daa2e386c693,1,0.0,16.086435185185184,0.0,14.0,10.96,0.7828571428571429,3.0,0.02758784598238272,SP,sorocaba,2017-02-20 08:30:20,auto,1.0,88.32676574200578,100.0,96.8,92.1,78.1,50.0,1880,PREFERRED,1
72c38a04bd6a1c3dbc5298425a0db86d,4,0.0,8.807887731481483,0.0,161.825,28.3375,0.3085652699044693,3.75,0.12649713041485408,PR,cascavel,2018-07-05 10:00:59,computers_accessories,1.0,88.32482079321032,100.0,77.8,96.0,91.6,68.8,1881,PREFERRED,1
f09b760d23495ac9a7e00d29b769007c,1,0.0,24.0575,0.0,21.9,17.19,0.7849315068493152,4.0,0.09254469464940626,SP,catanduva,2016-10-03 16:56:50,sports_leisure,1.0,88.32478636445478,100.0,84.3,87.9,78.0,75.0,1882,PREFERRED,1
1336efc61c316ddf92c899eb817f7cae,69,0.10144927536231885,11.976776536500267,7.679560185185184,70.48376811594203,20.523623188405796,0.39641964141141367,4.159420289855072,0.07408352075409655,SP,assis,2018-08-16 01:59:55,pet_shop,0.8985507246376812,88.3194589387369,89.9,87.9,94.3,89.1,79.0,1883,PREFERRED,0
6b536a23086fba0d58c08d68814397f6,18,0.05555555555555555,12.088557741769547,21.70340277777778,110.93333333333334,19.985555555555557,0.23249791587422342,4.111111111111111,0.11341332384827932,RJ,niteroi,2018-07-28 23:06:54,sports_leisure,0.9444444444444444,88.31642862156828,94.4,80.3,94.2,93.7,77.8,1884,PREFERRED,0
49cdc90518a4f82676b38b3c1aa43ff6,5,0.0,5.732277777777777,0.0,307.9,16.522,0.06578157309710593,3.8,0.15014766206215313,SP,sao paulo,2018-08-28 17:39:38,auto,1.0,88.3126359198034,100.0,73.3,97.6,98.4,70.0,1885,PREFERRED,1
9596c870880d900012f2e8e6e30d06d7,21,0.047619047619047616,13.834508928571429,9.024756944444444,363.1119047619047,83.16,0.2539665221322643,4.285714285714286,0.1288055650566474,MG,varginha,2018-08-06 13:05:58,construction_tools_construction,0.9523809523809523,88.31173044913534,95.2,77.4,93.3,93.1,82.1,1886,PREFERRED,0
7ea5bfa6c340f58f8e71fc1f0412b0d6,95,0.07368421052631578,13.134111598440546,27.01320767195767,114.11999999999999,17.490105263157893,0.16738817989349572,4.223404255319149,0.11151817987297233,MG,belo horizonte,2018-08-11 12:01:37,baby,0.9263157894736842,88.29545197899458,92.6,80.7,93.7,95.6,80.6,1887,PREFERRED,0
5011f0d93373a4c5753adf58ca77af8d,11,0.09090909090909091,10.800631313131312,28.821979166666665,78.13818181818182,33.06090909090909,0.47108311960280863,4.090909090909091,0.07475173081469855,SP,santos,2018-05-14 14:34:52,food_drink,0.9090909090909091,88.2810811515549,90.9,87.8,94.9,86.9,77.3,1888,PREFERRED,0
c3867b4666c7d76867627c2f7fb22e21,221,0.12217194570135746,15.685632227249876,12.57213220164609,153.6737556561086,20.745746606334844,0.17027100419914676,4.1,0.06238447372758718,SP,guara,2018-07-09 00:04:47,sports_leisure,0.8778280542986425,88.2787104054715,87.8,90.1,92.3,95.5,77.5,1889,PREFERRED,0
ce69a8021d18961dd2a40269b7c2c293,18,0.1111111111111111,10.604083719135803,6.208634259259259,262.1116666666667,25.105,0.19664748695457412,4.666666666666667,0.12177066845880735,PR,curitiba,2018-08-20 19:34:29,cool_stuff,0.8888888888888888,88.27465623601793,88.9,78.7,95.0,94.7,91.7,1890,PREFERRED,0
6560211a19b47992c3666cc44a7e94c0,1801,0.06440866185452526,9.631782818701545,7.102961865421457,66.81444197667962,15.20163242642976,0.2673938880263669,3.9927252378287634,0.100716451923117,SP,sao paulo,2018-08-29 09:14:11,watches_gifts,0.9355913381454748,88.26729285581851,93.6,82.8,95.5,92.7,74.8,1891,PREFERRED,0
7bcd7c5f8631701474db233ccf1c094b,8,0.125,14.234526909722224,0.5439351851851851,52.375,16.505,0.38443663003663003,4.375,0.07184233491490928,SP,sao paulo,2017-08-27 17:51:48,unknown,0.875,88.26547370145956,87.5,88.3,93.1,89.4,84.4,1892,PREFERRED,1
c89cf7c468a48af70aada384e722f9e2,14,0.07142857142857142,14.189191468253968,3.8909143518518516,53.214285714285715,16.143571428571427,0.40473841033151375,4.0,0.08068445304719234,RJ,petropolis,2018-08-06 14:31:24,toys,0.9285714285714286,88.25656451832285,92.9,86.6,93.1,88.8,75.0,1893,PREFERRED,0
455f46ef09a9e45667e2981df84b5cc2,1,0.0,13.019328703703703,0.0,29.9,18.31,0.6123745819397993,4.0,0.12251443180190945,SP,sorocaba,2018-08-07 21:26:48,electronics,1.0,88.25617336650433,100.0,78.6,93.7,82.9,75.0,1894,PREFERRED,1
bd1d49a326abfa9b1036772e40445430,12,0.08333333333333333,12.412584876543212,16.506261574074074,53.14166666666667,15.708333333333334,0.3501574454367833,4.083333333333333,0.08477197581274344,SP,bauru,2018-06-15 12:52:13,health_beauty,0.9166666666666666,88.25269667751972,91.7,85.8,94.1,90.4,77.1,1895,PREFERRED,0
0cbcee27c791afa0cdcb08587a2013a8,37,0.10810810810810811,12.79132225975976,6.7628414351851855,136.59864864864863,21.176486486486485,0.16723294338847022,4.0,0.07043859096178956,MG,tres coracoes,2018-07-14 18:39:58,fashion_bags_accessories,0.8918918918918919,88.24880158228916,89.2,88.6,93.9,95.6,75.0,1896,PREFERRED,0
c8b0e2b0a7095e5d8219575d5e7e1181,83,0.07228915662650602,10.24699450580098,6.500084876543209,147.4122891566265,18.12710843373494,0.14765305446728597,4.097560975609756,0.1097601798057316,SP,itaquaquecetuba,2018-08-17 12:03:54,auto,0.927710843373494,88.24216225010795,92.8,81.1,95.2,96.1,77.4,1897,PREFERRED,0
f3c38ab652836d21de61fb8314b69182,15,0.06666666666666667,8.208585648148148,0.8626041666666666,105.4,16.506,0.38318657064068357,4.266666666666667,0.11659423642887275,SP,sao paulo,2018-08-06 17:54:58,computers_accessories,0.9333333333333333,88.23936913579962,93.3,79.7,96.3,89.4,81.7,1898,PREFERRED,0
d101c6da914ae3d53f7bee42283f2fe2,13,0.07692307692307693,13.331282941595443,7.560879629629629,99.80000000000001,20.01153846153846,0.21003780566072802,3.6153846153846154,0.060214944824225104,SP,sao paulo,2017-05-30 09:27:49,furniture_decor,0.9230769230769231,88.22341829682605,92.3,90.5,93.6,94.4,65.4,1899,PREFERRED,0
abe021b01ba992245271b9aa422032df,2,0.0,17.93034722222222,0.0,3360.0,58.620000000000005,0.017827165022191248,3.5,0.11116644197052868,PR,curitiba,2017-05-09 14:46:34,unknown,1.0,88.2215279570031,100.0,80.8,91.1,99.8,62.5,1900,PREFERRED,1
27a56ff04b34c2ba34ce6ba4d3b9d616,8,0.125,12.881733217592593,10.487025462962963,43.661249999999995,12.8725,0.30048373083802604,4.125,0.06075407834490762,SP,campinas,2017-10-13 10:53:47,market_place,0.875,88.20504205160249,87.5,90.4,93.8,91.8,78.1,1901,PREFERRED,1
2b3b9ce054da76a7428df143a567b156,4,0.0,7.643686342592592,0.0,91.14750000000001,17.037499999999998,0.24141081708009193,3.5,0.1154096599371775,SP,sao paulo,2018-08-16 04:29:53,furniture_decor,1.0,88.20168767676631,100.0,80.0,96.6,93.5,62.5,1902,PREFERRED,1
f9ec7093df3a7b346b7bcf7864069ca3,9,0.1111111111111111,6.317723765432099,0.8065162037037037,71.01111111111112,15.546666666666665,0.41109407606372117,4.777777777777778,0.1264537299081219,SP,sao paulo,2018-08-26 20:08:21,housewares,0.8888888888888888,88.19923574985256,88.9,77.9,97.3,88.6,94.4,1903,PREFERRED,1
76d5af76d0271110f9af36c92573f765,126,0.09523809523809523,12.000095348324516,5.546481481481481,252.9438095238095,30.196349206349204,0.2973257765379539,4.152,0.0863932782383825,SP,sao paulo,2018-08-01 16:57:20,sports_leisure,0.9047619047619048,88.1985647777069,90.5,85.5,94.3,91.9,78.8,1904,PREFERRED,0
89f69225956f951295ca4c7fb1266553,11,0.09090909090909091,9.72122159090909,0.48715277777777777,94.66363636363636,25.219090909090912,0.38132721540538944,4.2727272727272725,0.09822736493495604,RJ,vassouras,2018-08-14 00:04:22,toys,0.9090909090909091,88.1786298698246,90.9,83.3,95.5,89.5,81.8,1905,PREFERRED,0
457fe919b032a3f7dadba6fb92cf7855,9,0.1111111111111111,5.505036008230452,0.6473148148148148,122.76555555555557,15.69111111111111,0.19120740109916243,4.777777777777778,0.14137355736968044,SP,paulinia,2018-08-06 14:48:29,bed_bath_table,0.8888888888888888,88.17296184010178,88.9,75.0,97.7,94.9,94.4,1906,PREFERRED,1
c013e57c075a06e5b5c48ee03c525719,42,0.07142857142857142,9.190875220458553,4.742280092592593,49.49380952380953,22.77857142857143,0.45656435923578415,4.238095238095238,0.10655443509894923,SP,sao carlos,2018-08-26 19:04:05,pet_shop,0.9285714285714286,88.16027291856902,92.9,81.7,95.8,87.4,81.0,1907,PREFERRED,0
dbdd0ec73a4817971d962698f2fea022,16,0.0625,12.651514756944445,5.912962962962963,399.0,111.925,0.2805137844611529,4.375,0.12849233783035555,CE,fortaleza,2018-08-19 21:21:03,health_beauty,0.9375,88.15945724196197,93.8,77.5,93.9,92.4,84.4,1908,PREFERRED,0
2a7c6c0b0d5efde2bf75ec1e1cec2d41,3,0.0,10.607287808641976,0.0,49.199999999999996,14.813333333333333,0.3056609351070543,3.3333333333333335,0.09466837747035539,PR,maringa,2017-12-11 14:48:45,furniture_decor,1.0,88.15250507070441,100.0,83.9,95.0,91.6,58.3,1909,PREFERRED,1
2f09f7d37a97956d11cc1a7cadd5262b,6,0.16666666666666666,12.785293209876542,2.5897916666666667,93.33333333333333,18.101666666666667,0.19213402496626183,4.166666666666667,0.041261626336072575,SP,ribeirao preto,2017-09-02 13:22:11,sports_leisure,0.8333333333333334,88.15203287010979,83.3,94.2,93.9,94.9,79.2,1910,PREFERRED,1
7202e2ba20579a9bd1acb29e61fe71f6,51,0.058823529411764705,13.344604438997822,5.723476080246914,236.97450980392153,22.186470588235295,0.13003092386626042,3.98,0.10824367071437309,SP,franca,2018-08-21 20:36:22,telephony,0.9411764705882353,88.14897252699822,94.1,81.3,93.6,96.6,74.5,1911,PREFERRED,0
66dc1b1632bd6a3e508510c5b3492107,36,0.027777777777777776,10.280148855452675,5.086099537037037,101.17166666666668,19.304166666666667,0.24473318947987677,3.638888888888889,0.1025483285708162,SP,jau,2018-08-12 11:16:23,sports_leisure,0.9722222222222222,88.1474664117199,97.2,82.4,95.2,93.4,66.0,1912,PREFERRED,0
4a1f694197d05fe70026b016a7316b41,13,0.07692307692307693,9.203305733618233,1.8490277777777777,67.29076923076923,27.04,0.3984925278703889,4.538461538461538,0.1300239895755555,SP,pedreira,2018-08-12 20:10:32,furniture_decor,0.9230769230769231,88.13363677858177,92.3,77.2,95.8,89.0,88.5,1913,PREFERRED,0
e3e290b38963293022cdcd6db8328103,2,0.0,9.73133101851852,0.0,84.85,14.989999999999998,0.18173960243392906,3.0,0.07796906038543525,SP,sao paulo,2017-12-03 20:13:13,sports_leisure,1.0,88.12391967296294,100.0,87.1,95.5,95.2,50.0,1914,PREFERRED,1
d05ae8f7a5bd1d2a690a44cd079e4e27,77,0.09090909090909091,11.333823352573352,9.868458994708996,173.30298701298702,15.248441558441558,0.09560325379191568,3.8947368421052633,0.08403621916086276,RJ,rio de janeiro,2018-08-18 12:25:09,sports_leisure,0.9090909090909091,88.12367478645261,90.9,86.0,94.6,97.6,72.4,1915,PREFERRED,0
b416191c9813d821a295cfabafff4161,2,0.0,19.298738425925926,0.0,58.9,16.17,0.2745331069609508,2.5,0.017470014279167605,SP,franca,2017-08-16 13:35:48,unknown,1.0,88.12357623437396,100.0,98.7,90.4,92.5,37.5,1916,PREFERRED,1
7b1222c3624aa89b9558b50a2594188c,22,0.13636363636363635,17.665475063131314,5.700841049382716,459.2509090909091,20.798636363636362,0.055126612158057336,4.454545454545454,0.08678484442953954,SP,sao jose do rio preto,2018-06-26 14:07:10,toys,0.8636363636363636,88.11176446297475,86.4,85.5,91.3,98.7,86.4,1917,PREFERRED,0
7dea6f73af847b42cc3985bd620f994d,2,0.0,5.594658564814814,0.0,162.0,28.085,0.17444046021093002,4.0,0.1649224203267769,PR,cascavel,2018-08-24 21:42:26,kitchen_dining_laundry_garden_furniture,1.0,88.05733500324908,100.0,70.5,97.7,95.4,75.0,1918,PREFERRED,1
1d8dbc4f32378d715c717c1c1fc57bae,90,0.1,15.639578317901234,16.540012860082307,126.58244444444445,23.847111111111115,0.19929664878069933,4.068181818181818,0.07930578352689478,PR,arapongas,2018-06-24 18:49:49,baby,0.9,88.04595281096104,90.0,86.9,92.4,94.7,76.7,1919,PREFERRED,0
95f83f51203c626648c875dd41874c7f,47,0.0425531914893617,11.694263938140267,1.6158969907407408,65.71446808510639,33.3795744680851,0.5323676453504349,3.7872340425531914,0.08611239655556739,MG,borda da mata,2018-08-20 17:06:21,furniture_decor,0.9574468085106383,88.0454701869782,95.7,85.6,94.4,85.2,69.7,1920,PREFERRED,0
11305281b50fff20ae8bb473f8e11876,34,0.11764705882352941,13.745111996187363,4.76875,189.96205882352942,41.00382352941177,0.231434355264743,4.294117647058823,0.08543432180018934,MG,uba,2018-08-14 20:59:19,home_confort,0.8823529411764706,88.04136540657667,88.2,85.7,93.4,93.7,82.4,1921,PREFERRED,0
6eeed17989b0ae47c9f11ece6f38ea90,3,0.0,6.500030864197531,0.0,202.0,71.17666666666666,0.2491672386856261,3.6666666666666665,0.1332585027020691,SP,sao paulo,2018-08-27 21:28:43,auto,1.0,88.0404172584092,100.0,76.5,97.2,93.2,66.7,1922,PREFERRED,1
e5e33c0d8e7e002f398f5dc4cbbb338f,26,0.11538461538461539,12.06518919159544,10.111404320987655,249.80384615384614,28.690384615384616,0.203805840265117,4.576923076923077,0.113772484292507,SP,bauru,2018-08-08 18:04:56,auto,0.8846153846153846,88.03527437003513,88.5,80.3,94.2,94.5,89.4,1923,PREFERRED,0
52bb00821bcdd358a5a5a27e1f6be5a1,2,0.0,15.994728009259259,0.0,174.9,19.314999999999998,0.25534816125363324,4.5,0.18246749835533554,SP,osasco,2018-04-11 17:20:17,musical_instruments,1.0,88.03516698585545,100.0,67.1,92.2,93.1,87.5,1924,PREFERRED,1
b5f0712d22a873b6797ab6cc65c3fcba,1,0.0,3.2610069444444445,0.0,12.99,8.29,0.6381832178598922,4.0,0.14186827024075968,SP,sao paulo,2018-08-13 12:22:49,food_drink,1.0,88.03154352052873,100.0,74.9,98.9,82.2,75.0,1925,PREFERRED,1
ec21206b7894c503788a684a7bc822a6,1,0.0,8.111898148148148,0.0,75.0,17.78,0.23706666666666668,3.0,0.07932217940961477,RJ,armacao dos buzios,2017-11-14 20:28:14,housewares,1.0,88.030853456834,100.0,86.9,96.3,93.6,50.0,1926,PREFERRED,1
3be634553519fb6536a03e1358e9fdc7,79,0.08860759493670886,10.182619842944211,4.676203703703703,65.86607594936709,22.352151898734178,0.4025747337130567,4.050632911392405,0.08365456831089414,SP,sao paulo,2018-08-27 21:36:16,housewares,0.9113924050632911,88.02757765517586,91.1,86.1,95.2,88.9,76.3,1927,PREFERRED,0
9e6229250fedbe05838fef417b74e7fb,73,0.0410958904109589,11.829552733384068,2.9083371913580245,186.33863013698632,27.21054794520548,0.15087589864457154,3.8904109589041096,0.11802083364451703,SP,mirandopolis,2018-08-22 09:09:10,baby,0.9589041095890412,88.0263405836322,95.9,79.5,94.4,96.0,72.3,1928,PREFERRED,0
8a9260f2b0340411d6d2a56bcf4f7378,8,0.125,10.00283130787037,0.5961689814814815,157.0,17.6175,0.29389032783154106,4.75,0.1189617930544182,MG,contagem,2018-08-17 13:48:52,food,0.875,88.00749233076651,87.5,79.3,95.3,92.0,93.8,1929,PREFERRED,1
fdaaf5bfda82b7b80535610c831b8d09,10,0.1,9.90040625,1.7650462962962963,258.89,25.942,0.12682671981617819,4.2,0.10436243712395235,SP,sao jose do rio preto,2018-05-06 11:40:50,sports_leisure,0.9,88.0017085813383,90.0,82.1,95.4,96.7,80.0,1930,PREFERRED,0
c33847515fa6305ce6feb1e818569f13,112,0.044642857142857144,9.350840670469577,6.470168981481481,140.00857142857143,39.651607142857145,0.2920769381699989,3.830357142857143,0.10707686634226608,SC,brusque,2018-08-22 16:38:09,bed_bath_table,0.9553571428571429,87.99776407124689,95.5,81.6,95.7,92.0,70.8,1931,PREFERRED,0
7ddcbb64b5bc1ef36ca8c151f6ec77df,324,0.08641975308641975,12.733353230738455,12.381094990079365,167.48663580246915,23.93154320987654,0.21029430622965664,4.035825545171339,0.09187969896187197,SP,sao paulo,2018-06-17 14:13:41,cool_stuff,0.9135802469135803,87.99734299171934,91.4,84.5,93.9,94.3,75.9,1932,PREFERRED,0
9e7c5f4d7770eab65738cca38f9efccf,2,0.0,7.437210648148148,0.0,92.4,19.04,0.20230725425071713,3.5,0.12242196180641782,SP,sao paulo,2018-08-07 01:27:47,toys,1.0,87.99308585728144,100.0,78.6,96.7,94.6,62.5,1933,PREFERRED,1
d3674f271c91f824f82d24d92011f669,20,0.1,13.77093576388889,6.3671238425925925,85.91499999999999,19.176,0.3043210745696298,4.1,0.07997169370456196,DF,brasilia,2018-08-12 20:53:01,perfumery,0.9,87.98392221006642,90.0,86.8,93.3,91.7,77.5,1934,PREFERRED,0
bb3dca718920a4d7ec3cc9ffb025108b,2,0.0,11.942725694444444,0.0,54.0,46.85,0.9979166666666667,3.0,0.028912572132183276,SP,sao paulo,2017-02-15 17:55:10,health_beauty,1.0,87.98250541162678,100.0,96.5,94.3,72.0,50.0,1935,PREFERRED,1
d2374cbcbb3ca4ab1086534108cc3ab7,499,0.06012024048096192,14.80664834298226,7.0097241512345665,41.6533867735471,19.101923847695392,0.5855803490641613,3.8262626262626265,0.0696292850936494,SP,ibitinga,2018-08-21 11:28:41,bed_bath_table,0.9398797595190381,87.96826568232264,94.0,88.7,92.8,83.7,70.7,1936,PREFERRED,0
fa1c13f2614d7b5c4749cbc52fecda94,576,0.10243055555555555,13.343236400462963,10.39931261770245,332.8423784722222,17.334392361111114,0.07286218679120397,4.370629370629371,0.11422179516953264,SP,sumare,2018-08-29 09:48:09,watches_gifts,0.8975694444444444,87.9634898810874,89.8,80.2,93.6,98.2,84.3,1937,PREFERRED,0
c26a2be5b53b7db6b276280da212a779,13,0.0,14.082574786324786,0.0,575.5384615384615,62.065384615384616,0.1067981202230106,3.3846153846153846,0.10866152891110865,RJ,nova friburgo,2018-08-03 16:58:12,office_furniture,1.0,87.9623316015618,100.0,81.3,93.2,97.3,59.6,1938,PREFERRED,0
ce7d1888639e6fb06b2749cbfdac1ff7,78,0.08974358974358974,14.550741185897436,16.186170634920636,156.70102564102564,41.738461538461536,0.28012266858315726,4.166666666666667,0.09328539869264751,MG,baependi,2018-08-18 13:33:20,housewares,0.9102564102564102,87.96165652023159,91.0,84.2,92.9,92.4,79.2,1939,PREFERRED,0
113e3a788b935f48aad63e1c41dac1bd,39,0.05128205128205128,13.198031517094018,8.826846064814815,21.72692307692308,17.605128205128207,1.2291572365937644,4.315789473684211,0.07911232784236762,SP,aparecida,2018-08-17 08:59:55,christmas_supplies,0.9487179487179487,87.96061690316105,94.9,86.9,93.6,65.4,82.9,1940,PREFERRED,0
c64a2aec32cc408a8a4c6d7c46017f91,9,0.0,21.510210905349794,0.0,357.94444444444446,45.18555555555556,0.12698096674567264,3.888888888888889,0.13465540288591454,RS,imbe,2018-02-14 17:51:11,home_construction,1.0,87.96004317092195,100.0,76.3,89.2,96.7,72.2,1941,PREFERRED,1
c0f783394e37cd9c9d7f5f81141450fa,6,0.0,13.170179398148148,0.0,41.56666666666666,14.558333333333332,0.36420963946853374,3.6,0.11185533472439842,SP,piracicaba,2017-12-13 17:14:37,unknown,1.0,87.95909863493151,100.0,80.6,93.7,90.0,65.0,1942,PREFERRED,1
9803a40e82e45418ab7fb84091af5231,11,0.0,15.639769570707072,0.0,388.97727272727275,46.60272727272727,0.5624527607057981,3.727272727272727,0.10604597346139609,GO,rio verde,2018-08-21 19:44:42,auto,1.0,87.95580572033015,100.0,81.8,92.4,84.4,68.2,1943,PREFERRED,0
6a51fc556dab5f766ced6fbc860bc613,24,0.08333333333333333,14.152041859567902,10.03191550925926,300.7445833333333,31.13083333333333,0.11353948773232862,4.0,0.09589643098546992,SP,marilia,2018-08-21 12:46:29,air_conditioning,0.9166666666666666,87.94032093693436,91.7,83.7,93.1,97.1,75.0,1944,PREFERRED,0
d93844a9c55ba7ce353388bcf849ea56,12,0.08333333333333333,16.796326195987657,0.8700231481481482,225.70833333333334,43.41833333333333,0.2092551404595889,4.25,0.10543007357715668,PR,curitiba,2018-04-29 09:43:34,furniture_decor,0.9166666666666666,87.93917045345403,91.7,81.9,91.7,94.4,81.2,1945,PREFERRED,0
134b867a0f7f8bbe6abf10f91874891e,1,0.0,12.933530092592592,0.0,789.89,132.95,0.16831457544721415,4.0,0.15569712483572035,SP,valinhos,2018-04-19 22:04:20,auto,1.0,87.93319791194352,100.0,72.2,93.8,95.5,75.0,1946,PREFERRED,1
710e3548e02bc1d2831dfc4f1b5b14d4,130,0.046153846153846156,14.508049857549858,8.636448688271605,171.76115384615386,28.854,0.2514522824203659,3.449612403100775,0.07137217302535369,PR,rolandia,2018-08-16 09:22:47,furniture_decor,0.9538461538461538,87.93302860333871,95.4,88.4,93.0,93.2,61.2,1947,PREFERRED,0
a414555ce331b8c8aea4a9cb8395194d,7,0.0,6.988583002645503,0.0,207.27857142857144,34.66285714285714,0.25093571832288564,3.3333333333333335,0.10854238190638077,SP,sao paulo,2018-05-04 14:46:10,garden_tools,1.0,87.93078169595607,100.0,81.3,96.9,93.2,58.3,1948,PREFERRED,1
f80edd2c5aaa505cc4b0a3b219abf4b8,113,0.05309734513274336,12.216529314159292,5.8440007716049385,79.54637168141593,25.844159292035396,0.38617721450726916,4.196428571428571,0.12097548902568857,SP,sao paulo,2018-08-27 12:59:16,kitchen_dining_laundry_garden_furniture,0.9469026548672567,87.9138135435242,94.7,78.9,94.2,89.4,79.9,1949,PREFERRED,0
6b333a05bf188ef3e1f1662a86bd9855,12,0.08333333333333333,10.705775462962963,1.8979050925925927,332.5758333333333,46.9975,0.22860768664214434,4.333333333333333,0.12187283417009481,DF,brasilia,2018-08-10 15:03:30,home_appliances_2,0.9166666666666666,87.89320534284319,91.7,78.7,95.0,93.8,83.3,1950,PREFERRED,0
d1c281d3ae149232351cd8c8cc885f0d,206,0.09223300970873786,12.80239600188781,6.947746710526315,135.57655339805825,25.999514563106793,0.2376625045966877,3.838235294117647,0.07275583459955903,SP,ibitinga,2018-08-16 18:04:47,bed_bath_table,0.9077669902912622,87.88605000031717,90.8,88.1,93.9,93.6,71.0,1951,PREFERRED,0
4324dd16853115efb0fd9d0d131ba6f4,11,0.09090909090909091,13.833077651515152,5.7657638888888885,88.49090909090908,26.542727272727276,0.3426095375240736,4.090909090909091,0.08558297792551978,SP,sao jose do rio pardo,2018-03-06 11:51:44,computers_accessories,0.9090909090909091,87.88556764893055,90.9,85.7,93.3,90.6,77.3,1952,PREFERRED,0
138dbe45fc62f1e244378131a6801526,46,0.043478260869565216,6.449887530193236,2.1975520833333335,23.56,14.671304347826087,0.8425844832398068,4.239130434782608,0.11473788603322876,SP,sao paulo,2018-08-24 14:30:31,housewares,0.9565217391304348,87.87286923032231,95.7,80.1,97.2,76.4,81.0,1953,PREFERRED,0
bb135baca94c82fcb731335ad5b04a03,16,0.0,9.2019921875,0.0,58.18125,26.833125,0.5855589475845686,3.125,0.06997810403682127,SP,sao paulo,2018-08-11 16:39:54,furniture_decor,1.0,87.87172858684431,100.0,88.7,95.8,83.7,53.1,1954,PREFERRED,0
643214e62b870443ccbe55ab29a4dccf,65,0.12307692307692308,9.59067735042735,3.2088859953703706,49.680461538461536,13.715076923076923,0.39390647672038215,4.4,0.09073997350164782,SP,sao paulo,2018-08-22 11:39:52,fashion_bags_accessories,0.8769230769230769,87.86345774044626,87.7,84.7,95.6,89.1,85.0,1955,PREFERRED,0
0d85bbda9889ce1f7e63778d24f346eb,51,0.11764705882352941,15.828296114742193,8.248655478395063,95.00392156862745,31.852941176470587,0.38081210162890794,4.2,0.06949460728835108,MG,uberlandia,2018-03-27 07:30:38,stationery,0.8823529411764706,87.86262403817771,88.2,88.8,92.3,89.5,80.0,1956,PREFERRED,0
8648b1e89e9b349e32d3741b30ec737e,92,0.10869565217391304,9.020513159219002,6.249993055555556,78.63423913043479,15.243152173913042,0.26872892393721487,4.1521739130434785,0.09029517599864015,SP,jacarei,2018-08-26 21:18:34,construction_tools_construction,0.8913043478260869,87.8593129566574,89.1,84.8,95.9,92.7,78.8,1957,PREFERRED,0
b4a476fbd28de64b1e347abf9089366a,29,0.10344827586206896,12.6794532247765,4.115671296296296,154.1048275862069,26.919310344827586,0.37895775440319845,4.107142857142857,0.07816717157083077,SP,itapevi,2018-06-26 19:58:54,electronics,0.896551724137931,87.85147186304613,89.7,87.1,93.9,89.6,77.7,1958,PREFERRED,0
daeb5653dd96c1b11860f72209795012,38,0.07894736842105263,11.650112694931773,15.109185956790123,49.055263157894736,15.497105263157895,0.7130900300298807,4.25,0.08933058567861492,MG,belo horizonte,2018-08-10 15:03:50,toys,0.9210526315789473,87.8435341198405,92.1,85.0,94.5,80.1,81.2,1959,PREFERRED,0
30829ded4523ab9224b93bc49a62c95f,18,0.05555555555555555,12.086655092592592,7.029606481481482,383.9838888888889,35.44444444444444,0.12492969267491298,3.7777777777777777,0.10362008840402294,RS,parai,2018-08-23 11:30:04,computers_accessories,0.9444444444444444,87.84104757605564,94.4,82.2,94.2,96.8,69.4,1960,PREFERRED,0
e64882b4ef12aee8d0faca4db5b681f4,1,0.0,25.008819444444445,0.0,230.0,43.22,0.18791304347826088,4.0,0.1366253628069947,GO,goiania,2018-01-12 15:28:49,construction_tools_safety,1.0,87.83123409274798,100.0,75.9,87.4,95.0,75.0,1961,PREFERRED,1
67225bff54a172ff67579aaf583efd78,8,0.125,13.427086226851852,0.9650925925925926,154.75,19.388749999999998,0.2933378269821308,4.5,0.09744064862793325,PA,marechal candido rondon,2018-02-03 19:28:45,sports_leisure,0.875,87.83043551105331,87.5,83.4,93.5,92.0,87.5,1962,PREFERRED,1
739c7d7be81f63812dea0d1b1451c651,2,0.0,17.126261574074075,0.0,38.75,35.9,1.1443118120298568,4.0,0.09326767333175048,PB,campina grande,2018-06-04 11:52:25,housewares,1.0,87.82146823052712,100.0,84.2,91.6,67.8,75.0,1963,PREFERRED,1
cfe94489ddd337d1e29e12f2a7205d10,20,0.1,6.922806134259259,2.898038194444444,118.8,14.841,0.1253080808080808,4.3,0.12108811920709894,SP,sao paulo,2018-08-22 18:20:04,construction_tools_safety,0.9,87.81639387991893,90.0,78.9,97.0,96.8,82.5,1964,PREFERRED,0
9df5750209b83567ec144eb299d7d634,11,0.09090909090909091,14.06586595117845,4.5913310185185185,447.0,23.572727272727274,0.0638373502953909,4.0,0.09632300454790833,RS,sao leopoldo,2018-07-20 18:39:50,garden_tools,0.9090909090909091,87.80262084813945,90.9,83.6,93.2,98.5,75.0,1965,PREFERRED,0
128639473a139ac0f3e5f5ade55873a5,525,0.06285714285714286,14.36967151675485,7.052031425364757,22.60085714285714,18.67064761904762,0.903165539865597,4.217726396917149,0.08367985104545225,PR,maringa,2018-08-18 11:11:55,electronics,0.9371428571428572,87.80080127163359,93.7,86.0,93.0,74.7,80.4,1966,PREFERRED,0
4de6e4ba574aa9dfdc824bc44dc47fdd,14,0.07142857142857142,9.368518518518517,3.5533564814814813,32.221428571428575,18.094285714285714,0.9012164107202449,4.071428571428571,0.07451106753142869,PR,colombo,2018-07-05 10:50:12,health_beauty,0.9285714285714286,87.7946767750524,92.9,87.8,95.7,74.7,76.8,1967,PREFERRED,0
06df0c10d34e459d9672bc77388742eb,26,0.11538461538461539,10.081905715811965,2.132827932098765,348.84615384615387,20.221923076923076,0.05820785322907967,4.346153846153846,0.11282453467142257,PR,maringa,2018-08-06 19:44:03,sports_leisure,0.8846153846153846,87.78616324416625,88.5,80.5,95.3,98.7,83.7,1968,PREFERRED,0
70c27847eca8195c983ed7e798c56743,76,0.09210526315789473,11.198480445906432,6.101327711640211,160.9938157894737,19.096184210526314,0.13429984591825297,4.223684210526316,0.11393491276579666,RJ,rio de janeiro,2018-08-22 21:34:37,pet_shop,0.9078947368421053,87.7837723796963,90.8,80.2,94.7,96.5,80.6,1969,PREFERRED,0
d2e753bb80b7d4faa77483ed00edc8ca,13,0.07692307692307693,13.605608974358974,14.077349537037037,101.5923076923077,38.036923076923074,0.3720661276915847,3.769230769230769,0.07143814592078221,BA,porto seguro,2018-05-03 19:31:56,fashion_bags_accessories,0.9230769230769231,87.78100768802246,92.3,88.4,93.4,89.8,69.2,1970,PREFERRED,0
1f1bb1f0859883505541bdd6606193e5,27,0.1111111111111111,13.97880958504801,4.141261574074075,594.1051851851852,19.334444444444443,0.05297384207244495,4.333333333333333,0.10901889348358988,SP,sao paulo,2018-07-29 20:22:09,fashion_bags_accessories,0.8888888888888888,87.77499828643296,88.9,81.2,93.2,98.8,83.3,1971,PREFERRED,0
376d67b61dce0c990155286e7ae486a4,1,0.0,14.346273148148148,0.0,94.0,17.91,0.190531914893617,4.0,0.1554315283283804,SP,sao paulo,2018-03-01 15:29:58,health_beauty,1.0,87.77054711026562,100.0,72.3,93.0,94.9,75.0,1972,PREFERRED,1
8b2492b7ff4468839593fafeed55bad9,29,0.06896551724137931,12.439672733077906,38.7579224537037,126.20965517241379,23.31655172413793,0.3490471985395387,4.172413793103448,0.11250099483821714,RJ,sao goncalo,2018-07-30 09:08:42,health_beauty,0.9310344827586207,87.76203207658651,93.1,80.5,94.0,90.4,79.3,1973,PREFERRED,0
f214d28e8d8e3ef068748498ccc2f813,51,0.0784313725490196,10.560458424110386,8.520350115740742,41.71450980392157,15.380980392156863,0.4502255671414473,4.26,0.10988103383449817,SP,sao paulo,2018-08-19 13:40:36,fashion_bags_accessories,0.9215686274509804,87.7470176985256,92.2,81.0,95.0,87.5,81.5,1974,PREFERRED,0
eb5b6204dde3a6e03b5f1bb8479f055b,19,0.05263157894736842,10.447398269980507,6.012951388888889,23.8,14.480526315789474,0.6491740480506162,3.9473684210526314,0.0927953751080464,SP,embu guacu,2018-06-11 22:12:41,housewares,0.9473684210526316,87.7407121895586,94.7,84.3,95.1,81.9,73.7,1975,PREFERRED,0
f181738b150df1f37cb0bd72e705b193,36,0.1111111111111111,9.319003022119341,9.465399305555557,154.15555555555557,30.783611111111114,0.3224636752188023,4.472222222222222,0.11248256623933117,SP,carapicuiba,2018-08-22 16:51:32,cool_stuff,0.8888888888888888,87.73566896369023,88.9,80.5,95.7,91.2,86.8,1976,PREFERRED,0
98e164d549402270247f3c96a1a158ef,2,0.0,8.833802083333333,0.0,81.35,12.36,0.15363002212717528,2.5,0.050221055109125265,SP,sao paulo,2017-08-18 23:34:56,cool_stuff,1.0,87.72954640723052,100.0,92.5,96.0,96.0,37.5,1977,PREFERRED,1
4e922959ae960d389249c378d1c939f5,412,0.10679611650485436,14.51982411340345,6.565057344276095,110.21458737864079,17.41915048543689,0.22650797439567885,3.963235294117647,0.07311126190694887,SP,jacarei,2018-08-28 19:44:25,computers_accessories,0.8932038834951457,87.7231569414589,89.3,88.1,92.9,93.9,74.1,1978,PREFERRED,0
b39d7fe263ef469605dbb32608aee0af,43,0.046511627906976744,13.303499407838071,7.267731481481482,122.23232558139534,27.95813953488372,0.2403394957733089,3.9285714285714284,0.1156351753035952,SP,ibitinga,2018-08-23 12:47:56,bed_bath_table,0.9534883720930233,87.72313111528425,95.3,79.9,93.6,93.5,73.2,1979,PREFERRED,0
392e0502231ae2f8b29994ef6398cd77,17,0.11764705882352941,17.708312227668845,18.050734953703703,92.52352941176471,18.228823529411763,0.2392765817022885,4.352941176470588,0.0897667852993518,SP,cerqueira cesar,2018-03-04 13:42:37,health_beauty,0.8823529411764706,87.71699281909517,88.2,84.9,91.3,93.5,83.8,1980,PREFERRED,0
a1bea7061f61f6fdd9a85a6325ba1033,9,0.1111111111111111,4.491721965020576,3.8351041666666665,90.10555555555555,11.103333333333333,0.20851571353869358,4.444444444444445,0.12551977275580212,SP,carapicuiba / sao paulo,2018-08-26 13:26:12,telephony,0.8888888888888888,87.71402394900936,88.9,78.0,98.3,94.4,86.1,1981,PREFERRED,1
bec568278124768c474ee90971ca94d1,1,0.0,2.0093171296296295,0.0,199.0,12.41,0.06236180904522613,4.0,0.1846958541483982,SP,sao paulo,2018-07-30 19:24:57,watches_gifts,1.0,87.71304781035892,100.0,66.7,99.6,98.5,75.0,1982,PREFERRED,1
6a53b90c3ad9e0b56d9fe5c69165fff5,2,0.0,11.870266203703704,0.0,69.89,27.5,0.4145312636278059,3.5,0.10834781433121454,PR,curitiba,2018-08-03 00:15:35,baby,1.0,87.71271915669607,100.0,81.3,94.4,88.5,62.5,1983,PREFERRED,1
4e480be820e37de1444325ff358c9296,1,0.0,12.108287037037037,0.0,430.3,143.44,0.3333488264001859,5.0,0.2301701873363859,MG,tres coracoes,2018-07-11 20:01:00,auto,1.0,87.7122597166017,100.0,58.0,94.2,90.9,100.0,1984,PREFERRED,1
6a8a889bde935bafa76d7848782dfaf9,25,0.08,8.129932407407408,13.432129629629628,31.9936,13.753599999999999,0.4412900202279875,4.16,0.10623830675649489,SP,sao paulo,2018-06-04 07:25:50,small_appliances,0.92,87.71026439463716,92.0,81.7,96.3,87.8,79.0,1985,PREFERRED,0
5b2e94f2c22b39ccc24d34ad0f669672,9,0.1111111111111111,10.737447273662552,4.86943287037037,98.19777777777777,39.59777777777778,0.4229833682863546,4.888888888888889,0.13754040046732385,SP,sao paulo,2018-08-07 15:10:27,auto,0.8888888888888888,87.69954216446766,88.9,75.7,95.0,88.3,97.2,1986,PREFERRED,1
99eaacc9e6046db1c82b163c5f84869f,63,0.1111111111111111,14.98057319223986,8.49675925925926,200.67111111111112,17.169206349206352,0.11540302915928556,4.0,0.07918424629309066,SP,franca,2018-02-18 21:58:51,telephony,0.8888888888888888,87.69766637311261,88.9,86.9,92.7,97.0,75.0,1987,PREFERRED,0
7142540dd4c91e2237acb7e911c4eba2,316,0.08227848101265822,14.741313767287856,9.995350783475784,118.68901898734178,22.02895569620253,0.2469033101794887,4.054140127388535,0.09714381000865921,SP,penapolis,2018-08-17 10:23:01,auto,0.9177215189873418,87.69520424937333,91.8,83.5,92.8,93.3,76.4,1988,PREFERRED,0
cd06602b43d8800bd0afad514919d35c,42,0.047619047619047616,12.588359788359789,16.026817129629627,61.583571428571425,17.63309523809524,0.9834639150818829,3.8095238095238093,0.06332131686702261,SP,sao paulo,2018-08-04 16:19:07,housewares,0.9523809523809523,87.69259518188835,95.2,90.0,94.0,72.4,70.2,1989,PREFERRED,0
5882820ef11c4c068eea0677a7a879b4,14,0.07142857142857142,14.96869460978836,0.4466898148148148,708.9642857142857,52.80785714285714,0.2870766496769514,4.153846153846154,0.1102485243215219,RS,caxias do sul,2018-07-20 10:32:03,furniture_decor,0.9285714285714286,87.68888160974217,92.9,81.0,92.7,92.2,78.8,1990,PREFERRED,0
c6218512d16fcac0af02fe92691cf274,8,0.125,14.866530671296296,0.47788194444444443,90.75,25.71,0.3089284806968631,4.0625,0.06307858891610266,MG,contagem,2017-06-02 14:34:31,furniture_decor,0.875,87.67751221247332,87.5,90.0,92.8,91.5,76.6,1991,PREFERRED,1
7210cd29727d674c00741e5e387b3ccd,9,0.1111111111111111,3.7764146090534982,1.8322222222222222,81.00999999999999,16.121111111111112,0.24607903026218972,4.444444444444445,0.12525816503754988,SP,sao paulo,2018-08-20 14:31:33,health_beauty,0.8888888888888888,87.67684248684341,88.9,78.1,98.6,93.3,86.1,1992,PREFERRED,1
091065b789659bc3cd9af9cb3a6253ff,2,0.0,11.264837962962964,0.0,679.5,42.685,0.06334402417625268,3.5,0.13103412285112648,RS,canoas,2018-01-18 17:13:29,cool_stuff,1.0,87.67043495543558,100.0,77.0,94.7,98.5,62.5,1993,PREFERRED,1
2a6fbeaa7ab9e5d59a35841a8da71ce4,30,0.06666666666666667,14.512402777777776,14.924265046296297,56.68966666666667,23.04733333333333,0.5694403517177024,3.9310344827586206,0.08073704965519217,SC,jaragua do sul,2018-07-01 09:42:35,small_appliances,0.9333333333333333,87.6690225993122,93.3,86.6,93.0,84.2,73.3,1994,PREFERRED,0
439a47cc365d6e3bd526812ea9de3c29,8,0.125,7.241585648148148,0.049756944444444444,148.3125,28.05375,0.21211497237784002,4.25,0.09633955893804454,SP,mogi das cruzes,2018-07-05 01:16:37,bed_bath_table,0.875,87.66800143569917,87.5,83.6,96.8,94.3,81.2,1995,PREFERRED,1
9c54608f0996c32ae4743089d915f845,3,0.0,12.21988811728395,0.0,64.93333333333334,36.64,0.5630196709964315,4.0,0.13918589565162326,PR,loanda,2018-07-18 17:18:04,housewares,1.0,87.66100813294302,100.0,75.4,94.2,84.3,75.0,1996,PREFERRED,1
af3ef48d0e13835e529c29ac573c63e5,21,0.047619047619047616,7.9285300925925934,4.062384259259259,66.93476190476191,22.261904761904763,0.3464918308349909,3.761904761904762,0.10602842720252656,SP,araraquara,2018-08-22 19:43:54,pet_shop,0.9523809523809523,87.64581584040818,95.2,81.8,96.4,90.5,69.0,1997,PREFERRED,0
97512d3fc193b2d1dfcdba0f9d1f0f8a,12,0.08333333333333333,8.47090374228395,5.842314814814815,121.5725,28.462500000000002,0.26019717646200435,4.25,0.12240956182913702,SP,sao paulo,2018-08-18 16:49:58,computers_accessories,0.9166666666666666,87.64304951011253,91.7,78.6,96.2,92.9,81.2,1998,PREFERRED,0
e7d5b006eb624f13074497221eb37807,28,0.07142857142857142,11.165859375,8.261574074074074,124.24749999999999,26.481785714285714,0.24595476249950057,3.9285714285714284,0.10245440344725956,SP,santo andre,2018-07-19 13:03:38,computers_accessories,0.9285714285714286,87.63660671933167,92.9,82.5,94.7,93.3,73.2,1999,PREFERRED,0
20cb7c2fde3e5bf10f0bbe7394e1c6a9,31,0.0967741935483871,12.365232974910393,5.155532407407407,27.25806451612903,25.166129032258063,0.9193548387096774,4.096774193548387,0.055302485707993385,PR,andira-pr,2018-08-21 19:23:38,furniture_decor,0.9032258064516129,87.63322333081035,90.3,91.5,94.1,74.2,77.4,2000,PREFERRED,0
527801b552d0077ffd170872eb49683b,90,0.1,13.124561471193415,7.623454218106995,199.36444444444444,22.917333333333332,0.23750168668955113,4.47191011235955,0.12145166430752913,SP,garca,2018-08-24 20:22:30,books_general_interest,0.9,87.63215203474324,90.0,78.8,93.7,93.6,86.8,2001,PREFERRED,0
6ddc28b61be28373b4503a1f61cf98a9,11,0.09090909090909091,6.850078914141414,5.911701388888889,170.99090909090907,17.257272727272724,0.11021387332140381,4.181818181818182,0.12371652172263325,SP,sao paulo,2018-08-15 18:14:08,toys,0.9090909090909091,87.61407365138994,90.9,78.4,97.0,97.2,79.5,2002,PREFERRED,0
4c2b230173bb36f9b240f2b8ac11786e,255,0.10196078431372549,12.863648102759623,8.964443999287749,56.42207843137255,17.206274509803922,0.3227290962799974,3.9840637450199203,0.07776877573583489,SP,sao paulo,2018-08-20 21:37:48,sports_leisure,0.8980392156862745,87.60598789508295,89.8,87.2,93.8,91.2,74.6,2003,PREFERRED,0
edc518ba25576a0188a0e8f2c3af186f,6,0.0,6.654861111111111,0.0,281.75,44.85166666666667,0.25547252375990015,3.6666666666666665,0.14177267629996845,SP,guarulhos,2018-08-20 13:02:40,housewares,1.0,87.6022725478702,100.0,74.9,97.1,93.1,66.7,2004,PREFERRED,1
ce33c6211beaa8fef4cae8b52db39862,1,0.0,18.732430555555556,0.0,49.0,14.52,0.2963265306122449,3.0,0.06731102311274596,SP,suzano,2017-02-12 15:53:19,sports_leisure,1.0,87.59371939219571,100.0,89.2,90.7,91.9,50.0,2005,PREFERRED,1
3d5d0dc7073a299e31fa718ce1bc00b6,21,0.09523809523809523,8.493292548500882,0.9379803240740741,32.13333333333333,16.777142857142856,0.7047217465398077,4.428571428571429,0.10237930574236755,RJ,rio de janeiro,2018-08-06 19:55:49,health_beauty,0.9047619047619048,87.59254917616578,90.5,82.5,96.1,80.3,85.7,2006,PREFERRED,0
cd2169d9f31ff6fbb9ca3373b0c9e354,1,0.0,15.16494212962963,0.0,569.0,56.33,0.0989982425307557,4.0,0.16334031744490843,RJ,nova friburgo,2018-06-15 11:46:28,baby,1.0,87.58625854202558,100.0,70.8,92.6,97.5,75.0,2007,PREFERRED,1
271c58a1d139c45eaf3316107c6d3a3b,27,0.07407407407407407,13.15568329903978,6.284195601851851,133.24555555555557,23.515555555555554,0.18320639232058783,4.185185185185185,0.12239957813071821,SP,sao paulo,2018-08-12 19:17:28,baby,0.9259259259259259,87.57052046127943,92.6,78.6,93.7,95.1,79.6,2008,PREFERRED,0
2e3be8a987a30d7544dbbda6861cc14e,14,0.07142857142857142,14.496781580687832,54.772083333333335,176.63285714285715,19.860714285714288,0.16220884698707777,3.7857142857142856,0.09217801136849658,MG,belo horizonte,2018-07-18 21:37:46,computers_accessories,0.9285714285714286,87.56605924426037,92.9,84.4,93.0,95.7,69.6,2009,PREFERRED,0
36a968b544695394e4e9d7572688598f,146,0.04794520547945205,10.776678557838661,3.6233085317460323,46.840479452054794,14.047671232876713,0.76433677610519,3.743150684931507,0.07673596949802432,SP,santos,2018-08-27 16:24:47,computers_accessories,0.952054794520548,87.55540171696725,95.2,87.4,94.9,78.6,68.6,2010,PREFERRED,0
d9d43faf741ceaa8da52fdbb81d9e0e3,4,0.0,9.143130787037038,0.0,40.25,43.697500000000005,0.95665522875817,4.0,0.1235970531699177,SP,juiz de fora,2018-08-07 09:46:50,books_general_interest,1.0,87.53555663346164,100.0,78.4,95.8,73.2,75.0,2011,PREFERRED,1
f52c2422904463fdd7741f99045fecb6,12,0.08333333333333333,5.673889853395061,0.5961342592592592,47.31583333333333,14.750833333333333,0.49871457626751425,4.25,0.11524846631122782,SP,santo andre/sao paulo,2018-08-21 18:44:58,housewares,0.9166666666666666,87.53172721882001,91.7,80.0,97.6,86.2,81.2,2012,PREFERRED,0
7c9130f5f3729edd32aa059141d92484,3,0.0,7.452966820987655,0.0,42.0,22.383333333333336,0.5051851851851852,3.3333333333333335,0.10115539193357655,SP,garca,2018-08-23 11:30:22,computers_accessories,1.0,87.5263177373635,100.0,82.7,96.7,86.0,58.3,2013,PREFERRED,1
d1582f4043306e6b91afa6a8a884f898,9,0.1111111111111111,12.108569958847736,10.013287037037037,110.0,14.657777777777776,0.13325252525252526,4.111111111111111,0.09523597872034127,SP,sao paulo,2018-02-12 20:28:01,toys,0.8888888888888888,87.52295292050371,88.9,83.8,94.2,96.5,77.8,2014,PREFERRED,1
955fee9216a65b617aa5c0531780ce60,1255,0.07808764940239044,10.765949046406964,7.375487528344672,104.91881274900399,19.677027888446215,0.2666677446612963,4.209302325581396,0.12155048077572322,SP,sao paulo,2018-08-28 20:49:17,furniture_decor,0.9219123505976096,87.5143468513626,92.2,78.8,94.9,92.7,80.2,2015,PREFERRED,0
ac51cac5e20d69ff485a54746488ef48,3,0.0,16.31224922839506,0.0,233.33333333333334,19.566666666666666,0.08255545859718356,3.6666666666666665,0.13794028694472207,SP,ribeirao preto,2018-01-29 10:29:18,unknown,1.0,87.50868928052488,100.0,75.6,92.0,98.0,66.7,2016,PREFERRED,1
cf1313c6e2c01c2f4b014f97db4bcd2b,5,0.2,8.240326388888889,0.03516203703703704,63.14000000000001,16.259999999999998,0.2584172197698349,5.0,0.09954882372969337,RJ,rio de janeiro \rio de janeiro,2018-08-06 20:55:21,toys,0.8,87.49093248499243,80.0,83.0,96.3,93.0,100.0,2017,PREFERRED,1
38e6dada03429a47197d5d584d793b41,7,0.14285714285714285,10.115011574074074,0.5668865740740741,85.16285714285713,29.558571428571423,0.6649954765694938,4.428571428571429,0.0694065426994255,SP,sao paulo,2017-10-29 11:59:16,unknown,0.8571428571428572,87.48949610077575,85.7,88.8,95.3,81.4,85.7,2018,PREFERRED,1
f262cbc1c910c83959f849465454ddd3,189,0.09523809523809523,9.112147143836959,6.031449974279835,54.07280423280423,13.164814814814815,0.41214181852652876,4.180851063829787,0.10156973211073472,SP,sao paulo,2018-08-27 07:18:36,computers_accessories,0.9047619047619048,87.4834231295714,90.5,82.6,95.8,88.6,79.5,2019,PREFERRED,0
951e8cef368f09bb3f3d03c00ca4702c,60,0.08333333333333333,9.299593557098765,5.582319444444444,64.5555,21.897666666666666,0.35324126131224115,4.206896551724138,0.11579299958210415,SP,ibitinga,2018-08-21 18:24:35,bed_bath_table,0.9166666666666666,87.46851332423073,91.7,79.9,95.7,90.3,80.2,2020,PREFERRED,0
1588ac4010787100dddef64568f0ae35,3,0.0,19.871010802469137,0.0,199.99,15.333333333333334,0.07667050019167625,3.0,0.08134986841016444,PR,maringa,2018-01-18 15:29:09,computers_accessories,1.0,87.45385099046447,100.0,86.5,90.1,98.1,50.0,2021,PREFERRED,1
4a3ccda38b2129705f3fb522db62ca31,62,0.0967741935483871,13.219301821983274,11.342465277777777,256.4240322580645,21.353548387096776,0.22832708556338177,4.024193548387097,0.09291111935827794,SP,marilia,2018-08-19 14:51:36,construction_tools_safety,0.9032258064516129,87.45208887708617,90.3,84.3,93.6,93.8,75.6,2022,PREFERRED,0
17908cf9b444ee34047cadd5c0f4a516,11,0.09090909090909091,18.88040298821549,26.871493055555554,181.2718181818182,45.583636363636366,0.27380959042806724,4.545454545454546,0.12599911645960166,GO,anapolis,2018-08-11 22:01:59,auto,0.9090909090909091,87.44755004668225,90.9,77.9,90.6,92.5,88.6,2023,PREFERRED,0
c5f7feb04a6a1fb3596322bfc3cf1917,9,0.1111111111111111,10.601556069958848,18.021782407407407,170.74444444444444,28.65777777777778,0.2486382188708402,4.555555555555555,0.12736815629942852,SP,sao caetano do sul,2018-08-17 09:07:53,furniture_decor,0.8888888888888888,87.44246477631958,88.9,77.7,95.0,93.3,88.9,2024,PREFERRED,1
14ee35374a7876217954b5fa08e50463,6,0.16666666666666666,17.1668074845679,4.832372685185185,139.665,19.298333333333336,0.1367463225537454,4.333333333333333,0.0653715797970635,SP,sao jose do rio preto,2018-01-17 11:42:31,unknown,0.8333333333333334,87.43063268809519,83.3,89.6,91.5,96.4,83.3,2025,PREFERRED,1
ea67327e24487bdfac5fbfa37ea124df,32,0.03125,8.721783130787037,18.02608796296296,200.59625,30.9115625,0.1752244706876554,3.53125,0.11337431636960772,SP,ibitinga,2018-08-22 16:41:47,bed_bath_table,0.96875,87.42473705927195,96.9,80.4,96.0,95.3,63.3,2026,PREFERRED,0
c1ed9e3daf6154542826a6996af0fb8c,8,0.125,16.930416666666666,1.8069212962962964,94.6875,36.57125,0.5580875214632203,4.25,0.06487029541929329,SC,itajai,2018-03-02 15:27:23,computers_accessories,0.875,87.42365644363879,87.5,89.7,91.7,84.5,81.2,2027,PREFERRED,1
2cb98e27ce1c18abdb42209b34c382a7,1,0.0,19.064525462962962,0.0,62.49,57.21,0.9155064810369659,4.0,0.11191604254452146,SP,ribeirao preto,2018-06-19 14:30:42,auto,1.0,87.4231202715576,100.0,80.6,90.5,74.3,75.0,2028,PREFERRED,1
14d7985702e72162bbf13b6beb74ab2b,37,0.13513513513513514,11.058064314314315,15.542196759259259,107.34594594594596,15.54972972972973,0.17060572894903667,4.324324324324325,0.09621919100322114,SP,santo andre,2018-08-17 18:49:15,sports_leisure,0.8648648648648649,87.41208560228134,86.5,83.6,94.8,95.5,83.1,2029,PREFERRED,0
430315b7bb4b6e4b3c978f9dfa9b0558,19,0.05263157894736842,13.557284356725146,8.737407407407407,150.7578947368421,28.95578947368421,0.34125582116910275,3.9473684210526314,0.11289025188291424,SP,sao paulo,2018-08-06 10:23:00,housewares,0.9473684210526316,87.4043941295384,94.7,80.5,93.5,90.6,73.7,2030,PREFERRED,0
6fc26fe110feebd80a433e1f012a84f9,35,0.11428571428571428,12.877805224867725,7.774450231481481,118.59628571428571,27.91971428571429,0.2594228603274073,3.911764705882353,0.07104423583020668,SP,fernandopolis,2018-08-17 16:22:48,furniture_decor,0.8857142857142857,87.4042043165906,88.6,88.5,93.8,92.9,72.8,2031,PREFERRED,0
165fc07beebdcb6190fba8a06db2a449,47,0.1276595744680851,12.999339539007092,6.01279899691358,359.198085106383,32.41340425531915,0.14909810089153072,3.893617021276596,0.06629362068531217,PR,maringa,2018-08-14 17:42:23,computers_accessories,0.8723404255319149,87.39908348091649,87.2,89.4,93.8,96.1,72.3,2032,PREFERRED,0
3ab971ce71839580d2ae5b4e40fe8044,35,0.08571428571428572,6.8823330026455025,2.531315586419753,140.4857142857143,25.15,0.1889125917895841,3.911764705882353,0.10615018989997548,SP,sao paulo,2018-08-20 14:25:47,housewares,0.9142857142857143,87.39896584759084,91.4,81.7,97.0,95.0,72.8,2033,PREFERRED,0
76de363de16dacc923eec8daf91df504,2,0.0,13.318443287037038,0.0,180.0,25.21,0.1467090909090909,2.5,0.05019862389664824,SC,xaxim,2018-03-21 15:56:34,cool_stuff,1.0,87.39367424927967,100.0,92.5,93.6,96.1,37.5,2034,PREFERRED,1
556a6409838156ea299c9d1f9e2dde43,4,0.0,7.399207175925926,0.0,340.7,21.71,0.10545960406921642,3.25,0.12118612986636979,PR,curitiba,2018-08-11 23:28:46,housewares,1.0,87.39264117861072,100.0,78.9,96.7,97.3,56.2,2035,PREFERRED,1
48fb026ed7455a42f5d3e9390ed5088e,9,0.0,11.88611239711934,0.0,58.51444444444444,21.297777777777778,0.5515092852288954,2.888888888888889,0.059139659043936366,RJ,barra mansa,2017-08-27 23:02:04,auto,1.0,87.38881634550228,100.0,90.8,94.3,84.7,47.2,2036,PREFERRED,1
aac29b1b99776be73c3049939652091d,93,0.0967741935483871,15.016604813819196,29.04795010288066,71.59655913978496,27.947526881720428,0.5323360232739535,4.163043478260869,0.0841495742559188,MG,uberlandia,2018-08-08 17:52:59,cool_stuff,0.9032258064516129,87.38698689467842,90.3,86.0,92.7,85.2,79.1,2037,PREFERRED,0
08d0949a9a17c027262db1f3c450c26c,11,0.0,14.641308922558922,0.0,28.163636363636364,20.584545454545456,1.0392239513915178,3.909090909090909,0.10585902776288156,PR,cascavel,2018-08-23 00:54:22,furniture_decor,1.0,87.3730560486759,100.0,81.8,92.9,70.8,72.7,2038,PREFERRED,0
8e2b3afb420011ef0c88c9d5f11ea526,11,0.09090909090909091,10.559795875420875,2.7375,131.03545454545454,15.002727272727272,0.1291528591625407,4.2727272727272725,0.12880910949386049,SP,campinas,2018-01-29 21:49:38,sports_leisure,0.9090909090909091,87.36226822168554,90.9,77.4,95.0,96.6,81.8,2039,PREFERRED,0
b9ca8e8baa5d4aa038394a700f63e69f,14,0.07142857142857142,9.672949735449736,7.651261574074074,92.12642857142858,27.72714285714286,0.2798662010220457,4.214285714285714,0.13107892735439866,SP,sao paulo,2018-08-28 12:38:17,bed_bath_table,0.9285714285714286,87.35901836969687,92.9,77.0,95.5,92.4,80.4,2040,PREFERRED,0
c12b92bf1c350f3e6bf88d3596219c86,17,0.058823529411764705,10.78250408496732,1.6421527777777778,285.26941176470586,27.826470588235296,0.12830487456646186,3.8823529411764706,0.12183564469678186,SP,garca,2018-08-13 15:17:31,auto,0.9411764705882353,87.34017842778914,94.1,78.7,94.9,96.7,72.1,2041,PREFERRED,0
93dc87703c046b603023e75222018b45,32,0.09375,20.379621310763888,48.051188271604936,241.2609375,19.25375,0.09565936662574415,4.166666666666667,0.10467572956954982,MG,belo horizonte,2018-07-28 07:54:14,watches_gifts,0.90625,87.33565889219507,90.6,82.0,89.8,97.6,79.2,2042,PREFERRED,0
17306570e772e7718c92a562d33f5f1d,27,0.07407407407407407,14.355489111796983,6.096255787037037,322.2185185185185,28.976296296296297,0.1039381896664616,3.7777777777777777,0.09818568601849667,SP,bariri,2018-04-18 14:37:49,bed_bath_table,0.9259259259259259,87.33244468492649,92.6,83.3,93.0,97.4,69.4,2043,PREFERRED,0
ef506c96320abeedfb894c34db06f478,312,0.08653846153846154,13.52755167527303,11.890188614540467,30.5724358974359,16.296891025641028,0.5940100463570221,3.9838709677419355,0.07759083369376048,SP,sao paulo,2018-08-21 13:16:24,telephony,0.9134615384615384,87.33097967216035,91.3,87.2,93.5,83.5,74.6,2044,PREFERRED,0
c9c7905cffc4ef9ff9f113554423e671,126,0.10317460317460317,11.164106316137566,8.721231303418802,85.29119047619048,17.070714285714285,0.3019593923222051,4.150793650793651,0.099833042329918,SP,itapecerica da serra,2018-08-21 19:49:49,telephony,0.8968253968253969,87.3256439847839,89.7,83.0,94.7,91.7,78.8,2045,PREFERRED,0
6a8b085f816a1f75f92dbac6eb545f8f,123,0.08943089430894309,14.418316583860282,23.195841750841748,47.25504065040651,16.931869918699185,0.5241468833808818,4.182926829268292,0.09415942017191352,SP,bebedouro,2018-08-23 12:04:18,auto,0.9105691056910569,87.30977054786891,91.1,84.0,93.0,85.4,79.6,2046,PREFERRED,0
e250d617a0ad591ba9bd663e584a895d,7,0.0,9.78078869047619,0.0,113.69714285714288,35.65,0.5612529495581154,3.857142857142857,0.13980321635727716,SP,guarulhos,2018-08-21 10:47:37,furniture_decor,1.0,87.29466889486483,100.0,75.3,95.5,84.4,71.4,2047,PREFERRED,1
a420f60ff1aa9acc80d0e42959f2b313,66,0.09090909090909091,11.611153549382715,13.104839891975308,112.35303030303031,16.412727272727274,0.24583050150650188,4.0,0.10031145869645175,SP,sao paulo,2018-08-13 10:05:23,baby,0.9090909090909091,87.29026710634686,90.9,82.9,94.5,93.3,75.0,2048,PREFERRED,0
e59aa562b9f8076dd550fcddf0e73491,69,0.10144927536231885,14.033286533816424,8.775305886243386,445.163768115942,31.305362318840583,0.10605511053802692,4.260869565217392,0.11732303826818745,PR,curitiba,2018-08-20 14:22:51,agro_industry_and_commerce,0.8985507246376812,87.28858680062015,89.9,79.6,93.2,97.3,81.5,2049,PREFERRED,0
e38db885400cd35c71dfd162f2c1dbcf,30,0.13333333333333333,12.858261959876542,2.0389988425925925,68.89333333333335,22.358333333333334,0.33057061304907925,4.466666666666667,0.09896017621120995,DF,brasilia,2018-08-15 14:11:19,bed_bath_table,0.8666666666666667,87.28053811674108,86.7,83.1,93.8,90.9,86.7,2050,PREFERRED,0
ee2fbacc2fc3794e656cc4d933d59ce7,2,0.0,7.072615740740741,0.0,232.485,26.865,0.11878025236027917,4.0,0.1821354934662422,SP,sao paulo,2018-08-21 21:36:22,sports_leisure,1.0,87.27302965774373,100.0,67.2,96.9,96.9,75.0,2051,PREFERRED,1
c794dab4928dd97beb41d05514441e86,16,0.125,13.794497974537038,19.39619212962963,82.02499999999999,14.511875,0.29194384151545766,4.375,0.09882867520469142,SP,artur nogueira,2018-06-24 03:33:48,health_beauty,0.875,87.26992242905696,87.5,83.1,93.3,92.0,84.4,2052,PREFERRED,0
624f4ece8da4aafb77699233d480f8ef,51,0.0784313725490196,13.683591820987653,7.849085648148148,180.87823529411767,33.65686274509804,0.18547711666225256,4.235294117647059,0.12854741821573773,SP,sao paulo,2018-08-19 10:47:22,furniture_decor,0.9215686274509804,87.26294169460786,92.2,77.4,93.4,95.0,80.9,2053,PREFERRED,0
fe26f3ecb51a15e6d8335cd92da42562,7,0.14285714285714285,10.683282076719577,1.5131828703703705,386.9942857142857,37.51285714285715,0.10142455845208025,4.428571428571429,0.10726327559765782,SP,sao paulo,2018-02-18 21:05:38,auto,0.8571428571428572,87.22969705848759,85.7,81.5,95.0,97.4,85.7,2054,PREFERRED,1
a2b5b6105ea5942300631d2e76f4ffe0,16,0.125,8.46931495949074,1.2877430555555556,205.418125,45.165625,0.2505033869536501,4.75,0.1404203457419584,SP,osasco,2018-08-20 22:06:01,toys,0.875,87.22439556574774,87.5,75.2,96.2,93.2,93.8,2055,PREFERRED,0
c826c40d7b19f62a09e2d7c5e7295ee2,346,0.0953757225433526,13.295209002354957,7.507686588103255,129.25387283236992,15.782572254335259,0.13193513766296075,4.130434782608695,0.1129388944122826,SP,guarulhos,2018-08-27 15:21:15,unknown,0.9046242774566474,87.2073369730163,90.5,80.4,93.6,96.6,78.3,2056,PREFERRED,0
382229d1e840115ffe3dbf5ff460e417,44,0.11363636363636363,9.14759943181818,3.1399652777777773,90.84454545454545,19.13431818181818,0.33170554025171495,4.25,0.10403211924095782,RJ,rio de janeiro,2018-08-20 17:34:26,housewares,0.8863636363636364,87.20624339471821,88.6,82.1,95.8,90.9,81.2,2057,PREFERRED,0
b2ac621f0d0322434d04a12b078b9369,29,0.10344827586206896,14.953913633461047,5.986273148148148,325.7103448275862,26.627586206896552,0.1732487848020057,4.413793103448276,0.12444404897590461,PR,curitiba,2018-08-16 15:59:08,health_beauty,0.896551724137931,87.1870199891508,89.7,78.2,92.7,95.4,85.3,2058,PREFERRED,0
5b8154610ebb21fb90eb587365e673df,37,0.10810810810810811,13.051636636636637,11.852473958333333,244.5418918918919,28.342432432432435,0.1406951751122665,4.162162162162162,0.10674563786735469,SP,sao jose dos campos,2018-07-28 17:56:15,computers_accessories,0.8918918918918919,87.17192909539952,89.2,81.6,93.7,96.3,79.1,2059,PREFERRED,0
8090490573c6c0aa343a7231ebcb8c86,26,0.07692307692307693,10.091355056980056,20.752384259259262,148.88923076923078,16.419615384615383,0.19023277904406874,4.1923076923076925,0.133990872959153,SP,sao paulo - sp,2018-08-16 10:27:30,health_beauty,0.9230769230769231,87.16585318255542,92.3,76.4,95.3,94.9,79.8,2060,PREFERRED,0
bafc5aa11e413978be29040f51342e70,9,0.1111111111111111,13.440901491769546,15.976226851851852,186.61666666666667,16.65777777777778,0.10038911456239978,3.7777777777777777,0.07634874507810929,MG,belo horizonte,2018-01-25 09:28:33,stationery,0.8888888888888888,87.16521897880585,88.9,87.5,93.5,97.5,69.4,2061,PREFERRED,1
353e21e8bf8de2722b4fae1636664b76,3,0.0,10.353244598765434,0.0,60.666666666666664,17.61,0.2902948717948718,3.0,0.09054587085885286,RS,canoas,2018-06-16 20:14:00,auto,1.0,87.16383099867487,100.0,84.7,95.2,92.1,50.0,2062,PREFERRED,1
77a515caa36327151d1cc6c32a9f00e1,26,0.11538461538461539,10.33738425925926,11.148896604938273,85.28423076923076,15.238076923076923,0.17986488730882785,4.423076923076923,0.12423335025445431,SP,diadema,2018-08-23 15:58:16,stationery,0.8846153846153846,87.16245638541383,88.5,78.3,95.2,95.2,85.6,2063,PREFERRED,0
eba88037e1dca898cd02881f67ced679,6,0.16666666666666666,11.49054012345679,12.93244212962963,139.6833333333333,15.578333333333333,0.12628716117612762,4.333333333333333,0.08107465127027967,SP,sao paulo,2018-03-10 17:32:15,stationery,0.8333333333333334,87.15926319535883,83.3,86.5,94.6,96.7,83.3,2064,PREFERRED,1
bf84056e679dbe9c69929847a40e338f,35,0.08571428571428572,12.677086640211641,17.718375771604936,54.80228571428571,12.528571428571428,0.23404843122943783,3.7714285714285714,0.08789212951622795,SP,sao paulo,2018-04-29 13:46:06,health_beauty,0.9142857142857143,87.15867072588874,91.4,85.2,93.9,93.7,69.3,2065,PREFERRED,0
784ba75dd9d20200c4caed3d7a77141a,19,0.10526315789473684,13.691990740740742,5.818553240740741,428.5436842105263,31.58,0.5171780843642132,4.131578947368421,0.08354825933597042,SP,sao paulo,2017-12-21 15:18:29,stationery,0.8947368421052632,87.14902890144847,89.5,86.1,93.4,85.6,78.3,2066,PREFERRED,0
5a413ade68e8f8d93071a7f52a64cb9e,14,0.14285714285714285,4.118708664021164,3.8674305555555555,55.635714285714286,10.983571428571429,0.1983144416807336,4.642857142857143,0.1310198506104664,SP,sao paulo,2018-08-29 08:25:34,health_beauty,0.8571428571428572,87.1420410955988,85.7,77.0,98.5,94.7,91.1,2067,PREFERRED,0
a5a1bfcf728ab0e19182959cf0771ee4,20,0.1,13.78288252314815,28.78592013888889,88.7975,17.351499999999998,0.22366961062698082,4.35,0.1219627956370803,SP,socorro,2018-08-20 22:09:12,food,0.9,87.13740499976262,90.0,78.7,93.3,94.0,83.7,2068,PREFERRED,0
8444e55c1f13cd5c179851e5ca5ebd00,91,0.06593406593406594,21.247700956450956,8.237600308641975,235.87428571428572,21.75098901098901,0.13703477701284042,3.3846153846153846,0.06412774146684828,MG,congonhal,2018-06-29 19:52:09,perfumery,0.9340659340659341,87.13287609076816,93.4,89.8,89.4,96.4,59.6,2069,PREFERRED,0
e4ebd3f87bf70440014f07ddda7fbe03,7,0.14285714285714285,17.889925595238093,0.8837037037037037,95.92857142857143,16.537142857142857,0.18927852864147066,4.571428571428571,0.1035648976216618,SP,presidente epitacio,2018-03-05 18:13:14,health_beauty,0.8571428571428572,87.12029261506041,85.7,82.2,91.2,94.9,89.3,2070,PREFERRED,1
f0b47fbbc6dee9aafe415a6e33051b3f,66,0.10606060606060606,10.136296822390571,3.6486623677248677,58.18151515151515,20.736515151515153,0.37180720537485146,4.303030303030303,0.11151495762167518,SP,maua,2018-08-28 19:32:05,books_general_interest,0.8939393939393939,87.11932265756982,89.4,80.7,95.3,89.8,82.6,2071,PREFERRED,0
6e386f64c84e482f0b9abf960797ee1b,29,0.10344827586206896,10.478848978288635,4.727457561728396,421.0103448275862,21.08655172413793,0.06072731535654569,4.607142857142857,0.15508730632332868,SP,sao paulo,2018-08-17 00:56:07,health_beauty,0.896551724137931,87.11898704843274,89.7,72.4,95.1,98.6,90.2,2072,PREFERRED,0
2646baaf662d4d92ac48f047e35db92d,15,0.13333333333333333,5.729047067901234,1.8332002314814815,84.20333333333333,19.089333333333332,0.4077911971371197,4.466666666666667,0.10965463497675816,SP,sao paulo,2018-08-09 19:37:47,auto,0.8666666666666667,87.11586977968221,86.7,81.1,97.6,88.7,86.7,2073,PREFERRED,0
2a7dc43cecabf23403078e2188437d1d,50,0.08,13.026279861111112,5.5713512731481485,95.2604,16.0876,0.34998257894128665,4.18,0.11766480389736281,SP,sao paulo,2018-06-03 10:59:14,furniture_decor,0.92,87.10756169987457,92.0,79.5,93.7,90.4,79.5,2074,PREFERRED,0
729f06993dac8e860d4f02d7088ca48a,92,0.11956521739130435,11.855345712560386,10.315256734006734,216.53445652173912,52.82369565217391,0.2970814569842896,4.197802197802198,0.0953257811020646,SP,limeira,2018-08-27 19:39:33,housewares,0.8804347826086957,87.10309151586955,88.0,83.8,94.4,91.9,79.9,2075,PREFERRED,0
ea1776927851da2532aa70d6a32c095a,2,0.0,8.655138888888889,0.0,141.95,19.09,0.3025900737620971,3.5,0.1332127981149146,SP,sao paulo,2018-07-20 17:53:08,housewares,1.0,87.09465260218015,100.0,76.6,96.1,91.7,62.5,2076,PREFERRED,1
cd843d4cf8ef32827de0396605163ba3,5,0.0,16.075208333333332,0.0,383.0,139.512,0.36460317952279786,3.8,0.14075631716752413,MG,juiz de fora,2018-08-13 16:25:25,kitchen_dining_laundry_garden_furniture,1.0,87.09225594777719,100.0,75.1,92.1,90.0,70.0,2077,PREFERRED,1
6b3bd31ad8fcda4b2635ec9f3ff2ecdf,33,0.09090909090909091,13.62355183782267,15.901010802469136,116.61818181818182,20.863939393939393,0.20129708463355664,4.151515151515151,0.11562625662307154,RJ,rio de janeiro,2018-08-10 21:12:29,sports_leisure,0.9090909090909091,87.0910271012783,90.9,79.9,93.4,94.6,78.8,2078,PREFERRED,0
0ffa40d54288e4f3499b8780dd0f144f,33,0.15151515151515152,13.538299312570146,6.625863425925926,65.53939393939395,17.686969696969697,0.3581759998757747,4.484848484848484,0.08870369296402264,SP,presidente prudente,2018-05-11 10:49:37,books_technical,0.8484848484848485,87.07137103407202,84.8,85.1,93.5,90.1,87.1,2079,PREFERRED,0
712efd3b68f9686dc856b84abd0f21ae,1,0.0,7.23662037037037,0.0,139.0,17.16,0.12345323741007194,4.0,0.1857959082430308,PR,curitiba,2018-07-30 12:41:54,baby,1.0,87.07134659189234,100.0,66.5,96.8,96.8,75.0,2080,PREFERRED,1
f61c63d13f7cd800549d5acdd390ae72,26,0.07692307692307693,11.74718482905983,5.636302083333334,118.16538461538462,16.515,0.25611469678615634,4.0,0.11437522254423028,SP,pilar do sul,2018-08-20 10:19:46,housewares,0.9230769230769231,87.06593810816923,92.3,80.2,94.4,93.0,75.0,2081,PREFERRED,0
f97e2b0650c2068227e1d366140eb62f,16,0.0625,14.7938671875,16.798761574074074,228.375,63.24875,0.3526587011825153,4.0,0.11415749795048286,SP,santo antonio de posse,2018-08-19 09:49:20,pet_shop,0.9375,87.06496835259176,93.8,80.2,92.8,90.3,75.0,2082,PREFERRED,0
9dda5bbacd45e18d6485fee649205d09,17,0.11764705882352941,16.01870234204793,8.805335648148148,100.9235294117647,28.41470588235294,0.3225830846940497,4.352941176470588,0.10142510718643429,MG,santa rita do sapucai,2018-08-04 16:48:37,furniture_decor,0.8823529411764706,87.05635494465719,88.2,82.6,92.2,91.2,83.8,2083,PREFERRED,0
a3e9a2c700480d9bb01fba070ba80a0e,125,0.096,13.029318981481481,7.305506365740741,108.53672,22.8508,0.24439976248360767,4.036585365853658,0.10213270232802484,SP,ibitinga,2018-08-19 14:19:27,bed_bath_table,0.904,87.05331647971884,90.4,82.5,93.7,93.4,75.9,2084,PREFERRED,0
e8f6dc8e6a1dcde89d20e3995c8d90b3,34,0.08823529411764706,13.171015454793029,8.25474151234568,63.58323529411764,59.904117647058825,0.7173069274940156,4.029411764705882,0.07904234951360384,SP,sao paulo,2017-11-30 02:29:55,furniture_decor,0.9117647058823529,87.051296056159,91.2,86.9,93.7,80.0,75.7,2085,PREFERRED,0
8b8cfc8305aa441e4239358c9f6f2485,15,0.13333333333333333,12.536666666666667,3.2071354166666666,792.8,81.24666666666667,0.12089456909568562,4.2,0.09588143560422507,PR,londrina,2018-04-11 10:48:14,cool_stuff,0.8666666666666667,87.04861111058904,86.7,83.7,94.0,96.9,80.0,2086,PREFERRED,0
f5b44895715ddfe3087dc414f30268f3,19,0.05263157894736842,12.497305677387915,0.7354861111111111,19.936842105263157,14.50736842105263,0.7247889673249337,4.0,0.10352671703223622,SP,sorocaba,2018-07-25 20:05:09,auto,0.9473684210526316,87.04634412578535,94.7,82.2,94.0,79.7,75.0,2087,PREFERRED,0
5d0363b33554b373851fc1622e4d5f3c,93,0.08602150537634409,12.488874825766626,11.695339988425925,71.57516129032258,24.141935483870967,0.3727868043014942,4.075268817204301,0.10594793766987196,SP,atibaia,2018-08-21 19:44:49,auto,0.9139784946236559,87.04347973047638,91.4,81.8,94.0,89.7,76.9,2088,PREFERRED,0
8b28d096634035667e8263d57ba3368c,137,0.11678832116788321,14.079221918085969,20.05779586226852,65.76861313868612,18.264452554744526,0.42553919136203766,4.051851851851852,0.07594339383149876,SP,sao jose dos campos,2018-07-19 17:43:55,health_beauty,0.8832116788321168,87.04029553146549,88.3,87.5,93.2,88.2,76.3,2089,PREFERRED,0
cd3d09fbe6e3e9ff0c0ac0c300e93ae7,12,0.08333333333333333,11.708241705246913,15.998923611111111,54.25333333333333,19.099166666666665,0.3982613864385034,4.166666666666667,0.11493491231305136,SP,nova odessa,2018-08-18 12:18:56,auto,0.9166666666666666,87.03949484382275,91.7,80.1,94.4,89.0,79.2,2090,PREFERRED,0
5c6d4016c2a288f074fa0848a2b653d2,30,0.1,10.810606867283951,4.56596450617284,100.26666666666667,16.37066666666667,0.20080038090415483,4.133333333333334,0.11339210540287993,SP,sao paulo,2018-08-20 09:09:53,computers_accessories,0.9,87.03678331957403,90.0,80.4,94.9,94.6,78.3,2091,PREFERRED,0
e8b4225284fbb02d16f200513f1f395d,30,0.1,10.22229050925926,6.196631944444444,187.954,42.466,0.23543231593204098,4.3,0.12541192488642,SP,novo horizonte,2018-08-19 11:55:56,baby,0.9,87.03438001111311,90.0,78.1,95.2,93.6,82.5,2092,PREFERRED,0
b8555308bfdb4ca1ed54325a58da9a97,26,0.07692307692307693,10.219418625356125,5.100925925925926,117.20000000000002,22.41653846153846,0.19665463020216964,4.0,0.12113440833689947,SP,sao bernardo do campo,2018-08-23 11:29:01,office_furniture,0.9230769230769231,87.03228821394846,92.3,78.9,95.2,94.7,75.0,2093,PREFERRED,0
79ebd9a61bac3eaf882805ed4ecfa12a,132,0.06060606060606061,15.36302951388889,5.549188368055555,115.44606060606061,31.642575757575756,0.41708455987515525,4.0606060606060606,0.11625224166927407,PR,cascavel,2018-08-18 22:51:17,furniture_decor,0.9393939393939394,87.03008858406905,93.9,79.8,92.5,88.5,76.5,2094,PREFERRED,0
05f51e13da97139648b8125c31e5f51b,57,0.15789473684210525,12.507035209551658,9.392445987654321,229.82999999999998,33.13421052631579,0.16703295888533143,4.228070175438597,0.07794880939136802,MG,belo horizonte,2018-03-23 10:44:18,baby,0.8421052631578947,87.02486592813236,84.2,87.1,94.0,95.6,80.7,2095,PREFERRED,0
bbaff50f3b708fda865918715276cd87,12,0.16666666666666666,10.197382330246914,2.8163425925925925,43.475,18.267500000000002,0.5761310213467705,4.75,0.09202838954314295,SP,atibaia,2018-08-06 21:40:05,food_drink,0.8333333333333334,87.02325214787555,83.3,84.4,95.2,84.0,93.8,2096,PREFERRED,0
6e4f5ff6b086632ba8dcb558fb10249e,5,0.0,10.725724537037037,0.0,167.78,42.87,0.2782660273706895,3.4,0.12515410761107806,RS,flores da cunha,2018-07-19 14:17:07,home_appliances_2,1.0,87.01015585557917,100.0,78.1,95.0,92.4,60.0,2097,PREFERRED,1
c9aafcd0621b2207c10e32c649cada4d,39,0.10256410256410256,8.801058879392214,2.0634664351851852,68.87589743589743,20.186923076923076,0.38909624641689844,4.410256410256411,0.12611226155537197,SP,sao paulo,2018-08-10 14:09:09,health_beauty,0.8974358974358975,87.00150235565862,89.7,77.9,96.0,89.3,85.3,2098,PREFERRED,0
aa1eb17b9fdf6dfd546e25c45c7b9235,3,0.0,7.751797839506172,0.0,39.33,12.089999999999998,0.332139335476956,4.666666666666667,0.22657883475648422,SP,sao paulo,2018-04-25 19:27:16,health_beauty,1.0,86.98416155825355,100.0,58.7,96.5,90.9,91.7,2099,PREFERRED,1
8d956fec2e4337affcb520f56fd8cbfd,209,0.10526315789473684,9.258151526227184,4.050782828282828,52.45028708133972,15.808373205741626,0.3590073406891436,4.229665071770335,0.11141663050043045,SP,sao bernardo do campo,2018-08-26 18:03:59,sports_leisure,0.8947368421052632,86.98297033233483,89.5,80.7,95.7,90.1,80.7,2100,PREFERRED,0
2bf6a2c1e71bbd29a4ad64e6d3c3629f,30,0.1,13.650243055555556,8.05357638888889,1687.63,33.353,0.022183204917676204,4.166666666666667,0.12314855406730399,RJ,nova friburgo,2018-08-13 19:30:37,watches_gifts,0.9,86.97538829563061,90.0,78.5,93.4,99.7,79.2,2101,PREFERRED,0
a5dd1946fb63ada8bcaa0c9cd8f11e22,6,0.0,16.939828317901235,0.0,36.60333333333333,34.45166666666666,1.0035192623566707,3.8333333333333335,0.10701077119719664,PE,caruaru,2018-03-11 11:11:51,health_beauty,1.0,86.95233762850782,100.0,81.6,91.7,71.8,70.8,2102,PREFERRED,1
165b1235e9e9942cb5fae67103576fb0,11,0.09090909090909091,7.830222011784511,6.924872685185186,189.5590909090909,36.78636363636363,0.41886344324094205,4.363636363636363,0.13218348278110206,SP,ribeirao preto,2018-08-19 07:41:33,construction_tools_construction,0.9090909090909091,86.93643551250294,90.9,76.8,96.5,88.4,84.1,2103,PREFERRED,0
92eb0f42c21942b6552362b9b114707d,329,0.0790273556231003,13.66500756360464,4.749763621794871,19.279270516717325,14.48,0.8956303696355954,4.045871559633028,0.07829382569028266,SP,sao paulo,2018-08-22 15:57:59,telephony,0.9209726443768997,86.92586203362795,92.1,87.1,93.4,74.9,76.1,2104,PREFERRED,0
cfb1a033743668a192316f3c6d1d2671,133,0.12781954887218044,12.515532929546087,5.5429050925925925,93.83225563909775,23.318496240601505,0.3546014210685647,4.162878787878788,0.0858696387673159,SP,votorantim,2018-08-10 23:06:33,bed_bath_table,0.8721804511278195,86.92058583966424,87.2,85.6,94.0,90.2,79.1,2105,PREFERRED,0
f27e33c6d29b5138fa9967bcd445b6d5,92,0.10869565217391304,12.077221970611916,6.6021979166666656,96.82934782608694,17.476304347826087,0.2679472310694424,4.086956521739131,0.0998143319786018,SP,sao paulo,2018-08-25 20:24:40,pet_shop,0.8913043478260869,86.91782517847278,89.1,83.0,94.2,92.7,77.2,2106,PREFERRED,0
056b4ada5bbc2c50cc7842547dda6b51,64,0.109375,12.779225983796296,22.874082341269848,190.67812500000002,20.03734375,0.1250857951971193,4.2063492063492065,0.11603928777281043,RJ,queimados,2018-08-23 13:21:08,watches_gifts,0.890625,86.91395487265798,89.1,79.8,93.9,96.8,80.2,2107,PREFERRED,0
3db66a856d18a9cba7c9241fc5221c50,94,0.11702127659574468,16.00484670508274,5.413154461279461,101.04574468085107,21.95329787234043,0.25790829910794,4.191489361702128,0.09612765277348986,MG,ponte nova,2018-08-21 12:20:32,sports_leisure,0.8829787234042553,86.91125797727001,88.3,83.7,92.2,93.0,79.8,2108,PREFERRED,0
7e1fb0a3ebfb01ffb3a7dae98bf3238d,155,0.12903225806451613,15.558809662485066,8.073431712962963,169.35051612903226,18.80625806451613,0.11838217302060644,4.189542483660131,0.09635710722863307,SP,franca,2018-08-23 19:57:18,health_beauty,0.8709677419354839,86.90397251859056,87.1,83.6,92.4,97.0,79.7,2109,PREFERRED,0
1d139e3a3b14025640d8df1b230aace0,2,0.0,7.653206018518519,0.0,18.245,17.345,1.3470004811175198,3.5,0.07706118017826662,SP,barrinha,2017-11-19 18:41:04,sports_leisure,1.0,86.90104033382894,100.0,87.3,96.6,62.1,62.5,2110,PREFERRED,1
5b179e9e8cc7ab6fd113a46ca584da81,34,0.08823529411764706,13.005503812636166,2.757183641975308,152.16176470588235,19.57764705882353,0.13106544216516872,3.6666666666666665,0.0887954816085585,SP,sao paulo,2017-09-13 16:51:13,housewares,0.9117647058823529,86.90041331915644,91.2,85.1,93.7,96.6,66.7,2111,PREFERRED,0
17a053fcb14bd219540cbde0df490be0,124,0.08064516129032258,12.275743820937873,9.085802083333332,327.4316935483871,71.49145161290323,0.2233560691247668,4.254098360655738,0.13650150826307825,SP,mogi guacu,2018-08-13 21:46:36,office_furniture,0.9193548387096774,86.87932315704437,91.9,75.9,94.1,94.0,81.4,2112,PREFERRED,0
0ac4201fda2c68ebc0e47cb9423cf3c9,13,0.07692307692307693,12.64974358974359,14.68388888888889,128.99076923076925,17.99923076923077,0.354774118069663,4.230769230769231,0.1290941974150881,SP,sao paulo,2018-06-17 13:20:11,health_beauty,0.9230769230769231,86.87436225581902,92.3,77.3,93.9,90.2,80.8,2113,PREFERRED,0
e067ad2c1c0b48758eb1b5228bcf7a68,54,0.09259259259259259,14.98370820473251,8.183983796296296,93.38055555555556,18.61777777777778,0.23794812487345687,4.148148148148148,0.11446542655191762,SP,santos,2018-08-13 20:25:15,pet_shop,0.9074074074074074,86.8629443514493,90.7,80.1,92.7,93.6,78.7,2114,PREFERRED,0
391fc6631aebcf3004804e51b40bcf1e,500,0.106,14.571172916666667,8.616323156883299,77.43438,19.58802,0.320358214604533,4.075301204819277,0.09490316214837231,SP,ibitinga,2018-08-25 20:13:35,furniture_decor,0.894,86.85674997067474,89.4,83.9,92.9,91.2,76.9,2115,PREFERRED,0
6a0cbc8af2e8abd1bdfb777943d174c6,34,0.08823529411764706,15.508637322984749,17.47715277777778,111.41617647058824,21.441176470588236,0.19449878471780108,4.03030303030303,0.1102612385595414,SP,batatais,2018-07-04 15:45:43,sports_leisure,0.9117647058823529,86.85652275813818,91.2,81.0,92.4,94.8,75.8,2116,PREFERRED,0
8e8a7ce9f2f970dc00e2acf6f6e199f6,63,0.09523809523809523,12.24611956202234,5.772503858024693,140.015873015873,18.218730158730157,0.1335845854811954,4.0,0.1121032390623688,RJ,sao goncalo,2018-08-21 08:16:01,computers_accessories,0.9047619047619048,86.84179784703898,90.5,80.6,94.2,96.5,75.0,2117,PREFERRED,0
54c04bdb5ec46762f8f08c7e8f86ed4a,18,0.1111111111111111,15.720031507201647,25.143697916666667,188.14222222222222,26.721666666666668,0.1571971903181566,4.333333333333333,0.11952943340402264,SC,florianopolis,2018-08-09 10:00:38,sports_leisure,0.8888888888888888,86.83720452424772,88.9,79.2,92.3,95.9,83.3,2118,PREFERRED,0
a416b6a846a11724393025641d4edd5e,157,0.12738853503184713,12.49271017633876,5.884747106481482,158.79133757961785,18.697834394904458,0.16919562345949724,4.2165605095541405,0.10332402930164487,SP,sao paulo,2018-08-21 21:43:35,health_beauty,0.8726114649681529,86.82861538596231,87.3,82.3,94.0,95.5,80.4,2119,PREFERRED,0
c3acdfac4e3e97ff87529454fbc03642,12,0.08333333333333333,11.161102430555557,3.8880555555555554,1399.0,22.44,0.01730428673713956,4.25,0.14933154590983003,SP,sao paulo,2018-08-16 18:52:14,watches_gifts,0.9166666666666666,86.82847334970528,91.7,73.5,94.7,99.8,81.2,2120,PREFERRED,0
9d7a1d34a5052409006425275ba1c2b4,13,0.07692307692307693,14.331834935897435,3.6609606481481483,81.14,21.31153846153846,1.1155394619145866,4.384615384615385,0.09445689360152204,SP,franca,2018-08-20 19:58:51,stationery,0.9230769230769231,86.81832761407915,92.3,84.0,93.0,68.7,84.6,2121,PREFERRED,0
f1b854361f4e15d5851b494df66f22b2,3,0.0,7.4041396604938265,0.0,389.59999999999997,102.14666666666666,0.20956528385757622,3.3333333333333335,0.13361594567552768,RJ,rio de janeiro,2018-07-25 15:35:55,pet_shop,1.0,86.81377978797966,100.0,76.5,96.7,94.4,58.3,2122,PREFERRED,1
5ab05b6d86d417796c69ffd6774ec832,10,0.1,13.937832175925925,13.62082175925926,188.61,25.675,0.14203746726413832,3.8,0.09033346115308996,SP,assis,2018-08-26 12:38:57,health_beauty,0.9,86.80969217077586,90.0,84.8,93.3,96.3,70.0,2123,PREFERRED,0
7b3447b497e55af8c15fc7bd89d7b81a,1,0.0,13.094965277777778,0.0,49.9,20.75,0.41583166332665333,5.0,0.24255888800231853,SP,sao paulo,2017-11-17 19:53:15,sports_leisure,1.0,86.806165290807,100.0,55.6,93.7,88.5,100.0,2124,PREFERRED,1
52831e5990d0771cb4951d6f12928167,1,0.0,5.106226851851852,0.0,65.0,13.12,0.20184615384615384,3.0,0.1122232274891863,SP,tupa,2018-08-06 16:31:57,sports_leisure,1.0,86.79339143640394,100.0,80.6,97.9,94.6,50.0,2125,PREFERRED,1
e81e1f9c3e762e620f3fb60a51499e16,17,0.058823529411764705,25.360643382352944,63.465949074074075,262.70529411764704,30.205882352941178,0.15024629130115877,4.0,0.11708925061348036,SC,curitibanos,2018-04-25 20:10:45,sports_leisure,0.9411764705882353,86.78735959921298,94.1,79.6,87.2,96.0,75.0,2126,PREFERRED,0
2d2322d842118867781fc737e96d59a1,8,0.125,8.09072193287037,14.567847222222222,22.05,13.12125,1.0753210858771918,4.875,0.11134564978891623,SP,sao paulo,2018-08-25 21:20:50,health_beauty,0.875,86.775757167925,87.5,80.7,96.4,69.8,96.9,2127,PREFERRED,1
ec8879960bd2221d5c32f8e12f7da711,35,0.17142857142857143,16.495119378306878,8.714749228395062,113.07142857142857,22.821714285714286,0.2407003940140236,4.294117647058823,0.06758249843546046,SP,itatiba,2018-04-11 16:50:30,computers_accessories,0.8285714285714285,86.7693962456923,82.9,89.1,91.9,93.5,82.4,2128,PREFERRED,0
318f287a62ab7ac10b703ac37435a231,51,0.09803921568627451,11.519044798474946,5.328081018518519,47.695686274509804,21.51058823529412,0.6294367081008341,3.9215686274509802,0.07738312979100093,SP,sao paulo,2018-08-24 16:38:58,sports_leisure,0.9019607843137255,86.76394429253625,90.2,87.3,94.5,82.5,73.0,2129,PREFERRED,0
dc8798cbf453b7e0f98745e396cc5616,35,0.05714285714285714,13.457997354497355,8.595428240740741,49.51428571428571,15.027142857142858,0.34217833570311323,3.3714285714285714,0.07804540566613052,SP,sao paulo,2017-11-06 21:04:43,fashion_male_clothing,0.9428571428571428,86.76153050587514,94.3,87.1,93.5,90.6,59.3,2130,PREFERRED,0
e9d99831abad74458942f21e16f33f92,129,0.10852713178294573,12.92745845894344,11.26353091931217,37.856511627906976,15.41968992248062,0.4949515206393983,3.9453125,0.07731322281216267,SP,sao paulo,2018-08-26 20:58:26,computers_accessories,0.8914728682170543,86.7588928457608,89.1,87.3,93.8,86.3,73.6,2131,PREFERRED,0
7ecef8194babfec876ca720714327841,7,0.14285714285714285,10.141066468253968,0.835625,141.5,17.68,0.2034066941746864,4.285714285714286,0.1010529844861113,SP,campinas,2018-07-20 18:38:33,construction_tools_construction,0.8571428571428572,86.74526006004196,85.7,82.7,95.3,94.5,82.1,2132,PREFERRED,1
a7f13822ceb966b076af67121f87b063,73,0.0684931506849315,22.7069525304414,34.79503472222222,164.6258904109589,40.58547945205479,0.25014333068328676,3.4027777777777777,0.06284233979137421,SP,itaquaquecetuba,2017-05-04 19:31:51,office_furniture,0.9315068493150684,86.73601190170294,93.2,90.0,88.6,93.2,60.1,2133,PREFERRED,0
1dd33b8119b3cb1056ed5dc88cd0aaf4,8,0.125,10.906626157407407,1.754525462962963,189.125,16.0925,0.08731370393634841,3.75,0.07846346965115214,SP,sao paulo,2018-02-14 12:20:44,musical_instruments,0.875,86.7122287425521,87.5,87.0,94.9,97.8,68.8,2134,PREFERRED,1
4be6b962d83299498bae2190f95d6566,11,0.09090909090909091,7.897717803030303,1.6575694444444444,56.28363636363636,18.13181818181818,0.4334397652914385,4.1,0.11534038634037178,SP,sao carlos,2018-08-12 16:08:03,small_appliances,0.9090909090909091,86.70807667058301,90.9,80.0,96.5,88.0,77.5,2135,PREFERRED,0
ce248b21cb2adc36282ede306b7660e5,64,0.109375,15.71954517505787,10.221536044973545,214.16296875,30.7325,0.3012175086680828,4.234375,0.10743088685345155,SC,jaragua do sul,2018-08-04 12:12:10,musical_instruments,0.890625,86.69791269314213,89.1,81.5,92.3,91.8,80.9,2136,PREFERRED,0
b499c00f28f4b7069ff6550af8c1348a,144,0.13194444444444445,11.43616713284465,9.7493475877193,70.30694444444445,17.55875,0.29802517214361085,4.263888888888889,0.10064425280595782,SP,limeira,2018-08-24 14:09:35,furniture_decor,0.8680555555555556,86.69347065941217,86.8,82.8,94.6,91.9,81.6,2137,PREFERRED,0
ccbd753e6863fe7314dc6c0ca5a074e7,1,0.0,11.860879629629629,0.0,495.0,101.56,0.20517171717171717,4.0,0.18119811063658692,SC,blumenau,2018-08-12 20:58:54,auto,1.0,86.69206488271595,100.0,67.4,94.4,94.5,75.0,2138,PREFERRED,1
681fce914360217db47784ae28905a96,22,0.13636363636363635,12.694671717171717,4.562114197530865,189.64681818181816,19.733636363636364,0.161571559346538,4.095238095238095,0.09028987241544073,PR,araucaria,2018-07-30 18:54:21,perfumery,0.8636363636363636,86.68961219704285,86.4,84.8,93.9,95.7,77.4,2139,PREFERRED,0
d29ba1220fb8634fa3a107e54497b8a4,9,0.0,6.488707561728395,0.0,80.5488888888889,20.324444444444442,0.35926303083705174,3.2222222222222223,0.12026381749713162,SP,sao carlos,2018-08-15 21:17:21,unknown,1.0,86.68485351771871,100.0,79.0,97.2,90.1,55.6,2140,PREFERRED,1
17f51e7198701186712e53a39c564617,56,0.08928571428571429,23.242452256944443,8.01543287037037,858.9105357142856,178.1992857142857,0.21216229801973818,4.339285714285714,0.12345877503218884,SP,sao paulo,2018-08-05 09:58:57,health_beauty,0.9107142857142857,86.6810466625259,91.1,78.4,88.3,94.3,83.5,2141,PREFERRED,0
0249d282d911d23cb8b869ab49c99f53,10,0.2,10.753835648148149,6.752667824074074,37.15,11.799,0.39525474436791014,4.5,0.06514629948698576,SP,sao paulo,2018-03-22 22:37:56,sports_leisure,0.8,86.67611351143053,80.0,89.6,94.9,89.1,87.5,2142,PREFERRED,0
07de60b03d150fb3ea09eab5da5e4c8b,9,0.1111111111111111,13.419634773662551,7.550902777777778,84.33333333333333,19.86111111111111,0.2400600712022055,4.333333333333333,0.12186283368325244,SP,ibitinga,2018-08-18 20:44:06,bed_bath_table,0.8888888888888888,86.67317785539038,88.9,78.7,93.5,93.5,83.3,2143,PREFERRED,1
276677b5d08786d5dce7c2149dcce48b,31,0.0967741935483871,12.060317727001195,8.149128086419752,110.45806451612903,24.68548387096774,0.35725161622450446,4.032258064516129,0.10435379973745572,MG,belo horizonte,2018-08-13 12:23:45,housewares,0.9032258064516129,86.66038496615577,90.3,82.1,94.3,90.2,75.8,2144,PREFERRED,0
78a4d36f65a019172c6154468831a69f,7,0.14285714285714285,15.5092791005291,9.08025462962963,220.78571428571428,31.914285714285715,0.14354397669844648,4.285714285714286,0.09746267937498139,SP,bauru,2017-12-08 16:15:26,kitchen_dining_laundry_garden_furniture,0.8571428571428572,86.66031191119218,85.7,83.4,92.4,96.2,82.1,2145,PREFERRED,1
0747d5bb69f0586cc869d8af4c50f93e,12,0.08333333333333333,14.152275270061729,7.487592592592593,26.900000000000002,15.12,0.7694482815930623,3.75,0.0643246742384953,RJ,saquarema,2017-06-03 00:20:47,perfumery,0.9166666666666666,86.65425956874725,91.7,89.8,93.1,78.5,68.8,2146,PREFERRED,0
3a3c180dd702a725bd0ba4117689239e,1,0.0,13.821863425925926,0.0,41.9,35.48,0.8467780429594272,4.0,0.14077429054545879,PR,uniao da vitoria,2018-05-04 20:19:38,pet_shop,1.0,86.652315269163,100.0,75.1,93.3,76.3,75.0,2147,PREFERRED,1
70a12e78e608ac31179aea7f8422044b,311,0.10932475884244373,14.733799199118732,7.933147467320261,96.45765273311898,17.910771704180064,0.2919290274914445,3.8122977346278315,0.07758870617503097,SP,jacarei,2018-08-20 20:10:03,computers_accessories,0.8906752411575563,86.65145327403306,89.1,87.2,92.8,92.0,70.3,2148,PREFERRED,0
2745f798279e0ed033addcc1474776d7,31,0.0967741935483871,13.611460573476702,10.475439814814814,115.43967741935484,21.701612903225808,0.19499703895254064,3.933333333333333,0.10399320496661392,SP,sao paulo,2018-05-30 15:04:45,sports_leisure,0.9032258064516129,86.64378245176864,90.3,82.2,93.4,94.8,73.3,2149,PREFERRED,0
a36b125ac6d5fdbc7f50de85c9157bdc,23,0.13043478260869565,12.984740841384863,2.967260802469136,77.98478260869565,16.256086956521738,0.3057541579200831,3.9565217391304346,0.07572095796001108,SP,ribeirao preto,2018-08-04 10:42:49,sports_leisure,0.8695652173913043,86.6427736908742,87.0,87.6,93.8,91.6,73.9,2150,PREFERRED,0
98dac6635aee4995d501a3972e047414,84,0.09523809523809523,9.889070904982363,1.7149117476851852,47.4172619047619,26.910238095238096,0.6844474290824741,4.120481927710843,0.09697545618829606,SP,sao paulo,2018-08-06 17:01:24,housewares,0.9047619047619048,86.64267885030769,90.5,83.5,95.4,80.9,78.0,2151,PREFERRED,0
19d62d484cba71963c93f0f00ab42013,1,0.0,13.946666666666667,0.0,139.9,22.69,0.16218727662616156,4.0,0.1817112273779789,SC,gaspar,2018-04-26 16:49:29,furniture_decor,1.0,86.6236084404288,100.0,67.3,93.3,95.7,75.0,2152,PREFERRED,1
b3b17aab11f273023a5f22ca52e1eb70,7,0.14285714285714285,16.551684854497356,16.822060185185187,978.5714285714286,67.90714285714286,0.061966436206335525,4.857142857142857,0.14617712827568247,PR,londrina,2018-06-09 10:24:21,auto,0.8571428571428572,86.6177079072937,85.7,74.1,91.9,98.6,96.4,2153,PREFERRED,1
31ae0774c17fabd06ff707cc5bde005f,11,0.09090909090909091,11.775554503367005,9.79644675925926,610.8954545454545,77.34727272727274,0.13424741396727116,4.0,0.12078489024593762,SP,americana,2018-08-25 10:39:56,agro_industry_and_commerce,0.9090909090909091,86.6128821839887,90.9,78.9,94.4,96.5,75.0,2154,PREFERRED,0
c458e2045a8aa8964f8879af03fdcce6,4,0.0,16.03906539351852,0.0,123.7275,49.197500000000005,0.40856745026348634,2.75,0.06631718588903725,SP,sao caetano do sul,2017-05-05 12:35:47,fixed_telephony,1.0,86.59949244721852,100.0,89.4,92.1,88.7,43.8,2155,PREFERRED,1
52454f90d4c30c016768db02f88c1a74,3,0.0,12.69337577160494,0.0,26.833333333333332,22.39,0.8110907373073356,3.6666666666666665,0.1200933759758915,SP,campinas,2018-07-13 14:38:35,pet_shop,1.0,86.5842021233917,100.0,79.1,93.9,77.3,66.7,2156,PREFERRED,1
762ed976527cddf02787edba70fffa2a,3,0.0,7.851986882716051,0.0,59.93333333333334,20.106666666666666,0.3353251461988304,2.3333333333333335,0.052105624932660355,PR,londrina,2017-12-12 11:15:32,home_construction,1.0,86.5767281238563,100.0,92.1,96.5,90.8,33.3,2157,PREFERRED,1
e7df4cd29ab5abab70fb0783ddb53987,22,0.18181818181818182,10.434106165824916,4.5113715277777775,434.0363636363636,18.318181818181817,0.10324739607972525,4.363636363636363,0.08798264677789816,SP,sao paulo,2018-08-19 20:46:26,fashion_sport,0.8181818181818181,86.56099126014283,81.8,85.2,95.1,97.4,84.1,2158,PREFERRED,0
ac9b01377919cdbd2a1bbb8d5837c70b,1,0.0,9.7975,0.0,55.9,23.54,0.4211091234347048,3.0,0.09635341955157972,SP,mogi das cruzes,2018-08-05 18:53:35,construction_tools_lights,1.0,86.55855482883427,100.0,83.6,95.5,88.4,50.0,2159,PREFERRED,1
c3ee2331a724e6fc02c4b698b57a73f3,2,0.0,6.262175925925925,0.0,673.5,70.44,0.10888641425389756,3.0,0.1209624911846781,SP,sao paulo,2017-12-02 09:45:39,kitchen_dining_laundry_garden_furniture,1.0,86.54654078524689,100.0,78.9,97.3,97.2,50.0,2160,PREFERRED,1
3dbbce181edfaa4a597ec858c382d2ec,17,0.11764705882352941,14.002171160130718,4.293038194444445,49.9,25.898235294117647,0.6296702315359148,4.235294117647059,0.08826715103802246,PR,curitiba,2017-12-11 19:56:32,books_general_interest,0.8823529411764706,86.53454900118534,88.2,85.2,93.2,82.4,80.9,2161,PREFERRED,0
fe9d9cf8631285d5982c6e2cf27fb114,1,0.0,4.90292824074074,0.0,69.9,23.64,0.3381974248927038,4.0,0.1882636798832989,MG,barbacena/ minas gerais,2018-07-19 21:58:43,sports_leisure,1.0,86.52929462572652,100.0,66.0,98.0,90.7,75.0,2162,PREFERRED,1
562f8cfc51f265411f487d07e9c40e7f,13,0.15384615384615385,14.032670049857549,3.506429398148148,58.99384615384616,15.333076923076922,0.26988018296039124,4.538461538461538,0.10694118894619188,MG,belo horizonte,2018-05-07 18:58:49,cool_stuff,0.8461538461538461,86.52826264825185,84.6,81.6,93.2,92.7,88.5,2163,PREFERRED,0
8d79c8a04e42d722a75097ce5cbcf2ef,25,0.16,19.289883796296298,28.194042245370373,104.01280000000001,27.075599999999998,0.4848980375397033,4.56,0.0832106240019065,CE,caucaia,2018-03-15 10:37:39,food,0.84,86.502491533807,84.0,86.1,90.4,86.6,89.0,2164,PREFERRED,0
e8dba4d70f7f2b20e775d09cae01142d,9,0.1111111111111111,8.808996913580247,12.919340277777778,100.32222222222222,22.004444444444445,0.24537042054101155,4.333333333333333,0.1330177697185279,SP,santa barbara d oeste,2018-08-21 12:20:19,sports_leisure,0.8888888888888888,86.49024449860157,88.9,76.6,96.0,93.3,83.3,2165,PREFERRED,1
bdae679a9b282249bc23b9b69dae9a99,5,0.0,12.04448148148148,0.0,125.97,39.12,0.6222785935335688,3.2,0.09782494625787955,DF,brasilia,2018-07-20 21:21:06,construction_tools_construction,1.0,86.48853464834593,100.0,83.3,94.3,82.7,55.0,2166,PREFERRED,1
d8cf3b6a2151949f930d0252b180ec42,5,0.0,6.4610625,0.0,104.23999999999998,64.386,0.614516077574551,3.2,0.10755267916342155,PR,mandaguacu,2018-06-21 11:12:14,drinks,1.0,86.48842806352667,100.0,81.5,97.2,82.9,55.0,2167,PREFERRED,1
7f40d06aa0b5f1aa4f41af8c0480e2ef,6,0.16666666666666666,4.130244984567901,0.07670138888888889,218.32333333333335,20.94666666666667,0.10599706973465027,4.833333333333333,0.14775314179022134,SP,rio claro,2018-08-27 19:21:58,toys,0.8333333333333334,86.48229582251274,83.3,73.8,98.5,97.3,95.8,2168,PREFERRED,1
a7dc4098e4da6e41b426269d12ae7e91,2,0.0,6.348055555555556,0.0,259.0,18.225,0.07976867151354924,3.0,0.12398317538584586,SP,sao paulo,2018-08-10 10:39:43,auto,1.0,86.47760786081824,100.0,78.3,97.3,98.0,50.0,2169,PREFERRED,1
7aa4334be125fcdd2ba64b3180029f14,214,0.13551401869158877,15.997231092073381,9.042439335887611,75.50303738317757,20.389065420560748,0.3066906051072345,4.131455399061033,0.08421747790919572,SP,laranjal paulista,2017-12-12 14:44:42,toys,0.8644859813084113,86.47171731528195,86.4,85.9,92.2,91.6,78.3,2170,PREFERRED,0
8ca1551acf9832a4cf467bbbac15851f,11,0.09090909090909091,13.264915824915825,22.944953703703703,203.3,26.11909090909091,0.136294581178561,3.909090909090909,0.11416070911048277,PR,campo largo,2018-08-15 17:18:49,furniture_decor,0.9090909090909091,86.46512654698381,90.9,80.2,93.6,96.4,72.7,2171,PREFERRED,0
4c498c7345e89aebad651544829beca0,45,0.13333333333333333,10.903729423868313,5.385852623456789,100.586,12.780888888888889,0.18970707619393648,4.355555555555555,0.11889057316045333,SP,carapicuiba,2018-08-16 10:32:24,health_beauty,0.8666666666666667,86.46407531171369,86.7,79.3,94.9,94.9,83.9,2172,PREFERRED,0
1284de4ae8aa26997e748c851557cf0e,3,0.0,19.269425154320988,0.0,486.6566666666667,28.956666666666663,0.06194662048911274,2.6666666666666665,0.07784324207344774,SP,laranjeiras do sul,2017-10-18 11:41:18,watches_gifts,1.0,86.46147986832091,100.0,87.2,90.4,98.6,41.7,2173,PREFERRED,1
af4a0e4cfe1d9c26b6712b1be25a72e5,21,0.09523809523809523,13.361939484126983,3.771851851851852,467.28476190476187,32.94,0.0804609692546417,3.4285714285714284,0.07670046903773656,MG,mateus leme,2018-03-15 22:35:02,computers_accessories,0.9047619047619048,86.45722632039123,90.5,87.4,93.6,98.0,60.7,2174,PREFERRED,0
a21c11ec5c3f03e7cc9f9203bff9e1c6,3,0.0,9.542469135802468,0.0,128.33333333333334,30.293333333333333,0.3821818181818182,3.6666666666666665,0.15371696233573226,SP,santana de parnaiba,2018-08-07 12:21:32,perfumery,1.0,86.4408235683915,100.0,72.6,95.6,89.5,66.7,2175,PREFERRED,1
406740ee611378a662d274c7d8c43c4a,8,0.125,15.207686631944444,4.820775462962963,223.75,22.759999999999998,0.13958763860887097,4.375,0.12296425149552716,ES,vitoria,2018-04-13 13:04:33,fixed_telephony,0.875,86.43347812491314,87.5,78.5,92.6,96.4,84.4,2176,PREFERRED,1
13d058e4eeac2ce8217660b2f8a05812,22,0.13636363636363635,11.403861531986532,6.890895061728396,169.99,41.25409090909091,0.2427620382759211,4.181818181818182,0.09981701388865809,SP,osasco,2018-07-20 20:25:35,home_appliances_2,0.8636363636363636,86.43005625956877,86.4,83.0,94.6,93.4,79.5,2177,PREFERRED,0
2305ab43e846518f58dd9d59f3f54e96,3,0.0,11.829328703703704,0.0,262.9633333333333,14.123333333333335,0.05422603912429728,3.6666666666666665,0.16976261742560209,SP,sao paulo,2018-06-18 14:46:06,perfumery,1.0,86.42081765464991,100.0,69.6,94.4,98.8,66.7,2178,PREFERRED,1
23c38debaffe4a25a30fdbd9b586a13f,41,0.14634146341463414,11.482206131436314,4.509124228395062,133.63560975609755,20.941951219512195,0.18839599224796746,4.317073170731708,0.1065569570175819,SP,votorantim,2018-08-07 08:19:25,garden_tools,0.8536585365853658,86.41314920487827,85.4,81.7,94.6,95.0,82.9,2179,PREFERRED,0
5656537e588803a555b8eb41f07a944b,171,0.07602339181286549,11.294335336798786,8.042126068376067,46.55970760233918,19.587777777777777,0.6447905708009755,3.8947368421052633,0.09836086685599861,DF,brasilia,2018-08-23 14:56:46,electronics,0.9239766081871346,86.40306622021942,92.4,83.2,94.7,82.0,72.4,2180,PREFERRED,0
45213867cefbf2cd4c6177e10216a951,14,0.14285714285714285,14.91580357142857,3.2861574074074076,353.9585714285714,30.981428571428573,0.09301781965006696,3.857142857142857,0.0732967753880088,SP,araras,2017-10-11 11:41:40,musical_instruments,0.8571428571428572,86.40160032365077,85.7,88.0,92.7,97.7,71.4,2181,PREFERRED,0
7b7f91e98f8c6def45a1407923304402,11,0.09090909090909091,13.368617424242423,15.803206018518518,37.95181818181818,18.456363636363633,0.49423459436849,4.181818181818182,0.1155957812223536,SP,osasco,2018-07-22 00:22:32,housewares,0.9090909090909091,86.39513660529367,90.9,79.9,93.6,86.3,79.5,2182,PREFERRED,0
f92d8c817434bd2d84d4e9c61322b7fa,5,0.2,8.32550462962963,0.4726851851851852,34.968,10.154,0.2908279809115043,4.6,0.08914341661481211,SP,sorocaba,2018-07-26 18:24:47,sports_leisure,0.8,86.39074550148968,80.0,85.0,96.2,92.1,90.0,2183,PREFERRED,1
1eade46fba20122dc4aefb379f8c636b,58,0.13793103448275862,12.37374361430396,11.545499131944444,62.67879310344827,17.902413793103445,0.3946477552260609,4.431034482758621,0.108488396973069,SP,sao paulo,2018-07-22 22:00:38,health_beauty,0.8620689655172413,86.38616628946434,86.2,81.3,94.1,89.1,85.8,2184,PREFERRED,0
a888faf2d1baececa6baf9c3d603ee1f,53,0.1509433962264151,18.016654437456324,6.10388599537037,331.41132075471694,20.904716981132076,0.0699535932110994,4.09433962264151,0.08249974519549999,PR,umuarama,2018-05-02 03:50:02,perfumery,0.8490566037735849,86.38601670016637,84.9,86.3,91.1,98.3,77.4,2185,PREFERRED,0
ececbfcff9804a2d6b40f589df8eef2b,97,0.10309278350515463,13.180852305269186,8.861313657407408,70.06237113402062,19.148350515463918,0.2967950248558514,4.11340206185567,0.11397188030078648,SP,franca,2018-08-15 16:54:26,health_beauty,0.8969072164948454,86.36514967448731,89.7,80.2,93.7,91.9,77.8,2186,PREFERRED,0
1ce3ae5a399804d1a87e706f8a813c3e,36,0.1111111111111111,15.287325424382715,5.734742476851851,67.64722222222223,21.71055555555556,0.38368779148417215,3.8333333333333335,0.07759513939524479,SC,jaguaruna,2018-08-17 15:33:51,furniture_decor,0.8888888888888888,86.36311347272859,88.9,87.2,92.5,89.4,70.8,2187,PREFERRED,0
06579cb253ecd5a3a12a9e6eb6bf8f47,60,0.13333333333333333,10.070011574074075,6.368787615740741,75.30833333333334,23.468833333333336,0.3288297175733559,4.166666666666667,0.09956881238640831,SP,sao paulo - sp,2018-08-11 21:27:06,housewares,0.8666666666666667,86.35301793704697,86.7,83.0,95.3,91.0,79.2,2188,PREFERRED,0
5236605f4d4b0b3e4df85b850393fca0,5,0.2,10.492495370370369,2.8419675925925927,53.06,16.436,0.37705431300847575,4.8,0.09691522917939674,SP,sao paulo,2018-08-04 18:22:26,sports_leisure,0.8,86.35138837653643,80.0,83.5,95.1,89.6,95.0,2189,PREFERRED,1
a63bfbaa882c8f4542891b4e2246cc7f,6,0.16666666666666666,11.690190972222224,0.7262037037037037,947.0,40.665,0.04147656443078429,5.0,0.15495193512915637,RJ,niteroi,2018-08-23 18:19:17,health_beauty,0.8333333333333334,86.34435370794353,83.3,72.4,94.4,99.1,100.0,2190,PREFERRED,1
522620dcb18a6b31cd7bdf73665113a9,172,0.10465116279069768,15.399955385981912,7.810357510288067,329.8277906976744,26.8546511627907,0.1634629600134772,3.905325443786982,0.10141641685805088,PR,cascavel,2018-08-04 22:58:06,consoles_games,0.8953488372093024,86.3337960582891,89.5,82.6,92.5,95.7,72.6,2191,PREFERRED,0
fe701d88b67eaca109dffd464d1be9f9,10,0.1,12.424614583333334,1.6921412037037038,135.9,21.902,0.2556324921124383,4.3,0.13541877669437122,RJ,marica,2018-07-24 14:11:22,fashion_bags_accessories,0.9,86.32248540885989,90.0,76.1,94.1,93.1,82.5,2192,PREFERRED,0
634964b17796e64304cadf1ad3050fb7,262,0.10305343511450382,14.749889781241164,10.949087791495199,150.7365648854962,22.705534351145037,0.18377906354657608,4.080152671755725,0.11647359444318152,RJ,rio de janeiro,2018-08-18 15:27:43,watches_gifts,0.8969465648854962,86.31791905957326,89.7,79.8,92.8,95.1,77.0,2193,PREFERRED,0
2c2c9832d1bb38c5b0034a3b47d313ee,1,0.0,12.09361111111111,0.0,49.9,18.45,0.3697394789579158,3.0,0.10075701982769897,RS,santa maria,2018-07-27 10:44:02,perfumery,1.0,86.31076372292982,100.0,82.8,94.2,89.8,50.0,2194,PREFERRED,1
ccb83a794700270fde70898fe9ff368b,12,0.16666666666666666,16.59214988425926,14.494710648148148,921.8333333333334,143.64416666666668,0.1568609590284112,4.333333333333333,0.0885955878271029,SC,sombrio,2017-08-06 13:09:40,sports_leisure,0.8333333333333334,86.3065097768324,83.3,85.1,91.8,95.9,83.3,2195,PREFERRED,0
fb89df7f89fd1b8f03fa2acca1ba7364,22,0.09090909090909091,16.15063710016835,7.9264930555555555,100.9090909090909,21.24681818181818,0.2900427862846111,3.8636363636363638,0.10003890832020058,PR,foz do iguacu,2018-08-18 21:18:15,health_beauty,0.9090909090909091,86.3055558882452,90.9,82.9,92.1,92.1,71.6,2196,PREFERRED,0
32b8764b4ef628b53608fc34011fcc13,36,0.08333333333333333,11.231865033436215,0.9474074074074075,249.13888888888889,84.19888888888889,0.3665539482883927,4.194444444444445,0.13515993196608375,SC,lages,2018-08-22 08:33:48,housewares,0.9166666666666666,86.30246871892084,91.7,76.2,94.7,89.9,79.9,2197,PREFERRED,0
ce616e1913288884e7742faac9d981db,13,0.07692307692307693,6.956814458689459,4.026909722222222,23.361538461538462,18.633846153846154,1.3963647409998867,4.538461538461538,0.11288995407075418,SP,cotia,2018-08-21 19:13:36,auto,0.9230769230769231,86.30158445559539,92.3,80.5,97.0,60.7,88.5,2198,PREFERRED,0
f5a590cf36251cf1162ea35bef76fe84,113,0.10619469026548672,11.744838270239265,9.637322530864196,453.38743362831855,36.58566371681416,0.12024363498506926,4.274336283185841,0.1386180595818346,SP,sao bernardo do campo,2018-08-18 23:53:24,musical_instruments,0.8938053097345133,86.29438303969515,89.4,75.5,94.4,96.9,81.9,2199,PREFERRED,0
09f952a5f58d2285b0372551ae8f9b01,48,0.0625,13.52066261574074,23.01891203703704,254.30145833333333,34.697916666666664,0.14063202838821318,3.8958333333333335,0.13722107109653695,SP,sao bernardo do campo,2018-08-24 22:21:24,furniture_decor,0.9375,86.27218930414615,93.8,75.8,93.5,96.3,72.4,2200,PREFERRED,0
8f78f0903005064036736c7173a5c2ed,13,0.07692307692307693,17.417435007122506,0.6192361111111111,162.59230769230768,48.63461538461539,0.3476309937940316,3.769230769230769,0.09809176900769219,MG,tiradentes,2018-07-29 22:38:20,furniture_decor,0.9230769230769231,86.27019666656722,92.3,83.3,91.4,90.4,69.2,2201,PREFERRED,0
16090f2ca825584b5a147ab24aa30c86,397,0.10831234256926953,9.195621501539323,8.051514588716623,64.36060453400503,13.603198992443325,0.38642552886780424,4.086075949367088,0.11148401756729145,SP,atibaia,2018-08-27 22:54:07,auto,0.8916876574307304,86.26172931856132,89.2,80.7,95.8,89.3,77.2,2202,PREFERRED,0
74bafed391319577bce6f4d2acc0589a,3,0.0,7.0314351851851855,0.0,615.6666666666666,79.24333333333333,0.13915533266886546,2.6666666666666665,0.09789533614860157,SP,sao paulo,2018-04-16 20:20:19,health_beauty,1.0,86.25470356348842,100.0,83.3,96.9,96.4,41.7,2203,PREFERRED,1
ef2fbc2b607d8492bcffe657a4645434,19,0.10526315789473684,7.037629751461988,2.942552083333333,52.07736842105263,21.681578947368422,0.44379706983584094,4.0,0.10731290783820753,RJ,rio de janeiro,2018-08-26 11:44:34,auto,0.8947368421052632,86.2543041044983,89.5,81.5,96.9,87.7,75.0,2204,PREFERRED,0
198c7ea11960a9844b544d9bcdca860c,25,0.12,14.513364814814816,6.936118827160494,69.35,19.6652,0.6135138670112948,3.88,0.06470635193043388,MG,jacutinga,2017-08-22 22:19:38,small_appliances,0.88,86.25391673087978,88.0,89.7,93.0,82.9,72.0,2205,PREFERRED,0
4c18691b6037662be2df78a765d98ab5,62,0.08064516129032258,9.175145982676224,5.607141203703704,50.95193548387097,17.90032258064516,0.46112760688350424,3.8548387096774195,0.10942321534370664,SP,sao paulo,2018-08-28 10:57:13,housewares,0.9193548387096774,86.25132951711377,91.9,81.1,95.8,87.2,71.4,2206,PREFERRED,0
ad420dd0c4f92f8af951ac24b86d0cf5,42,0.07142857142857142,15.178687444885362,65.45529706790124,112.03071428571428,21.740714285714287,0.37543742483261544,4.125,0.13248246056640584,MG,fronteira,2018-08-24 18:00:29,health_beauty,0.9285714285714286,86.24797397263173,92.9,76.7,92.6,89.7,78.1,2207,PREFERRED,0
3c7c4a49ec3c6550809089c6a2ca9370,136,0.08088235294117647,9.656059623502179,11.589662247474749,29.160735294117647,12.584338235294117,0.6699630622156114,3.6911764705882355,0.08347122503969898,SP,sao paulo,2018-08-18 21:48:53,perfumery,0.9191176470588235,86.24189465470444,91.9,86.1,95.5,81.3,67.3,2208,PREFERRED,0
37515688008a7a40ac93e3b2e4ab203f,221,0.10407239819004525,15.425098562929444,9.134934078099837,26.33891402714932,15.071945701357466,0.6082459316098914,4.127853881278539,0.09483261720905513,SP,dracena,2018-07-16 08:50:17,consoles_games,0.8959276018099548,86.23984265863982,89.6,83.9,92.5,83.1,78.2,2209,PREFERRED,0
ea00f977a203ff88adf7057cb7806998,18,0.1111111111111111,5.417617669753087,2.245648148148148,21.207222222222224,9.793888888888889,0.6056037485230272,4.277777777777778,0.11848657713872195,SP,santos,2018-08-20 22:53:49,auto,0.8888888888888888,86.22558493942016,88.9,79.4,97.8,83.1,81.9,2210,PREFERRED,0
ad97a199236354e53fcd91a5a913e9a2,16,0.125,15.631237702546297,4.446927083333334,777.928125,52.323125,0.07434012878357633,4.5,0.1402597447188369,SC,brusque,2018-07-23 23:29:17,small_appliances,0.875,86.22501802108417,87.5,75.2,92.4,98.2,87.5,2211,PREFERRED,0
e48cc16ab70bfa09e1401740dce0b3d7,14,0.07142857142857142,14.687196593915344,0.6934259259259259,81.04214285714285,24.00142857142857,0.49346662547348846,3.5714285714285716,0.0835503585513802,SP,aracatuba,2018-06-14 10:51:59,computers_accessories,0.9285714285714286,86.22072848026629,92.9,86.1,92.9,86.3,64.3,2212,PREFERRED,0
820cc752a266cdc6c1a1e61dd4583330,15,0.13333333333333333,13.962199074074075,2.05375,186.85333333333332,18.398000000000003,0.15029606190600028,4.133333333333334,0.10428630768157296,PR,maringa,2018-04-27 13:39:47,small_appliances,0.8666666666666667,86.19912713418996,86.7,82.1,93.2,96.0,78.3,2213,PREFERRED,0
66fd84ee7528c0c0de85d0f44a73d5ab,11,0.09090909090909091,15.406205808080808,17.98537037037037,130.73727272727274,41.19909090909091,0.4595130716723857,3.3636363636363638,0.05438513501838372,RS,campina das missoes,2017-07-28 10:24:45,computers_accessories,0.9090909090909091,86.19626756274653,90.9,91.7,92.5,87.3,59.1,2214,PREFERRED,0
77530e9772f57a62c906e1c21538ab82,304,0.11842105263157894,15.111017757066278,9.756767618312757,149.64009868421053,27.19763157894737,0.23010603251955258,4.167763157894737,0.11138193551635786,PR,curitiba,2018-08-25 22:41:57,furniture_decor,0.881578947368421,86.19237499071299,88.2,80.7,92.6,93.8,79.2,2215,PREFERRED,0
7e3f87d16fb353f408d467e74fbd8014,91,0.12087912087912088,12.572568172568173,7.728147095959597,51.68120879120879,15.594395604395604,0.3760223981052224,4.164835164835165,0.10513575642244821,SP,sao paulo,2018-08-26 11:59:34,computers_accessories,0.8791208791208791,86.18241500023426,87.9,81.9,94.0,89.6,79.1,2216,PREFERRED,0
2e7ea2aafec5835e781b21d6d1faf1f1,7,0.14285714285714285,7.159899140211641,1.8046527777777779,75.48571428571428,16.888571428571428,0.2519662907898202,4.5,0.13196154218125028,SP,sao paulo,2018-08-23 21:46:53,health_beauty,0.8571428571428572,86.16714810513602,85.7,76.8,96.8,93.2,87.5,2217,PREFERRED,1
edf96ef93ed595084bbcbd9224bd2894,25,0.12,13.89298888888889,3.312847222222222,150.28,24.3512,0.23044164965100197,3.88,0.09026893071982466,SP,sao paulo,2018-08-16 15:32:45,electronics,0.88,86.16548847642338,88.0,84.8,93.3,93.8,72.0,2218,PREFERRED,0
b2c97074649f92197d9387d9033dda5f,10,0.1,12.233510416666666,2.0648263888888887,68.471,27.937,0.4154825081244864,4.7,0.16093494746434595,SP,botucatu,2018-08-14 13:27:56,health_beauty,0.9,86.16151846840673,90.0,71.2,94.2,88.5,92.5,2219,PREFERRED,0
4e0d109ccfba9a1151c103049880c857,2,0.0,19.22804398148148,0.0,139.945,33.92,0.22058466718058653,3.0,0.10114335334189056,RJ,sao joao de meriti,2018-05-31 17:29:44,watches_gifts,1.0,86.14822574372766,100.0,82.7,90.5,94.1,50.0,2220,PREFERRED,1
6bb66d9870c2e01c05655c7ed0e7ee13,3,0.0,8.319984567901235,0.0,89.66666666666667,17.34,0.19348115165640475,3.6666666666666665,0.1737586205379972,SP,sao paulo,2018-07-29 06:13:03,unknown,1.0,86.11323498935046,100.0,68.8,96.2,94.8,66.7,2221,PREFERRED,1
4a1917ef994878940e1fb03eeb787ad7,2,0.0,10.306412037037036,0.0,384.0,39.31,0.10861112009051237,3.0,0.12333720361880043,DF,brasilia,2018-07-26 10:31:00,fixed_telephony,1.0,86.11197351006349,100.0,78.4,95.2,97.2,50.0,2222,PREFERRED,1
8e34331b7eedd03be4e5d965c1956225,5,0.2,13.948203703703703,6.032442129629629,29.0,13.088,0.4683833333333333,4.8,0.09081401148147589,SP,sao paulo,2018-07-05 14:24:57,books_general_interest,0.8,86.10978360201351,80.0,84.7,93.2,87.0,95.0,2223,PREFERRED,1
d9b00a97818674c7f8d8b1ef0e689679,1,0.0,2.203148148148148,0.0,69.9,9.18,0.13133047210300428,3.0,0.1358244917374079,PR,ponta grossa,2018-08-14 15:26:06,health_beauty,1.0,86.09351032792215,100.0,76.1,99.5,96.6,50.0,2224,PREFERRED,1
768a86e36ad6aae3d03ee3c6433d61df,16,0.1875,5.070319733796296,5.027527006172839,35.15375,10.474375,0.3104695937289037,4.625,0.11083724289599997,SP,sao paulo,2018-08-23 20:27:42,toys,0.8125,86.08566691136737,81.2,80.8,98.0,91.5,90.6,2225,PREFERRED,0
9bade61a92bed55a25d2b67b9f4ed739,2,0.0,9.656429398148148,0.0,58.84,28.56,0.47652495494164393,3.0,0.1036058626075449,PR,sao jose dos pinhais,2018-03-29 11:34:59,baby,1.0,86.06503246152198,100.0,82.2,95.5,86.8,50.0,2226,PREFERRED,1
4e8dacf3d38f281ae26c3e0321d92d88,8,0.125,12.03462962962963,2.6983680555555556,256.9325,17.572499999999998,0.1783908788273117,3.125,0.03584346461189356,SP,sao paulo,2017-03-14 21:20:04,unknown,0.875,86.06240350185521,87.5,95.2,94.3,95.2,53.1,2227,PREFERRED,1
1dc2de47ee26a0a5b12dc14fd6dc0dea,25,0.12,14.610499537037038,1.1319212962962963,67.8116,25.2916,0.36595610804360595,4.56,0.1364794430840557,SP,ibitinga,2018-08-22 14:19:39,bed_bath_table,0.88,86.0597986289324,88.0,75.9,92.9,89.9,89.0,2228,PREFERRED,0
59cd88080b93f3c18508673122d26169,10,0.2,13.021471064814815,1.2644386574074074,39.233,17.538,0.4440829059775158,4.7,0.08724973677749659,SP,praia grande,2017-12-09 11:52:32,pet_shop,0.8,86.04820293444334,80.0,85.4,93.7,87.7,92.5,2229,PREFERRED,0
f84fa566034f5e8e880a07ec624c56af,89,0.1348314606741573,11.963886418019142,6.2162094907407415,56.11134831460674,13.600224719101124,0.24626160215846146,4.247191011235955,0.11302566420971594,SP,indaiatuba,2018-08-14 16:22:27,health_beauty,0.8651685393258427,86.04150186299667,86.5,80.4,94.3,93.3,81.2,2230,PREFERRED,0
134285d1f41da5c13a756ee8142c8a4e,3,0.0,8.01778163580247,0.0,524.2333333333332,26.97666666666667,0.07061878237385406,3.3333333333333335,0.15716168142555054,SP,sao paulo,2018-08-16 21:31:19,auto,1.0,86.03111860426266,100.0,72.0,96.4,98.3,58.3,2231,PREFERRED,1
443d880f15cbd3572885e1d44bf2c478,1,0.0,12.403761574074075,0.0,94.8,30.2,0.31856540084388185,2.0,0.0308541802858413,SP,marilia,2017-07-21 09:28:29,furniture_decor,1.0,86.03058759564047,100.0,96.2,94.1,91.3,25.0,2232,PREFERRED,1
f5f1f2c5f923f36ad79ea1d07185ddc9,10,0.1,13.051210648148148,2.6478125,151.777,17.372999999999998,0.11384012093749196,3.7,0.1019623624800752,SP,taruma,2018-04-04 18:42:39,pet_shop,0.9,86.02802632461052,90.0,82.5,93.7,97.1,67.5,2233,PREFERRED,0
81783131d2a97c8d44d406a4be81b5d9,8,0.125,7.2540480324074075,0.848900462962963,102.7175,17.98,0.1754926913256855,4.5,0.15239222494101445,SP,sorocaba,2018-08-15 10:06:15,toys,0.875,86.02276849783166,87.5,72.9,96.8,95.3,87.5,2234,PREFERRED,1
577719699805dd125d5b6fdde5943bba,8,0.125,10.283478009259259,8.821342592592593,134.725,26.195,0.5329618344470827,4.375,0.11671934578401917,RS,nova petropolis,2018-08-21 21:30:35,housewares,0.875,86.0079661322298,87.5,79.7,95.2,85.2,84.4,2235,PREFERRED,1
2d50d6282f8aa2257819a77bfaa0efe0,40,0.15,13.7924375,6.761280864197531,74.98474999999999,18.8645,0.28454177031515787,3.925,0.07214169975708143,SP,ibitinga,2018-08-11 14:31:30,bed_bath_table,0.85,86.00724973866203,85.0,88.3,93.3,92.2,73.1,2236,PREFERRED,0
fa3a0b5aabb344b9a92e3524b0202123,7,0.14285714285714285,11.636570767195767,4.835636574074074,255.57142857142858,23.487142857142857,0.09739895546765467,4.142857142857143,0.10931632711231343,SP,sao jose dos pinhais,2018-06-16 21:53:42,musical_instruments,0.8571428571428572,85.99552487088557,85.7,81.1,94.5,97.5,78.6,2237,PREFERRED,1
71593c7413973a1e160057b80d4958f6,2,0.0,9.129704861111112,0.0,149.75,22.924999999999997,0.15308848080133555,3.0,0.1252107175847803,SP,sao paulo / sao paulo,2018-08-16 10:46:39,air_conditioning,1.0,85.98955894684661,100.0,78.1,95.8,96.0,50.0,2238,PREFERRED,1
968ee78631915a63fef426d6733d7422,2,0.0,15.264716435185186,0.0,225.0,35.835,0.16086363636363638,3.0,0.11468649062564654,RS,erechim,2017-11-27 17:41:30,cool_stuff,1.0,85.98393361287458,100.0,80.1,92.6,95.7,50.0,2239,PREFERRED,1
18a349e75d307f4b4cc646a691ed4216,107,0.06542056074766354,11.242987625475942,10.890214947089946,68.17018691588785,17.209719626168226,0.43242580237477013,3.650943396226415,0.10861229324386094,SP,sao paulo,2018-08-26 19:04:40,telephony,0.9345794392523364,85.97546322894952,93.5,81.3,94.7,88.0,66.3,2240,PREFERRED,0
62de60d81c55c29d76a6bce418b31cef,1,0.0,16.171631944444446,0.0,103.0,23.87,0.231747572815534,4.0,0.1877412319786308,SP,ibitinga,2018-08-05 20:01:32,auto,1.0,85.96038979985725,100.0,66.1,92.1,93.7,75.0,2241,PREFERRED,1
723cd880edaacdb998898b67c8f9da30,11,0.09090909090909091,9.960010521885522,4.7534375,200.58454545454543,40.085454545454546,0.2102692235293815,4.090909090909091,0.14027278702051865,SP,ibitinga,2018-08-20 14:00:12,bed_bath_table,0.9090909090909091,85.94869812635825,90.9,75.2,95.4,94.3,77.3,2242,PREFERRED,0
6f229cc508fc6915ed5c499efd93baa4,13,0.15384615384615385,9.2466176994302,7.410746527777778,204.2153846153846,25.68307692307692,0.13319848824777203,4.384615384615385,0.12351388308001879,RJ,rio de janeiro,2018-08-11 18:52:46,sports_leisure,0.8461538461538461,85.92569706759718,84.6,78.4,95.7,96.5,84.6,2243,PREFERRED,0
213b25e6f54661939f11710a6fddb871,142,0.09154929577464789,15.424024843505478,5.304044693732195,105.59964788732394,22.953521126760563,0.22611659636586728,3.971631205673759,0.12109647446040019,SP,salto,2018-08-14 07:49:51,home_construction,0.9084507042253521,85.9183694422795,90.8,78.9,92.5,93.9,74.3,2244,PREFERRED,0
afa6714acee029b2dfdf357e5579cc03,16,0.125,12.733381799768518,5.746053240740741,201.2975,23.92625,0.15550434985327288,4.25,0.12738731384393848,SP,descalvado,2018-08-20 11:23:16,toys,0.875,85.90437751736206,87.5,77.7,93.9,95.9,81.2,2245,PREFERRED,0
747c1cdcd1737dcfbd1547f6eb6f2cf3,2,0.0,15.132824074074074,0.0,205.935,65.715,0.26581941978120327,2.5,0.07127339204183383,SP,ibitinga,2018-01-27 11:28:32,bed_bath_table,1.0,85.90165302721812,100.0,88.4,92.6,92.8,37.5,2246,PREFERRED,1
0f80a40c312b2472dca482cf50f5186f,1,0.0,5.3246064814814815,0.0,129.9,20.1,0.15473441108545036,3.0,0.1332648145195713,SP,lencois paulista,2018-08-22 11:12:30,perfumery,1.0,85.9015444927513,100.0,76.5,97.8,95.9,50.0,2247,PREFERRED,1
a64e44665225d19dfc0277eeeaaccc57,5,0.2,8.306828703703705,0.7003125,60.1,14.168000000000001,0.3625569717093663,5.0,0.12651116097760612,SP,sao paulo,2018-08-20 09:52:41,health_beauty,0.8,85.8982789389164,80.0,77.8,96.2,90.0,100.0,2248,PREFERRED,1
d51e0a403fe2e689ece6c73359d96e12,18,0.1111111111111111,14.026194058641975,4.158929398148148,410.0,35.97611111111111,0.10012121557171771,4.222222222222222,0.13662998714142904,SP,pompeia,2018-07-25 11:49:46,costruction_tools_garden,0.8888888888888888,85.89783927118665,88.9,75.9,93.2,97.5,80.6,2249,PREFERRED,0
5151aea44289d6c6b090ee31c2132508,7,0.0,17.37599537037037,0.0,187.9,23.881428571428568,0.12709647989051925,1.8333333333333333,0.023711827270421402,SP,marilia,2017-02-20 13:50:49,air_conditioning,1.0,85.895768755729,100.0,97.5,91.4,96.7,20.8,2250,PREFERRED,1
85044848b1b767db2a4a58526adef4b4,4,0.0,8.78732349537037,0.0,60.150000000000006,16.2275,0.41997715318182044,3.25,0.13152503494781465,SP,osasco,2018-07-13 14:02:37,telephony,1.0,85.89440357932556,100.0,76.9,96.0,88.4,56.2,2251,PREFERRED,1
2e90cb1677d35cfe24eef47d441b7c87,126,0.1349206349206349,12.499014182833628,5.345717592592592,110.15801587301587,22.883809523809525,0.23591613618608187,4.111111111111111,0.10510563688585246,SP,sao paulo,2018-08-26 17:23:02,electronics,0.8650793650793651,85.89436259426462,86.5,81.9,94.0,93.6,77.8,2252,PREFERRED,0
b33e7c55446eabf8fe1a42d037ac7d6d,147,0.1292517006802721,16.37044666477702,9.311288377192982,299.3674149659864,18.10578231292517,0.07513088460230329,4.224489795918367,0.12136108279385892,SP,pradopolis,2018-08-15 16:14:22,watches_gifts,0.8707482993197279,85.88752052336943,87.1,78.8,92.0,98.2,80.6,2253,PREFERRED,0
4869f7a5dfa277a7dca6462dcf3b52b2,1114,0.11669658886894076,15.108134142895139,9.057826121794873,201.97517055655297,17.84745062836625,0.103771426263982,4.16998191681736,0.12693920521048827,SP,guariba,2018-08-24 19:42:51,watches_gifts,0.8833034111310593,85.87437686333499,88.3,77.8,92.6,97.4,79.2,2254,PREFERRED,0
8ff38bc3969e67c36c48343a07090f66,2,0.0,16.915497685185183,0.0,1736.0,193.78,0.11162442396313363,2.5,0.07801901763709634,SP,sao paulo,2017-09-29 13:19:51,auto,1.0,85.87425634673652,100.0,87.1,91.7,97.1,37.5,2255,PREFERRED,1
9b1585752613ec342d03bbab9997ec48,3,0.0,8.091628086419753,0.0,1416.3266666666666,33.35333333333333,0.033463256609834284,3.6666666666666665,0.18871891012870182,RJ,rio de janeiro,2018-08-19 09:35:34,auto,1.0,85.86867327214436,100.0,65.9,96.4,99.4,66.7,2256,PREFERRED,1
d3f39f05462b79a4562d35893a28f159,31,0.12903225806451613,12.476905615292711,14.643579282407407,74.45806451612903,16.73483870967742,0.24006459265886682,3.7419354838709675,0.08094761436182113,SP,mococa,2018-06-17 02:25:02,health_beauty,0.8709677419354839,85.8635218045349,87.1,86.6,94.0,93.5,68.5,2257,PREFERRED,0
bbd3acfe6de99892e73940d3fdceaf68,2,0.0,3.2957581018518516,0.0,47.45,20.34,0.3943129682730552,3.0,0.12377272466369066,SP,santo andre,2018-08-21 10:38:28,bed_bath_table,1.0,85.8378174831755,100.0,78.4,98.9,89.1,50.0,2258,PREFERRED,1
5343d0649eca2a983820bfe93fc4d17e,66,0.10606060606060606,11.526364162457911,7.394955357142857,146.31242424242424,33.62409090909091,0.2524139412652907,4.015384615384615,0.12063645963673264,SP,santo andre,2018-07-29 19:42:00,furniture_decor,0.8939393939393939,85.83188042325769,89.4,79.0,94.5,93.1,75.4,2259,PREFERRED,0
6860153b69cc696d5dcfe1cdaaafcf62,74,0.0945945945945946,10.249410660660661,11.57595734126984,51.72472972972973,20.14324324324324,0.4330976024580136,4.095890410958904,0.12698929457569635,SP,capivari,2018-08-24 00:07:22,construction_tools_construction,0.9054054054054054,85.81951775781023,90.5,77.7,95.2,88.0,77.4,2260,PREFERRED,0
7813ea3ebd9411dc600b4dd01f7a97b9,9,0.1111111111111111,13.03318544238683,5.445601851851852,177.7111111111111,16.287777777777777,0.10963850702263161,3.888888888888889,0.11343126977826874,SP,osasco,2018-06-07 12:57:35,telephony,0.8888888888888888,85.81131449399749,88.9,80.3,93.7,97.2,72.2,2261,PREFERRED,1
1d503743d2526f03f0c2c89540ee008c,12,0.08333333333333333,10.80260513117284,10.02949074074074,43.00333333333333,17.040833333333335,0.5102961056672595,3.9166666666666665,0.11661851682208468,SP,sao paulo,2018-07-15 12:57:22,auto,0.9166666666666666,85.77542095069582,91.7,79.7,94.9,85.8,72.9,2262,PREFERRED,0
63ffcb71394dd8ea3872ed9ffda17c74,17,0.058823529411764705,13.25094566993464,27.60758101851852,23.470588235294116,15.571764705882355,0.7117708569686088,3.176470588235294,0.06061198129555529,RJ,itaborai,2017-07-30 10:07:29,unknown,0.9411764705882353,85.7745907033852,94.1,90.5,93.6,80.1,54.4,2263,PREFERRED,0
440dd6ab244315c632130ecfb63827b1,91,0.13186813186813187,16.616442434879936,12.396494020061729,144.21978021978023,22.610659340659343,0.21984219252418757,3.89010989010989,0.08674840998068427,SP,votuporanga,2018-08-04 14:55:00,sports_leisure,0.8681318681318682,85.77022381362036,86.8,85.5,91.8,94.1,72.3,2264,PREFERRED,0
5d043cd5512d4bd2f88e5ccdd5736c38,1,0.0,9.573449074074073,0.0,650.0,64.91,0.09986153846153846,2.0,0.054052255337822125,SP,sao paulo,2017-03-11 19:12:49,sports_leisure,1.0,85.76474667269284,100.0,91.7,95.6,97.5,25.0,2265,PREFERRED,1
c8467937e403e76a8ee9f0ab13f6f5ef,30,0.13333333333333333,16.945050925925926,7.0884027777777785,61.793,19.631666666666664,0.4897602353248992,4.071428571428571,0.08356566430166966,MG,pocos de caldas,2018-08-13 20:11:13,costruction_tools_tools,0.8666666666666667,85.75931773206185,86.7,86.1,91.7,86.4,76.8,2266,PREFERRED,0
59b22a78efb79a4797979612b885db36,123,0.13008130081300814,12.777658649503161,8.379674479166667,220.4691056910569,39.496016260162605,0.26443940193374754,4.0,0.10062823531571702,MG,uberlandia,2018-08-24 10:25:51,housewares,0.8699186991869918,85.75850417417534,87.0,82.8,93.9,92.8,75.0,2267,PREFERRED,0
ad8b531ae67582f096925cff5630d0d1,2,0.0,20.48488425925926,0.0,99.22500000000001,26.52,1.866449689657695,4.0,0.08804310114966522,PR,castro,2017-11-24 20:26:39,art,1.0,85.75555791811169,100.0,85.2,89.8,47.3,75.0,2268,PREFERRED,1
9996ae921c50e8dff411ac69c0b4bb8b,1,0.0,20.942523148148148,0.0,19.8,30.2,1.525252525252525,3.0,0.029445332106761778,SP,tupa,2017-10-17 15:35:11,furniture_decor,1.0,85.74497968385509,100.0,96.4,89.5,57.0,50.0,2269,PREFERRED,1
7c1fea10b5b006671d608b1d7c446ec4,12,0.08333333333333333,16.91726851851852,3.719351851851852,30.316666666666663,16.8375,0.6470066774931192,4.0,0.1056949135871323,SP,boituva,2018-04-25 18:42:06,telephony,0.9166666666666666,85.73717385897615,91.7,81.8,91.7,82.0,75.0,2270,PREFERRED,0
2cb4700db635baa1c0d4f90ed27b6669,2,0.0,16.483385416666668,0.0,99.9,14.46,0.14474474474474475,2.0,0.04055249014032232,PR,curitiba,2017-03-18 01:58:41,baby,1.0,85.73477245519011,100.0,94.3,91.9,96.2,25.0,2271,PREFERRED,1
d7485b33791774c36108f8c69602d48d,9,0.1111111111111111,8.553671553497942,12.753252314814814,36.64777777777778,21.09,0.626755465257048,4.0,0.10082782029037142,PR,curitiba,2018-07-24 22:56:00,sports_leisure,0.8888888888888888,85.7206284603611,88.9,82.8,96.1,82.5,75.0,2272,PREFERRED,1
ffeee66ac5d5a62fe688b9d26f83f534,14,0.14285714285714285,18.074880952380955,13.309664351851852,131.41857142857143,29.977857142857143,0.23237474305022973,4.214285714285714,0.10224594809013605,SP,mirassol,2018-05-14 08:55:22,home_appliances,0.8571428571428572,85.70720322895691,85.7,82.5,91.1,93.7,80.4,2273,PREFERRED,0
d673a59aac7a70d8b01e6902bf090a11,71,0.11267605633802817,14.513884161450182,10.565876736111111,51.78943661971831,20.017042253521126,0.49222952193861785,4.112676056338028,0.10717504742418016,SP,ibitinga,2018-08-23 00:20:45,baby,0.8873239436619719,85.69210071338213,88.7,81.5,93.0,86.3,77.8,2274,PREFERRED,0
75d34ebb1bd0bd7dde40dd507b8169c3,57,0.15789473684210525,16.047814733593242,8.259497170781891,222.04087719298246,23.04280701754386,0.21995337283048472,3.9298245614035086,0.07388216990464141,BA,salvador,2018-02-05 13:50:59,telephony,0.8421052631578947,85.66958329861521,84.2,87.9,92.1,94.1,73.2,2275,PREFERRED,0
ba143b05f0110f0dc71ad71b4466ce92,83,0.1566265060240964,10.241654395359214,6.4268242521367505,72.69518072289156,15.993373493975904,0.23669292240779918,4.457831325301205,0.12579820916551762,SP,sao paulo,2018-08-18 21:58:12,books_technical,0.8433734939759037,85.6206947961531,84.3,78.0,95.2,93.6,86.4,2276,PREFERRED,0
406822777a0b9eb5c50e442dd4cd3ec5,44,0.13636363636363635,13.384291351010102,7.5887172067901245,80.6384090909091,20.48,0.3209372419296783,4.325581395348837,0.12027980921117662,SP,tatui,2018-08-23 00:07:26,toys,0.8636363636363636,85.60942570013482,86.4,79.0,93.5,91.2,83.1,2277,PREFERRED,0
fd386aa7bed2af3c7035c65506c9b4a3,67,0.1044776119402985,8.473464103095633,9.222840608465608,34.09044776119403,15.272089552238807,0.7012792059146228,4.373134328358209,0.13330604052586792,SP,sao paulo,2018-08-28 14:11:30,stationery,0.8955223880597015,85.59082292693587,89.6,76.5,96.2,80.4,84.3,2278,PREFERRED,0
8b655f0855926bcb49f5835d38dfddf6,5,0.2,5.609800925925926,0.012743055555555556,217.9,14.662,0.06634255576840405,4.8,0.1395579298627677,SP,osasco,2018-08-17 10:55:49,stationery,0.8,85.57817067133104,80.0,75.3,97.7,98.4,95.0,2279,PREFERRED,1
87b740daf17b5d1be335a64164ec6842,11,0.09090909090909091,18.169685395622896,5.670497685185185,1111.7054545454546,115.30727272727273,0.10938875182755395,3.727272727272727,0.11190364569711701,SP,suzano,2018-03-15 15:58:43,sports_leisure,0.9090909090909091,85.57780944739163,90.9,80.6,91.0,97.2,68.2,2280,PREFERRED,0
7f2617c58d5d06806987308b45654351,22,0.09090909090909091,12.480531355218856,3.955405092592593,166.21818181818182,14.839545454545453,0.09025350551277224,3.8181818181818183,0.12964193342799127,SP,sao paulo,2018-06-21 20:53:59,sports_leisure,0.9090909090909091,85.57547973300676,90.9,77.2,94.0,97.8,70.5,2281,PREFERRED,0
058cb5aeb36d7c0fcae20fc85d5e0a59,11,0.09090909090909091,10.08881207912458,9.89263888888889,112.36363636363636,67.98363636363636,0.5767030582504891,3.8181818181818183,0.10483155423674356,RJ,rio de janeiro,2018-08-14 23:23:38,luggage_accessories,0.9090909090909091,85.57401775509688,90.9,82.0,95.3,83.9,70.5,2282,PREFERRED,0
e8a85b5f3df47be0984c55fd4064dbb4,8,0.125,10.681103877314815,4.992222222222222,92.875,27.873749999999998,1.0743641656223892,4.5,0.10298968839135039,DF,brasilia,2018-08-21 08:35:57,housewares,0.875,85.56661519146452,87.5,82.3,95.0,69.8,87.5,2283,PREFERRED,1
6562efe88ce0826a4ca4f189f03b4b84,8,0.125,17.81350115740741,4.713564814814815,134.5,35.29,0.2734417195401028,3.875,0.08971401072032764,PR,maringa,2018-01-08 12:25:43,furniture_decor,0.875,85.5645760992619,87.5,84.9,91.2,92.6,71.9,2284,PREFERRED,1
f84a00e60c73a49e7e851c9bdca3a5bb,87,0.11494252873563218,11.850995370370368,12.928421296296296,66.58896551724138,22.195632183908046,0.6225797254936841,3.8850574712643677,0.08710445464489433,RJ,rio de janeiro,2018-07-25 11:32:31,health_beauty,0.8850574712643678,85.56269502596817,88.5,85.4,94.4,82.6,72.1,2285,PREFERRED,0
5b07547f10dd980738a1a27f685af669,13,0.15384615384615385,6.257921118233619,2.7713020833333335,87.27692307692308,14.266923076923076,0.17360195558307565,4.461538461538462,0.13968249957792536,SP,guarulhos,2018-08-24 10:46:25,health_beauty,0.8461538461538461,85.56245626224032,84.6,75.3,97.3,95.4,86.5,2286,PREFERRED,0
55f7a3319d80f7fdf078b8f03e6725fe,22,0.09090909090909091,6.7771659301346805,2.7155729166666664,136.99,18.485,0.15411700421390626,3.772727272727273,0.13208156070265445,SP,osasco,2018-08-22 21:06:11,auto,0.9090909090909091,85.56040207321645,90.9,76.8,97.1,95.9,69.3,2287,PREFERRED,0
52f6f9f13ba19504c02781132a049e75,1,0.0,16.289837962962963,0.0,199.0,23.13,0.11623115577889447,2.0,0.04622079866048634,PR,curitiba,2017-03-25 09:08:41,furniture_decor,1.0,85.55948695951476,100.0,93.2,92.0,97.0,25.0,2288,PREFERRED,1
1cbd32d00d01bb8087a5eb088612fd9c,11,0.09090909090909091,12.533015572390571,1.7250694444444445,95.04272727272728,22.187272727272727,0.28597509077698907,4.181818181818182,0.14695170886879524,SP,sp / sp,2018-08-19 12:31:08,health_beauty,0.9090909090909091,85.55018420969395,90.9,73.9,94.0,92.2,79.5,2289,PREFERRED,0
b74d1c09cb380e1d03a6f859c6f4224b,28,0.14285714285714285,11.1053302744709,2.929487847222222,76.9475,28.417142857142856,0.4840506511504575,4.285714285714286,0.10799202678977167,RJ,rio de janeiro,2018-08-09 13:35:56,unknown,0.8571428571428572,85.53974430866162,85.7,81.4,94.8,86.6,82.1,2290,PREFERRED,0
ba6b4a237f92479743cf0ca06b67a9ac,8,0.125,12.598758680555555,14.901886574074075,100.23625,13.9775,0.18671723520057892,4.25,0.1336021357735649,RJ,rio de janeiro,2018-08-03 18:35:52,computers_accessories,0.875,85.52873803625616,87.5,76.5,94.0,95.0,81.2,2291,PREFERRED,1
d5ba419e26d246a0719437cf37d9b46d,33,0.12121212121212122,9.783186377665544,10.174482060185186,119.37848484848485,15.799696969696969,0.17991457356084697,4.0,0.1219245785658029,SP,sao paulo,2018-08-22 10:44:46,computers_accessories,0.8787878787878788,85.52650071051471,87.9,78.7,95.5,95.2,75.0,2292,PREFERRED,0
688756f717c462a206ad854c5027a64a,76,0.09210526315789473,10.89695495248538,3.1828769841269846,74.49355263157895,23.46315789473684,0.38306296447565563,3.96,0.1262623669367126,SP,guarulhos,2018-08-18 20:06:13,housewares,0.9078947368421053,85.52237810964836,90.8,77.9,94.9,89.4,74.0,2293,PREFERRED,0
5e105f5c9f63f5f1fd75d6cb942e55b1,8,0.125,9.292110821759259,0.8816087962962963,183.9875,34.22875,0.3002517001670344,4.5,0.15214898532558602,SP,sao jose do rio preto,2018-08-25 11:42:43,housewares,0.875,85.51834703678152,87.5,72.9,95.7,91.8,87.5,2294,PREFERRED,1
43b2c864251aa0ce4030c746984e088a,2,0.0,5.6157812499999995,0.0,47.4,17.26,0.39081324652835914,3.0,0.12681389754974748,DF,brasilia,2018-08-23 12:49:42,housewares,1.0,85.51756469786619,100.0,77.8,97.7,89.2,50.0,2295,PREFERRED,1
87d3c3aeb3ead335511b3ce315eb341e,15,0.06666666666666667,6.565039351851852,6.811608796296296,49.95666666666667,14.247333333333334,0.40216037771962515,3.5,0.11527677592300693,SP,sao paulo,2018-08-17 07:44:54,toys,0.9333333333333333,85.50433455457697,93.3,80.0,97.2,88.9,62.5,2296,PREFERRED,0
9d5604a1f112324ad6b2aa552122e0fb,13,0.0,12.491833155270655,0.0,32.42307692307692,26.19076923076923,1.1629012397858551,3.5384615384615383,0.11223646355295967,SP,florianopolis,2018-08-19 21:37:17,home_construction,1.0,85.49758885522623,100.0,80.6,94.0,67.3,63.5,2297,PREFERRED,0
a6fe7de3d16f6149ffe280349a8535a0,50,0.16,14.975533564814814,6.41814236111111,56.898,14.5908,0.25943548532791794,4.040816326530612,0.08410763192574393,SP,franca,2018-07-29 20:23:34,fashion_underwear_beach,0.84,85.49540655268648,84.0,86.0,92.7,92.9,76.0,2298,PREFERRED,0
a673821011d0cec28146ea42f5ab767f,122,0.11475409836065574,13.172509202337583,12.855355489417992,108.34459016393443,21.492131147540984,0.22804564488914866,4.080508474576271,0.12604828716875527,SP,sao paulo,2018-08-22 01:35:54,bed_bath_table,0.8852459016393442,85.45078404440677,88.5,77.9,93.7,93.8,77.0,2299,PREFERRED,0
bc302730ea8cf49b5c74f579febb5bbf,11,0.09090909090909091,11.243857323232323,1.8949189814814815,240.0818181818182,26.297272727272727,0.32274429544436917,3.8181818181818183,0.12075739521536749,SP,campinas,2018-08-02 18:35:44,telephony,0.9090909090909091,85.43976769080946,90.9,78.9,94.7,91.2,70.5,2300,PREFERRED,0
fcdd820084f17e9982427971e4e9d47f,16,0.125,12.597906539351852,7.938362268518519,298.999375,55.109375,0.1797867987149647,3.9375,0.11195062549647292,SP,ribeirao preto,2018-08-17 11:15:25,air_conditioning,0.875,85.4139905822761,87.5,80.6,94.0,95.2,73.4,2301,PREFERRED,0
1f50f920176fa81dab994f9023523100,1375,0.10763636363636364,15.862421792929293,9.555319460085085,76.45519272727273,25.202363636363636,0.33626925361986015,4.171532846715328,0.12831125450660186,SP,sao jose do rio preto,2018-08-25 20:10:27,garden_tools,0.8923636363636364,85.41183575141699,89.2,77.5,92.2,90.8,79.3,2302,PREFERRED,0
3968920b9aa752ab98f7d5888c9252f2,7,0.14285714285714285,10.160486111111112,2.679537037037037,64.47142857142858,20.88571428571429,0.3723346288908399,4.285714285714286,0.11978482447849646,SP,bauru,2018-08-06 16:19:52,housewares,0.8571428571428572,85.36685285579355,85.7,79.1,95.3,89.7,82.1,2303,PREFERRED,1
49067458c68f7701fd334ce326accbe0,16,0.0625,12.291879340277777,0.6292939814814815,63.671875,35.894999999999996,0.5482457659202916,3.5,0.10309513622830425,MG,juiz de fora,2018-08-07 09:26:26,costruction_tools_garden,0.9375,85.36393172109541,93.8,82.3,94.1,84.8,62.5,2304,PREFERRED,0
b4b447d715f9ab302a188fb43d3e96b3,5,0.2,3.623861111111111,0.7392824074074074,137.186,18.746000000000002,0.13367251263698016,4.8,0.14373762536567863,SP,sao paulo,2018-08-26 22:19:40,sports_leisure,0.8,85.34475590401458,80.0,74.5,98.7,96.5,95.0,2305,PREFERRED,1
23d7c96d4a1160db1c726b248601b25a,50,0.12,13.130946064814816,4.108649691358025,213.16479999999999,25.7786,0.15511531470476778,3.9270833333333335,0.11690229740157383,SP,capivari,2018-08-16 09:59:36,cool_stuff,0.88,85.34030342788658,88.0,79.7,93.7,95.9,73.2,2306,PREFERRED,0
4a3ca9315b744ce9f8e9374361493884,1721,0.1115630447414294,14.574545813426733,10.709052432966821,113.1441080766996,20.379668797210925,0.2135929469777698,3.8807985907222546,0.11367758826697194,SP,ibitinga,2018-08-27 10:46:11,bed_bath_table,0.8884369552585706,85.3358109398163,88.8,80.3,92.9,94.3,72.0,2307,PREFERRED,0
c747d5b92c7648417faea95d36d763e8,1,0.0,12.949432870370371,0.0,139.0,85.75,0.6169064748201439,5.0,0.2617235045911503,CE,pacatuba,2017-11-24 22:46:55,furniture_living_room,1.0,85.32891619527578,100.0,51.9,93.8,82.8,100.0,2308,PREFERRED,1
6806dad1da97bfb5a9038eac6881f706,10,0.1,16.814755787037036,0.49775462962962963,147.7,30.625999999999998,0.26200277777777775,3.95,0.12126882346952446,PR,guaratuba,2018-08-22 18:32:39,auto,0.9,85.32080628536404,90.0,78.8,91.7,92.9,73.8,2309,PREFERRED,0
3f3486b61f45078d4f31ee5e43d8c5bb,39,0.15384615384615385,13.880131469610637,4.611938657407407,96.65974358974358,22.65128205128205,0.26169810845416835,4.333333333333333,0.11683586871106338,SP,sao paulo,2018-08-17 10:48:14,luggage_accessories,0.8461538461538461,85.32029264229553,84.6,79.7,93.3,92.9,83.3,2310,PREFERRED,0
180c3376aff0e43dd5788709df48a843,5,0.2,20.710101851851853,2.8783449074074072,902.6,41.994,0.11042471866652162,4.4,0.08621188429566558,SP,sao paulo,2018-01-03 17:24:21,fixed_telephony,0.8,85.30839466300861,80.0,85.6,89.7,97.2,85.0,2311,PREFERRED,1
b33aaadd1a8891d2dfef0c4c3bdf0371,16,0.125,14.021278211805555,24.27327546296296,94.0,22.44,0.2419425243817485,3.9375,0.10852343646830434,SP,limeira,2018-06-21 12:44:54,housewares,0.875,85.2886451134863,87.5,81.3,93.2,93.4,73.4,2312,PREFERRED,0
9c068d10aca38e85c50202e17b4a7e88,15,0.2,17.680470679012345,7.528873456790123,165.08666666666667,29.56066666666667,0.22452415488880428,4.285714285714286,0.07637223928602968,MS,coxim,2018-07-30 14:26:27,auto,0.8,85.2683910109102,80.0,87.4,91.3,93.9,82.1,2313,PREFERRED,0
1da366cade6d8276e7d8beea7af5d4bf,42,0.11904761904761904,17.469218198853614,4.373775462962962,152.0854761904762,40.42952380952381,0.3946035585750841,3.975609756097561,0.10159135200118884,MG,uba,2017-12-21 17:43:41,furniture_decor,0.8809523809523809,85.26467293097521,88.1,82.6,91.4,89.1,74.4,2314,PREFERRED,0
048c2757535328e0d7dac690ad3c0aae,50,0.14,18.514625925925927,10.83936507936508,181.3016,24.9466,0.14278843945685396,4.244897959183674,0.12061027993145673,SP,franca,2018-08-21 16:31:46,fashion_shoes,0.86,85.26135518733832,86.0,79.0,90.8,96.3,81.1,2315,PREFERRED,0
54219883e72aad869adfb2a54b7bfa0f,5,0.0,17.007217592592593,0.0,1350.0,165.91,0.12289629629629628,3.2,0.14479624183405077,SP,sorocaba,2018-07-10 17:16:33,toys,1.0,85.26046591077461,100.0,74.3,91.6,96.8,55.0,2316,PREFERRED,1
4aba391bc3b88717ce08eb11e44937b2,26,0.15384615384615385,16.840498575498575,15.752132523148148,276.0723076923077,28.908461538461538,0.14981187661387316,3.9615384615384617,0.0909197437628347,BA,arraial d'ajuda (porto seguro),2018-08-04 10:49:08,sports_leisure,0.8461538461538461,85.24989518713873,84.6,84.7,91.7,96.1,74.0,2317,PREFERRED,0
455befea1bb853c75ccbca94cff26e5c,1,0.0,12.441516203703705,0.0,19.99,22.06,1.103551775887944,3.0,0.07888931242794656,RJ,resende,2018-06-07 08:36:30,health_beauty,1.0,85.24854198744295,100.0,87.0,94.0,69.0,50.0,2318,PREFERRED,1
0176f73cc1195f367f7b32db1e5b3aa8,36,0.1111111111111111,13.389987461419754,16.59254050925926,128.95,35.52583333333334,0.27178630165086687,4.194444444444445,0.1389103398554496,SP,ibitinga,2018-08-13 17:54:44,bed_bath_table,0.8888888888888888,85.24787265237856,88.9,75.5,93.5,92.6,79.9,2319,PREFERRED,0
7d76b645482be4a332374e8223836592,169,0.11834319526627218,13.651246507232084,8.359406828703705,22.022781065088758,14.49455621301775,0.6932579659704198,4.0119760479041915,0.09415428449335464,SP,sao paulo,2018-08-14 23:20:59,telephony,0.8816568047337279,85.238132451821,88.2,84.0,93.4,80.6,75.3,2320,PREFERRED,0
b18dc380845b24038cfc48006478f099,43,0.16279069767441862,12.824832848837211,6.267572751322751,180.3246511627907,18.531860465116278,0.14378912771059763,4.214285714285714,0.11164311179642374,SP,diadema,2018-08-03 11:34:23,health_beauty,0.8372093023255813,85.22810224246865,83.7,80.7,93.8,96.2,80.4,2321,PREFERRED,0
8f54d64f28a993550aa7943f12572959,15,0.06666666666666667,14.054725308641974,7.999363425925926,183.7,25.174666666666667,0.16078214999041238,3.7333333333333334,0.14151797634768656,MG,ipatinga,2018-08-15 19:05:50,health_beauty,0.9333333333333333,85.21145838313019,93.3,75.0,93.2,95.7,68.3,2322,PREFERRED,0
15fa791d5e017f66402dc28c44480657,8,0.125,11.574577546296297,14.585462962962962,225.25,22.66125,0.14921845533817263,4.25,0.14415558867808087,SP,sao paulo,2018-06-12 21:05:23,baby,0.875,85.21093245139309,87.5,74.5,94.5,96.1,81.2,2323,PREFERRED,1
323ce52b5b81df2cd804b017b7f09aa7,29,0.1724137931034483,17.057155970625796,11.68186574074074,81.87241379310345,13.563793103448276,0.20550140014407425,4.428571428571429,0.11107148682926611,SP,sao paulo,2018-08-02 12:06:07,stationery,0.8275862068965517,85.2106115013302,82.8,80.8,91.6,94.5,85.7,2324,PREFERRED,0
9f50216bfd01913736a55a11b55ea842,16,0.1875,10.31663990162037,1.2904050925925927,81.8125,19.394375,0.27862564302509973,4.4375,0.10796506821846404,SP,taubate,2018-08-18 13:46:39,computers_accessories,0.8125,85.19337004400919,81.2,81.4,95.2,92.4,85.9,2325,PREFERRED,0
213fafb0ca06fb3d5886579c2565791b,3,0.0,4.259791666666667,0.0,63.23333333333334,9.053333333333333,0.1747985498007051,2.3333333333333335,0.09699404093385933,MG,sete lagoas,2018-08-23 10:23:31,cine_photo,1.0,85.16712513249718,100.0,83.5,98.4,95.4,33.3,2326,PREFERRED,1
08ad4ac1388e4420ca531c3edfc46198,6,0.0,6.36944637345679,0.0,40.10333333333333,17.883333333333333,0.4145123623501578,2.8333333333333335,0.11847293017832433,SP,itapevi,2018-08-18 18:52:16,pet_shop,1.0,85.16503123065421,100.0,79.4,97.3,88.5,45.8,2327,PREFERRED,1
f62d7bb4a613ec758a03342d46b580b2,32,0.125,13.872097077546297,4.809707754629629,770.78125,66.4246875,0.0863599868112205,4.375,0.15488807660898898,MG,vicosa,2018-08-09 18:02:26,small_appliances_home_oven_and_coffee,0.875,85.1611433741501,87.5,72.4,93.3,97.9,84.4,2328,PREFERRED,0
3df020b72d3d44b3af9d110fa3940b65,54,0.12962962962962962,13.480581704389575,3.6239021164021166,91.94444444444444,30.542407407407406,0.33440050078475286,4.037037037037037,0.11129602863186044,SP,jales,2018-08-19 23:12:41,furniture_decor,0.8703703703703703,85.14765595314475,87.0,80.8,93.5,90.8,75.9,2329,PREFERRED,0
a066df7361163e7ddc5d7452dd17448b,15,0.2,15.738050154320986,4.898360339506173,71.88666666666667,17.754666666666665,0.2879120405157096,4.4,0.08750115950671382,SP,franca,2018-05-12 17:45:26,telephony,0.8,85.13831387208486,80.0,85.3,92.3,92.1,85.0,2330,PREFERRED,0
8629c241b3622ac12cd4118afdc8d394,13,0.07692307692307693,15.116361289173788,9.873171296296297,89.82000000000001,25.720000000000002,0.3931927707129161,4.076923076923077,0.14705917079152112,SP,ribeirao preto,2018-07-10 17:45:13,perfumery,0.9230769230769231,85.13153276643624,92.3,73.9,92.6,89.2,76.9,2331,PREFERRED,0
3771c85bac139d2344864ede5d9341e3,26,0.15384615384615385,13.25759659900285,2.0131597222222224,55.12692307692308,15.72923076923077,0.45256814268371365,3.8461538461538463,0.07266193006489588,SP,sorocaba,2017-12-12 22:53:35,unknown,0.8461538461538461,85.11776002857461,84.6,88.2,93.6,87.5,71.2,2332,PREFERRED,0
03a2a6dcbe45d639c4dc2a0d24769c40,9,0.1111111111111111,10.4471579218107,11.012881944444445,119.82333333333334,19.13888888888889,0.19347534627571575,4.111111111111111,0.14509132043111717,SP,maua,2018-08-15 18:21:14,garden_tools,0.8888888888888888,85.09543446027888,88.9,74.3,95.1,94.8,77.8,2333,PREFERRED,1
d4a5e99e0dd915df64ba55a7fbd583fd,2,0.0,12.585381944444444,0.0,32.575,42.3,1.1989968968752254,3.0,0.07627466497673743,SP,sao paulo,2017-10-26 22:55:40,health_beauty,1.0,85.09153803173228,100.0,87.5,94.0,66.3,50.0,2334,PREFERRED,1
244c2f1bff6afe1f2eaf9bfe9b2aed38,23,0.08695652173913043,13.988220108695652,15.097853009259259,112.17391304347827,52.82043478260869,0.46576765919606006,3.782608695652174,0.11512294831996321,SP,mogi das cruzes,2018-02-06 08:31:14,furniture_decor,0.9130434782608696,85.09060911747368,91.3,80.0,93.2,87.1,69.6,2335,PREFERRED,0
1782ce2db72c3dda627d5e7c898104e1,9,0.1111111111111111,29.349214248971194,132.76719907407409,223.42222222222222,23.04111111111111,0.10564299173097902,4.333333333333333,0.1364304994536015,SP,taboao da serra,2018-05-05 16:45:11,sports_leisure,0.8888888888888888,85.09001957174223,88.9,75.9,85.1,97.3,83.3,2336,PREFERRED,1
d2df77822373f19934e87694d8640767,2,0.0,22.154542824074074,0.0,77.95,20.25,0.272854911150166,3.0,0.11547050691329608,PR,arapongas,2018-04-26 10:46:49,baby,1.0,85.08074644137241,100.0,80.0,88.9,92.6,50.0,2337,PREFERRED,1
fedf2c1386e137f296b3bbf3b635e69d,2,0.0,10.332349537037038,0.0,65.87,39.58,0.8143041000183858,3.5,0.1421681374028054,SP,sao paulo,2018-05-23 20:01:45,construction_tools_lights,1.0,85.08014250399766,100.0,74.8,95.2,77.2,62.5,2338,PREFERRED,1
f12ff17ad8bbf01ec5c33b17e506649b,28,0.10714285714285714,13.791368220899471,10.736971450617284,217.89285714285714,22.424285714285713,0.13978754493516213,3.857142857142857,0.12623957246639725,SP,sao paulo,2018-05-22 11:20:15,auto,0.8928571428571429,85.07163077840644,89.3,77.9,93.3,96.3,71.4,2339,PREFERRED,0
f125f3a310c2e5f822d116147de1e474,16,0.125,11.933017216435186,19.22056712962963,172.5875,17.993125,0.1296841707513213,4.1875,0.14283693599762182,SP,sao paulo,2018-08-20 16:19:23,construction_tools_construction,0.875,85.06666951346476,87.5,74.7,94.3,96.6,79.7,2340,PREFERRED,0
f7ccf836d21b2fb1de37564105216cc1,67,0.1044776119402985,11.293273908236594,10.677263558201059,40.15432835820896,16.141044776119404,0.40697538278304285,3.830769230769231,0.11520368559793552,SP,ibitinga,2018-08-19 22:12:22,bed_bath_table,0.8955223880597015,85.03521977265687,89.6,80.0,94.7,88.8,70.8,2341,PREFERRED,0
2e1a7d075abe038c1b2743005fe42ff1,17,0.17647058823529413,12.229545887799564,2.9401080246913582,75.70588235294117,17.91,0.24585668557902127,4.411764705882353,0.11614605127767288,SP,sao paulo,2018-05-16 13:24:11,health_beauty,0.8235294117647058,85.03180166439232,82.4,79.8,94.2,93.3,85.3,2342,PREFERRED,0
99002261c568a84cce14d43fcffb43ea,36,0.08333333333333333,16.837109374999997,5.53480324074074,114.36111111111111,30.87916666666667,0.27024775972878745,3.7222222222222223,0.12139253051264445,MT,cuiaba,2018-08-13 15:13:23,baby,0.9166666666666666,85.01887188398862,91.7,78.8,91.7,92.6,68.1,2343,PREFERRED,0
70849ca4f400aaabb62cb7462a6f1428,12,0.16666666666666666,10.915981867283952,5.766059027777779,75.79833333333333,19.471666666666668,0.3885097975538739,4.416666666666667,0.1177812176778798,MG,belo horizonte,2018-08-18 23:19:12,musical_instruments,0.8333333333333334,85.0146189969507,83.3,79.5,94.9,89.3,85.4,2344,PREFERRED,0
238fac594e170b59c6d228f5a4f4f1d9,29,0.10344827586206896,12.00780491698595,9.216230709876543,108.48275862068965,49.20034482758621,0.4539820087720262,4.0,0.12609012244352052,SP,dois corregos,2018-08-19 11:25:16,pet_shop,0.896551724137931,84.99405445298534,89.7,77.9,94.3,87.4,75.0,2345,PREFERRED,0
c6381b1321d7d97717a5bb4ed5b77882,2,0.0,4.809027777777778,0.0,33.0,17.005,0.6441428571428571,3.0,0.12428487434861661,SP,sao paulo,2018-08-09 23:19:46,health_beauty,1.0,84.98402178027366,100.0,78.3,98.1,82.0,50.0,2346,PREFERRED,1
d13e50eaa47b4cbe9eb81465865d8cfc,66,0.21212121212121213,5.039004454264871,1.4093005952380953,107.16742424242425,12.643939393939394,0.1366214356677058,4.818181818181818,0.14133735591906188,SP,santo andre,2018-08-28 10:00:01,food,0.7878787878787878,84.98280994356749,78.8,75.0,98.0,96.4,95.5,2347,PREFERRED,0
db2956745b3a8e9f3785c99f34b5d25e,45,0.1111111111111111,14.282383744855967,6.119958333333334,186.28666666666666,21.662444444444443,0.1177581553872005,3.8444444444444446,0.12478068410844616,SP,sao sebastiao,2018-08-10 23:54:45,health_beauty,0.8888888888888888,84.97849283944956,88.9,78.2,93.1,97.0,71.1,2348,PREFERRED,0
ea8482cd71df3c1969d7b9473ff13abc,1122,0.1051693404634581,13.341689350613983,7.364296531701193,32.516532976827094,15.310713012477718,0.5126936033556931,4.040322580645161,0.12280963214640372,SP,sao paulo,2018-08-24 09:20:03,telephony,0.8948306595365418,84.96954124800082,89.5,78.5,93.6,85.8,76.0,2349,PREFERRED,0
900ba814c251a692506d7834c1218441,86,0.13953488372093023,12.483181524547804,6.6632484567901225,337.2811627906977,28.338023255813955,0.08903489874455969,4.226190476190476,0.1388571503359372,SP,salto,2018-08-25 18:52:49,health_beauty,0.8604651162790697,84.96532601713317,86.0,75.5,94.0,97.8,80.7,2350,PREFERRED,0
2156f2671501a81034d7d07f217609d0,21,0.14285714285714285,15.281910824514991,7.640733024691357,138.54761904761904,18.73761904761905,0.2016322295078223,4.0,0.10749989824843291,SP,sp,2018-07-26 13:59:29,computers_accessories,0.8571428571428572,84.96121173657983,85.7,81.5,92.5,94.6,75.0,2351,PREFERRED,0
8476243f92442881ddd5b578975cf115,12,0.08333333333333333,17.33558063271605,8.661076388888889,657.7491666666666,24.754166666666666,0.05978976764269156,4.083333333333333,0.1625355304645786,RS,campo bom,2018-08-14 17:50:05,health_beauty,0.9166666666666666,84.95931875571526,91.7,70.9,91.5,98.6,77.1,2352,PREFERRED,0
e62b2d6ac10570a035a30bafcf01d263,61,0.13114754098360656,14.20312234365513,10.08187210648148,89.02426229508195,17.661639344262294,0.24446878919996456,3.9482758620689653,0.11133653681992453,SP,sao paulo,2018-08-20 13:42:28,tablets_printing_image,0.8688524590163934,84.9574783556275,86.9,80.7,93.1,93.4,73.7,2353,PREFERRED,0
82e0a475a88cc9595229d8029273f045,41,0.0975609756097561,16.00178071364047,31.76146122685185,264.07365853658536,35.90780487804878,0.15690422888038388,3.6341463414634148,0.11383080495118054,SP,sao paulo,2018-01-18 02:11:56,furniture_decor,0.9024390243902439,84.94097635100515,90.2,80.3,92.2,95.9,65.9,2354,PREFERRED,0
7d7d2b7a51328016102d4528c411d630,7,0.14285714285714285,10.281992394179895,5.59125,170.65714285714284,27.060000000000002,0.2159045124989548,4.142857142857143,0.1269574358583614,SP,ibitinga,2018-08-18 08:17:21,housewares,0.8571428571428572,84.92171013095948,85.7,77.8,95.2,94.2,78.6,2355,PREFERRED,1
1b7e5006cb25dd23ce8686691013b121,11,0.18181818181818182,15.486682449494948,3.3036631944444443,239.70363636363635,13.565454545454545,0.09575145403417826,4.363636363636363,0.11497770721637153,SP,sao paulo,2018-08-03 13:37:17,health_beauty,0.8181818181818181,84.88709770988166,81.8,80.1,92.4,97.6,84.1,2356,PREFERRED,0
b14db04aa7881970e83ffa9426897925,78,0.11538461538461539,16.021839535849953,9.26610596707819,74.47256410256409,28.10076923076923,0.37516750471334653,3.7733333333333334,0.09994891484635171,SP,sorocaba,2018-08-19 18:43:15,furniture_decor,0.8846153846153846,84.88327393511555,88.5,82.9,92.2,89.7,69.3,2357,PREFERRED,0
9d489893ff6af05029671b785f54b998,4,0.25,6.528330439814815,0.6442361111111111,57.425,17.985,0.3292318159529258,4.75,0.09701861924112787,SP,leme,2018-08-23 16:38:38,construction_tools_lights,0.75,84.85984036708433,75.0,83.5,97.2,91.0,93.8,2358,PREFERRED,1
9906e7aa42a3c067b7c9a564d01c4320,12,0.16666666666666666,16.46547164351852,11.120422453703704,228.23333333333335,43.714166666666664,0.16934096214345132,4.5,0.1314355517558409,PR,maringa,2018-08-21 00:18:05,sports_leisure,0.8333333333333334,84.85356770787116,83.3,76.9,91.9,95.5,87.5,2359,PREFERRED,0
8f2ce03f928b567e3d56181ae20ae952,151,0.152317880794702,14.380811871474123,8.825052334943638,140.48476821192054,24.87814569536424,0.19528877897001967,4.1466666666666665,0.11624410616513968,SP,pirituba,2018-08-24 17:54:37,sports_leisure,0.847682119205298,84.85077218535618,84.8,79.8,93.0,94.8,78.7,2360,PREFERRED,0
de9727ca376d1be6ec121b110aa7954c,9,0.1111111111111111,11.991947016460905,2.7622685185185185,117.52222222222223,22.202222222222222,0.22801416972427915,3.6666666666666665,0.11085834865791533,PR,sarandi,2018-08-15 08:52:48,computers_accessories,0.8888888888888888,84.84813973632036,88.9,80.8,94.3,93.8,66.7,2361,PREFERRED,1
282c7480173bb9c01dd41cc739fec010,5,0.2,14.406465277777778,5.731446759259259,854.8399999999999,38.422,0.04191825960810802,4.0,0.07919137126550108,SP,sao paulo,2017-08-20 16:09:44,health_beauty,0.8,84.84038770382686,80.0,86.9,93.0,99.1,75.0,2362,PREFERRED,1
8378eb36b6b70c5734e83ad7b8cdc3b7,7,0.14285714285714285,16.56947585978836,14.044236111111111,244.97142857142856,34.55285714285714,0.1448774232736087,3.857142857142857,0.1001050191806215,SC,itajai,2018-07-02 21:10:53,home_construction,0.8571428571428572,84.83848301390695,85.7,82.9,91.9,96.2,71.4,2363,PREFERRED,1
2089a6d640999f9b9141ac719b2af596,41,0.14634146341463414,19.527540932700994,10.933408564814814,188.80536585365854,15.956341463414635,0.11080187241435847,3.926829268292683,0.10014697303194972,SP,sao carlos,2018-06-24 22:09:28,sports_leisure,0.8536585365853658,84.83733668042294,85.4,82.9,90.3,97.2,73.2,2364,PREFERRED,0
3d4824f20035949c710eaf111f869d39,7,0.14285714285714285,9.189575066137566,5.568344907407408,69.83428571428571,20.91714285714286,0.5458578073804159,3.857142857142857,0.08870080753584111,SP,sorocaba,2018-08-12 21:12:46,music,0.8571428571428572,84.833845033806,85.7,85.1,95.8,84.8,71.4,2365,PREFERRED,1
48328ec9a579151d9cc6a86d4a59336c,1,0.0,21.226134259259258,0.0,1099.0,97.78,0.08897179253867152,2.0,0.054856708820141716,RS,canoas,2017-09-19 14:23:31,cool_stuff,1.0,84.83056704535534,100.0,91.6,89.4,97.8,25.0,2366,PREFERRED,1
2709af9587499e95e803a6498a5a56e9,24,0.125,11.391490162037037,7.434729938271604,48.79833333333334,22.860416666666666,0.9046823648911863,3.9130434782608696,0.08147312955701551,SP,sao paulo,2018-08-26 19:01:18,health_beauty,0.875,84.82147062093811,87.5,86.5,94.6,74.6,72.8,2367,PREFERRED,0
7139dc5186aa238b006e066d8fbab2e4,22,0.13636363636363635,14.807957175925928,15.082091049382718,77.81818181818181,24.360454545454544,0.3654377711957506,4.0,0.10626147593547679,SP,amparo,2018-08-02 12:05:29,furniture_decor,0.8636363636363636,84.82068190034741,86.4,81.7,92.8,89.9,75.0,2368,PREFERRED,0
fe87f472055fbcf1d7e691c00b1560dc,6,0.16666666666666666,6.001875000000001,11.061631944444445,180.96666666666667,21.69333333333333,0.1407488833566733,4.5,0.15129801846273153,SP,campinas,2018-08-19 21:44:37,housewares,0.8333333333333334,84.81501702062634,83.3,73.1,97.5,96.3,87.5,2369,PREFERRED,1
c5e60e39c0f42b8e827daa13cff74afa,6,0.16666666666666666,3.7670466820987656,0.9461342592592593,28.5,20.75166666666667,0.6139327751513312,4.5,0.12739788819735745,SP,sao paulo,2018-08-26 11:02:58,bed_bath_table,0.8333333333333334,84.79511071326705,83.3,77.7,98.6,82.9,87.5,2370,PREFERRED,1
c24173065483e421f9e5e7f599de101d,9,0.1111111111111111,15.815204475308642,5.554085648148148,41.54555555555556,13.033333333333333,0.3342442573119972,3.5555555555555554,0.09065784097565477,SP,sao paulo,2017-11-24 14:46:52,sports_leisure,0.8888888888888888,84.7939016330563,88.9,84.7,92.3,90.8,63.9,2371,PREFERRED,1
6bb0724edf0b62fb91ac404873a97241,17,0.17647058823529413,14.394572440087146,2.6029899691358023,214.88235294117646,44.91294117647059,0.21394002526953682,4.466666666666667,0.12407199021155361,SP,cotia,2018-04-01 21:51:22,electronics,0.8235294117647058,84.77634823247094,82.4,78.3,93.0,94.2,86.7,2372,PREFERRED,0
b8630e1121437d41cb08e3c749c2c2e2,12,0.16666666666666666,11.137473958333333,1.1995023148148147,582.3333333333334,28.84166666666667,0.17339779677708686,4.333333333333333,0.12860854295722043,RJ,duque de caxias,2018-08-06 09:14:27,musical_instruments,0.8333333333333334,84.77615064289033,83.3,77.4,94.7,95.4,83.3,2373,PREFERRED,0
abe42c5d03695b4257b5c6cbf4e6784e,49,0.16326530612244897,14.357426303854876,13.652819733796294,346.9387755102041,19.337755102040816,0.060948508431249986,3.9583333333333335,0.10325556347880228,RJ,rio de janeiro,2018-08-05 14:52:28,health_beauty,0.8367346938775511,84.76675689043944,83.7,82.3,93.0,98.6,74.0,2374,PREFERRED,0
1900267e848ceeba8fa32d80c1a5f5a8,365,0.11506849315068493,13.56871194824962,8.244757495590829,62.93627397260274,20.580301369863015,0.41269094009305957,3.9430555555555555,0.11796230411467705,SP,ibitinga,2018-08-26 20:06:40,bed_bath_table,0.8849315068493151,84.75629319201003,88.5,79.5,93.5,88.6,73.6,2375,PREFERRED,0
9e6967d3cf386d284251784b18ccb485,9,0.1111111111111111,7.245511831275721,7.0878703703703705,57.51888888888888,15.247777777777777,0.3619440929408616,3.888888888888889,0.1301224437380286,SP,sao caetano do sul,2018-08-14 15:42:47,baby,0.8888888888888888,84.75582257102907,88.9,77.1,96.8,90.0,72.2,2376,PREFERRED,1
270d3ef21830ad0ecf3a6c53d08a533a,5,0.0,11.543194444444444,0.0,94.2,43.522000000000006,0.42464397660818715,2.6,0.0996370776199535,SP,carapicuiba,2018-04-28 02:23:24,diapers_and_hygiene,1.0,84.75238851033058,100.0,83.0,94.5,88.3,40.0,2377,PREFERRED,1
3935fe5fe0f82787a9dcb8deb62be09d,16,0.125,11.26288917824074,2.6669618055555553,105.10562499999999,26.228749999999998,0.279521135236711,4.0,0.12809773640474723,SP,sao paulo,2018-08-24 16:08:33,computers_accessories,0.875,84.69784411288659,87.5,77.5,94.7,92.4,75.0,2378,PREFERRED,0
0dd184061fb0eaa7ca37932c68ab91c5,160,0.11875,11.836045934606481,12.44574256822612,117.628875,34.453,0.304387323474907,4.050314465408805,0.13449520463028564,SP,guarulhos,2018-08-16 13:52:25,industry_commerce_and_business,0.88125,84.68261495788558,88.1,76.3,94.4,91.7,76.3,2379,PREFERRED,0
80f2cf9abf6b5a0e5c612b5eea6646e6,5,0.2,11.822266203703704,3.8239814814814816,114.476,41.852,0.33706921057730777,5.0,0.147621665129907,SP,sao jose do rio preto,2018-05-11 16:20:01,baby,0.8,84.67961025781533,80.0,73.8,94.4,90.7,100.0,2380,PREFERRED,1
04308b1ee57b6625f47df1d56f00eedf,92,0.11956521739130435,18.87600291867955,8.870562920875422,641.2152173913043,32.05239130434783,0.05608416958614399,3.9456521739130435,0.12930662434940093,SC,bombinhas,2018-08-12 00:13:50,health_beauty,0.8804347826086957,84.65503434040467,88.0,77.3,90.6,98.7,73.6,2381,PREFERRED,0
7ecd59e5e20407131822c1a68ac59c1f,24,0.16666666666666666,17.207231385030862,5.53199074074074,61.11291666666667,24.492083333333337,0.40786398216857367,4.416666666666667,0.11390536732864048,DF,brasilia,2018-08-03 15:30:58,stationery,0.8333333333333334,84.64516826078193,83.3,80.3,91.5,88.7,85.4,2382,PREFERRED,0
cd68562d3f44870c08922d380acae552,122,0.18032786885245902,16.261454823163326,8.873766835016834,148.522131147541,17.70622950819672,0.18544999013271968,4.016528925619835,0.08763546319815134,SP,ribeirao preto,2018-03-30 23:32:46,sports_leisure,0.819672131147541,84.63152230752397,82.0,85.3,92.0,95.0,75.4,2383,PREFERRED,0
dd533b429f380718b70ad9922c294bae,37,0.13513513513513514,17.225903090590588,12.687608796296297,57.59945945945945,28.50162162162162,0.6308235520529522,4.0,0.09201665194048789,SP,barretos,2017-12-29 11:40:59,toys,0.8648648648648649,84.60086219441578,86.5,84.5,91.5,82.4,75.0,2384,PREFERRED,0
cb6c9f5888a7a090c75beaf615925792,11,0.09090909090909091,10.160455597643097,0.7426851851851852,75.43272727272728,27.30818181818182,0.3912536035119063,3.8181818181818183,0.13615208116126873,ES,vila velha,2018-08-19 19:12:14,garden_tools,0.9090909090909091,84.59389674083701,90.9,76.0,95.3,89.2,70.5,2385,PREFERRED,0
e2aee0892199b1d92530e371abd825bf,36,0.1388888888888889,15.507267554012344,7.168270833333334,162.49055555555555,75.99,0.5614529482096002,3.888888888888889,0.0880252795225623,PR,rolandia,2018-07-31 20:54:24,sports_leisure,0.8611111111111112,84.57755740182807,86.1,85.2,92.4,84.4,72.2,2386,PREFERRED,0
e83c76265fc54bf41eac728805e4da77,8,0.125,32.602546296296296,159.60993055555556,29.662499999999998,12.39875,0.44170895199422483,3.625,0.05643853179348993,SP,aracatuba,2017-05-08 09:08:43,auto,0.875,84.5680082153342,87.5,91.3,83.4,87.8,65.6,2387,PREFERRED,1
3dc69bf2c42f0568a5c4791ec3fd3745,1,0.0,26.271979166666668,0.0,150.0,17.62,0.11746666666666668,3.0,0.12862037596491402,SP,sao paulo,2018-02-16 14:01:10,health_beauty,1.0,84.56424446323851,100.0,77.4,86.7,97.0,50.0,2388,PREFERRED,1
b86a47b3366e3b5424a7b225781f4908,1,0.0,14.259398148148149,0.0,86.5,19.85,0.2294797687861272,3.0,0.14205193556355106,MG,passos,2018-01-05 10:01:43,unknown,1.0,84.55799330417824,100.0,74.9,93.1,93.8,50.0,2389,PREFERRED,1
c8660dcf9ba70575f45d80fe28c27713,4,0.25,14.991455439814814,1.737800925925926,83.75,25.9975,0.3081153846153846,4.5,0.07100015980109234,SP,sao paulo,2017-03-20 20:31:35,pet_shop,0.75,84.55596343052876,75.0,88.5,92.7,91.6,87.5,2390,PREFERRED,1
b1fc4f64df5a0e8b6913ab38803c57a9,106,0.12264150943396226,15.9797213487072,5.1584170227920225,77.72707547169811,20.75122641509434,0.27363267095906924,3.8461538461538463,0.11337189446300064,RJ,sao goncalo,2018-08-10 08:13:28,watches_gifts,0.8773584905660378,84.55069185218164,87.7,80.4,92.2,92.5,71.2,2391,PREFERRED,0
431af27f296bc6519d890aa5a05fdb11,115,0.1565217391304348,17.34462922705314,9.667021604938272,111.52513043478262,18.183652173913043,0.17501263973133918,3.8157894736842106,0.08989357548994298,SP,ribeirao preto,2018-07-31 18:46:13,health_beauty,0.8434782608695652,84.54726196468671,84.3,84.9,91.4,95.3,70.4,2392,PREFERRED,0
15aac934c58d886785ac1b17953ea898,25,0.12,14.308052314814816,13.779378858024693,174.15599999999998,26.627999999999997,0.5028282830794152,4.24,0.1354845810286448,ES,muqui,2018-06-26 13:02:55,air_conditioning,0.88,84.54311714600865,88.0,76.1,93.1,86.0,81.0,2393,PREFERRED,0
1025f0e2d44d7041d6cf58b6550e0bfa,893,0.10302351623740201,12.475595669507694,6.670275261674717,154.30625979843225,37.8289921612542,0.29920327958232085,4.025988700564972,0.14628582321612504,SP,sao paulo,2018-08-26 09:22:44,furniture_decor,0.896976483762598,84.54075198264077,89.7,74.0,94.0,91.8,75.6,2394,PREFERRED,0
c35affa65afd250151285c5917fc1c8a,8,0.125,17.26103443287037,45.971180555555556,597.49,80.605,0.13024769469584874,4.25,0.1499383834409009,SP,sao paluo,2018-06-25 11:15:35,auto,0.875,84.5355468953577,87.5,73.3,91.5,96.6,81.2,2395,PREFERRED,1
89bc797e2e29667aa035d4368f9b7f92,16,0.1875,15.388719618055555,6.8934297839506185,24.525,14.8775,0.716086485067037,3.875,0.04394060030204458,SP,sao paulo,2017-04-10 16:11:37,telephony,0.8125,84.506952470542,81.2,93.7,92.5,80.0,71.9,2396,PREFERRED,0
a4fc6eadaff1576af888509a53420f6a,1,0.0,28.985127314814815,0.0,100.86,20.76,0.20582986317668056,3.0,0.12010773564830954,SP,sao caetano do sul,2018-05-22 18:15:54,computers_accessories,1.0,84.50563771889223,100.0,79.1,85.3,94.5,50.0,2397,PREFERRED,1
e89c4adbe7b1d0819dbb636e16461cf1,24,0.125,15.115932677469134,16.495038580246913,132.55416666666667,18.952083333333334,0.1700656512644765,3.8333333333333335,0.1195830049421772,SP,indaiatuba,2018-08-17 16:12:59,sports_leisure,0.875,84.48504385012698,87.5,79.2,92.6,95.5,70.8,2398,PREFERRED,0
903037660cf848a717166eb7a06d616e,42,0.14285714285714285,12.15383735670194,14.74623263888889,187.0285714285714,25.29738095238095,0.25401346802499347,3.9285714285714284,0.11401914757303697,SP,sao paulo,2018-08-13 17:23:09,garden_tools,0.8571428571428572,84.4810778699703,85.7,80.2,94.2,93.1,73.2,2399,PREFERRED,0
7681ef142fd2c19048da7430856b5588,56,0.14285714285714285,10.599301008597882,9.6533203125,552.3180357142858,49.770714285714284,0.20308232271348933,4.2727272727272725,0.14687834900405172,SP,guarulhos,2018-08-22 16:21:33,computers,0.8571428571428572,84.46540299819628,85.7,73.9,95.0,94.5,81.8,2400,PREFERRED,0
897060da8b9a21f655304d50fd935913,300,0.12,15.046888888888889,10.165099665637861,74.01023333333333,21.582666666666668,0.4626478080818623,3.727272727272727,0.09836613930767228,SP,ribeirao preto,2018-06-14 15:22:53,computers_accessories,0.88,84.45412557043794,88.0,83.2,92.7,87.2,68.2,2401,PREFERRED,0
c679fb69a36e1d8349e8c50a217b4d58,13,0.15384615384615385,10.93573896011396,9.7834375,141.35384615384618,28.967692307692307,0.32291161006269237,4.083333333333333,0.11676292577439283,RS,caxias do sul,2018-08-20 15:12:17,housewares,0.8461538461538461,84.44670111647899,84.6,79.7,94.8,91.1,77.1,2402,PREFERRED,0
a13580f0e8f782b7a543885a0ef99f08,10,0.2,25.04871990740741,4.293825231481482,130.49,25.877999999999997,0.20668968980145105,4.4,0.09143440720592132,RJ,rio de janeiro,2018-05-07 20:42:38,perfumery,0.8,84.44002388176209,80.0,84.6,87.4,94.4,85.0,2403,PREFERRED,0
9d39404483343dd55c7ae254494d8388,10,0.1,14.386840277777779,10.704039351851852,29.32,14.107999999999999,0.4780266117884338,3.5,0.09576757941376904,SP,sao paulo,2018-04-24 00:54:46,telephony,0.9,84.43520065199861,90.0,83.7,93.0,86.7,62.5,2404,PREFERRED,0
bc47d5d1490df2b36add65d733eafaba,19,0.10526315789473684,13.452268518518519,6.271371527777778,48.752631578947366,18.284736842105264,0.556161394015806,3.789473684210526,0.11188661046900887,SP,santo andre,2018-08-08 14:33:34,sports_leisure,0.8947368421052632,84.41679206512221,89.5,80.6,93.5,84.5,69.7,2405,PREFERRED,0
daf565f087a52def0fd5c5825b3661bc,8,0.125,9.657155671296296,0.950625,95.5,33.5775,0.41804191461516793,3.857142857142857,0.1173084382878283,SC,brusque,2018-08-22 12:44:03,bed_bath_table,0.875,84.41368100485707,87.5,79.6,95.5,88.4,71.4,2406,PREFERRED,1
e5d4b2b0c3bca22085f7a19a28de0c42,4,0.25,12.684464699074073,0.01633101851851852,51.45,15.94,0.35511556771152875,4.5,0.07560382494678664,SC,joinville,2017-11-26 05:27:45,housewares,0.75,84.38545157779261,75.0,87.6,93.9,90.2,87.5,2407,PREFERRED,1
b561927807645834b59ef0d16ba55a24,83,0.14457831325301204,12.513022088353415,14.17828414351852,54.02036144578313,15.003373493975904,0.42174283348580555,4.325301204819277,0.13570272276522444,SP,sao paulo,2018-08-26 20:57:20,stationery,0.8554216867469879,84.36512470383636,85.5,76.1,94.0,88.3,83.1,2408,PREFERRED,0
863d2ebcd347ce4922de7a0f9a5581d6,17,0.17647058823529413,11.506793981481481,9.70499614197531,77.19764705882352,17.248235294117645,0.2406724763812416,4.0588235294117645,0.10395606654185774,RJ,rio de janeiro,2018-08-13 14:51:14,auto,0.8235294117647058,84.36451268838034,82.4,82.2,94.5,93.5,76.5,2409,PREFERRED,0
15ead3a5037a918ddb520dfe39a3d2b9,6,0.16666666666666666,17.651520061728394,3.6865625,42.416666666666664,23.37,0.7324930452213597,4.833333333333333,0.13318550013600577,MG,conselheiro lafaiete,2018-04-24 09:38:50,books_general_interest,0.8333333333333334,84.32738093701484,83.3,76.6,91.3,79.5,95.8,2410,PREFERRED,1
014c0679dd340a0e338872e7ec85666a,14,0.14285714285714285,19.763406084656083,6.9553009259259255,504.14285714285717,44.87928571428571,0.10535099517152345,3.857142857142857,0.10786333548701062,MG,timoteo,2018-07-04 23:17:21,kitchen_dining_laundry_garden_furniture,0.8571428571428572,84.32496155153916,85.7,81.4,90.2,97.3,71.4,2411,PREFERRED,0
39d54ff918774174706fb065d7f9dc07,21,0.14285714285714285,14.044599867724866,2.633645833333333,75.46619047619048,16.539523809523807,0.3683598259896713,4.142857142857143,0.12415921161299333,SP,sao paulo,2018-07-24 09:09:25,auto,0.8571428571428572,84.32399016672684,85.7,78.3,93.2,89.9,78.6,2412,PREFERRED,0
7040e82f899a04d1b434b795a43b4617,203,0.09852216748768473,10.522509350483489,6.996855902777777,44.84827586206897,14.902660098522166,0.5922516098598603,3.6417910447761193,0.11051840807786888,SP,sao paulo,2018-08-28 09:18:03,audio,0.9014778325123153,84.29501320587124,90.1,80.9,95.1,83.5,66.0,2413,PREFERRED,0
89de2d6f23e9746ff309705b23581faa,8,0.0,9.644796006944444,0.0,42.5,20.009999999999998,0.47335,2.7142857142857144,0.11852730997639976,PR,londrina,2018-08-03 17:53:36,books_technical,1.0,84.28860376456106,100.0,79.4,95.5,86.9,42.9,2414,PREFERRED,1
23a0ffca143a15b9b5bbdb7d552f626a,22,0.13636363636363635,11.5536531986532,6.561072530864197,161.29636363636362,24.806818181818183,0.2125755158605753,3.9545454545454546,0.12835361109484753,SP,sao pedro,2018-08-14 14:23:59,garden_tools,0.8636363636363636,84.28425209123395,86.4,77.5,94.5,94.3,73.9,2415,PREFERRED,0
855668e0971d4dfd7bef1b6a4133b41b,297,0.1414141414141414,16.29830644407033,10.453419312169311,103.37784511784513,25.383468013468015,0.3286454082080183,3.8737201365187715,0.10374932530553961,SP,itatiba,2018-08-26 11:01:05,baby,0.8585858585858586,84.27663246648962,85.9,82.2,92.0,91.0,71.8,2416,PREFERRED,0
04aa0a1c5ce6b222003403a3e11c3cc0,11,0.18181818181818182,17.522946127946128,6.308119212962963,501.6363636363636,74.68272727272728,0.20240542962688043,4.090909090909091,0.09715988182204294,SP,cosmopolis,2018-01-24 11:40:28,auto,0.8181818181818181,84.25352296763728,81.8,83.5,91.4,94.6,77.3,2417,PREFERRED,0
aa2640d851ec322526f1295bbeb20092,1,0.0,3.9644328703703704,0.0,159.98,22.36,0.13976747093386674,3.0,0.170921461790909,SP,sao paulo,2018-05-06 21:13:51,furniture_decor,1.0,84.24791556544182,100.0,69.3,98.5,96.3,50.0,2418,PREFERRED,1
2953ce3a88f5e3c3b696d77fc9e4c8eb,14,0.21428571428571427,8.224686673280424,1.8648996913580247,33.57142857142857,11.522857142857143,0.34653010348724633,4.642857142857143,0.12384704606388709,SP,sao paulo,2018-08-23 17:19:57,books_technical,0.7857142857142857,84.23864971636901,78.6,78.4,96.3,90.5,91.1,2419,PREFERRED,0
2d2c62bef4c8ba0dd74e0e228e808539,16,0.125,10.307319878472223,6.120908564814815,234.3125,30.0925,0.13117811620445255,4.125,0.15811470090706242,SP,ribeirao preto,2018-08-23 13:56:50,small_appliances,0.875,84.22531197645824,87.5,71.8,95.2,96.6,78.1,2420,PREFERRED,0
2b03ac196f5ed62ac483960fe0fa3b65,7,0.14285714285714285,12.89291832010582,14.865717592592592,120.44285714285715,13.155714285714286,0.1189336055343456,4.142857142857143,0.14295270546174896,SP,sao paulo,2018-05-02 10:48:44,health_beauty,0.8571428571428572,84.22289399933737,85.7,74.7,93.8,96.9,78.6,2421,PREFERRED,1
b55638ad525e906c698fa2ce742c1742,11,0.18181818181818182,23.431376262626262,6.870549768518519,99.52727272727272,26.44272727272727,0.2923537054706063,4.181818181818182,0.08979086681783151,SC,imbituba,2018-08-08 12:51:29,pet_shop,0.8181818181818181,84.22246695544916,81.8,84.9,88.2,92.0,79.5,2422,PREFERRED,0
23613d49c3ac2bd302259e55c06c050c,62,0.16129032258064516,14.662815486857825,5.618618055555555,62.43709677419355,30.141290322580645,0.6119646230159241,4.0,0.08628838207131931,SP,porto ferreira,2018-08-19 23:28:25,furniture_decor,0.8387096774193549,84.21720389823707,83.9,85.5,92.9,82.9,75.0,2423,PREFERRED,0
e45edf75f568ed2f93f78d060e246e25,6,0.16666666666666666,12.346981095679013,0.886724537037037,27.38333333333333,18.986666666666668,0.676608617877624,4.166666666666667,0.09567319536569978,RJ,rio de janeiro,2018-07-24 20:48:52,housewares,0.8333333333333334,84.20507581672895,83.3,83.7,94.1,81.1,79.2,2424,PREFERRED,1
20a8b0dc55da94fe74d112082427c84f,7,0.14285714285714285,8.23525462962963,3.7698032407407407,58.199999999999996,17.711428571428574,0.29599610868286363,4.285714285714286,0.15184098291766657,SP,itu,2018-08-23 11:20:57,baby,0.8571428571428572,84.20064247040625,85.7,73.0,96.3,91.9,82.1,2425,PREFERRED,1
157c3e4b42f81ac4a44e8b1ca2fe9876,22,0.09090909090909091,11.036677714646466,14.260057870370371,154.01772727272726,38.290454545454544,0.2808708801292336,3.727272727272727,0.14249479179781568,SP,sao paulo,2018-08-16 11:37:32,furniture_decor,0.9090909090909091,84.19264596612142,90.9,74.8,94.8,92.3,68.2,2426,PREFERRED,0
8b9d6eec4a7eb7d0f9d579ce0b38324d,47,0.1702127659574468,10.494757929472025,6.0143026620370375,89.86063829787234,36.92595744680851,0.424181762003721,4.1063829787234045,0.1070113803591298,RJ,mesquita,2018-08-20 16:50:24,furniture_living_room,0.8297872340425532,84.17522697243469,83.0,81.6,95.1,88.3,77.7,2427,PREFERRED,0
8a43128d7f9a3db592b866e6861a6cce,3,0.0,6.244818672839506,0.0,330.2,22.63,0.15548569770114115,2.3333333333333335,0.11560391014425808,SP,sao paulo,2018-08-23 09:57:21,auto,1.0,84.17243477058138,100.0,79.9,97.3,95.9,33.3,2428,PREFERRED,1
7d13fca15225358621be4086e1eb0964,556,0.1223021582733813,15.73476672828404,11.451141748366014,203.309154676259,15.574622302158273,0.0820635283885968,4.045207956600362,0.14888664799084042,SP,ribeirao preto,2018-08-25 13:51:01,watches_gifts,0.8776978417266187,84.17048133863526,87.8,73.6,92.3,98.0,76.1,2429,PREFERRED,0
acadd4d36859671cb635527c6c977533,12,0.16666666666666666,17.89122010030864,28.554409722222225,198.41666666666666,22.161666666666665,0.32619846322784235,4.25,0.1144929950444769,SP,santa rosa de viterbo,2018-08-08 09:49:45,garden_tools,0.8333333333333334,84.16936641980229,83.3,80.1,91.2,91.1,81.2,2430,PREFERRED,0
8f580d36c1e9d6fbce95283403c7d447,8,0.125,12.273006365740741,3.872523148148148,601.65625,22.51875,0.041220244251136476,4.375,0.18096693369216826,SP,ribeirao preto,2018-08-14 16:04:40,auto,0.875,84.16686080894037,87.5,67.4,94.1,99.1,84.4,2431,PREFERRED,1
ba6ce6de456f6c11d08c17701ba5c26f,6,0.16666666666666666,12.412860725308642,0.7213657407407408,124.05833333333334,21.69333333333333,0.1761850262919409,4.166666666666667,0.12618588372705397,SP,sorocaba,2018-07-23 19:41:14,sports_leisure,0.8333333333333334,84.15790931683553,83.3,77.9,94.1,95.3,79.2,2432,PREFERRED,1
fffd5413c0700ac820c7069d66d98c89,56,0.14285714285714285,13.860846147486772,5.311046006944444,154.17839285714285,47.72303571428571,0.343958292550569,3.909090909090909,0.11121680948503408,SP,amparo,2018-08-26 19:56:12,housewares,0.8571428571428572,84.15133300144866,85.7,80.8,93.3,90.6,72.7,2433,PREFERRED,0
7bac63f6603d382cc8d0832eb6c100a8,19,0.15789473684210525,15.764658869395712,15.601913580246913,407.9973684210526,19.086842105263155,0.06902580413001987,4.0,0.12054965079003087,SP,sao paulo,2018-08-03 15:28:52,sports_leisure,0.8421052631578947,84.14754785158458,84.2,79.0,92.3,98.4,75.0,2434,PREFERRED,0
ed8cb7b190ceb6067227478e48cf8dde,15,0.06666666666666667,7.313465277777778,3.4191087962962965,43.833333333333336,17.887333333333334,0.5320900837346739,3.4,0.1270138718280254,SP,santos,2018-08-27 12:39:11,portateis_cozinha_e_preparadores_de_alimentos,0.9333333333333333,84.13876654170794,93.3,77.7,96.8,85.2,60.0,2435,PREFERRED,0
834f8533b2ecb6598dd004ff3de7203a,40,0.15,14.758698495370371,11.52867476851852,106.51075,22.76225,0.22091481872504842,3.925,0.11383456903846598,SP,sao paulo,2018-08-20 20:13:09,pet_shop,0.85,84.11333185410193,85.0,80.3,92.8,94.0,73.1,2436,PREFERRED,0
1cbd50a8c52e6cf8e315c5709fab386f,9,0.1111111111111111,19.0249537037037,5.019837962962963,87.33,24.52111111111111,0.4973915546246124,3.7777777777777777,0.10728630084986107,PR,fazenda rio grande,2018-07-20 12:28:34,telephony,0.8888888888888888,84.11233907774412,88.9,81.5,90.6,86.2,69.4,2437,PREFERRED,1
f46490624488d3ff7ce78613913a7711,80,0.125,10.25233666087963,6.600267361111112,71.136875,21.167625,0.41437138458412326,3.7625,0.11579763466117132,SP,guarulhos,2018-08-21 16:39:32,health_beauty,0.875,84.09424899902172,87.5,79.9,95.2,88.6,69.1,2438,PREFERRED,0
655220df33262c7e0c4949a147366f94,13,0.15384615384615385,13.793602207977209,14.861516203703705,172.69230769230768,52.425384615384615,0.30536340497322506,4.076923076923077,0.11993357041670957,SP,diadema,2018-05-14 11:43:07,luggage_accessories,0.8461538461538461,84.09330615769895,84.6,79.1,93.3,91.6,76.9,2439,PREFERRED,0
6d988d6174a2c27441597174f8905515,18,0.1111111111111111,21.30511316872428,14.072910879629632,20.20777777777778,19.599444444444444,0.9372678044856697,4.055555555555555,0.0998997670590285,PR,maringa,2018-08-09 15:39:32,housewares,0.8888888888888888,84.07839658191362,88.9,82.9,89.4,73.7,76.4,2440,PREFERRED,0
b98b715fe9e276204e2a3464f48cd796,4,0.25,11.317511574074075,0.0159375,97.15,12.7325,0.14057882544584355,4.0,0.058022141816675935,SP,sao paulo,2018-04-16 17:59:29,bed_bath_table,0.75,84.07031953159864,75.0,91.0,94.6,96.3,75.0,2441,PREFERRED,1
f419677537694f0462a91990df6ca44f,6,0.16666666666666666,14.250243055555556,9.853449074074074,36.75,13.13,0.38486730603040925,4.0,0.0995781005345393,SP,sao bernardo do campo,2018-03-14 15:47:48,unknown,0.8333333333333334,84.06950880685167,83.3,83.0,93.1,89.4,75.0,2442,PREFERRED,1
0ed6ce5d87fd9c69eaacaeb778d67235,42,0.14285714285714285,15.995893132716049,10.058059413580246,48.25047619047619,15.97095238095238,0.5291628115020527,4.390243902439025,0.13619551104073135,SP,americana,2018-08-21 11:40:08,electronics,0.8571428571428572,84.06353547905144,85.7,76.0,92.2,85.3,84.8,2443,PREFERRED,0
11938fcc75f6902fea1d0a6f72b54a57,2,0.0,22.36358796296296,0.0,297.49,71.08,0.27473708821102777,3.0,0.13649372678098448,SC,sao miguel d'oeste,2018-05-27 23:24:55,bed_bath_table,1.0,84.05149356559441,100.0,75.9,88.8,92.5,50.0,2444,PREFERRED,1
f7ba60f8c3f99e7ee4042fdef03b70c4,216,0.1574074074074074,13.446357649605623,9.52363936546841,315.68467592592594,20.408935185185186,0.11914842534364756,4.25,0.14363265364903216,SP,sao bernardo do campo,2018-08-26 22:37:58,health_beauty,0.8425925925925926,84.03822687685145,84.3,74.6,93.5,96.9,81.2,2445,PREFERRED,0
57c764b4a836300be881e2ff86e449f9,27,0.14814814814814814,15.815020576131687,5.316843171296296,42.451851851851856,16.827407407407406,1.1551077036050836,4.346153846153846,0.09268262266865275,SP,ribeirao preto,2018-08-22 17:14:06,housewares,0.8518518518518519,84.03601692276003,85.2,84.3,92.3,67.5,83.7,2446,PREFERRED,0
411f3b52d857390502ee4e4d5ceabc2d,21,0.14285714285714285,9.823347111992945,12.096408179012345,87.47619047619048,19.059047619047618,0.38284855005412666,4.105263157894737,0.133575403078051,SP,ribeirao pires,2018-08-22 01:27:49,construction_tools_construction,0.8571428571428572,84.02638201090774,85.7,76.5,95.4,89.4,77.6,2447,PREFERRED,0
67bf6941ba2f1fa1d02c375766bc3e53,15,0.13333333333333333,14.965672839506173,10.848483796296296,337.46666666666664,83.86266666666667,0.27010160987005405,4.333333333333333,0.15667291626045277,PR,curitiba,2018-08-29 14:18:23,office_furniture,0.8666666666666667,84.0193594953255,86.7,72.1,92.7,92.6,83.3,2448,PREFERRED,0
07d75e33f2750d97d467fb57e4dfdd8a,2,0.0,11.796643518518518,0.0,361.2,18.595,0.3775759394199172,2.5,0.10976696433451866,SP,sao paulo,2018-05-07 09:49:04,computers_accessories,1.0,84.00544376469729,100.0,81.0,94.4,89.6,37.5,2449,PREFERRED,1
f356c348fbc8df6a882823e21f5ce8b7,2,0.0,7.22974537037037,0.0,107.54,21.23,0.19673307055820227,2.5,0.1284598299883456,RS,canoas,2018-08-20 12:40:44,housewares,1.0,83.986105939792,100.0,77.5,96.8,94.7,37.5,2450,PREFERRED,1
34056b8b55c1775a22af2331670a799c,77,0.11688311688311688,12.927642496392497,6.004825102880658,83.1,22.746883116883115,0.3115819969749017,4.038961038961039,0.147768312147475,SP,penapolis,2018-08-23 17:19:01,auto,0.8831168831168831,83.9622113110049,88.3,73.8,93.8,91.5,76.0,2451,PREFERRED,0
6dc9bec584588412a6a338830946a3e4,1,0.0,21.719467592592594,0.0,501.78,151.85999999999999,0.30264259237115865,2.0,0.06011749080401235,SP,sao paulo,2017-02-17 13:53:06,furniture_decor,1.0,83.93295429446813,100.0,90.6,89.1,91.7,25.0,2452,PREFERRED,1
4ef4c39cf3c24f326434cf0b2e48046a,6,0.16666666666666666,14.486583719135803,2.732997685185185,115.5,15.76,0.13297979797979798,4.166666666666667,0.13002838172745435,SP,sao paulo,2018-08-23 09:53:04,sports_leisure,0.8333333333333334,83.93151726719013,83.3,77.2,93.0,96.5,79.2,2453,PREFERRED,1
ff1fb4c404b2efe68b03350a8dc24122,45,0.15555555555555556,10.408883230452675,3.408958333333334,150.50866666666667,20.581555555555557,0.16899698595072696,4.066666666666666,0.1349747596901926,SP,mogi das cruzes,2018-08-21 06:06:38,toys,0.8444444444444444,83.93043386246917,84.4,76.2,95.1,95.5,76.7,2454,PREFERRED,0
7586919161935337bf6b6d7ff5779648,11,0.18181818181818182,17.498301767676768,31.16457175925926,151.33727272727273,30.019999999999996,0.6269740665910144,3.8181818181818183,0.057753390839195104,RJ,rio de janeiro,2018-03-20 11:03:07,sports_leisure,0.8181818181818181,83.91606488297543,81.8,91.0,91.4,82.5,70.5,2455,PREFERRED,0
bc07d855eac23aab5ac8a120f21d16b2,11,0.18181818181818182,13.383661616161616,6.771331018518518,109.3290909090909,18.612727272727273,0.23924124610381944,4.454545454545454,0.13741422560202882,SP,mogi das cruzes,2018-08-12 13:26:21,health_beauty,0.8181818181818181,83.91304246069741,81.8,75.8,93.5,93.5,86.4,2456,PREFERRED,0
a4b6b9b992b46e9ef863637af96e04bc,6,0.16666666666666666,18.31079475308642,4.452847222222222,882.1666666666666,34.973333333333336,0.07800922371787915,3.6666666666666665,0.08832712461570534,SC,florianopolis,2017-07-01 13:23:05,garden_tools,0.8333333333333334,83.90647308187339,83.3,85.2,90.9,98.1,66.7,2457,PREFERRED,1
d17f467e4bf608a510c20d82f4ba3b6b,11,0.18181818181818182,12.060534511784512,3.97296875,269.43454545454546,46.1390909090909,0.330219531574735,4.2727272727272725,0.12085766590637738,RS,caxias do sul,2018-07-31 20:20:14,agro_industry_and_commerce,0.8181818181818181,83.87154222804251,81.8,78.9,94.3,90.9,81.8,2458,PREFERRED,0
79565f7d5603b24ddf07ade262547f2f,7,0.2857142857142857,13.240676256613757,1.4779166666666668,49.42857142857143,14.015714285714285,0.36612151208317767,4.428571428571429,0.05311715093184888,SP,araraquara,2017-05-24 22:42:55,unknown,0.7142857142857143,83.86954631322894,71.4,91.9,93.6,89.9,85.7,2459,PREFERRED,1
a1474fd46fd3430168f7ec202da39408,12,0.16666666666666666,17.97502411265432,5.7819618055555555,229.375,55.08500000000001,0.2701318590952861,4.333333333333333,0.13064031066002427,SP,pinhais,2017-10-22 11:25:09,auto,0.8333333333333334,83.86063112032984,83.3,77.0,91.1,92.6,83.3,2460,PREFERRED,0
35fb511489d9ee3ee27a76debce9df06,7,0.14285714285714285,16.808877314814815,8.783784722222222,59.214285714285715,24.612857142857145,0.5167255134746206,3.5714285714285716,0.07581427278862081,PR,londrina,2018-04-09 08:57:49,pet_shop,0.8571428571428572,83.85668771842217,85.7,87.6,91.7,85.6,64.3,2461,PREFERRED,1
e3a386fc36e22064434e1fa256f6a9fa,16,0.1875,10.068441116898148,7.378395061728394,49.61875,15.828125,0.33320864269589545,4.1875,0.11360331837240603,SP,engenheiro coelho,2018-08-16 06:29:04,health_beauty,0.8125,83.85057020672456,81.2,80.3,95.3,90.9,79.7,2462,PREFERRED,0
8b321bb669392f5163d04c59e235e066,918,0.10457516339869281,12.690658158839668,8.936425298996914,18.576993464052286,14.905860566448801,0.9206877664334454,4.12035010940919,0.12998437207808783,SP,sao paulo,2018-08-21 16:45:44,electronics,0.8954248366013072,83.84069163715273,89.5,77.2,93.9,74.2,78.0,2463,PREFERRED,0
46ef1a25845fc051c2998d878354810c,5,0.2,16.845016203703704,0.8948842592592593,50.082,19.608,0.5625808187535745,4.4,0.09658844417214123,MG,claudio,2018-08-17 21:23:04,housewares,0.8,83.83547780173242,80.0,83.6,91.7,84.3,85.0,2464,PREFERRED,1
9a03a4e9eb0b947652fae4f6121a3f5e,7,0.14285714285714285,13.86299107142857,0.12002314814814814,227.42857142857142,30.245714285714286,0.17546898222176857,3.857142857142857,0.12398631155987805,SP,catanduva,2018-08-06 14:32:47,baby,0.8571428571428572,83.82264498141872,85.7,78.3,93.3,95.3,71.4,2465,PREFERRED,1
e99e927c81e3f51739c94fcdfca9f10f,20,0.2,14.816152199074073,3.9724971064814816,128.61100000000002,29.591500000000003,0.2625925783787948,3.85,0.07509138486512319,MG,uberlandia,2018-03-23 16:00:33,garden_tools,0.8,83.81555683791105,80.0,87.7,92.8,92.9,71.2,2466,PREFERRED,0
43402bdf22aa2310e8f99e2f94f78628,4,0.0,16.566171875000002,0.0,162.4875,46.7875,0.27821621798764584,2.5,0.11213008970016036,SP,ribeirao pires,2018-06-28 00:15:39,furniture_bedroom,1.0,83.79492977053566,100.0,80.6,91.9,92.4,37.5,2467,PREFERRED,1
e819bcfade7b5d88a27325eb6cfd62c5,4,0.25,11.285570023148148,2.6144212962962965,32.824999999999996,18.2575,0.5431950690645656,5.0,0.11878865356665542,SP,guarulhos,2018-08-15 22:05:09,furniture_decor,0.75,83.76885138099243,75.0,79.3,94.7,84.9,100.0,2468,PREFERRED,1
a1bea9970d8f65b240555f99c2214f7f,1,0.0,9.306875,0.0,75.0,27.48,0.3664,3.0,0.1586766852646932,PR,pinhais,2018-07-23 16:24:27,construction_tools_lights,1.0,83.76670347768452,100.0,71.7,95.7,89.9,50.0,2469,PREFERRED,1
1835b56ce799e6a4dc4eddc053f04066,400,0.1225,13.34656238425926,9.06997330876795,84.89264999999999,22.170650000000002,0.32836509710048256,3.698992443324937,0.12000066513841176,SP,ibitinga,2018-08-25 16:36:58,bed_bath_table,0.8775,83.74024128729904,87.8,79.1,93.6,91.0,67.5,2470,PREFERRED,0
c31eff8334d6b3047ed34bebd4d62c36,118,0.1440677966101695,12.782533839453862,3.049240196078432,109.3086440677966,19.902627118644066,0.18879094730438367,3.8803418803418803,0.12864555720726603,SP,salto,2018-08-17 08:05:07,art,0.8559322033898304,83.69213587841115,85.6,77.4,93.9,95.0,72.0,2471,PREFERRED,0
adbc26658d6c7b4b6219f9d934598091,88,0.1590909090909091,17.258289141414142,12.47990906084656,135.6294318181818,21.82602272727273,0.16507202051534364,4.125,0.13087178887107218,PR,curitiba,2018-08-21 12:31:00,baby,0.8409090909090909,83.68855562763325,84.1,77.0,91.5,95.6,78.1,2472,PREFERRED,0
a353b1083c9863d756d9404695016d64,1,0.0,20.71329861111111,0.0,120.0,17.09,0.14241666666666666,5.0,0.31137028908506714,ES,cariacica,2017-12-07 23:37:37,musical_instruments,1.0,83.67929417617734,100.0,42.4,89.7,96.3,100.0,2473,PREFERRED,1
a6bd7d1ccdac48c6b33b28596b7eb122,14,0.14285714285714285,16.232700892857142,1.70859375,989.1864285714286,46.40857142857143,0.05297658838425252,3.6923076923076925,0.11758759520509973,PB,mamanguape,2018-07-22 16:18:31,watches_gifts,0.8571428571428572,83.67026604115063,85.7,79.5,92.0,98.8,67.3,2474,PREFERRED,0
04e38a233f726ef161074ab1c9b0399a,19,0.15789473684210525,11.993331505847953,7.371192129629629,52.189473684210526,18.719473684210527,0.4092401479801624,4.105263157894737,0.12560858143286655,SP,sao paulo,2018-05-05 21:12:28,sports_leisure,0.8421052631578947,83.63435042924328,84.2,78.0,94.3,88.7,77.6,2475,PREFERRED,0
08d2d642cf72b622b14dde1d2f5eb2f5,16,0.1875,15.320594618055555,1.375042438271605,56.8125,19.135,0.955034807862741,4.3125,0.08259157338857456,SP,marilia,2017-12-06 08:31:25,stationery,0.8125,83.62304721598409,81.2,86.3,92.5,73.2,82.8,2476,PREFERRED,0
67883baaae6134ee81b271a542613728,19,0.15789473684210525,5.838590399610137,2.7228626543209877,429.8894736842105,17.269473684210528,0.05815900118473508,4.105263157894737,0.15726676990707553,SP,sao paulo,2018-08-22 11:39:32,watches_gifts,0.8421052631578947,83.60313467018335,84.2,71.9,97.5,98.7,77.6,2477,PREFERRED,0
4e326052e5dbba8adcd512f3450a307e,3,0.0,17.967380401234568,0.0,190.0,28.653333333333336,0.1392982456140351,2.3333333333333335,0.10908865016238134,SP,sao paulo,2018-02-25 11:56:11,christmas_supplies,1.0,83.59844319990897,100.0,81.2,91.1,96.4,33.3,2478,PREFERRED,1
38874e327ce94d11390b96eb42d61928,6,0.16666666666666666,19.958607253086416,4.573159722222222,629.99,63.08166666666667,0.1031277270946656,4.0,0.1168735309241384,SP,itaquaquecetuba,2017-10-27 14:24:24,office_furniture,0.8333333333333334,83.5864229363936,83.3,79.7,90.1,97.4,75.0,2479,PREFERRED,1
3fac58ce0ad699020c7944d53c41329c,9,0.2222222222222222,5.094890689300411,0.9202951388888889,144.66333333333333,21.104444444444443,0.20595884858657276,4.333333333333333,0.12103752787366037,SP,sao paulo,2018-08-20 22:29:55,construction_tools_lights,0.7777777777777778,83.58252308615988,77.8,78.9,97.9,94.5,83.3,2480,PREFERRED,1
ec80e49e69745ab6c14f984bf2149423,12,0.16666666666666666,12.847035108024691,6.825491898148147,309.0833333333333,15.6925,0.05108143173743277,4.0,0.13202543207884443,SP,limeira,2018-08-22 22:17:56,housewares,0.8333333333333334,83.5735970437268,83.3,76.8,93.8,98.9,75.0,2481,PREFERRED,0
c4fabeea6e569d42d02993bb1f4f1cbc,11,0.09090909090909091,21.726757154882154,23.789270833333333,78.11818181818181,25.201818181818183,0.33502621581753467,4.0,0.1563950519357363,CE,fortaleza,2018-08-07 15:42:52,baby,0.9090909090909091,83.54569485051975,90.9,72.1,89.1,90.8,75.0,2482,PREFERRED,0
b248792ac0b60ec3f93d80af1b4fae47,7,0.14285714285714285,6.652924933862434,1.4610648148148149,64.92857142857143,21.978571428571428,0.3558923254699612,3.857142857142857,0.13177717319597756,SP,sao caetano do sul,2018-08-22 02:31:38,sports_leisure,0.8571428571428572,83.51067151102826,85.7,76.8,97.1,90.2,71.4,2483,PREFERRED,1
299c89a525fee36c567f4fe72f038100,1,0.0,9.31943287037037,0.0,189.0,53.67,0.283968253968254,3.0,0.16909725516603544,CE,varzea alegre,2018-08-08 17:36:33,furniture_decor,1.0,83.50033533230297,100.0,69.7,95.7,92.3,50.0,2484,PREFERRED,1
2c9e548be18521d1c43cde1c582c6de8,124,0.16129032258064516,13.678749999999999,16.18435532407407,48.939919354838715,19.990967741935485,0.5789033657639999,4.131147540983607,0.11516049082523981,SP,mogi das cruzes,2018-08-27 16:17:16,stationery,0.8387096774193549,83.4977139272863,83.9,80.0,93.4,83.9,78.3,2485,PREFERRED,0
3c03b12bab54d8b37d79d914bfdb1aa0,37,0.16216216216216217,13.623107795295295,10.068757716049383,120.54972972972973,19.495405405405407,0.29473524963931585,3.8333333333333335,0.10826867302070706,RJ,sao joao de meriti,2018-08-24 11:09:05,sports_leisure,0.8378378378378378,83.49140270292298,83.8,81.3,93.4,91.9,70.8,2486,PREFERRED,0
c500367424994318b9e779ff1ae9a330,9,0.1111111111111111,16.712573302469135,4.923715277777778,482.9333333333333,34.66555555555556,0.1234838750141319,3.7777777777777777,0.14633152025248802,SP,paulinia,2017-12-01 16:51:00,baby,0.8888888888888888,83.48644418655016,88.9,74.0,91.8,96.8,69.4,2487,PREFERRED,1
b17b679f4f5ce2e03ce6968c62648246,50,0.18,19.22530671296296,8.764669495884773,68.48360000000001,19.6036,0.3531621873862496,3.98,0.09423277559498482,SP,ribeirao preto,2018-05-14 12:37:29,health_beauty,0.8200000000000001,83.47834125681891,82.0,84.0,90.5,90.3,74.5,2488,PREFERRED,0
3ade81dab5a172b88e1871c28ae05260,28,0.14285714285714285,14.181363260582009,9.05620949074074,193.08928571428572,51.70321428571429,0.2735217679024626,4.185185185185185,0.15134890654147623,SP,sao jose do rio preto,2018-08-25 12:54:41,furniture_bedroom,0.8571428571428572,83.43821841316512,85.7,73.1,93.1,92.5,79.6,2489,PREFERRED,0
2ec6e37d992a95eaddb3369dcbcc76d9,1,0.0,12.038020833333333,0.0,79.9,17.13,0.21439299123904879,1.0,0.013600339152038558,RS,porto alegre,2017-10-06 15:54:34,housewares,1.0,83.43196178314534,100.0,99.5,94.3,94.2,0.0,2490,PREFERRED,1
3492e68f37fd1df87f4f2f2ea247f445,8,0.125,9.321517650462962,0.579837962962963,98.4825,21.175,0.2784507956304799,3.875,0.1487206246916331,SP,salto,2018-08-08 19:53:48,auto,0.875,83.39838620627104,87.5,73.6,95.7,92.4,71.9,2491,PREFERRED,1
f918546be4bec7104d117789ba758b2b,20,0.2,12.358811921296297,7.727473958333333,74.15,17.357499999999998,0.22984733648479555,3.85,0.09040497078181062,SP,sao paulo,2018-06-26 15:07:53,garden_tools,0.8,83.37014345423322,80.0,84.8,94.1,93.8,71.2,2492,PREFERRED,0
c7bb64409aa480bb7d0335faaaf3d242,4,0.0,5.879091435185185,0.0,24.4,16.89,0.8785347653109603,2.25,0.08384802140136145,SC,joinville,2018-07-02 10:34:59,auto,1.0,83.3587729101099,100.0,86.0,97.5,75.4,31.2,2493,PREFERRED,1
c878515173c84a492ebe50d6b493230b,9,0.2222222222222222,16.798422067901235,8.417152777777778,124.31555555555555,21.022222222222226,0.32895568307719775,4.111111111111111,0.08165855739759856,PR,itaipulandia,2017-11-15 20:16:54,sports_leisure,0.7777777777777778,83.35635956975945,77.8,86.4,91.7,91.0,77.8,2494,PREFERRED,1
9449f25aeaf531019b76999ea49a6949,9,0.2222222222222222,13.614467592592591,6.235104166666667,219.95000000000002,18.943333333333335,0.08482682519897844,4.222222222222222,0.11057694793855087,RJ,rio de janeiro,2018-04-18 09:23:18,health_beauty,0.7777777777777778,83.33337316917526,77.8,80.9,93.4,97.9,80.6,2495,PREFERRED,1
87e24fc7052259b1f7f607d61c10d8be,7,0.14285714285714285,15.341284722222223,8.734375,1010.5128571428571,30.665714285714284,0.0383199197467356,3.857142857142857,0.14012542703472855,SP,sao paulo,2018-08-14 11:15:33,telephony,0.8571428571428572,83.32100745791584,85.7,75.2,92.5,99.2,71.4,2496,PREFERRED,1
a8739afb32aaa45e01815ca76f76f54b,13,0.07692307692307693,9.569594017094017,0.6895254629629629,22.986923076923077,20.363846153846154,0.898304375463958,3.769230769230769,0.1401556587934168,SP,sao bernardo do campo,2018-08-06 19:31:50,electronics,0.9230769230769231,83.31615894657243,92.3,75.2,95.6,74.8,69.2,2497,PREFERRED,0
14f2b3587172b9db894c9bad8dab520b,2,0.0,14.027887731481481,0.0,122.0,43.03,0.35270491803278686,2.5,0.12202899357736753,RS,ipe,2018-07-14 14:55:43,housewares,1.0,83.31109364618167,100.0,78.7,93.2,90.3,37.5,2498,PREFERRED,1
88ef59b51bdaa941d10a853429f2b6ce,2,0.0,6.199189814814815,0.0,126.45,20.9,0.4335931190732857,2.0,0.09195031817043278,PR,guaratuba,2018-08-18 20:16:45,agro_industry_and_commerce,1.0,83.27020778429952,100.0,84.5,97.4,88.0,25.0,2499,PREFERRED,1
0e44d110fa6a54e121cb2c095a77762f,6,0.16666666666666666,12.001626157407408,6.491296296296296,37.22,11.676666666666668,1.3522949375417614,4.333333333333333,0.08880059230995163,SP,francisco morato,2018-06-13 00:02:17,stationery,0.8333333333333334,83.26945523912718,83.3,85.1,94.3,61.9,83.3,2500,PREFERRED,1
e96498ed8daaa3e9c23f7a62da76591c,34,0.14705882352941177,15.198311887254901,10.085986111111112,282.9144117647059,20.973529411764705,0.09460334175772844,3.9411764705882355,0.1416717725675838,SP,sao paulo,2018-07-19 20:37:53,auto,0.8529411764705882,83.26663914159246,85.3,74.9,92.6,97.6,73.5,2501,PREFERRED,0
f43827dd686be3a4a80e00aa299990fb,1,0.0,21.39116898148148,0.0,95.54,30.2,0.31609796943688506,2.0,0.07408949508241668,SP,sao jose do rio preto,2018-01-25 10:09:48,housewares,1.0,83.25143271006145,100.0,87.9,89.3,91.3,25.0,2502,PREFERRED,1
d79e8478eed9999493990b44955fb22e,5,0.2,8.199113425925926,1.7829861111111112,144.378,16.144,0.1872025629747925,4.0,0.11467524389914119,RJ,rio de janeiro / rio de janeiro,2018-08-19 12:33:05,computers_accessories,0.8,83.2215370665313,80.0,80.1,96.3,95.0,75.0,2503,PREFERRED,1
179d859f51292aac5c10806a356f7af9,18,0.16666666666666666,8.988954475308642,1.591423611111111,22.470555555555553,21.98888888888889,0.9289668699574359,4.388888888888889,0.12424564209111116,SP,ribeirao pires,2018-08-10 16:02:36,electronics,0.8333333333333334,83.22030983064093,83.3,78.3,95.9,74.0,84.7,2504,PREFERRED,0
a0d7fbb07bb5ebc3b05980e750db56f3,2,0.0,16.931869212962965,0.0,374.5,96.74,0.21810905811623243,3.0,0.1663292298852015,SP,ferraz de vasconcelos,2018-05-09 16:08:20,furniture_decor,1.0,83.21456068009961,100.0,70.2,91.7,94.1,50.0,2505,PREFERRED,1
e82de6494d91d3c4c54450f59b227a94,3,0.3333333333333333,18.68153549382716,21.848645833333332,39.63333333333333,12.933333333333332,0.3284781008465219,5.0,0.06998839571011244,SP,ibitinga,2018-03-02 10:22:22,watches_gifts,0.6666666666666667,83.21158271063129,66.7,88.7,90.7,91.0,100.0,2506,PREFERRED,1
6fd52c528dcb38be2eea044946b811f8,67,0.13432835820895522,21.561034238529572,5.933802726337449,115.56746268656715,16.993432835820894,0.17392270146317523,3.393939393939394,0.09420741733920021,SP,sao paulo,2018-08-11 23:56:26,bed_bath_table,0.8656716417910448,83.20323735128363,86.6,84.0,89.2,95.4,59.8,2507,PREFERRED,0
6bd503a8230299c9316fb0f726933927,4,0.25,9.820989583333333,1.8554976851851852,81.07249999999999,32.4,0.38688491170431344,4.75,0.1229119092493123,GO,morrinhos,2018-08-17 15:11:32,health_beauty,0.75,83.1938011092243,75.0,78.5,95.4,89.3,93.8,2508,PREFERRED,1
50c9975695009e5e6473912e83a6d1da,50,0.14,16.47676388888889,8.22280753968254,80.686,58.3966,0.9724469523894487,3.938775510204082,0.09418467198784437,MG,claudio,2018-07-23 17:14:32,sports_leisure,0.86,83.18727772699985,86.0,84.0,91.9,72.7,73.5,2509,PREFERRED,0
7c4618c82226628831613e95e9c22f44,13,0.15384615384615385,11.065274216524216,1.4644328703703704,27.839230769230767,13.39076923076923,0.5417441804312119,4.076923076923077,0.13014302549446405,SP,sao roque,2018-08-17 06:37:13,sports_leisure,0.8461538461538461,83.15030648257937,84.6,77.1,94.8,84.9,76.9,2510,PREFERRED,0
f8201cab383e484733266d1906e2fdfa,10,0.2,13.045797453703704,2.197060185185185,88.9,25.583,0.2860549727328536,4.1,0.1103883494325503,SC,palhoca,2018-08-11 19:39:37,cool_stuff,0.8,83.1360530832031,80.0,80.9,93.7,92.2,77.5,2511,PREFERRED,0
ca4b77513ac2040591b0d8fae6958380,14,0.21428571428571427,7.763539186507936,5.8002237654321,126.60357142857143,14.369285714285715,0.12001022835289218,4.5,0.14995725034560112,SP,sando andre,2018-08-22 10:28:17,health_beauty,0.7857142857142857,83.131365388325,78.6,73.3,96.5,96.9,87.5,2512,PREFERRED,0
b18871c324516afa228a13e8f1ef0ae9,9,0.1111111111111111,8.933315329218107,2.790891203703704,118.28888888888888,27.08888888888889,0.24883739043013817,3.4444444444444446,0.1338914268496087,SP,sao paulo,2018-06-18 18:47:16,garden_tools,0.8888888888888888,83.09532845228388,88.9,76.4,95.9,93.3,61.1,2513,PREFERRED,1
a218df5c097b0ca409cfaac1488cc7f6,4,0.0,11.561912615740741,0.0,35.17,29.345,1.4328304703304209,2.75,0.087109632469411,SP,araraquara,2018-06-26 09:10:21,housewares,1.0,83.05273813403399,100.0,85.4,94.5,59.7,43.8,2514,PREFERRED,1
3fd1e727ba94cfe122d165e176ce7967,34,0.20588235294117646,15.692170138888889,9.299059193121693,77.72058823529412,15.905,0.2976529712259457,4.0,0.0950046467400275,SP,araraquara,2018-04-04 08:20:22,sports_leisure,0.7941176470588236,83.04892187120016,79.4,83.9,92.3,91.9,75.0,2515,PREFERRED,0
cee48807215b30a12ca2ca10ffb5f250,38,0.15789473684210525,24.088422270955167,7.367228009259258,189.2692105263158,23.527368421052632,0.19231802934654277,3.8157894736842106,0.1083762151375266,SP,guaruja,2018-07-06 10:07:51,auto,0.8421052631578947,83.02831988443442,84.2,81.3,87.9,94.9,70.4,2516,PREFERRED,0
94165aea8a35c3c21499cbcae239b16c,1,0.0,6.158113425925926,0.0,180.0,16.11,0.0895,2.0,0.11764513836926098,MG,uberlandia,2018-06-07 18:01:09,auto,1.0,83.01877221990583,100.0,79.5,97.4,97.8,25.0,2517,PREFERRED,1
a13aaf2d2886ab9fb30fb9a920160b8f,4,0.25,9.351059027777778,2.049826388888889,252.88,18.5775,0.0733642627392789,4.5,0.12637466803442823,SC,joinville,2018-08-02 22:48:54,musical_instruments,0.75,83.01742022009705,75.0,77.9,95.7,98.2,87.5,2518,PREFERRED,1
7c67e1448b00f6e969d365cea6b010ab,972,0.10082304526748971,22.354728271223898,11.880702003023432,192.9925205761317,52.782222222222224,0.278260542269594,3.496376811594203,0.12312341001422221,SP,itaquaquecetuba,2018-08-07 18:58:53,office_furniture,0.8991769547325102,83.01542102872237,89.9,78.5,88.8,92.4,62.4,2519,PREFERRED,0
610f72e407cdd7caaa2f8167b0163fd8,16,0.125,12.704721498842593,12.782743055555555,851.3225,53.50625,0.06602506545253911,3.625,0.1447832933777288,SP,sao paulo,2018-08-25 20:59:18,bed_bath_table,0.875,82.98332094258069,87.5,74.3,93.9,98.4,65.6,2520,PREFERRED,0
7b8e8ec35bad4b0ef7e3963650b0a87b,5,0.2,21.90199074074074,58.617974537037036,448.85599999999994,74.404,0.19327688302715096,4.8,0.15954958436513317,SC,tubarao,2018-07-26 14:16:04,auto,0.8,82.96467258612135,80.0,71.5,89.0,94.8,95.0,2521,PREFERRED,1
458c6fa920810ce2492da71bc26d9eec,2,0.0,25.40222800925926,0.0,378.38,52.805,0.1395554733336857,2.5,0.12306130836969426,SP,catanduva,2017-12-21 15:09:09,health_beauty,1.0,82.96207303420665,100.0,78.5,87.2,96.4,37.5,2522,PREFERRED,1
8e6d7754bc7e0f22c96d255ebda59eba,82,0.17073170731707318,15.505047707768746,10.762768683862433,183.2570731707317,21.62707317073171,0.1379002267321336,3.6158536585365852,0.10273618624514937,SP,sao jose dos campos,2018-08-26 04:52:35,computers_accessories,0.8292682926829268,82.93640561638705,82.9,82.4,92.4,96.4,65.4,2523,PREFERRED,0
1b65c144b17e607c0f37f10bb7dfec8d,5,0.0,8.770837962962963,0.0,245.9,32.872,0.15411811794189612,2.0,0.11165671084512781,SC,rio do sul,2018-06-29 11:31:08,construction_tools_construction,1.0,82.9145877744893,100.0,80.7,96.0,95.9,25.0,2524,PREFERRED,1
c4fb51fb1c5b7c07bc5e67be6e7e8f6e,15,0.13333333333333333,16.625010030864196,6.372725694444444,104.52666666666667,37.24733333333334,0.4419252757102215,3.533333333333333,0.1049613205367268,PR,curitiba,2018-08-12 18:23:47,housewares,0.8666666666666667,82.87751259356119,86.7,82.0,91.8,87.8,63.3,2525,PREFERRED,0
c1552b1dab6e6f760950368ae61fb600,2,0.0,5.066215277777777,0.0,26.9,7.445,0.3029525022361699,2.5,0.14920851512475403,SP,sao jose dos campos,2018-08-25 11:00:52,health_beauty,1.0,82.86258305848044,100.0,73.5,98.0,91.7,37.5,2526,PREFERRED,1
7ad32824caee82087b3e2e5f33b1bf32,144,0.14583333333333334,12.253553079989711,7.668277667548502,152.99430555555557,24.36826388888889,0.21167500651963056,3.900709219858156,0.14628033998853257,SP,ibitinga,2018-08-27 20:47:15,bed_bath_table,0.8541666666666666,82.83890390242408,85.4,74.1,94.1,94.3,72.5,2527,PREFERRED,0
52a50b42accf164f9f019941e5759d9b,4,0.25,5.381053240740741,0.7866203703703704,34.99,14.264999999999999,0.41037047357871476,4.75,0.1367046773458866,SP,monte alegre do sul,2018-08-22 12:32:55,food_drink,0.75,82.81933267356038,75.0,75.9,97.8,88.7,93.8,2528,PREFERRED,1
d97df38225e5abadaff1e72cb72b823c,27,0.18518518518518517,12.332950531550068,10.062819444444445,65.03703703703704,17.346666666666668,0.4554397308953571,4.038461538461538,0.11441764228127362,SP,sao caetano do sul,2018-08-08 17:25:12,auto,0.8148148148148149,82.80676974960622,81.5,80.2,94.1,87.4,76.0,2529,PREFERRED,0
2dcf93836ae3ce0d7c93e2f10876467a,9,0.2222222222222222,6.496018518518518,3.1676099537037037,164.86111111111111,21.342222222222222,0.1826597721905678,4.111111111111111,0.11903392781797113,SP,sao jose dos campos,2018-08-07 20:29:36,housewares,0.7777777777777778,82.79989604754408,77.8,79.3,97.2,95.1,77.8,2530,PREFERRED,1
218f991754f360af9c2daa5e0b8e990c,14,0.14285714285714285,13.861703869047618,18.962725694444444,253.88000000000002,18.944285714285716,0.0740769122982168,3.642857142857143,0.13476488590032076,SP,sao paulo,2018-08-19 19:09:43,housewares,0.8571428571428572,82.7904561083958,85.7,76.3,93.3,98.2,66.1,2531,PREFERRED,0
5e49e3a44bdeb5aab2684258bbd4f525,3,0.3333333333333333,16.658904320987656,4.526944444444444,169.0,17.59,0.10408284023668639,4.666666666666667,0.06946439753477796,SC,balenario camboriu,2018-03-15 14:54:00,sports_leisure,0.6666666666666667,82.78427197593372,66.7,88.8,91.8,97.4,91.7,2532,PREFERRED,1
d5c530f4884a75ae0dba9c148718d278,5,0.2,10.283006944444445,1.0099652777777777,54.565999999999995,28.722,0.7290262517893538,4.0,0.08844761592712827,MG,centro,2017-11-28 14:56:51,unknown,0.8,82.77497867334557,80.0,85.1,95.2,79.6,75.0,2533,PREFERRED,1
579891617139df7d8671d373f0669622,8,0.25,18.420879629629628,5.708859953703703,35.0375,16.025,0.46215181412438266,4.5,0.09348932297864082,RJ,rio de janeiro,2018-07-02 08:00:35,books_general_interest,0.75,82.7686489806835,75.0,84.2,90.9,87.2,87.5,2534,PREFERRED,1
d4828feed4cda2cd9d6b37899a95a71e,1,0.0,13.50712962962963,0.0,39.9,22.21,0.556641604010025,2.0,0.08317416573928525,CE,juzeiro do norte,2018-08-07 00:33:24,fashion_bags_accessories,1.0,82.7604570987042,100.0,86.1,93.5,84.5,25.0,2535,PREFERRED,1
37dd29b36c458d82f74a953c40c43645,7,0.14285714285714285,18.456660052910053,3.9768287037037036,648.1414285714285,68.49142857142857,0.11977231141918146,3.857142857142857,0.14258796503583576,SP,limeira,2018-05-28 13:37:22,home_construction,0.8571428571428572,82.7241729261772,85.7,74.8,90.9,96.9,71.4,2536,PREFERRED,1
55bb6fe5bebe5012e2d7d9928e1128ff,15,0.13333333333333333,15.001960648148149,12.321458333333332,121.10333333333332,38.431333333333335,0.40221431987817824,3.466666666666667,0.1081061889553264,SP,bauru,2018-07-30 13:35:11,stationery,0.8666666666666667,82.71857121094031,86.7,81.4,92.7,88.9,61.7,2537,PREFERRED,0
3afc536624bc2e65bddfb5db33cc01f3,6,0.16666666666666666,9.890516975308643,0.6752083333333333,52.0,17.845000000000002,0.34317307692307697,3.5,0.0985780417240318,MG,belo horizonte,2018-06-12 10:55:06,electronics,0.8333333333333334,82.70739278957224,83.3,83.2,95.4,90.6,62.5,2538,PREFERRED,1
9c7fd21e0aa159b20da593371f08ff7c,7,0.14285714285714285,7.3877843915343915,7.049513888888889,119.21857142857142,17.967142857142857,0.19071939546020175,3.2857142857142856,0.11238387852441102,SP,osasco,2018-08-21 16:50:51,telephony,0.8571428571428572,82.70728375374419,85.7,80.5,96.7,94.9,57.1,2539,PREFERRED,1
ce20a2ec1514c25e16f2b5b39bc818f0,4,0.25,14.237659143518517,0.6955439814814814,71.75,52.2575,0.7513414634146341,4.75,0.1042644377344765,SP,sao paulo,2018-08-13 14:18:20,pet_shop,0.75,82.70187551585315,75.0,82.1,93.1,79.0,93.8,2540,PREFERRED,1
b5e3e38609125694d2ea2417522a60b7,16,0.25,18.195497685185185,9.698909143518518,62.19,18.82125,0.40738488629777386,4.3125,0.08419775234050876,SC,florianopolis,2017-09-19 13:30:18,sports_leisure,0.75,82.68404379646081,75.0,85.9,91.0,88.8,82.8,2541,PREFERRED,0
2528744c5ef5d955adc318720a94d2e7,5,0.0,10.070645833333334,0.0,1249.0,52.739999999999995,0.044934301055277404,2.4,0.15226241049504324,SP,jundiai,2018-06-27 13:33:58,agro_industry_and_commerce,1.0,82.6755134310012,100.0,72.9,95.3,99.0,35.0,2542,PREFERRED,1
3dfd3dc96f7f8598eca74e9ac8a2fa31,6,0.16666666666666666,12.230414737654321,10.664398148148148,33.65,15.721666666666666,0.5819276706592658,4.0,0.12050027462447661,SP,sao paulo,2018-06-16 16:39:47,housewares,0.8333333333333334,82.66847154519846,83.3,79.0,94.2,83.8,75.0,2543,PREFERRED,1
002100f778ceb8431b7a1020ff7ab48f,48,0.1875,16.479170042438273,8.253401491769548,24.141666666666666,15.659166666666666,0.7796477751851058,4.0,0.08704660951451117,SP,franca,2018-04-12 12:58:23,furniture_decor,0.8125,82.6432846487249,81.2,85.4,91.9,78.2,75.0,2544,PREFERRED,0
f3da5b2ff499efb8d4a6d371d175d7dd,75,0.14666666666666667,11.417012654320988,12.792771464646465,46.0292,13.815066666666668,0.4427481563054383,3.9121621621621623,0.1385727527231788,SP,sao paulo,2018-07-10 15:47:15,housewares,0.8533333333333333,82.63278927697407,85.3,75.5,94.6,87.7,72.8,2545,PREFERRED,0
f08a5b9dd6767129688d001acafc21e5,11,0.18181818181818182,18.870517676767676,0.880619212962963,1279.057272727273,45.10090909090909,0.05159621799910819,4.2727272727272725,0.15237916361096948,RS,porto alegre,2018-01-16 09:15:25,computers_accessories,0.8181818181818181,82.61040401300129,81.8,72.9,90.6,98.8,81.8,2546,PREFERRED,0
615005a3ef192c00c6f0e977cee3d2bc,9,0.2222222222222222,15.024745370370372,3.195480324074074,29.233333333333334,15.635555555555555,0.5544627205251575,4.111111111111111,0.08848866054070342,SP,itu,2017-12-23 03:16:21,sports_leisure,0.7777777777777778,82.53022456163843,77.8,85.1,92.7,84.6,77.8,2547,PREFERRED,1
dd7ddc04e1b6c2c614352b383efe2d36,117,0.1623931623931624,15.35406259892371,6.7855439814814815,77.57017094017095,24.06888888888889,0.4238371257887512,3.9051724137931036,0.12398454459831455,SP,sao paulo,2018-07-25 15:40:35,pet_shop,0.8376068376068376,82.49573580773314,83.8,78.3,92.5,88.3,72.6,2548,PREFERRED,0
6973a06f484aacf400ece213dbf3d946,83,0.18072289156626506,15.213404172244534,5.896708333333333,132.32819277108433,16.60168674698795,0.13128411572651005,3.8292682926829267,0.12305777182329014,SP,sao jose dos campos,2018-06-16 07:41:21,computers_accessories,0.8192771084337349,82.45531012974104,81.9,78.5,92.6,96.6,70.7,2549,PREFERRED,0
f35b3c613c4f7b2275f4185d0a3c59ec,9,0.2222222222222222,12.80266975308642,2.9720775462962967,449.69444444444446,18.56,0.050419336435092416,4.555555555555555,0.15853462230215776,SP,sao paulo,2018-06-03 00:27:27,sports_leisure,0.7777777777777778,82.44775170792045,77.8,71.7,93.9,98.9,88.9,2550,PREFERRED,1
43a5d4a57af536fddc96d08be3afdfcb,1,0.0,11.811469907407407,0.0,141.89,37.239999999999995,0.2624568327577701,1.0,0.03239686697174981,MG,varginha,2017-06-14 20:17:04,home_confort,1.0,82.41298439034098,100.0,95.9,94.4,92.9,0.0,2551,PREFERRED,1
7a91bf945c6fae0779f1c61ce97fe45c,4,0.25,43.84916666666667,97.97175925925926,158.65,16.292499999999997,0.10513419168204752,4.5,0.07991678791067608,RJ,mesquita,2017-09-29 15:00:13,health_beauty,0.75,82.41017495993904,75.0,86.8,77.4,97.3,87.5,2552,PREFERRED,1
94b9108d4b637ba65bb4f1e53cfcf8d8,7,0.14285714285714285,17.020074404761903,37.79655092592593,33.565714285714286,14.161428571428571,1.3534500541005643,4.428571428571429,0.12350508929131808,SP,guarulhos,2018-08-03 10:56:56,electronics,0.8571428571428572,82.39481879319425,85.7,78.4,91.6,61.9,85.7,2553,PREFERRED,1
cb5df0dcb9e280b1780e9d589889f2c7,11,0.18181818181818182,21.566878156565654,12.472858796296297,146.80727272727273,41.265454545454546,0.275377110169883,3.4,0.07153693384577581,SP,bady bassitt,2017-06-14 17:06:33,furniture_bedroom,0.8181818181818181,82.36167867725557,81.8,88.4,89.2,92.5,60.0,2554,PREFERRED,0
2b5ed0c9139dae8883a200dfcb272ece,4,0.25,16.871241319444444,26.485381944444445,21.3525,14.835,0.6909692396656169,4.25,0.07257237658992943,SP,sao paulo,2017-11-06 12:03:52,stationery,0.75,82.3072567647223,75.0,88.2,91.7,80.7,81.2,2555,PREFERRED,1
977f9f63dd360c2a32ece2f93ad6d306,20,0.15,12.968991319444445,5.005547839506173,132.422,48.288,0.4071243735986464,3.95,0.14619152691240553,SP,tabatinga,2018-08-20 23:35:44,baby,0.85,82.27066065418927,85.0,74.1,93.8,88.8,73.8,2556,PREFERRED,0
e5a3438891c0bfdb9394643f95273d8e,213,0.18779342723004694,15.781793981481481,11.101815972222223,35.110610328638494,15.332018779342722,0.48744996083456105,4.018867924528302,0.11477761005557913,SP,limeira,2018-04-11 10:56:21,fashion_bags_accessories,0.812206572769953,82.25969676553416,81.2,80.1,92.3,86.5,75.5,2557,PREFERRED,0
4003520d80d0bad1d5623f7aa3c63cda,1,0.0,17.079074074074075,0.0,70.0,16.74,0.23914285714285713,1.0,0.028289675873089414,RJ,rio de janeiro,2017-09-26 20:50:49,baby,1.0,82.25708860179519,100.0,96.7,91.6,93.5,0.0,2558,PREFERRED,1
0d83f8e03188682112cc0d93523705cc,4,0.25,16.91439814814815,20.752037037037038,174.065,31.0775,0.18337841797837678,3.75,0.06472657664098887,RS,porto alegre,2018-01-22 11:52:53,computers_accessories,0.75,82.24511384606193,75.0,89.7,91.7,95.1,68.8,2559,PREFERRED,1
85cc55e048b6bcc90c75afe7f0e72f72,9,0.2222222222222222,13.153153292181068,12.332274305555556,34.25333333333333,21.497777777777777,0.8042517271733503,4.444444444444445,0.10908830285440235,RJ,barra mansa,2018-07-25 21:36:32,computers_accessories,0.7777777777777778,82.23322811255396,77.8,81.2,93.7,77.5,86.1,2560,PREFERRED,1
36890be00bbfc1cdb9a4a38a6af05a69,13,0.23076923076923078,9.416596331908831,3.5407754629629626,104.71538461538461,18.429230769230767,0.2002523593882327,4.230769230769231,0.12810030180371404,SP,osasco,2018-08-19 16:57:32,baby,0.7692307692307692,82.23292453768967,76.9,77.5,95.7,94.6,80.8,2561,PREFERRED,0
e5f9e61ceb5f523cc966e0f34095032f,4,0.25,20.252138310185185,1.919548611111111,559.5,28.86,0.052191437024232956,4.0,0.0876049284008315,SC,brusque,2018-02-28 11:29:07,computers_accessories,0.75,82.1933097347694,75.0,85.3,89.9,98.8,75.0,2562,PREFERRED,1
be8e909810184b9b19e886129149d8e5,15,0.2,15.356016203703705,6.933125,41.99,14.415333333333333,0.34852742122512653,3.7333333333333334,0.0939939683401285,SP,piracicaba,2018-05-13 13:20:54,computers_accessories,0.8,82.18559312312188,80.0,84.1,92.5,90.4,68.3,2563,PREFERRED,0
d93919c944be9cff128f6c9cb899eacb,33,0.18181818181818182,22.92127034231201,20.058202160493828,80.80909090909091,29.009393939393938,0.36984106150467544,4.0,0.11459098413694854,SP,mombuca,2018-07-24 14:38:19,christmas_supplies,0.8181818181818181,82.17307233813133,81.8,80.1,88.5,89.8,75.0,2564,PREFERRED,0
bca9230d3bbb4efa51872bf605a2f1ad,5,0.2,7.055643518518518,4.716805555555555,23.514,10.126,0.4296278644798666,4.0,0.12472853145118194,SP,sao paulo,2018-08-27 23:30:28,books_general_interest,0.8,82.1428511293388,80.0,78.2,96.9,88.1,75.0,2565,PREFERRED,1
fce62094ffe6a4009188ec44e681dfdd,4,0.25,13.502439236111112,15.478217592592593,742.425,120.73250000000002,0.4825614712456818,4.0,0.07469825857178283,SP,sao paulo,2018-03-01 18:07:51,furniture_decor,0.75,82.12715240223125,75.0,87.8,93.5,86.6,75.0,2566,PREFERRED,1
c87abc38c8ed3240861729e1aeadf221,1,0.0,10.748113425925926,0.0,133.0,15.68,0.11789473684210526,1.0,0.04899468392993293,SP,sao paulo,2017-12-26 02:35:27,fashion_bags_accessories,1.0,82.1124982847006,100.0,92.7,94.9,97.0,0.0,2567,PREFERRED,1
656591be56071d4c9ef4e5fee78a578a,7,0.2857142857142857,14.808503637566137,2.6296122685185184,243.14285714285714,45.6,0.27353258577658085,4.571428571428571,0.10391161040115796,SP,santo andre,2017-05-07 12:50:03,office_furniture,0.7142857142857143,82.10960831823849,71.4,82.2,92.8,92.5,89.3,2568,PREFERRED,1
891071be6ba827b591264c90c2ae8a63,84,0.17857142857142858,13.807456872795415,8.558595679012345,44.62321428571428,14.126666666666669,0.4650817062109324,3.988095238095238,0.12716075267084131,SP,sao paulo,2018-08-23 11:37:30,fashion_bags_accessories,0.8214285714285714,82.09421144063174,82.1,77.7,93.3,87.1,74.7,2569,PREFERRED,0
d71d863e5ef30d94e440c11be17dcd8f,22,0.13636363636363635,19.225216224747474,11.917808641975308,418.99545454545455,30.085,0.1953798443864345,3.25,0.10782976836418606,SP,osasco,2018-04-28 16:06:18,air_conditioning,0.8636363636363636,82.06437840789228,86.4,81.4,90.5,94.8,56.2,2570,PREFERRED,0
39c763cca83e654764b7a4a650fb9b7c,11,0.18181818181818182,13.490741792929294,11.849270833333332,69.18181818181819,20.291818181818183,0.3127153675016865,3.8181818181818183,0.12234152852787773,GO,goiania,2018-07-27 20:36:45,sports_leisure,0.8181818181818181,82.03185131649569,81.8,78.6,93.5,91.4,70.5,2571,PREFERRED,0
2e2f44824ab87a0cb961f68bf4073e7f,1,0.0,10.955590277777778,0.0,48.0,17.93,0.37354166666666666,2.0,0.11417748483173401,PR,curitiba,2018-04-02 21:10:31,unknown,1.0,81.99744389059109,100.0,80.2,94.8,89.7,25.0,2572,PREFERRED,1
850913d59ce317156b00f3705f1c3edb,29,0.1724137931034483,13.536035680076628,5.683909722222222,75.98965517241379,18.273793103448277,0.3196457876436939,3.586206896551724,0.11248530976018105,SP,atibaia,2018-07-27 16:20:49,telephony,0.8275862068965517,81.9400745045428,82.8,80.5,93.5,91.2,64.7,2573,PREFERRED,0
5d378b73ab7dd6f0418d743e5dcb0bd1,6,0.16666666666666666,30.488871527777775,100.013125,1875.6666666666667,59.78333333333333,0.03205056775741025,3.8333333333333335,0.12547189262060623,SP,sao paulo,2017-11-14 21:07:55,unknown,0.8333333333333334,81.91385037659961,83.3,78.0,84.5,99.4,70.8,2574,PREFERRED,1
6ec1a01e866584bb679eb9b098345919,30,0.2,13.770480709876544,8.90722800925926,133.827,27.374666666666666,0.2592459091941656,4.241379310344827,0.14753387259363662,SP,santos,2018-08-24 11:54:56,health_beauty,0.8,81.90491740134479,80.0,73.8,93.3,93.0,81.0,2575,PREFERRED,0
00720abe85ba0859807595bbf045a33b,12,0.16666666666666666,12.581044560185186,10.243287037037037,76.60833333333333,21.25166666666667,0.43666682338610663,3.6666666666666665,0.11928379213102917,SP,guarulhos,2018-08-03 16:57:01,housewares,0.8333333333333334,81.86107874719988,83.3,79.2,94.0,87.9,66.7,2576,PREFERRED,0
13dd308f81fea30cc670c656b2b46cc3,3,0.3333333333333333,3.6380208333333335,0.695300925925926,39.23333333333333,11.146666666666667,0.2849273999050755,5.0,0.1264131168377761,SP,santa barbara d'oeste,2018-08-27 19:32:27,health_beauty,0.6666666666666667,81.82782612073757,66.7,77.9,98.7,92.2,100.0,2577,PREFERRED,1
ecccfa2bb93b34a3bf033cc5d1dcdc69,12,0.16666666666666666,32.11982735339506,18.98311342592593,93.40416666666665,17.705833333333334,0.1951613145840667,2.8333333333333335,0.03781483429532296,PR,curitiba,2016-10-10 11:39:06,health_beauty,0.8333333333333334,81.77124729704292,83.3,94.8,83.6,94.8,45.8,2578,PREFERRED,0
bbad7e518d7af88a0897397ffdca1979,66,0.16666666666666666,13.574011468855218,7.89051978114478,67.41681818181819,20.168636363636367,0.3561592491729863,3.246153846153846,0.09162772227824008,SP,sao paulo,2018-07-30 18:42:01,baby,0.8333333333333334,81.75874673601588,83.3,84.5,93.4,90.2,56.2,2579,PREFERRED,0
bce6a5ecf98e99fd2a8868b15c51f04b,14,0.21428571428571427,11.760042162698413,5.346026234567901,247.49285714285716,17.257142857142856,0.08694602135949184,4.071428571428571,0.14055760805140746,SP,guarulhos,2018-08-22 10:51:09,watches_gifts,0.7857142857142857,81.75064173091302,78.6,75.1,94.4,97.8,76.8,2580,PREFERRED,0
4170f6a9367e6b5d6401d03ce6d54569,4,0.25,24.803373842592592,29.894375,142.195,23.2575,0.21007294658160605,4.0,0.0825460118095466,DF,brasilia df,2017-12-20 00:40:45,computers_accessories,0.75,81.62580312045453,75.0,86.3,87.5,94.4,75.0,2581,PREFERRED,1
3b872fd4747f01cc56206f2934198618,25,0.16,14.48765324074074,7.2738657407407405,109.06960000000001,44.654799999999994,0.39988403960897606,3.88,0.1448721025826482,SP,ibitinga,2018-08-21 14:08:51,bed_bath_table,0.84,81.6211711487997,84.0,74.3,93.0,89.0,72.0,2582,PREFERRED,0
e1b12447a7563944843191754aeb5562,8,0.25,13.478388310185185,5.189994212962963,55.370000000000005,14.15,0.31293368861128845,4.875,0.1641687271080305,SP,guarulhos,2018-01-05 00:47:54,sports_leisure,0.75,81.60484287090887,75.0,70.6,93.5,91.4,96.9,2583,PREFERRED,1
b7ba853e9551f4558440881fd3e5c815,1,0.0,34.95599537037037,0.0,136.9,25.7,0.18772826880934987,1.0,0.01545630251712238,RS,santo antonio da patrulha,2016-10-06 16:17:56,cool_stuff,1.0,81.5964308025604,100.0,99.1,82.1,95.0,0.0,2584,PREFERRED,1
717b78b0950b51ed00b1471d858b0edc,5,0.2,21.32962037037037,29.803113425925925,27.72,16.23,0.5954194684034502,4.0,0.10277066470183223,SP,alambari,2018-07-02 21:06:36,housewares,0.8,81.58949950798151,80.0,82.4,89.3,83.4,75.0,2585,PREFERRED,1
1fbe10c70e30765ed1de86d9f7e98409,2,0.0,13.666018518518518,0.0,49.375,29.68,0.7655924198947871,2.5,0.13411456468493588,SP,maua,2018-07-18 17:25:29,housewares,1.0,81.58917316963475,100.0,76.4,93.4,78.6,37.5,2586,PREFERRED,1
c360e4787614ed31ac7a2f95d3b22dc6,1,0.0,12.66162037037037,0.0,188.9,30.05,0.1590788777130757,2.0,0.13316669954874455,SP,lencois paulista,2018-06-13 09:32:06,office_furniture,1.0,81.56053119176812,100.0,76.6,93.9,95.8,25.0,2587,PREFERRED,1
bd4ff04377f974574f7f0bf9d6ce7dde,4,0.25,21.992728587962965,4.731493055555555,41.24,12.535,0.31023495680212265,3.5,0.04450197948222552,SP,santa maria da serra,2017-02-20 12:16:48,furniture_decor,0.75,81.51287141296521,75.0,93.6,89.0,91.5,62.5,2588,PREFERRED,1
0692610d8abe24f287e9fae90ea0bbee,4,0.25,6.603399884259259,2.6890162037037038,43.4975,7.9325,0.23851542785026628,4.0,0.1141763763611557,SP,sao paulo,2018-08-22 15:45:32,computers_accessories,0.75,81.47671043918452,75.0,80.2,97.1,93.5,75.0,2589,PREFERRED,1
851773c885feb5e2da3b4f82bc2b17ce,10,0.2,16.660394675925925,8.676059027777779,58.529999999999994,25.183,0.5304680940325012,4.2,0.1328750767713765,SP,lencois paulista,2018-08-26 13:33:43,health_beauty,0.8,81.45267324161922,80.0,76.6,91.8,85.3,80.0,2590,PREFERRED,0
13511db12ac61e2f89c53b72a944a60b,6,0.16666666666666666,9.17029899691358,0.8184837962962963,133.0,44.32833333333334,0.33277090164036766,3.5,0.12658672784139666,RS,caxias do sul,2018-08-18 19:15:41,auto,0.8333333333333334,81.45219084534845,83.3,77.8,95.8,90.9,62.5,2591,PREFERRED,1
a254c682cc01e119f83530446f1df9a9,6,0.16666666666666666,15.069197530864196,2.588090277777778,94.89999999999999,40.00333333333334,0.42666205507311133,4.0,0.15110110629402787,SP,cafelandia,2018-08-22 12:47:22,pet_shop,0.8333333333333334,81.41715905742677,83.3,73.1,92.7,88.2,75.0,2592,PREFERRED,1
bd15ee794d5e640d9dd71b665b2ab15b,11,0.18181818181818182,15.11398042929293,12.26576388888889,31.263636363636362,18.03909090909091,0.5825599414972786,4.0,0.13107403101585688,SP,ribeirao preto,2018-08-14 11:46:06,sports_leisure,0.8181818181818181,81.4004713890378,81.8,77.0,92.6,83.8,75.0,2593,PREFERRED,0
d20b021d3efdf267a402c402a48ea64b,74,0.20270270270270271,17.951788976476475,16.43031712962963,45.58081081081081,17.89864864864865,0.6705493543220495,3.8493150684931505,0.09423969440649109,SP,ibitinga,2018-07-30 00:59:02,furniture_decor,0.7972972972972973,81.39397013979773,79.7,84.0,91.1,81.3,71.2,2594,PREFERRED,0
b2479f944e1b90cf8a5de1bbfde284d6,99,0.1414141414141414,15.550995019640853,9.913374669312171,47.46818181818182,22.195353535353537,0.5276682058084261,3.4693877551020407,0.12253563217848208,SP,ibitinga,2018-08-20 17:06:38,bed_bath_table,0.8585858585858586,81.35493500507309,85.9,78.6,92.4,85.3,61.7,2595,PREFERRED,0
972d0f9cf61b499a4812cf0bfa3ad3c4,80,0.1125,18.056086371527776,9.56667695473251,102.57025000000002,27.256625000000003,0.28234749185860974,3.0256410256410255,0.12030021588296298,SC,brusque,2018-08-22 07:25:32,bed_bath_table,0.8875,81.30693620868912,88.8,79.0,91.1,92.3,50.6,2596,PREFERRED,0
5eeb9c756d9780b96283e5a2ac6da334,9,0.2222222222222222,16.608179012345676,11.868912037037038,274.55555555555554,27.526666666666667,0.10805401287193339,4.222222222222222,0.14763230922061077,SP,ribeirao preto,2018-07-18 16:43:02,sports_leisure,0.7777777777777778,81.25398238486807,77.8,73.8,91.8,97.2,80.6,2597,PREFERRED,1
5058e8c1e82653974541e83690655b4a,59,0.13559322033898305,27.20348948524796,13.482672164351852,157.1677966101695,48.28932203389831,0.33280328292185074,3.3448275862068964,0.11138550338126973,SP,itaquaquecetuba,2018-07-31 19:35:26,office_furniture,0.864406779661017,81.25224399209068,86.4,80.7,86.2,90.9,58.6,2598,PREFERRED,0
0b35c634521043bf4b47e21547b99ab5,46,0.17391304347826086,19.95432568438003,24.500584490740742,290.1239130434783,30.321739130434782,0.16733405671526752,3.488888888888889,0.11668600893535899,PR,teixeira soares,2018-08-12 02:11:20,construction_tools_construction,0.8260869565217391,81.24326245602475,82.6,79.7,90.1,95.6,62.2,2599,PREFERRED,0
f783a638e9c6af4a7d0dbfde811e7a81,5,0.2,17.646319444444444,32.74542824074074,169.95999999999998,30.619999999999997,0.19604196966262566,4.0,0.1399155823873894,SP,sao paulo,2018-04-03 16:17:10,toys,0.8,81.23593458724356,80.0,75.3,91.3,94.7,75.0,2600,PREFERRED,1
b64d51f0435e884e8de603b1655155ae,17,0.17647058823529413,7.401608796296296,3.76139274691358,25.063529411764705,21.745882352941177,1.5357822167902202,4.294117647058823,0.11796544282802722,SP,garulhos,2018-08-24 10:35:52,housewares,0.8235294117647058,81.2269624988772,82.4,79.5,96.7,56.7,82.4,2601,PREFERRED,0
4c8b8048e33af2bf94f2eb547746a916,19,0.10526315789473684,18.612037037037037,23.158894675925925,110.95736842105264,22.59526315789474,0.34888991695347904,3.3684210526315788,0.1501375505296352,SP,ibitinga,2018-08-24 21:17:00,bed_bath_table,0.8947368421052632,81.18301796805581,89.5,73.3,90.8,90.4,59.2,2602,PREFERRED,0
51ed72984a04e5dd35c2b27e77179038,7,0.14285714285714285,16.578348214285715,9.594108796296297,184.9,28.41857142857143,0.14989088534632214,3.5714285714285716,0.15403347722528335,SP,sao jose do rio preto,2018-04-21 18:38:11,home_appliances_2,0.8571428571428572,81.16823644264385,85.7,72.6,91.9,96.1,64.3,2603,PREFERRED,1
9853a239ab7b7ebbdc3a21248d5b8e1f,4,0.25,17.958078703703706,7.828020833333333,60.5,17.05,0.2851386249899644,3.75,0.07952669047249011,PR,campo largo,2017-11-28 15:32:25,housewares,0.75,81.16424578590554,75.0,86.8,91.1,92.2,68.8,2604,PREFERRED,1
04fdea0c111866e6cf812f1570d6b5bd,8,0.125,18.002058738425927,8.728125,108.125,21.66875,0.21520888157894735,3.5,0.15537113943506325,SP,sao paulo,2018-01-31 13:57:40,computers_accessories,0.875,81.16273407244574,87.5,72.3,91.1,94.2,62.5,2605,PREFERRED,1
71271995e85f5b8530be99ed54a91b89,6,0.16666666666666666,12.30955825617284,8.636759259259259,97.0,15.358333333333334,0.15833333333333333,3.0,0.0986780891712518,RS,porto alegre,2018-05-23 09:07:46,housewares,0.8333333333333334,81.15976723411565,83.3,83.2,94.1,95.8,50.0,2606,PREFERRED,1
e0878efa0e0b7e5313ac0b43bc04c081,26,0.19230769230769232,18.133796296296296,10.38512037037037,193.28461538461536,19.889615384615386,0.15578533014374576,3.6153846153846154,0.11860727629023736,PR,curitiba,2018-03-05 08:58:05,toys,0.8076923076923077,81.15928130235278,80.8,79.4,91.0,95.9,65.4,2607,PREFERRED,0
e59e489e2ea74bd409b798b5daf49de3,3,0.0,15.36360725308642,0.0,178.29999999999998,36.25666666666667,0.2313297845263288,1.6666666666666667,0.1067913843649001,PR,maringa,2018-05-01 15:58:00,furniture_decor,1.0,81.15439139305796,100.0,81.6,92.5,93.7,16.7,2608,PREFERRED,1
0bf0150d5b9d60d9cd2906003332f085,39,0.20512820512820512,14.152253383190883,11.348988715277777,148.06666666666666,28.14717948717949,0.21013741888535364,3.789473684210526,0.12761660778237158,SP,sao paulo,2018-07-14 14:08:11,furniture_decor,0.7948717948717949,81.09408188502644,79.5,77.6,93.1,94.3,69.7,2609,PREFERRED,0
f114dca2828bf718548db175ebe2cfcd,1,0.0,10.483483796296296,0.0,139.0,13.99,0.10064748201438849,1.0,0.07215302726781811,PR,cambe,2018-01-06 01:06:31,sports_leisure,1.0,81.07289081302702,100.0,88.3,95.1,97.5,0.0,2610,PREFERRED,1
9485a23c0430ba1d58d359391606fce6,4,0.25,13.413342013888888,1.5405208333333333,207.725,13.74,0.0701960148908693,3.75,0.10175744982200946,SP,santo andre,2017-12-28 11:05:22,auto,0.75,81.07039749866823,75.0,82.6,93.5,98.3,68.8,2611,PREFERRED,1
0aea4c6ae1505b3228ddf3dd7822ee5b,8,0.25,18.434872685185184,13.653061342592594,178.48875,18.96875,0.11790622889176075,3.875,0.10070014903319481,SP,sorocaba,2018-04-30 07:04:12,watches_gifts,0.75,81.05514500138688,75.0,82.8,90.9,97.0,71.9,2612,PREFERRED,1
269c5fc9fcadee614364c3620c30a1f9,3,0.3333333333333333,4.606662808641976,0.9164699074074074,69.86666666666666,15.04,0.22314926297534995,5.0,0.14472105021982798,SP,guarulhos,2018-08-08 21:19:23,luggage_accessories,0.6666666666666667,81.0489201641096,66.7,74.3,98.2,94.0,100.0,2613,PREFERRED,1
9539213aa8e023c01937bef95dc006da,9,0.3333333333333333,11.792710905349795,2.0834915123456788,25.455555555555556,9.993333333333332,0.40860303001443493,4.555555555555555,0.08719597046419511,SP,sao paulo,2018-03-11 22:52:36,housewares,0.6666666666666667,81.04082770968009,66.7,85.4,94.4,88.7,88.9,2614,PREFERRED,1
11bfa66332777660bd0640ee84d47006,76,0.15789473684210525,16.52767665692008,11.024567901234569,51.65618421052631,22.140394736842104,0.9814706322590402,3.8947368421052633,0.12261743148953236,SP,ribeirao preto,2018-08-23 10:27:06,health_beauty,0.8421052631578947,81.0038575314023,84.2,78.6,91.9,72.5,72.4,2615,PREFERRED,0
beadbee30901a7f61d031b6b686095ad,63,0.25396825396825395,14.129264770723104,7.428870081018518,68.87269841269841,14.615238095238094,0.2588879458132975,3.9365079365079363,0.10473239490955608,SP,guarulhos,2018-08-22 09:16:14,health_beauty,0.746031746031746,80.89600530806283,74.6,82.0,93.2,93.0,73.4,2616,PREFERRED,0
7b7ed56ae755e2880f2b69632e839c1e,5,0.2,7.304652777777778,0.5409375,64.3,27.02,0.7640328237594459,4.2,0.14685773630621562,GO,goiania,2018-08-15 19:33:04,housewares,0.8,80.86384210964475,80.0,73.9,96.8,78.6,80.0,2617,PREFERRED,1
8160255418d5aaa7dbdc9f4c64ebda44,373,0.16621983914209115,16.28321796494886,11.188311491935483,127.32560321715819,21.476300268096516,0.18022003786628854,3.986449864498645,0.1750152312676036,SP,ibitinga,2018-08-20 10:29:03,bed_bath_table,0.8337801608579088,80.83897128590671,83.4,68.5,92.0,95.2,74.7,2618,PREFERRED,0
070d165398b553f3b4b851c216b8a358,30,0.16666666666666666,12.096201003086419,9.175962962962963,110.40266666666666,31.663,0.3051971751268291,3.3666666666666667,0.12647274011472287,SP,sao paulo,2018-08-16 14:21:35,pet_shop,0.8333333333333334,80.80325074819925,83.3,77.8,94.2,91.7,59.2,2619,PREFERRED,0
3903c788ded8dc03b5ebab37a2f3e9a1,4,0.25,10.325960648148149,2.6125694444444445,26.994999999999997,10.925,0.4302320236154823,4.25,0.13046692596468484,SP,carapicuiba,2018-08-05 14:00:06,health_beauty,0.75,80.79365985613084,75.0,77.1,95.2,88.1,81.2,2620,PREFERRED,1
52f0fe436a347ddad7ed5f9aa4e27eaa,17,0.17647058823529413,16.221154003267973,8.480362654320988,83.09,21.083529411764708,0.6664642443634454,4.0,0.14084676620751693,SP,sao paulo,2018-05-18 11:23:17,computers_accessories,0.8235294117647058,80.79326751021149,82.4,75.1,92.0,81.4,75.0,2621,PREFERRED,0
f593898ec748b7a8cb81fc04edafd98a,18,0.16666666666666666,16.99012281378601,8.165783179012346,143.48277777777778,37.26888888888889,0.33969361427182426,3.611111111111111,0.13670056831295654,SP,pedreira,2018-02-06 20:34:19,toys,0.8333333333333334,80.74285081570493,83.3,75.9,91.6,90.7,65.3,2622,PREFERRED,0
3a52d63a8f9daf5a28f3626d7eb9bd28,1,0.0,6.339652777777777,0.0,35.0,17.78,0.508,1.0,0.062322896855843794,SP,aguas claras df,2017-02-01 08:42:43,sports_leisure,1.0,80.71744275431016,100.0,90.1,97.3,85.9,0.0,2623,PREFERRED,1
e9729944ba65dc3ce425e0c5a22ae7b2,4,0.25,10.139742476851852,1.6416087962962962,256.6725,36.37,0.12522952075904012,3.75,0.1116946285295483,RJ,petropolis,2018-06-09 13:31:20,garden_tools,0.75,80.6984017164387,75.0,80.7,95.3,96.8,68.8,2624,PREFERRED,1
741f8c587cb4248ebc5b779a0e8e0e51,5,0.2,13.239328703703702,7.772210648148148,17.990000000000002,13.538,0.8865273309770586,4.0,0.11774444009081834,SP,santo andre,2018-08-12 10:49:23,housewares,0.8,80.68927344436645,80.0,79.5,93.6,75.2,75.0,2625,PREFERRED,1
32f1bb9dfa65bc7df5c0d9d95a616be4,4,0.25,6.589253472222222,1.925451388888889,61.6225,12.0775,0.2143244014766711,4.0,0.13231246086646464,SP,sao paulo,2018-08-08 12:09:55,housewares,0.75,80.67752301987102,75.0,76.7,97.2,94.2,75.0,2626,PREFERRED,1
8d899e15a5925f097cca50faa49b15e3,4,0.25,6.067864583333333,5.637835648148148,161.25,37.745000000000005,0.27570148598247235,3.75,0.11005067628358486,SP,sao roque,2018-08-17 12:58:36,furniture_decor,0.75,80.67394644191607,75.0,81.0,97.4,92.5,68.8,2627,PREFERRED,1
2a61c271b1ac763450d846849783e922,17,0.17647058823529413,18.598907271241828,8.883275462962963,87.45705882352941,28.368823529411763,0.3864966916268508,4.117647058823529,0.16572108721501577,SP,santo andre,2018-02-16 13:43:28,health_beauty,0.8235294117647058,80.64802669930732,82.4,70.3,90.8,89.3,77.9,2628,PREFERRED,0
1e47d8b6546eb3a77b1acddcc9406242,1,0.0,35.493993055555556,0.0,149.9,16.81,0.11214142761841227,1.0,0.03936035673682651,SP,campinas,2017-05-15 08:59:57,fashio_female_clothing,1.0,80.62282282775082,100.0,94.5,81.8,97.1,0.0,2629,PREFERRED,1
dd55f1bb788714a40e7954c3be6df745,35,0.17142857142857143,18.29500925925926,13.930038580246913,201.19314285714285,18.840571428571426,0.14442301917181102,3.742857142857143,0.15589736226720172,SP,sao paulo,2018-07-16 19:20:36,cool_stuff,0.8285714285714285,80.60080836108679,82.9,72.2,90.9,96.2,68.6,2630,PREFERRED,0
6614814a00d344b846ae209f95ee7e3f,1,0.0,4.7878125,0.0,13.0,12.69,0.9761538461538461,1.0,0.04010304452721416,SP,macatuba,2017-06-08 23:17:57,art,1.0,80.57699623044141,100.0,94.4,98.1,72.6,0.0,2631,PREFERRED,1
921323538c9f1c4e816f2720eac02bea,15,0.2,8.533717592592591,7.084116512345678,93.45599999999999,16.024,0.26849359137590967,3.933333333333333,0.159336733956144,SP,sao paulo,2018-08-07 23:50:47,sports_leisure,0.8,80.57437956710184,80.0,71.5,96.1,92.7,73.3,2632,PREFERRED,0
28f10b1c5e5abb9d4857745bede6147c,28,0.21428571428571427,7.637304894179894,4.000756172839505,29.821428571428573,12.515,0.6337485856044546,4.0,0.13561386374995357,SP,sao paulo,2018-08-17 14:33:23,electronics,0.7857142857142857,80.49582475434039,78.6,76.1,96.6,82.3,75.0,2633,PREFERRED,0
2a261b5b644fa05f4f2700eb93544f2c,49,0.20408163265306123,14.346312358276645,6.752280092592594,110.57142857142857,40.611224489795916,0.37866993877554145,3.8979591836734695,0.13915946720890107,SP,porto ferreira,2018-08-01 16:43:40,furniture_decor,0.7959183673469388,80.49080854052036,79.6,75.4,93.0,89.6,72.4,2634,PREFERRED,0
8cf21434553b02cbd37c0bbd07e041b0,1,0.0,11.212523148148149,0.0,49.99,23.22,0.46449289857971593,4.0,0.2976396623100145,SC,sao jose,2017-11-24 15:16:27,auto,1.0,80.42866211500115,100.0,45.0,94.7,87.1,75.0,2635,PREFERRED,1
1a932caad4f9d804097d7f8e615baed1,20,0.2,9.542867476851852,5.337447916666667,233.05,52.0225,0.2587392647203283,3.9,0.15874861423468303,SP,sao paulo,2018-08-22 18:16:55,construction_tools_construction,0.8,80.42499746977909,80.0,71.7,95.6,93.0,72.5,2636,PREFERRED,0
1976a05ecf2996d6ffb7b5430e635fe7,8,0.25,17.625846354166665,5.188958333333333,224.525,49.307500000000005,0.2259248547347737,3.875,0.10882671434111693,SP,assis,2017-09-12 16:06:10,furniture_decor,0.75,80.42358268418067,75.0,81.2,91.3,93.9,71.9,2637,PREFERRED,1
81336a0f57a33776419727a300249e90,15,0.2,17.475448302469136,5.891535493827161,90.12666666666668,18.52,0.5580880767578301,4.066666666666666,0.14115701183892002,SP,sao carlos,2018-04-22 22:07:08,sports_leisure,0.8,80.41267574509989,80.0,75.0,91.4,84.5,76.7,2638,PREFERRED,0
af7cdac9d9897cddead9c6b08976c642,6,0.16666666666666666,15.225084876543209,15.765972222222222,90.58999999999999,25.078333333333333,0.28163998097106635,3.6666666666666665,0.15547010955566207,SP,laranjal paulista,2018-08-18 11:30:57,toys,0.8333333333333334,80.3569546098837,83.3,72.3,92.6,92.3,66.7,2639,PREFERRED,1
78744a20ee2f80ba64f6804c25def2b8,6,0.16666666666666666,18.96184992283951,14.919618055555556,452.5,58.975,0.1646965225665577,4.166666666666667,0.19585841901505438,PE,recife,2018-08-19 15:27:35,furniture_decor,0.8333333333333334,80.33154619257522,83.3,64.5,90.6,95.6,79.2,2640,PREFERRED,1
7caa63f175b1cecbfaadd8b5ab9998c7,1,0.0,2.154710648148148,0.0,38.89,18.060000000000002,0.4643867318076627,1.0,0.0805223299666587,SP,sao paulo,2018-01-02 17:05:06,bed_bath_table,1.0,80.30196530503493,100.0,86.7,99.5,87.1,0.0,2641,PREFERRED,1
50770d25768b0486d89be26afca3108f,6,0.16666666666666666,13.481597222222222,12.655706018518519,28.628333333333334,12.681666666666667,0.4807373553024141,4.0,0.17428419410040363,SP,santo andre,2018-07-18 12:16:33,books_general_interest,0.8333333333333334,80.27916975277503,83.3,68.7,93.5,86.7,75.0,2642,PREFERRED,1
749e7cdabbaf72f16677859e27874ba5,1,0.0,11.03644675925926,0.0,41.9,19.84,0.47350835322195706,1.0,0.06618626008855505,SP,guarulhos,2017-09-03 17:20:56,unknown,1.0,80.25675718967267,100.0,89.4,94.8,86.9,0.0,2643,PREFERRED,1
c6a7539d424a8402232c2228d7a03c5e,10,0.1,14.271766203703702,7.643599537037037,60.75,39.382,0.6842469135802469,3.1,0.1411912547219941,SP,sao paulo,2018-05-22 22:39:03,housewares,0.9,80.18277253620569,90.0,75.0,93.1,80.9,52.5,2644,PREFERRED,0
5abb8ea023c77787f2c15da891c8d384,13,0.23076923076923078,19.6782719017094,6.29681712962963,172.3846153846154,57.400000000000006,0.4066166426367191,3.923076923076923,0.11760908145668937,SC,joinville,2017-12-02 21:01:30,cine_photo,0.7692307692307692,80.18022040402776,76.9,79.5,90.2,88.8,73.1,2645,PREFERRED,0
86bb7c4b535e49a541baf3266b1c95b1,16,0.1875,20.137781394675926,31.167727623456788,510.15,20.30125,0.04358836279543635,3.2,0.11398487708807734,SP,franca,2018-02-05 12:56:57,toys,0.8125,80.15036692211225,81.2,80.2,90.0,99.1,55.0,2646,PREFERRED,0
88460e8ebdecbfecb5f9601833981930,232,0.20689655172413793,18.078917624521072,9.066780719521605,132.62887931034484,21.09155172413793,0.18656343310524778,3.4913419913419914,0.11802643105526797,PR,maringa,2018-08-17 07:01:01,computers_accessories,0.7931034482758621,80.1283672558977,79.3,79.5,91.1,95.0,62.3,2647,PREFERRED,0
6039e27294dc75811c0d8a39069f52c0,63,0.2222222222222222,17.993614969135802,8.831150793650794,214.71396825396826,37.32809523809524,0.1925903435428621,3.7301587301587302,0.1259626186870414,SP,osasco,2018-08-22 22:04:26,electronics,0.7777777777777778,80.09696357808637,77.8,77.9,91.1,94.8,68.3,2648,PREFERRED,0
602044f2c16190c2c6e45eb35c2e21cb,47,0.19148936170212766,14.84860815602837,8.386408179012346,75.72489361702128,19.449574468085107,0.2664355558130755,3.260869565217391,0.11253944511986234,SP,ibitinga,2018-08-23 12:32:01,bed_bath_table,0.8085106382978724,80.0964472002085,80.9,80.5,92.8,92.8,56.5,2649,PREFERRED,0
53d00c40e32aeb924a84ce72b1af869d,17,0.23529411764705882,16.048920206971676,8.098237847222222,136.9470588235294,18.908823529411762,0.1490603678181032,4.352941176470588,0.17111551958523824,SP,ibitinga,2018-08-04 19:54:42,bed_bath_table,0.7647058823529411,80.08961196258838,76.5,69.3,92.1,96.1,83.8,2650,PREFERRED,0
62760d278921b5f352461620d68a9cee,3,0.3333333333333333,19.679513888888888,2.6338194444444443,132.33333333333334,17.7,0.1455069962607651,3.6666666666666665,0.040746490394314015,SP,salto,2017-02-15 09:41:08,furniture_decor,0.6666666666666667,80.05251462386866,66.7,94.3,90.2,96.2,66.7,2651,PREFERRED,1
99a54764c341d5dc80b4a8fac4eba3fb,42,0.21428571428571427,7.965418044532628,2.8448122427983535,84.97047619047619,30.44738095238095,0.5773128405059661,3.658536585365854,0.12150328324858166,SP,sao paulo,2018-08-28 15:53:09,housewares,0.7857142857142857,80.02547666038016,78.6,78.8,96.4,83.9,66.5,2652,PREFERRED,0
56e361f411e38dcef17cdc2a3d99628b,5,0.2,10.307650462962963,3.939351851851852,259.6,371.552,0.5444777880184332,4.0,0.15699392156387132,SP,guarulhos,2018-08-23 14:41:37,computers_accessories,0.8,80.01243116008598,80.0,72.0,95.2,84.9,75.0,2653,PREFERRED,1
1ca4bdb0cd7fc48e949bac066188ed26,3,0.3333333333333333,14.298279320987653,1.733252314814815,380.0,121.14999999999999,0.3188157894736842,5.0,0.1464947273171931,MG,cataguases,2018-07-09 08:54:35,office_furniture,0.6666666666666667,79.92186122348555,66.7,74.0,93.1,91.3,100.0,2654,PREFERRED,1
5ee7fd217d08dfe5d3e2f51f96a12c9a,9,0.2222222222222222,16.85798739711934,5.710700231481481,129.5,29.964444444444446,0.2275508880222226,3.4444444444444446,0.10737470538784591,SP,vargem grande do sul,2018-08-21 09:28:11,auto,0.7777777777777778,79.90723244378711,77.8,81.5,91.7,93.9,61.1,2655,PREFERRED,1
f08c008c8a8d31417763738a1788a2a8,17,0.17647058823529413,21.051305147058823,40.51002700617284,56.607058823529414,14.187058823529412,0.27409750998781274,3.75,0.15521009140955613,PR,santa terezinha de itaipu,2018-01-08 11:44:37,sports_leisure,0.8235294117647058,79.89691982555371,82.4,72.3,89.5,92.5,68.8,2656,PREFERRED,0
adcf50477d6a1f5d91bb9d54c4903cb5,16,0.1875,23.48996021412037,4.807646604938271,61.36625,38.485625,0.9468137090756277,3.5625,0.08915718318570806,MG,claudio,2018-06-29 16:03:27,sports_leisure,0.8125,79.86972765858674,81.2,85.0,88.2,73.4,64.1,2657,PREFERRED,0
15b3b1b81484422eb41df68ac87f1f50,1,0.0,14.629606481481481,0.0,43.35,12.69,0.2927335640138408,1.0,0.07985542075336687,SP,bauru,2017-11-24 23:01:08,health_beauty,1.0,79.82909938384935,100.0,86.8,92.9,92.0,0.0,2658,PREFERRED,1
4c61e37f664c3c88aff092aa5ac779d7,7,0.2857142857142857,15.791797288359788,3.2676215277777776,112.61571428571428,17.122857142857143,0.2028733287598365,4.0,0.1094971520214809,RJ,niteroi,2018-04-17 11:12:01,consoles_games,0.7142857142857143,79.82145258228664,71.4,81.1,92.3,94.6,75.0,2659,PREFERRED,1
ec5c1d94df153d473b37f880977ae58e,2,0.0,10.320208333333333,0.0,99.83500000000001,42.035,0.43356141057087205,2.0,0.1581966988282788,SP,rio de janeiro,2018-06-03 13:21:09,health_beauty,1.0,79.76854688224445,100.0,71.8,95.2,88.0,25.0,2660,PREFERRED,1
c97aa4ee7420f937da13b7f9e2228b99,1,0.0,10.80730324074074,0.0,86.8,19.98,0.23018433179723505,1.0,0.09163333042775657,RS,novo hamburgo,2018-08-17 20:47:06,pet_shop,1.0,79.74619723827429,100.0,84.5,94.9,93.8,0.0,2661,PREFERRED,1
4deebb3199eeafb282ae33229144f94b,4,0.25,10.159623842592593,3.672835648148148,194.925,35.4475,0.20161167752028658,4.0,0.14828165203547491,SP,sao paulo,2018-07-28 13:14:25,signaling_and_security,0.75,79.6645720957356,75.0,73.7,95.3,94.6,75.0,2662,PREFERRED,1
ea566164622c6b439516ab18062c42cd,50,0.22,14.027645138888888,6.98031670875421,206.1884,17.171200000000002,0.2623261008728359,3.78,0.1430167983129472,SP,sao  paulo,2018-08-19 22:47:43,computers_accessories,0.78,79.661984163091,78.0,74.7,93.2,92.9,69.5,2663,PREFERRED,0
35857757f553273b1056c1cabdace7fb,6,0.3333333333333333,18.20813271604938,8.19765625,75.76666666666667,19.790000000000003,0.2828857526698194,4.0,0.06936347069372623,SP,ribeirao preto,2018-03-28 00:23:11,auto,0.6666666666666667,79.6585421015939,66.7,88.8,91.0,92.3,75.0,2664,PREFERRED,1
aeb36d67f1414f234d42a29e27cf1f17,4,0.25,19.47006076388889,5.754467592592593,815.95,71.075,0.08372287980284225,4.5,0.17950040688134236,SP,santo andre,2018-08-06 20:17:40,auto,0.75,79.63801111170831,75.0,67.7,90.3,97.9,87.5,2665,PREFERRED,1
3f2af2670e104d1bcb54022274daeac5,6,0.16666666666666666,19.51496141975309,6.822766203703703,162.26666666666668,60.096666666666664,0.4317187345611804,3.3333333333333335,0.12864153536439546,PR,terra boa,2018-05-19 23:15:03,furniture_decor,0.8333333333333334,79.62542532463664,83.3,77.4,90.3,88.1,58.3,2666,PREFERRED,1
2aa3443d7bf9d9bb11133f420d75e083,10,0.2,10.573586805555555,1.8164872685185185,64.7,13.412,0.22226887346709884,3.0,0.10595829306577162,RJ,rio de janeiro,2018-08-13 01:18:39,sports_leisure,0.8,79.60088699592474,80.0,81.8,95.0,94.0,50.0,2667,PREFERRED,0
8fec2e460530482132c436cfb5439925,3,0.3333333333333333,21.85567901234568,22.830925925925925,156.15333333333334,26.71666666666667,0.1841489926840245,4.333333333333333,0.09855986573827817,SP,laranjal paulista,2018-02-22 09:54:40,toys,0.6666666666666667,79.49980390804366,66.7,83.2,89.1,95.1,83.3,2668,PREFERRED,1
039e6ad9dae79614493083e241147386,5,0.2,14.593856481481481,11.81730324074074,2585.0,69.684,0.0297906540736081,4.0,0.19141695479665147,SP,sao paulo,2018-07-10 20:53:38,garden_tools,0.8,79.48281278581935,80.0,65.4,92.9,99.5,75.0,2669,PREFERRED,1
ec4608a1f76453166bb312b2968aeaf4,15,0.2,16.399400462962962,20.264618055555555,55.414,55.602,1.057655309943405,3.466666666666667,0.08612143751039979,SP,porto ferreira,2017-12-30 02:04:31,furniture_decor,0.8,79.46756396432923,80.0,85.6,92.0,70.3,61.7,2670,PREFERRED,0
3d62f86afa7c73be2628a3be1423f5a0,2,0.0,16.73105902777778,0.0,6.0,21.21,3.535,4.0,0.12738384327792387,SP,jacarei,2018-01-09 21:50:02,books_general_interest,1.0,79.43431188139063,100.0,77.7,91.8,0.0,75.0,2671,PREFERRED,1
a56e351445e5863fc8960640ba9190c7,3,0.3333333333333333,11.723136574074074,0.12408564814814815,253.64000000000001,21.686666666666667,0.0989905336864747,4.333333333333333,0.12218028734545146,SC,itajai,2018-04-27 14:04:53,construction_tools_safety,0.6666666666666667,79.4153907272972,66.7,78.7,94.4,97.5,83.3,2672,PREFERRED,1
71039d19d4303bf9054d69e9a9236699,34,0.23529411764705882,14.089669458061003,5.04478587962963,103.15588235294116,17.583823529411767,0.3176674769921541,3.8823529411764706,0.14264025565526015,SP,sao paulo,2018-08-03 13:46:47,toys,0.7647058823529411,79.3665831141616,76.5,74.7,93.2,91.3,72.1,2673,PREFERRED,0
4b1eaadf791bdbbad8c4a35b65236d52,5,0.2,22.54623148148148,5.415416666666666,192.01799999999997,13.790000000000001,0.13944283845491365,2.6,0.06512074552950445,SP,ribeirao preto,2017-03-18 16:32:13,consoles_games,0.8,79.34059968326028,80.0,89.6,88.7,96.4,40.0,2674,PREFERRED,1
09883d9ab71c8fe8a9bfc7fc3075b07e,4,0.25,14.43830150462963,4.727511574074074,67.4,15.1225,0.2257212065408844,4.0,0.14658022196388276,SP,sao paulo,2017-11-19 13:23:06,health_beauty,0.75,79.33746895569078,75.0,74.0,93.0,93.9,75.0,2675,PREFERRED,1
eb4df17aed01d918c65f0f8d650900c0,11,0.2727272727272727,12.899521254208754,4.55983024691358,339.98818181818183,16.87181818181818,0.05071807861660855,3.909090909090909,0.13649234701546667,SP,paulinia,2018-08-15 15:01:55,auto,0.7272727272727273,79.30340022197821,72.7,75.9,93.8,98.9,72.7,2676,PREFERRED,0
c42fd8e4d47dfb18ce5222f2dd7752f9,7,0.2857142857142857,26.340785383597883,22.69241898148148,66.71285714285715,23.091428571428573,0.3835149312168057,3.8,0.07750697600965346,SP,osasco,2017-05-21 15:02:45,furniture_decor,0.7142857142857143,79.252826032945,71.4,87.2,86.7,89.4,70.0,2677,PREFERRED,1
ff69aa92bb6b1bf9b8b7a51c2ed9cf8b,20,0.25,11.462290509259258,8.49431712962963,1097.04,87.72,0.08264857654393046,3.65,0.1349992666744606,SP,sao paulo,2018-06-18 22:43:08,baby,0.75,79.22247236489292,75.0,76.2,94.6,98.0,66.2,2678,PREFERRED,0
822bad9bc42b51213ba522fe87b7ab5d,18,0.2777777777777778,26.65635223765432,24.87026851851852,288.27722222222224,32.541666666666664,0.12642098546685598,4.111111111111111,0.12333783018182827,SC,balneario camboriu,2018-06-09 10:48:27,telephony,0.7222222222222222,79.20582079165169,72.2,78.4,86.5,96.7,77.8,2679,PREFERRED,0
c60b801f2d52c7f7f91de00870882a75,38,0.21052631578947367,16.393526133040936,6.542566550925925,300.4871052631579,18.183684210526316,0.0762734716823323,3.4473684210526314,0.14270278385440768,SP,guarulhos,2018-08-21 12:26:53,watches_gifts,0.7894736842105263,79.10107685263343,78.9,74.7,92.0,98.1,61.2,2680,PREFERRED,0
099095b050cfe8eb1ddff5317587e96e,16,0.1875,11.334448061342593,15.69886188271605,312.74,43.880625,0.161122646603961,3.375,0.15776297479085563,SP,sao paulo,2018-08-13 18:43:30,housewares,0.8125,79.07552206766178,81.2,71.9,94.6,95.7,59.4,2681,PREFERRED,0
96f7c797de9ca20efbe14545bed63eec,1,0.0,1.946226851851852,0.0,138.60000000000002,38.37,0.2768398268398268,1.0,0.11964884792526825,SP,cravinhos,2018-04-10 21:46:56,perfumery,1.0,78.97605968074515,100.0,79.2,99.6,92.5,0.0,2682,PREFERRED,1
9c3a1c416c765687bc79a04113269929,1,0.0,6.0855902777777775,0.0,74.9,58.9,0.7863818424566087,1.0,0.08294578748422393,MG,carmo da mata,2018-02-01 23:09:36,housewares,1.0,78.95958137570544,100.0,86.2,97.4,78.0,0.0,2683,PREFERRED,1
83353a83fd769dfafa4f21a72b15e3e5,5,0.2,18.56,14.586886574074073,115.9,18.966,0.2039910652727981,3.8,0.17085093015776348,SP,sao paulo,2017-12-17 23:30:16,sports_leisure,0.8,78.90851639058937,80.0,69.3,90.8,94.5,70.0,2684,PREFERRED,1
83f2b4881141ce3fcd4e985125d3279e,3,0.3333333333333333,18.191948302469136,0.7842708333333334,20.233333333333334,13.56,0.8425321653057751,5.0,0.13048365383601832,SP,ribeirao preto,2018-03-18 14:49:40,baby,0.6666666666666667,78.89327701586596,66.7,77.1,91.0,76.4,100.0,2685,PREFERRED,1
ef990a83bbea832f36ebe81376335aa8,40,0.275,17.469218460648147,7.221880260942762,103.86975,21.0145,0.24706544737444616,3.75,0.1124899261278324,SC,joinville,2018-08-10 17:15:28,sports_leisure,0.725,78.85678047897379,72.5,80.5,91.4,93.3,68.8,2686,PREFERRED,0
2eb70248d66e0e3ef83659f71b244378,186,0.13978494623655913,18.083119524093988,7.326371527777779,209.40709677419355,16.219408602150537,0.11068528682670054,2.778688524590164,0.14253521283437753,SP,campinas,2018-07-19 00:41:35,watches_gifts,0.8602150537634409,78.8455107269337,86.0,74.8,91.1,97.2,44.5,2687,PREFERRED,0
cecd97bc34ed8330bd4cd15713eda670,1,0.0,7.138460648148148,0.0,57.99,18.51,0.3191929643041904,1.0,0.11202809962474225,SC,cordilheira alta,2018-08-13 17:09:30,toys,1.0,78.80816157773732,100.0,80.6,96.9,91.3,0.0,2688,PREFERRED,1
0f0c984a4a955310903b6b6008660bad,4,0.25,14.240300925925926,0.7838773148148148,92.4525,27.892500000000002,0.30446695270224133,3.75,0.13380100104460074,SP,franca,2018-05-27 10:25:22,sports_leisure,0.75,78.80455234532153,75.0,76.4,93.1,91.7,68.8,2689,PREFERRED,1
913fd0ebba70bb919f7254a02239173c,1,0.0,13.430914351851852,0.0,159.9,19.22,0.12020012507817385,1.0,0.11344794361148205,SC,blumenau,2018-07-25 06:18:20,auto,1.0,78.80447633196162,100.0,80.3,93.5,96.9,0.0,2690,PREFERRED,1
31be790e64fc99f8ff48ec2bd18a3104,6,0.3333333333333333,6.493200231481481,1.3795312499999999,40.23333333333333,12.046666666666667,0.3224387661651918,4.333333333333333,0.13051963106584255,SP,sao bernardo do campo,2018-08-17 20:53:26,housewares,0.6666666666666667,78.79760205877666,66.7,77.1,97.2,91.2,83.3,2691,PREFERRED,1
e504a4e2efaa45cbff7e268a2c58c956,9,0.3333333333333333,13.511487911522634,7.334972993827161,109.88888888888889,22.621111111111112,0.20880383535185165,4.111111111111111,0.10831906403143232,SP,sao pedro,2018-08-15 10:11:11,housewares,0.6666666666666667,78.79238347627083,66.7,81.3,93.5,94.4,77.8,2692,PREFERRED,1
76c47a299e4a8fe992316a85865acbe9,6,0.3333333333333333,20.242797067901236,17.670752314814816,170.74333333333334,36.98,0.32017997288696065,4.666666666666667,0.13421526939302877,SP,ribeirao preto,2018-06-17 21:01:50,health_beauty,0.6666666666666667,78.78367351458897,66.7,76.4,89.9,91.2,91.7,2693,PREFERRED,1
9523fb39dd240aa958e040f8183d64f3,1,0.0,21.88304398148148,0.0,146.99,21.3,0.14490781685828968,1.0,0.10030424036637496,SP,sao paulo,2018-08-06 22:00:02,construction_tools_safety,1.0,78.69206929126986,100.0,82.9,89.0,96.2,0.0,2694,PREFERRED,1
61c36f0fc4a47f9532e5512b66668e62,1,0.0,12.314270833333333,0.0,750.0,17.69,0.02358666666666667,1.0,0.12391539062474839,SP,guarulhos,2018-03-30 09:27:22,watches_gifts,1.0,78.66589096816382,100.0,78.3,94.1,99.6,0.0,2695,PREFERRED,1
6e4a902d1054e4e17aa6eab87fac1c75,7,0.2857142857142857,6.74422123015873,2.5209375,83.7957142857143,15.59,0.19430873661883882,4.142857142857143,0.1605519618780604,SP,sorocaba,2018-08-21 21:15:52,home_appliances,0.7142857142857143,78.6546676806863,71.4,71.3,97.1,94.8,78.6,2696,PREFERRED,1
2bf28e311bba65237358230cabac3f15,7,0.2857142857142857,11.378096891534392,2.016423611111111,42.0,26.268571428571427,0.6656955582232893,3.7142857142857144,0.09215923147257751,PR,londrina,2018-08-12 14:52:42,costruction_tools_garden,0.7142857142857143,78.61835212370379,71.4,84.4,94.6,81.4,67.9,2697,PREFERRED,1
f44bdc12aa39f5271f0b95f66cd4c289,3,0.3333333333333333,14.512503858024692,2.024039351851852,98.96666666666665,12.93,0.4291887389638514,4.333333333333333,0.11479328411175926,SP,braganca paulista,2018-08-06 20:09:22,auto,0.6666666666666667,78.61054473519269,66.7,80.1,93.0,88.1,83.3,2698,PREFERRED,1
72146da5774cabf2632faedcae097a76,4,0.25,35.939108796296296,76.7353587962963,50.235,27.6225,0.983659635893585,4.0,0.08179021445665706,PR,marechal candido rondon,2018-05-10 17:04:17,signaling_and_security,0.75,78.58140548248545,75.0,86.4,81.6,72.4,75.0,2699,PREFERRED,1
3a1a1fec38dd360f15fc912e821e169d,15,0.26666666666666666,14.433526234567902,8.304976851851853,138.22533333333334,27.015333333333334,0.22208156393070408,3.8666666666666667,0.14086254540452509,SP,sao paulo,2018-05-05 16:21:56,auto,0.7333333333333334,78.53879568151702,73.3,75.1,93.0,94.0,71.7,2700,PREFERRED,0
b566ab0ef88016e00422755e305103c6,5,0.2,13.048136574074073,15.827743055555555,241.6,44.044,0.311123098165642,3.2,0.13482609768398585,MG,extrema,2018-07-23 13:26:43,health_beauty,0.8,78.51884104644388,80.0,76.2,93.7,91.5,55.0,2701,PREFERRED,1
5b0cc932433fa5184b5b94bfe6bcc256,12,0.25,11.838533950617283,5.558101851851852,119.81666666666666,46.357499999999995,0.41660202804271457,3.5833333333333335,0.12438690607002446,SP,ibitinga,2018-08-05 21:34:54,furniture_bedroom,0.75,78.50338163021186,75.0,78.2,94.4,88.5,64.6,2702,PREFERRED,0
13fa2a6c6b9d0f43cb588d7c82117a12,9,0.3333333333333333,21.192283950617284,8.354452160493828,503.1111111111111,21.27111111111111,0.04364031278475034,4.111111111111111,0.11288783786869429,SP,sao paulo,2017-09-27 21:06:35,health_beauty,0.6666666666666667,78.43143578406475,66.7,80.5,89.4,99.1,77.8,2703,PREFERRED,1
40db9e9aa57f7bb151bcda6b0f9bdbb7,12,0.08333333333333333,14.775631751543209,2.8201157407407407,1930.6666666666667,54.66583333333333,0.028532731134366763,2.3636363636363638,0.170567539150692,PE,recife,2018-08-17 16:07:20,auto,0.9166666666666666,78.41786120984375,91.7,69.4,92.8,99.5,34.1,2704,PREFERRED,0
c4d51195486dc781531876a7d00453d8,17,0.29411764705882354,23.733787445533768,9.700805555555554,674.6458823529412,33.49235294117647,0.07709981362784685,3.9411764705882355,0.12237941933127029,SP,presidente prudente,2018-06-05 00:43:11,telephony,0.7058823529411764,78.41492899200443,70.6,78.6,88.1,98.1,73.5,2705,PREFERRED,0
a44fb5a447105f8469bdf16bf9159f25,19,0.2631578947368421,14.242983065302143,6.088724537037037,195.0578947368421,30.87421052631579,0.23400824937288167,4.052631578947368,0.16182845361114578,RS,porto alegre,2018-08-03 14:48:36,sports_leisure,0.736842105263158,78.33573367983607,73.7,71.1,93.1,93.7,76.3,2706,PREFERRED,0
cac4c8e7b1ca6252d8f20b2fc1a2e4af,71,0.23943661971830985,18.673593668492437,18.577045887799564,58.38901408450704,21.391830985915494,0.5054271306446013,3.65,0.12431884288577782,SP,indaiatuba,2018-08-15 08:48:29,furniture_decor,0.7605633802816901,78.33083104889045,76.1,78.3,90.7,86.0,66.2,2707,PREFERRED,0
bdb3edbaee43a761e2d4f258dc08f348,5,0.2,11.946273148148148,7.013043981481482,67.7,17.19,0.36069272585003065,3.8,0.18539963390256375,SP,lencois paulista,2017-12-18 11:50:01,stationery,0.8,78.29265048395906,80.0,66.6,94.3,90.1,70.0,2708,PREFERRED,1
f22a247b79dd22ecd91dc8e3b2a1b07c,8,0.25,18.033972800925927,31.24798611111111,54.9925,16.8625,0.40212307122520347,4.0,0.15301487890185023,SP,itaquaquecetuba,2018-08-23 20:21:35,health_beauty,0.75,78.2426932749746,75.0,72.8,91.1,88.9,75.0,2709,PREFERRED,1
3e8bd881d92466e63ba9e3e809cd3c50,8,0.375,13.973683449074073,2.71241512345679,232.7975,23.42875,0.12512692818960996,4.571428571428571,0.1299157393922428,RJ,rio de janeiro,2018-04-25 20:58:05,consoles_games,0.625,78.2261707014729,62.5,77.2,93.2,96.8,89.3,2710,PREFERRED,1
c7fdb77fdbff3c41981bc52f787e959e,8,0.25,16.38001591435185,1.2116550925925926,75.31,19.23875,0.3132155531445443,3.875,0.15264419926619138,SP,santo andre,2018-07-21 19:34:46,bed_bath_table,0.75,78.17550386094587,75.0,72.8,92.0,91.4,71.9,2711,PREFERRED,1
1d1bbb8ac1581824986f582583fff01d,4,0.25,9.16330439814815,5.721319444444444,41.72,14.897499999999999,0.3955461875216025,3.5,0.13202003652774147,SC,indaial,2018-08-24 13:59:41,health_beauty,0.75,78.09761800044214,75.0,76.8,95.8,89.1,62.5,2712,PREFERRED,1
48bad451945f5227341793478d6353ea,3,0.3333333333333333,22.083051697530863,5.617997685185185,102.33333333333333,25.83,0.24139731800766284,4.0,0.09895977508403508,SP,sao paulo,2017-12-26 12:19:08,books_general_interest,0.6666666666666667,78.05011255165527,66.7,83.1,88.9,93.5,75.0,2713,PREFERRED,1
5b581417df4480f632484ba681e53944,11,0.2727272727272727,18.4114898989899,6.717037037037038,149.23636363636362,52.03727272727272,0.38690684715006096,3.727272727272727,0.1205646348168333,SC,florianopolis,2018-01-29 19:03:39,toys,0.7272727272727273,77.99246818404201,72.7,79.0,90.9,89.3,68.2,2714,PREFERRED,0
6bd69102ab48df500790a8cecfc285c2,5,0.2,16.254462962962965,23.981608796296296,1614.0,57.803999999999995,0.0277446287458245,3.0,0.1417841016016439,SP,sao paulo,2018-05-10 14:00:13,agro_industry_and_commerce,0.8,77.984649088132,80.0,74.9,92.0,99.5,50.0,2715,PREFERRED,1
9bc484c87d79cd4874e05ca182658045,8,0.25,13.12238425925926,6.351140046296297,121.25,13.14,0.2600298974079858,4.25,0.19479694166534045,SP,sao paulo,2018-05-02 14:22:52,construction_tools_construction,0.75,77.97202644487254,75.0,64.8,93.7,92.9,81.2,2716,PREFERRED,1
1dfe5347016252a7884b694d4f10f5c4,19,0.2631578947368421,19.270811403508773,7.718516203703705,84.60000000000001,21.823684210526313,0.2512659368601581,3.526315789473684,0.11907492719628064,SP,ibitinga,2018-04-08 22:20:03,bed_bath_table,0.736842105263158,77.96176059054099,73.7,79.3,90.4,93.2,63.2,2717,PREFERRED,0
06a2c3af7b3aee5d69171b0e14f0ee87,388,0.23195876288659795,17.769048181557846,7.273717978395061,92.8633762886598,31.037706185567007,0.3556148583378408,4.018229166666667,0.17711849876168395,MA,sao luis,2018-08-22 11:49:11,health_beauty,0.768041237113402,77.94065339357368,76.8,68.1,91.2,90.2,75.5,2718,PREFERRED,0
7fdb0720c8d7c9075538b365dc8c3a22,8,0.125,21.353917824074074,6.9268171296296295,217.79250000000002,57.2425,0.35099927340439097,2.5,0.13102736123571854,PR,toledo,2018-07-22 20:00:05,furniture_bedroom,0.875,77.92728010142898,87.5,77.0,89.3,90.4,37.5,2719,PREFERRED,1
91f0eec23d4a61d7d7caeefa3f0ad1ca,11,0.2727272727272727,26.144559132996633,26.54239969135803,199.16363636363639,32.22363636363636,0.1618380227116756,3.5454545454545454,0.10837613368392227,SC,tubarao,2018-07-27 15:46:55,auto,0.7272727272727273,77.91843189589154,72.7,81.3,86.8,95.7,63.6,2720,PREFERRED,0
6bef34c5be6f2bbd70aa5165f6df94b1,2,0.0,16.186406249999997,0.0,599.0,66.44,0.11091819699499166,2.0,0.2063200817013669,SC,timbo,2018-07-31 23:31:44,consoles_games,1.0,77.91191545720916,100.0,62.5,92.1,97.2,25.0,2721,PREFERRED,1
3a79f35a2344ede41af21267f61d5ec6,1,0.0,14.27412037037037,0.0,224.9,66.59,0.2960871498443753,1.0,0.12034081176291216,SP,campinas,2017-11-16 13:40:29,unknown,1.0,77.90806331223773,100.0,79.0,93.1,91.9,0.0,2722,PREFERRED,1
66e0557ecc2b4dbea057e93f215f68d8,30,0.26666666666666666,31.725889660493827,7.407350983796296,404.7,16.247333333333334,0.04028158075271461,4.033333333333333,0.14948865446152299,SP,sao paulo,2018-02-12 22:58:08,consoles_games,0.7333333333333334,77.89141445597687,73.3,73.4,83.8,99.2,75.8,2723,PREFERRED,0
1f7dfad2cb384ea4d2d7e1ffbd78c407,1,0.0,6.361909722222222,0.0,49.0,8.29,0.16918367346938773,1.0,0.14221340947877384,SP,sao paulo,2018-05-05 13:16:14,baby,1.0,77.84930754551156,100.0,74.8,97.3,95.5,0.0,2724,PREFERRED,1
20b54c376b794ed028df09a3cd88e8dc,7,0.2857142857142857,21.161888227513227,11.730405092592594,132.55285714285714,16.314285714285713,0.12411231672342905,3.7142857142857144,0.12409775141885925,SP,sao caetano do sul,2018-06-15 14:30:59,fixed_telephony,0.7142857142857143,77.84696868763501,71.4,78.3,89.4,96.8,67.9,2725,PREFERRED,1
ab91571efab27993ff2f6b36e38055c3,3,0.3333333333333333,12.996577932098766,1.6295949074074074,34.08,18.896666666666665,0.5015649452269171,4.666666666666667,0.15711070077708744,SP,sao paulo,2018-07-25 17:22:27,auto,0.6666666666666667,77.74813733111638,66.7,72.0,93.8,86.1,91.7,2726,PREFERRED,1
60da8bfa7eebe230b7d66ac4082d79b3,3,0.3333333333333333,7.781188271604939,3.762303240740741,28.866666666666664,12.89,0.8431679689419628,4.333333333333333,0.11960088903823479,SP,fernando prestes,2018-08-18 13:37:04,computers_accessories,0.6666666666666667,77.74068931227904,66.7,79.2,96.5,76.4,83.3,2727,PREFERRED,1
cc1f04647be106ba74e62b21f358af25,1,0.0,13.295810185185186,0.0,11.9,8.29,0.6966386554621847,1.0,0.10221683461251656,SP,sao paulo,2018-06-22 12:48:41,health_beauty,1.0,77.71759984372436,100.0,82.5,93.6,80.5,0.0,2728,PREFERRED,1
6861de0f40cacb0602e473c51639f980,5,0.2,13.836252314814814,6.718703703703704,134.8,55.146,0.6844780761523046,3.6,0.16007456767941955,PR,curitiba,2018-07-04 17:37:50,office_furniture,0.8,77.68698517293747,80.0,71.4,93.3,80.9,65.0,2729,PREFERRED,1
c1dde11f12d05c478f5de2d7319ad3b2,1,0.0,3.2347337962962963,0.0,12.5,7.39,0.5912,1.0,0.12582908225453485,SP,sao paulo,2018-08-19 18:13:40,computers_accessories,1.0,77.68544417970767,100.0,78.0,98.9,83.5,0.0,2730,PREFERRED,1
13074f016982ff2bd6c58ced8682f000,13,0.3076923076923077,14.887260505698006,8.235734953703703,152.07692307692307,59.66615384615385,0.4097618031276543,4.153846153846154,0.14008914390753668,RS,bento goncalves,2018-07-10 16:00:51,kitchen_dining_laundry_garden_furniture,0.6923076923076923,77.6482267774234,69.2,75.2,92.8,88.7,78.8,2731,PREFERRED,0
f1b93673502375d491780bb49d615dbc,8,0.25,14.444124710648149,5.951666666666666,329.86625,40.04375,0.12351789020180885,3.125,0.12020498069610006,SP,sao jose dos campos,2018-08-18 11:57:34,construction_tools_construction,0.75,77.60949709285954,75.0,79.0,93.0,96.8,53.1,2732,PREFERRED,1
d32e3909cfb714fb2a6cb092c85b9c5f,10,0.3,22.51067476851852,5.823005401234568,282.78999999999996,25.1,0.17008864161075596,3.5,0.09772371474225017,SP,jundiai,2018-04-25 10:36:34,housewares,0.7,77.5693512649986,70.0,83.4,88.7,95.5,62.5,2733,PREFERRED,0
e3dd723429d1b23614b7fa85e2c7a853,7,0.2857142857142857,13.620887896825396,2.4305497685185182,67.29285714285713,18.08142857142857,0.28428105262924136,3.7142857142857144,0.1333467771529129,SP,sao bernardo do campo,2018-06-08 17:19:34,health_beauty,0.7142857142857143,77.54891909521017,71.4,76.5,93.4,92.2,67.9,2734,PREFERRED,1
5f67c6082caacb26e431a7b17940cece,13,0.3076923076923077,22.829244123931623,13.633677662037037,127.89230769230768,16.033076923076923,0.15838550347525232,3.5384615384615383,0.09664080542211703,PR,maringa,2018-08-06 22:01:08,computers_accessories,0.6923076923076923,77.5041161574409,69.2,83.6,88.5,95.8,63.5,2735,PREFERRED,0
02dcd3e8e25bee036e32512bcf175493,13,0.3076923076923077,17.089043803418804,10.160355902777779,103.22307692307693,21.66076923076923,0.21677645095709125,4.076923076923077,0.14615882680649028,MG,contagem,2018-08-22 16:20:30,stationery,0.6923076923076923,77.44150449482723,69.2,74.1,91.6,94.2,76.9,2736,PREFERRED,0
1444c08e64d55fb3c25f0f09c07ffcf2,1,0.0,10.39494212962963,0.0,2749.0,69.74,0.025369225172790104,1.0,0.15415901599521425,BA,lauro de freitas,2018-04-28 12:23:26,garden_tools,1.0,77.3643743324279,100.0,72.5,95.1,99.6,0.0,2737,PREFERRED,1
4dc646b9b9e8e411ef48ba000ea3ac6f,4,0.25,11.460755208333333,1.9919791666666666,72.42500000000001,15.889999999999999,0.22103591189593416,2.75,0.09526506219257125,SP,valinhos,2018-08-16 16:49:11,perfumery,0.75,77.35869163461949,75.0,83.8,94.6,94.0,43.8,2738,PREFERRED,1
1099a00e0ee3a50935e6c2447ca090c5,3,0.3333333333333333,15.039498456790122,3.512141203703704,283.2333333333333,20.37666666666667,0.07142520006780083,3.6666666666666665,0.10955299289741037,RJ,rio de janeiro,2018-01-02 18:05:48,air_conditioning,0.6666666666666667,77.33493308029445,66.7,81.1,92.7,98.3,66.7,2739,PREFERRED,1
6187a137b2af59dfdbad8d9f8c373c14,2,0.0,13.861290509259259,0.0,37.4,15.11,0.4058240156264587,3.0,0.28309038544523246,SP,osasco,2018-01-06 18:54:39,bed_bath_table,1.0,77.33163646411892,100.0,47.8,93.3,88.8,50.0,2740,PREFERRED,1
1d2732ef8321502ee8488e8bed1ab8cd,4,0.25,12.174519675925925,7.957199074074074,287.0,20.045,0.1070875314332331,3.0,0.12104699207563643,RJ,rio de janeiro,2018-05-03 16:46:51,computers_accessories,0.75,77.32748996417475,75.0,78.9,94.2,97.3,50.0,2741,PREFERRED,1
010da0602d7774602cd1b3f5fb7b709e,1,0.0,26.1146875,0.0,849.5,230.25,0.27104178928781636,1.0,0.11626792695909423,SP,sao bernardo do campo,2018-06-06 18:37:14,kitchen_dining_laundry_garden_furniture,1.0,77.23280249838062,100.0,79.8,86.8,92.6,0.0,2742,PREFERRED,1
a49928bcdf77c55c6d6e05e09a9b4ca5,96,0.2604166666666667,16.933884910300925,8.501150462962963,90.90406250000001,18.0975,0.20484735462257184,3.03125,0.10453109173566745,SP,sao paulo,2018-05-27 19:10:54,toys,0.7395833333333333,77.21558453388138,74.0,82.1,91.7,94.5,50.8,2743,PREFERRED,0
ab3e0c171fe84a7ba7de130f19cfb485,6,0.3333333333333333,20.710918209876542,4.929074074074074,103.90833333333335,18.813333333333333,0.19489965466617032,4.0,0.12207710728856826,PR,colorado,2018-04-05 18:57:58,furniture_decor,0.6666666666666667,77.18353350278188,66.7,78.7,89.7,94.8,75.0,2744,PREFERRED,1
f6122bc84774df1b372bdb3bb88ddb9f,3,0.3333333333333333,15.619992283950616,6.65755787037037,1599.9566666666667,24.830000000000002,0.015732969517012075,3.6666666666666665,0.11510691174205345,SP,barueri,2018-03-19 14:01:34,computers_accessories,0.6666666666666667,77.1807060005814,66.7,80.0,92.4,99.9,66.7,2745,PREFERRED,1
7daca0837f033a41a6f3428c18657533,7,0.2857142857142857,14.333244047619049,6.41609375,175.56857142857143,24.02285714285714,0.17779142610098653,3.5714285714285716,0.1351041540454733,SP,tanabi,2018-06-10 14:08:05,housewares,0.7142857142857143,77.17454336802554,71.4,76.2,93.0,95.3,64.3,2746,PREFERRED,1
2379bdc3888025689a9deb7b141507d5,9,0.3333333333333333,18.42511059670782,17.103252314814814,111.05555555555556,14.012222222222222,0.6689109902727379,4.333333333333333,0.12555183192385685,SP,mogi mirim,2018-08-03 10:17:53,perfumery,0.6666666666666667,77.10371527380693,66.7,78.0,90.9,81.3,83.3,2747,PREFERRED,1
054694fa03fe82cec4b7551487331d74,20,0.3,30.79312268518519,35.74400270061729,414.305,33.012,0.08413539075738195,3.4,0.09096599671020728,SP,itajobi,2018-04-09 16:57:00,small_appliances,0.7,77.10348130199031,70.0,84.7,84.3,97.9,60.0,2748,PREFERRED,0
08061dc0fc165ed41288cc7acde738ee,4,0.25,20.068133680555555,8.711921296296296,30.950000000000003,14.605,1.398748363160192,4.5,0.15365918458290556,SP,osasco,2017-11-14 12:48:34,computers_accessories,0.75,77.09699529606536,75.0,72.6,90.0,60.6,87.5,2749,PREFERRED,1
9da1ca0bef29ee170e541927a5aeabdc,6,0.3333333333333333,16.803595679012343,6.690133101851852,247.39999999999998,21.271666666666665,0.09567415513812892,3.0,0.058525402660923605,SP,votuporanga,2017-09-25 12:24:16,cool_stuff,0.6666666666666667,77.0707506297217,66.7,90.9,91.7,97.6,50.0,2750,PREFERRED,1
42d4b7e70819438f5ada61c965e92d7e,1,0.0,21.939131944444444,0.0,49.6,51.18,1.0318548387096773,1.0,0.08261536340462791,GO,goiania,2018-03-20 14:07:40,drinks,1.0,77.01828496700449,100.0,86.3,89.0,71.0,0.0,2751,PREFERRED,1
9dd459b29a14bf89d47183cf2cd0e4c7,2,0.5,6.62347800925926,1.6838310185185186,90.0,9.41,0.1822,5.0,0.10658802487554525,SP,sao paulo,2018-08-04 12:42:39,auto,0.5,76.99850045583689,50.0,81.7,97.1,95.1,100.0,2752,PREFERRED,1
d5b9a084373da994a6e37f732169a853,7,0.2857142857142857,17.875863095238095,3.3012037037037034,271.57,27.782857142857146,0.11036930286103415,3.5714285714285716,0.13772279671634863,SP,santo andre,2018-05-07 22:23:50,baby,0.7142857142857143,76.95871355361513,71.4,75.7,91.2,97.2,64.3,2753,PREFERRED,1
52956b80ae65fda598f06f6b9943e7a9,3,0.3333333333333333,25.609182098765434,13.758576388888889,264.0,22.28333333333333,0.08440656565656564,4.0,0.12533154356160267,PR,maringa,2018-05-31 16:24:49,perfumery,0.6666666666666667,76.95167054867566,66.7,78.1,87.1,97.9,75.0,2754,PREFERRED,1
7f152321c60a266edc53af1925ef96c1,20,0.3,23.469773148148146,18.01244020061728,207.39000000000001,30.456,0.14949302970304715,3.8,0.13434074405015914,SC,criciuma,2018-08-02 18:04:17,sports_leisure,0.7,76.92209434500892,70.0,76.3,88.2,96.1,70.0,2755,PREFERRED,0
042573af89b6d931f672efaf789d8358,3,0.3333333333333333,20.024783950617284,26.904039351851853,137.82666666666668,21.69666666666667,0.16801335123420946,3.6666666666666665,0.10493058276640031,SP,sorocaba,2018-02-11 13:08:02,small_appliances,0.6666666666666667,76.88592934830307,66.7,82.0,90.0,95.5,66.7,2756,PREFERRED,1
9b522ba7eae9e1d04082f267144583cc,3,0.3333333333333333,40.17655092592593,80.58206018518518,492.8666666666666,44.31666666666667,0.13919453108335375,4.666666666666667,0.15367081711784006,SP,sao paulo,2018-04-10 21:00:52,garden_tools,0.6666666666666667,76.78008340189746,66.7,72.6,79.3,96.4,91.7,2757,PREFERRED,1
f9d010e39375d9c91dce3f40b73a2f84,4,0.25,17.349108796296296,3.662824074074074,303.0,34.535,0.11867550776730354,3.5,0.1625406834133753,SP,lorena,2018-07-23 09:02:12,toys,0.75,76.7700650531229,75.0,70.9,91.4,96.9,62.5,2758,PREFERRED,1
c522be04e020c1e7b79f3acff36513d5,6,0.3333333333333333,15.649359567901234,2.108125,108.32333333333334,15.08,0.1335129490825433,4.0,0.1449789698197125,SP,santana de parnaiba,2018-08-23 13:33:34,auto,0.6666666666666667,76.66288471907201,66.7,74.3,92.3,96.5,75.0,2759,PREFERRED,1
74636e24f01da9268b0ed88dacd8513e,4,0.25,13.129348958333333,6.991990740740741,194.0,68.1525,0.3545321004531531,4.0,0.19754602741879032,SP,sao paulo,2018-08-14 07:54:20,housewares,0.75,76.63408982604953,75.0,64.2,93.7,90.3,75.0,2760,PREFERRED,1
2c3d56f92f360fb89d849b84e8f50eae,7,0.2857142857142857,13.617607473544975,3.3417476851851853,60.728571428571435,15.965714285714284,0.3564049742333585,3.4285714285714284,0.12600317613942164,SP,barueri,2018-03-23 18:38:45,health_beauty,0.7142857142857143,76.62494362865291,71.4,77.9,93.4,90.2,60.7,2761,PREFERRED,1
082e0bf4cb865a6533b1e8e498cc0255,11,0.18181818181818182,14.3659617003367,5.901296296296296,188.4818181818182,90.09363636363638,0.5331125344864056,3.272727272727273,0.17837012570771515,SP,botucatu,2018-08-17 07:09:44,garden_tools,0.8181818181818181,76.60688256053612,81.8,67.9,93.0,85.2,56.8,2762,PREFERRED,0
4e5725ba188db8252977a4f0227bd462,21,0.2857142857142857,20.972906746031747,13.282247299382718,88.81380952380952,17.346190476190475,0.27134475223758237,3.5238095238095237,0.129142820982826,SP,ribeirao preto,2018-05-25 23:56:57,computers_accessories,0.7142857142857143,76.48818803497853,71.4,77.3,89.5,92.6,63.1,2763,PREFERRED,0
7fc87cc3e89b3d1d5cabdca32f8485aa,14,0.2857142857142857,19.740683697089946,6.377722800925926,153.85,48.708571428571425,0.36166793503495187,3.5714285714285716,0.13207757964279426,SP,guarulhos,2018-08-02 12:06:29,office_furniture,0.7142857142857143,76.36781653425362,71.4,76.8,90.2,90.0,64.3,2764,PREFERRED,0
2a1348e9addc1af5aaa619b1a3679d6b,45,0.28888888888888886,28.73373791152263,45.49077991452992,57.95111111111112,15.76688888888889,0.43223881058199387,3.272727272727273,0.09015763750856945,MG,belo horizonte,2018-06-10 18:51:46,furniture_decor,0.7111111111111111,76.22977614411187,71.1,84.8,85.4,88.0,56.8,2765,PREFERRED,0
578fa3a9cb6b6dceab39231ad59cdaca,3,0.3333333333333333,22.39690200617284,15.72826388888889,50.0,12.4,0.29933333333333334,3.6666666666666665,0.10694735673260725,CE,fortaleza,2018-04-30 22:39:58,books_technical,0.6666666666666667,76.22804388432658,66.7,81.6,88.8,91.8,66.7,2766,PREFERRED,1
5bc55dbe2f12b6af6d83ed46023e0dc8,17,0.23529411764705882,13.928327886710239,11.797554976851853,203.18176470588236,29.770588235294117,0.15085489815268452,2.411764705882353,0.1043642663820474,MG,coronel fabriciano,2018-08-13 20:22:33,sports_leisure,0.7647058823529411,76.17198948110075,76.5,82.1,93.3,96.0,35.3,2767,PREFERRED,0
712e6ed8aa4aa1fa65dab41fed5737e4,77,0.22077922077922077,24.691598875661377,20.212705610021782,511.4935064935065,87.8548051948052,0.19383201837993372,3.3947368421052633,0.1724462211693957,SC,videira,2018-05-18 18:17:35,auto,0.7792207792207793,76.12635892125316,77.9,69.0,87.6,94.8,59.9,2768,PREFERRED,0
d3dcf0604eabf0224fbd5948b5e02f69,9,0.3333333333333333,17.632256944444446,12.102723765432097,322.4777777777778,18.345555555555553,0.09086179167356724,3.888888888888889,0.14729385678202425,SP,sao paulo,2018-07-27 15:54:52,toys,0.6666666666666667,76.09866829421314,66.7,73.9,91.3,97.7,72.2,2769,PREFERRED,1
0417b067eeab773d2f7061a726dc477f,13,0.3076923076923077,17.55735933048433,9.188156828703704,143.01384615384615,49.42846153846154,0.4535495138899593,3.923076923076923,0.14823298760245732,SC,sao bento do sul,2018-08-20 12:38:56,auto,0.6923076923076923,76.05608277205637,69.2,73.7,91.3,87.4,73.1,2770,PREFERRED,0
b87a7ea0c30fad2dd6781b74a0064859,9,0.3333333333333333,15.243249742798355,10.391037808641975,57.266666666666666,13.594444444444443,0.3270953353213639,3.4444444444444446,0.10375717919033842,SP,sao paulo,2018-07-02 14:00:47,auto,0.6666666666666667,76.0375896453284,66.7,82.2,92.6,91.0,61.1,2771,PREFERRED,1
4091f77d8c768fc3e81c20761471761d,8,0.25,18.032364004629628,12.361030092592593,134.875,28.85875,0.19723641141663165,2.75,0.11450680268635499,SP,sao paulo,2018-08-07 09:12:17,baby,0.75,75.98176612784546,75.0,80.1,91.1,94.7,43.8,2772,PREFERRED,1
835f0f7810c76831d6c7d24c7a646d4d,41,0.3170731707317073,18.05080482158988,4.68565527065527,120.22926829268295,22.07390243902439,0.2062380807598357,3.4146341463414633,0.11820186288530432,SP,sao paulo,2018-01-25 16:58:18,housewares,0.6829268292682926,75.92253099912737,68.3,79.4,91.1,94.5,60.4,2773,PREFERRED,0
1ca7077d890b907f89be8c954a02686a,108,0.2222222222222222,15.536053990912208,5.034117959104939,116.1512962962963,14.424259259259259,0.1787247781735059,2.392523364485981,0.11434472620242978,SP,santana de parnaiba,2018-04-09 17:09:08,unknown,0.7777777777777778,75.87223481014082,77.8,80.2,92.4,95.2,34.8,2774,PREFERRED,0
cf8ab1616079e2793aa29d524df01bb1,6,0.16666666666666666,26.407038966049384,1.898576388888889,1599.0,72.92666666666666,0.04560767146133,2.5,0.15498453629900164,SP,sao paulo,2018-03-09 00:37:23,sports_leisure,0.8333333333333334,75.78589188672512,83.3,72.4,86.6,99.0,37.5,2775,PREFERRED,1
03bd479e1d9484cdb14104d3023f7321,2,0.5,19.19975115740741,0.9617824074074074,119.9,18.365000000000002,0.15316930775646373,5.0,0.11304313498566995,MG,uberlandia,2018-07-01 11:21:24,auto,0.5,75.77162052712265,50.0,80.4,90.5,96.0,100.0,2776,PREFERRED,1
167fd940acebc789debd6eb418c46e38,5,0.2,15.500854166666667,2.6860648148148147,215.516,20.18,0.1810266653398285,3.0,0.18046477163875183,SP,franca,2018-06-04 20:13:34,auto,0.8,75.75629260638435,80.0,67.5,92.4,95.2,50.0,2777,PREFERRED,1
c37b2059d4f90d4feead554e5246565e,9,0.3333333333333333,19.146512345679014,7.541597222222222,76.92222222222222,23.09777777777778,0.3637142020781419,4.111111111111111,0.1540185050082092,SP,sao paulo,2018-07-02 20:39:32,furniture_decor,0.6666666666666667,75.71513661414704,66.7,72.6,90.5,90.0,77.8,2778,PREFERRED,1
9599519be538b98748162a2b48248960,1,0.0,22.617453703703703,0.0,570.0,60.06,0.10536842105263158,1.0,0.16427798394665186,SP,sao paulo,2018-04-08 07:57:38,sports_leisure,1.0,75.68068579224229,100.0,70.6,88.7,97.3,0.0,2779,PREFERRED,1
8a207b6080964f3c1fc9d35bd6096ba4,2,0.5,22.713935185185186,6.529918981481481,276.85,88.17,0.27813877129770437,5.0,0.10397041468417403,SP,jaci,2017-11-03 11:10:16,furniture_bedroom,0.5,75.57228024481702,50.0,82.2,88.6,92.4,100.0,2780,PREFERRED,1
3d700782d7818f2c1e0d7a9e9d75fc00,3,0.3333333333333333,25.728460648148147,14.880636574074074,49.9,28.47,0.5705410821643286,3.6666666666666665,0.09932988648945784,SP,sertanopolis,2017-07-11 14:20:11,pet_shop,0.6666666666666667,75.55852414348682,66.7,83.0,87.0,84.1,66.7,2781,PREFERRED,1
a4b8d97cd5d3674eeff96abc99d8ed67,1,0.0,6.10394675925926,0.0,214.08,19.3,0.09015321375186845,1.0,0.19610552823843175,SP,sumare,2018-06-13 12:16:02,construction_tools_construction,1.0,75.51193571226389,100.0,64.5,97.4,97.8,0.0,2782,PREFERRED,1
c990d6cf976a5718aaedc539f383ab88,8,0.375,19.757588252314815,14.567461419753087,22.8875,14.41875,0.6261353350506089,3.625,0.07355544653084674,SP,paulinia,2018-01-20 17:59:58,telephony,0.625,75.49588001882431,62.5,88.0,90.2,82.5,65.6,2783,PREFERRED,1
5b35136197710e16ac5e7b7c2bd4ea85,7,0.2857142857142857,18.389627976190475,11.278148148148148,443.4571428571429,35.15571428571428,0.11020318527836012,2.5714285714285716,0.0898259420965737,RJ,rio de janeiro,2018-03-31 12:04:24,housewares,0.7142857142857143,75.46322656725366,71.4,84.9,90.9,97.2,39.3,2784,PREFERRED,1
f3295428338a40977a03f555246a70f4,7,0.2857142857142857,14.829621362433864,1.2675752314814814,92.14,17.771428571428572,0.6429648325156777,3.5714285714285716,0.14268700638790494,ES,vitoria,2018-02-05 23:24:02,health_beauty,0.7142857142857143,75.45175138505856,71.4,74.7,92.8,82.1,64.3,2785,PREFERRED,1
b5abf4f36adc043117b4fca82c22984c,8,0.25,19.701410590277778,12.535792824074075,105.875,21.34125,0.32943658566460376,3.125,0.14453151233185008,DF,brasilia,2018-08-11 14:35:56,bed_bath_table,0.75,75.44158576674455,75.0,74.4,90.2,91.0,53.1,2786,PREFERRED,1
47648caee88ccfe951fbb27fbf7b4cbe,3,0.3333333333333333,13.720875771604938,1.7949189814814814,521.6633333333333,22.666666666666668,0.04389189104613953,3.6666666666666665,0.15744840460977688,SP,diadema,2018-05-21 19:01:41,auto,0.6666666666666667,75.22308726517969,66.7,71.9,93.4,99.1,66.7,2787,PREFERRED,1
2ba91c7ad80ff88b23b7db823b43c233,6,0.3333333333333333,18.654373070987656,7.104155092592593,123.39999999999999,16.655,0.15512575278254223,3.8333333333333335,0.15619941195674622,SP,itu,2018-08-12 19:57:00,pet_shop,0.6666666666666667,75.20001049154163,66.7,72.1,90.8,95.9,70.8,2788,PREFERRED,1
a11a0e0ca67423425691db355cff69b0,2,0.5,5.527760416666666,0.3690509259259259,224.45,14.040000000000001,0.06665749545510993,5.0,0.15460035629883598,SP,indaiatuba,2018-08-10 16:05:40,auto,0.5,75.11306917252728,50.0,72.5,97.7,98.4,100.0,2789,PREFERRED,1
d7b2377bae6ace1b11fc69a11900ac36,3,0.3333333333333333,19.543175154320988,17.04087962962963,79.9,14.173333333333334,0.17837264995786828,3.6666666666666665,0.14262953522065527,SP,sao paulo,2017-11-29 21:46:31,fashion_underwear_beach,0.6666666666666667,75.08854903601714,66.7,74.8,90.3,95.2,66.7,2790,PREFERRED,1
e64d65bc8dbec2accda90c58de5d1246,12,0.3333333333333333,13.493086419753086,4.2412702546296295,139.9,18.43,0.13368604319518537,3.0833333333333335,0.11046003078446216,SP,rio claro,2018-03-15 09:38:31,health_beauty,0.6666666666666667,75.05025824061163,66.7,80.9,93.5,96.5,52.1,2791,PREFERRED,0
70125af26c2d6d4ef401a1d02ae7701f,5,0.4,10.582993055555557,0.8119733796296296,74.24,51.684000000000005,0.7191967478174587,4.6,0.15327215560723084,GO,goiania,2018-08-18 16:43:27,sports_leisure,0.6,74.9230663878375,60.0,72.7,95.0,79.9,90.0,2792,PREFERRED,1
dc120d932ddf9d4dfb6fd68beefda622,1,0.0,14.64236111111111,0.0,260.0,36.1,0.13884615384615384,1.0,0.19230686150958567,PR,sao jose dos pinhais,2018-04-25 09:00:27,computers_accessories,1.0,74.87685513170085,100.0,65.2,92.9,96.4,0.0,2793,PREFERRED,1
55c96925041a14097b6a7825554f4ad5,4,0.5,11.270914351851852,1.014363425925926,26.0,9.94,0.38230769230769235,4.5,0.09407384401525909,SP,sao paulo,2017-11-10 12:30:18,furniture_decor,0.5,74.78572673605976,50.0,84.1,94.7,89.5,87.5,2794,PREFERRED,1
ede0c03645598cdfc63ca8237acbe73d,43,0.3488372093023256,18.589664621016365,10.319960648148147,54.70116279069768,16.472093023255812,0.40167190891322163,3.5714285714285716,0.1188276616915279,SP,ribeirao preto,2018-05-23 21:11:01,computers_accessories,0.6511627906976745,74.7713633793495,65.1,79.3,90.8,88.9,64.3,2795,PREFERRED,0
fb8904a8ea99f8831b64ce27db2c1765,2,0.5,11.159346064814816,0.033171296296296296,139.0,12.18,0.08762589928057554,4.5,0.11270541517352567,SP,sao caetano do sul,2017-11-24 21:39:39,sports_leisure,0.5,74.7381065445236,50.0,80.5,94.7,97.8,87.5,2796,PREFERRED,1
0daf5180aa44356f60f8effa533b55a2,2,0.5,8.025891203703704,0.07064814814814815,72.4,19.415,0.3340891552045032,5.0,0.14395220471016074,GO,goiania,2018-08-20 14:16:35,perfumery,0.5,74.66574253832215,50.0,74.5,96.4,90.8,100.0,2797,PREFERRED,1
05aebce0b5c8f0d41b29b686f2d05fd3,2,0.5,6.0006712962962965,0.5185532407407407,37.495000000000005,22.945,0.5903417047727921,5.0,0.13423293029241606,SP,sao paulo,2018-08-10 16:15:34,garden_tools,0.5,74.5652970119351,50.0,76.4,97.5,83.6,100.0,2798,PREFERRED,1
fc6295add6f51a0936407ead70c1001d,1,0.0,13.800219907407408,0.0,160.0,70.52,0.44075,1.0,0.18259680459136263,SP,sao paulo,2017-11-06 19:20:14,furniture_decor,1.0,74.55235518074507,100.0,67.1,93.3,87.8,0.0,2799,PREFERRED,1
a20d8058c866dbaeca014d2cd20ac62e,2,0.5,23.55626736111111,0.9288425925925926,597.0,22.45,0.037604690117252926,5.0,0.13907624099266233,SP,sao jose dos campos,2018-05-16 01:18:19,small_appliances,0.5,74.50582531288865,50.0,75.4,88.2,99.2,100.0,2800,PREFERRED,1
1d0997ff06b524ce9289ffd75114ecd3,3,0.3333333333333333,17.01238425925926,5.953321759259259,1249.0,42.19,0.05280325867677673,3.6666666666666665,0.1687736470333695,PE,recife,2017-11-24 09:43:53,auto,0.6666666666666667,74.39345409293242,66.7,69.7,91.6,98.8,66.7,2801,PREFERRED,1
aa762680c40618316a896838866140ea,3,0.3333333333333333,22.5642862654321,11.71111111111111,87.0,20.820000000000004,0.2393103448275862,3.3333333333333335,0.12586939149374357,PR,curitiba,2018-05-11 17:57:27,books_general_interest,0.6666666666666667,74.2284440436338,66.7,78.0,88.7,93.5,58.3,2802,PREFERRED,1
ec8463980a4e0ea9f8517aea1ed0c419,2,0.5,11.225914351851852,2.4245949074074074,119.6,59.379999999999995,0.5351170568561874,5.0,0.13643345492809253,SC,florianopolis,2018-07-16 22:36:53,construction_tools_lights,0.5,74.20109820086026,50.0,75.9,94.7,85.1,100.0,2803,PREFERRED,1
05e107217c7266362fd44b75b2cd4cc4,5,0.4,8.186863425925926,0.8146817129629629,38.676,16.401999999999997,0.6201004113569714,4.2,0.14731149798756515,SP,sao paulo - sp,2018-08-21 05:26:43,stationery,0.6,74.18038543248453,60.0,73.9,96.3,82.7,80.0,2804,PREFERRED,1
714b9a1332840f257b49f476bea4e341,6,0.3333333333333333,32.30243055555556,32.61020254629629,249.99,26.358333333333334,0.10543755083536675,3.3333333333333335,0.1209132352599843,SP,monte alto,2018-03-24 15:11:38,computers_accessories,0.6666666666666667,74.07148848374175,66.7,78.9,83.5,97.3,58.3,2805,PREFERRED,1
4fb41dff7c50136976d1a5cf004a42e2,3,0.3333333333333333,66.75465663580248,134.98460648148148,410.0,22.256666666666664,0.07180190476190476,4.0,0.11868512466705372,BA,feira de santana,2018-02-02 21:38:36,watches_gifts,0.6666666666666667,74.03429965489087,66.7,79.3,65.3,98.3,75.0,2806,PREFERRED,1
0725b8c0f3f906e58f70cbe76b7c748c,15,0.4,13.480991512345678,3.0853761574074077,141.65333333333334,42.478,0.40132036681158906,3.8333333333333335,0.1261580358651997,SP,guarulhos,2018-08-07 17:41:54,housewares,0.6,74.01878896256078,60.0,77.9,93.5,88.9,70.8,2807,PREFERRED,0
5275ca25d0358ca73864e0ae41be1320,4,0.5,7.039756944444445,0.7050115740740741,102.4,17.305,0.16907650825749915,4.75,0.15457414069121705,SP,guarulhos,2018-08-07 20:21:41,stationery,0.5,73.76597172235935,50.0,72.5,96.9,95.5,93.8,2808,PREFERRED,1
081acf3de680d554796c9cf041be7bc2,4,0.25,15.513223379629629,1.8984953703703704,419.275,67.08500000000001,0.2885151793172699,3.25,0.19947016546322718,MG,vespasiano,2018-05-23 18:30:11,furniture_decor,0.75,73.7271834517436,75.0,63.9,92.4,92.1,56.2,2809,PREFERRED,1
b19f3ca2ea475913750f25a5c37c8d8f,19,0.3157894736842105,18.389999390838206,10.950302854938272,221.14,53.49947368421053,0.23690999156162884,3.263157894736842,0.1509357933542415,MG,divinopolis,2018-08-07 22:04:34,housewares,0.6842105263157895,73.7170296675827,68.4,73.2,90.9,93.6,56.6,2810,PREFERRED,0
a67780aba9dd436e7ac0aa1f889e73ec,6,0.3333333333333333,21.632880015432097,1.262650462962963,143.83333333333334,29.673333333333336,0.2718514280515946,3.6666666666666665,0.16237150410757858,SP,presidente prudente,2018-08-06 18:03:11,sports_leisure,0.6666666666666667,73.7112284131803,66.7,71.0,89.2,92.6,66.7,2811,PREFERRED,1
397c4d0c005b6f41f90098ac724e28cb,5,0.4,16.082599537037037,1.4824363425925926,1635.4,89.074,0.06082978589065493,4.4,0.1940740211640632,SP,santo andre,2018-08-04 14:32:55,small_appliances,0.6,73.64905156532613,60.0,64.9,92.1,98.6,85.0,2812,PREFERRED,1
ebef8d8c92b4fd3226e5d407bbff21ac,3,0.3333333333333333,40.11726851851852,65.57155092592592,84.56666666666668,16.12,0.27913798803812545,2.6666666666666665,0.05554666002932387,SP,ribeirao preto,2017-03-13 22:19:52,sports_leisure,0.6666666666666667,73.58912914752055,66.7,91.4,79.4,92.4,41.7,2813,PREFERRED,1
b56828a9f9027f3c918c04ca720d9e3c,3,0.3333333333333333,16.972858796296297,9.682291666666666,120.0,37.20333333333333,0.3100277777777778,2.6666666666666665,0.09221502225445925,SP,praia grande,2018-05-02 12:17:02,bed_bath_table,0.6666666666666667,73.58485084939484,66.7,84.4,91.6,91.5,41.7,2814,PREFERRED,1
9cad4b68bb993ee401a3c5aaa2bc26dd,4,0.25,21.349701967592594,15.819027777777778,160.47500000000002,45.589999999999996,0.24986446380142302,2.75,0.15846879964036317,SP,birigui,2018-07-15 23:59:54,health_beauty,0.75,73.46229404817217,75.0,71.7,89.3,93.2,43.8,2815,PREFERRED,1
9e9b539eb2806acee3f5c28085c1db9f,3,0.3333333333333333,24.787878086419752,13.763807870370371,322.3333333333333,24.156666666666666,0.08861830418172505,3.6666666666666665,0.17477344982837742,MG,contagem,2017-12-07 13:19:30,small_appliances,0.6666666666666667,73.38610231632305,66.7,68.6,87.5,97.8,66.7,2816,PREFERRED,1
f7315bb81aea4ddca2d39e249a801c98,2,0.5,10.214172453703704,0.9118055555555555,189.9,25.14,0.13238546603475512,4.5,0.13996047731094202,SP,guarulhos,2018-08-01 15:15:05,luggage_accessories,0.5,73.38036962660817,50.0,75.3,95.2,96.6,87.5,2817,PREFERRED,1
83b08de96980757220871b31bf6cffca,5,0.4,13.858328703703705,4.428825231481482,260.83399999999995,90.842,0.3662617506351178,4.0,0.15556671924498358,RJ,rio de janeiro,2018-05-07 10:08:06,construction_tools_construction,0.6,73.30420564853777,60.0,72.3,93.3,89.9,75.0,2818,PREFERRED,1
8fbe2ee446b97e128471be4ce983dc0d,3,0.3333333333333333,8.099621913580247,7.645011574074074,49.5,13.333333333333334,0.3243963807227082,3.0,0.13938075765980398,SP,sorocaba,2018-08-01 12:52:42,health_beauty,0.6666666666666667,73.23975089947038,66.7,75.4,96.4,91.1,50.0,2819,PREFERRED,1
3a3e46d10f74d8a6ca76e2b538f106a0,2,0.5,19.48721064814815,0.9357291666666666,149.95,33.335,0.28850221708116447,4.5,0.12098197333699387,SP,sao paulo,2018-05-25 22:04:28,food_drink,0.5,73.10935950771457,50.0,78.9,90.3,92.1,87.5,2820,PREFERRED,1
c8025364abeecb115431bf95c11a747f,2,0.5,7.962546296296296,0.9018171296296297,464.0,21.64,0.046224254202800005,4.5,0.1550070006611361,RS,porto alegre,2018-08-09 20:57:18,sports_leisure,0.5,73.08297162962545,50.0,72.4,96.4,99.0,87.5,2821,PREFERRED,1
253c025bab43881055aeecde5e2d8b77,2,0.5,16.56265625,2.017326388888889,47.41,14.754999999999999,0.3128097245247396,4.5,0.12753109453047595,PR,curitiba,2018-07-10 13:20:17,housewares,0.5,72.95913291822144,50.0,77.6,91.9,91.4,87.5,2822,PREFERRED,1
b43d8b707f887a30f4675391098354a0,3,0.3333333333333333,24.6128125,32.03584490740741,468.3333333333333,76.96,0.15352096586560585,3.0,0.12838211533733868,SP,ipira,2018-07-22 19:49:25,small_appliances,0.6666666666666667,72.93860863436782,66.7,77.5,87.6,96.0,50.0,2823,PREFERRED,1
8bd0e3abda539b9479c4b44a691be1ec,6,0.3333333333333333,23.688628472222224,15.806221064814814,70.95833333333333,35.37833333333334,0.5632926725536554,2.5,0.0699489855460118,RS,tres de maio,2018-01-06 23:02:42,health_beauty,0.6666666666666667,72.77401889532305,66.7,88.7,88.1,84.3,37.5,2824,PREFERRED,1
f76a3b1349b6df1ee875d1f3fa4340f0,24,0.375,17.02268036265432,7.714184670781892,179.02125,26.551666666666666,0.1542163675907606,3.4583333333333335,0.1510646827527343,SP,sao paulo,2018-08-17 19:14:14,housewares,0.625,72.71376947148755,62.5,73.1,91.6,95.9,61.5,2825,PREFERRED,0
d9e7e7778b32987280a6f2cb9a39c57d,11,0.36363636363636365,18.465708122895624,3.285457175925926,65.68181818181819,23.99,0.42852312592383207,3.5454545454545454,0.15125213083750588,SP,sao paulo,2018-06-08 16:40:18,health_beauty,0.6363636363636364,72.53609113716747,63.6,73.1,90.9,88.2,63.6,2826,PREFERRED,0
821fb029fc6e495ca4f08a35d51e53a5,24,0.375,16.792825520833333,7.618594393004116,743.8175,56.89791666666667,0.17970272572564114,3.4782608695652173,0.15756774147577,SP,sao paulo,2018-08-15 19:03:09,sports_leisure,0.625,72.42286998245287,62.5,71.9,91.7,95.2,62.0,2827,PREFERRED,0
3d3ccf2b2f8134b10dce9dd446f0e075,3,0.3333333333333333,16.772862654320985,13.652106481481482,202.86666666666667,47.31,0.31833137837969844,3.3333333333333335,0.1712139865789916,SP,ibitinga,2018-08-10 11:48:43,bed_bath_table,0.6666666666666667,72.29209559877042,66.7,69.3,91.8,91.3,58.3,2828,PREFERRED,1
ad781527c93d00d89a11eecd9dcad7c1,36,0.3333333333333333,26.689652134773663,13.310959683641975,165.12861111111113,60.0136111111111,0.3662660382624859,3.2777777777777777,0.1549687199262602,SP,sao jose do rio preto,2018-05-16 09:44:37,baby,0.6666666666666667,71.93759169446847,66.7,72.4,86.5,89.9,56.9,2829,PREFERRED,0
12c2ed9cded6138cf0c75f525f565fc7,4,0.5,13.442248263888889,1.4285127314814816,98.71499999999999,16.085,0.22388733577321163,4.25,0.1400352488309331,SP,praia grande,2018-08-03 17:21:48,bed_bath_table,0.5,71.92296252823608,50.0,75.2,93.5,94.0,81.2,2830,PREFERRED,1
b37c4c02bda3161a7546a4e6d222d5b2,4,0.25,18.67324074074074,0.6066435185185185,6018.75,103.15,0.03459144915838352,2.25,0.17217353389301543,SP,sao paulo,2018-07-15 14:49:44,fixed_telephony,0.75,71.75434091888343,75.0,69.1,90.7,99.3,31.2,2831,PREFERRED,1
528bcf6680c36dddf07620bd35b33a6f,2,0.5,21.278836805555557,3.9962962962962965,484.99,21.93,0.0462797153027893,4.5,0.16075006318224255,SP,sao paulo,2017-10-17 01:08:50,health_beauty,0.5,71.74883070958806,50.0,71.3,89.4,99.0,87.5,2832,PREFERRED,1
0dfbed20065e425d2eaefb101f9816c0,3,0.3333333333333333,21.56864197530864,19.950347222222224,28.116666666666664,16.416666666666668,0.5894214397341397,2.6666666666666665,0.11063114029437866,SP,porto ferreira,2018-06-04 21:18:04,baby,0.6666666666666667,71.5442272628172,66.7,80.9,89.2,83.6,41.7,2833,PREFERRED,1
dd4d95ba2d15c071e6c695e2ef6ce169,4,0.5,14.406846064814815,6.2201157407407415,437.0,53.6025,0.12266018306636156,4.25,0.15627047788320028,ES,cachoeiro de itapemirim,2018-08-12 13:03:21,stationery,0.5,71.3556310354923,50.0,72.1,93.0,96.8,81.2,2834,PREFERRED,1
6cf476a4ca74498db55cbccdaa9dcfb6,5,0.4,34.34511111111111,4.505804398148149,124.98800000000001,33.332,0.49933337362225433,3.4,0.11397748327969356,SP,sao paulo,2017-04-09 22:51:08,fashion_underwear_beach,0.6,71.04030708222815,60.0,80.2,82.4,86.1,60.0,2835,PREFERRED,1
cb41bfbcbda0aea354a834ab222f9a59,11,0.36363636363636365,37.56390677609427,50.54425057870371,344.72727272727275,78.06,0.22399965823650037,3.272727272727273,0.145098069277178,SP,sao paulo,2018-07-06 16:21:43,home_construction,0.6363636363636364,70.87004282325644,63.6,74.3,80.7,94.0,56.8,2836,PREFERRED,0
f682e0f848abafc6f41e0d4e868c66ef,2,0.5,19.699797453703702,5.670833333333333,134.99,17.01,0.13214627539582008,3.5,0.108665094937685,SP,mairipora,2018-05-18 14:37:45,auto,0.5,70.3762827162305,50.0,81.3,90.2,96.6,62.5,2837,PREFERRED,1
fa74b2f3287d296e9fbd2cc80f2d1cf1,5,0.4,30.38007407407407,13.725827546296298,254.898,15.236,0.0808864614724375,3.2,0.14677693755476068,SP,presidente prudente,2017-12-20 08:32:26,perfumery,0.6,70.2214614612291,60.0,74.0,84.5,98.0,55.0,2838,PREFERRED,1
12a8eb0f8d1cd3270695bf2a99f55966,2,0.5,20.976712962962964,0.8053587962962963,198.5,19.835,0.09956573367260389,3.5,0.11427539194093708,SP,sao paulo,2017-12-13 17:49:36,luggage_accessories,0.5,70.09839681602384,50.0,80.2,89.5,97.5,62.5,2839,PREFERRED,1
54965bbe3e4f07ae045b90b0b8541f52,73,0.3013698630136986,26.16556062912227,28.600923821548818,145.66561643835615,29.596986301369864,0.24316258760606171,3.1449275362318843,0.21522768611216506,PR,foz do iguacu,2018-07-03 18:34:56,bed_bath_table,0.6986301369863014,70.06192161563692,69.9,60.8,86.8,93.4,53.6,2840,PREFERRED,0
8a40ae794fa3f9892cee24bd5af0488b,6,0.3333333333333333,27.80233024691358,12.801140046296297,123.30833333333332,34.401666666666664,0.5312339996498777,3.1666666666666665,0.17517010069183672,PR,curitiba,2018-06-19 14:04:13,telephony,0.6666666666666667,69.99641646805821,66.7,68.5,85.9,85.2,54.2,2841,PREFERRED,1
b0b346d3a89f5eb4c2968af3f083cd43,9,0.4444444444444444,23.350222479423866,20.291513310185184,52.111111111111114,17.855555555555554,0.34664330457503717,3.7777777777777777,0.16071910175663,SP,campinas,2018-08-03 11:15:31,drinks,0.5555555555555556,69.96939342997884,55.6,71.3,88.3,90.5,69.4,2842,PREFERRED,1
8e29d051f810eb22959ede205b462b9f,2,0.5,31.752569444444443,27.819988425925924,299.9,106.74000000000001,0.3559186395465156,4.0,0.12409631854243611,SP,mirassol,2018-06-19 13:38:23,pet_shop,0.5,69.91858374612956,50.0,78.3,83.8,90.2,75.0,2843,PREFERRED,1
cb4a705d00e100b9732d0ca34817d441,1,0.0,24.12673611111111,0.0,998.0,82.56,0.08272545090180361,1.0,0.2835117276475586,SC,florianopolis,2017-11-24 22:07:05,furniture_decor,1.0,69.9120591991232,100.0,47.8,87.9,98.0,0.0,2844,PREFERRED,1
6ee85be3693ed79a8e80718743d80655,5,0.4,29.121037037037034,17.97505787037037,29.5,17.794,0.6031864406779661,3.2,0.12497747667343342,SP,sao paulo,2017-04-23 19:31:30,electronics,0.6,69.88394262630831,60.0,78.1,85.2,83.2,55.0,2845,PREFERRED,1
85ecf03781da592876b7844acc1b729f,2,0.5,15.553564814814814,4.846898148148148,125.5,21.95,0.1952806261963358,4.5,0.2029120003975926,SP,sao paulo,2018-08-04 22:12:46,health_beauty,0.5,69.76113452862899,50.0,63.2,92.4,94.8,87.5,2846,PREFERRED,1
7d484ca289afaac6bf5fc6a1e96d2226,2,0.5,12.156967592592594,0.8101736111111111,91.6,32.61,0.36896926509753114,4.0,0.16158621866084577,MS,campo grande,2018-08-17 19:54:09,toys,0.5,69.64338895099038,50.0,71.1,94.2,89.8,75.0,2847,PREFERRED,1
95b293867b5862941c9cd74f756a3c68,9,0.4444444444444444,21.46414480452675,18.83087673611111,72.01111111111112,10.902222222222223,0.17268386312331468,3.5555555555555554,0.16367622927745368,SP,sao paulo,2018-02-22 09:55:25,telephony,0.5555555555555556,69.63797988348252,55.6,70.7,89.3,95.4,63.9,2848,PREFERRED,1
b8d890108a7a80e4f5d59eea9f362438,2,0.5,13.931145833333334,0.9735416666666666,44.849999999999994,17.295,0.41555183946488294,3.5,0.1169549790359802,PR,curitiba,2017-10-19 12:07:22,computers_accessories,0.5,69.63355992512699,50.0,79.7,93.3,88.5,62.5,2849,PREFERRED,1
88ae906ea2acf6971f26c3e8b7cb4357,2,0.5,12.034236111111111,2.8172685185185187,82.0,11.445,0.13957317073170733,3.5,0.13708903605616915,SP,sao paulo,2018-05-01 20:00:22,perfumery,0.5,69.60283507240304,50.0,75.8,94.3,96.4,62.5,2850,PREFERRED,1
7c4adcc13272c0e26fa23aac642adb7b,2,0.5,17.025104166666665,4.118900462962963,67.5,15.315000000000001,0.3571363636363636,3.0,0.08654180269202988,RJ,sao goncalo,2018-02-26 12:21:19,auto,0.5,69.13550732159547,50.0,85.5,91.6,90.2,50.0,2851,PREFERRED,1
3442f8959a84dea7ee197c632cb2df15,2,0.5,18.422476851851854,3.7067592592592593,103.95,12.74,0.12327883605819709,3.0,0.0990376653451054,SP,campinas,2017-08-21 20:35:44,sports_leisure,0.5,69.08928993144757,50.0,83.1,90.9,96.8,50.0,2852,PREFERRED,1
8ccf3cf69651cc1d8a02c8bfaf3b8568,2,0.5,25.706637731481482,2.3803819444444443,125.0,19.314999999999998,0.15452,3.5,0.12455334310581646,SP,rio claro,2017-05-11 18:33:36,computers_accessories,0.5,69.07391612657796,50.0,78.2,87.0,95.9,62.5,2853,PREFERRED,1
191d55f7edb8524d525ed01b20fe32e8,3,0.3333333333333333,22.529178240740745,12.78789351851852,249.0,21.933333333333334,0.08808567603748325,2.3333333333333335,0.1646583092666068,DF,brasilia,2018-01-18 00:19:41,furniture_mattress_and_upholstery,0.6666666666666667,69.05185812509694,66.7,70.5,88.7,97.8,33.3,2854,PREFERRED,1
5659d77e8d90378e39b960ad5956f64e,2,0.5,20.48904513888889,3.9452083333333334,91.24000000000001,15.325,0.1661405381074763,2.5,0.057045099671366506,SP,taubate,2018-03-24 16:46:37,health_beauty,0.5,68.94034338186815,50.0,91.2,89.8,95.6,37.5,2855,PREFERRED,1
79a679c36c08d606b3fd47ead9de109b,3,0.3333333333333333,11.681172839506173,4.588738425925926,311.6666666666667,45.74,0.16119607843137254,2.0,0.15672332693003777,SP,sao paulo,2018-05-03 17:57:35,drinks,0.6666666666666667,68.83714086013848,66.7,72.0,94.5,95.7,25.0,2856,PREFERRED,1
26e2c91ef821e1ff8985f408788fe35b,12,0.4166666666666667,26.224134837962964,23.431868055555555,137.45000000000002,22.8725,0.22999337770400366,3.0,0.14924845285773844,SP,ibitinga,2018-07-24 16:11:14,bed_bath_table,0.5833333333333333,68.6770450512537,58.3,73.5,86.7,93.8,50.0,2857,PREFERRED,0
8e4f041ff58e7845456d3482524014b3,2,0.5,24.080474537037034,5.805069444444444,66.9,24.295,0.3631539611360239,3.0,0.090225116599313,RS,porto alegre,2018-03-03 19:36:34,baby,0.5,68.38096006255851,50.0,84.8,87.9,90.0,50.0,2858,PREFERRED,1
4e85b538b0dad58852641540686d0e14,4,0.5,17.22519675925926,6.24775462962963,132.9925,28.595,0.8387692149345933,3.75,0.13766858599704765,SP,sao jose dos campos,2018-06-25 14:34:45,garden_tools,0.5,68.11573751157893,50.0,75.7,91.5,76.5,68.8,2859,PREFERRED,1
02d35243ea2e497335cd0f076b45675d,12,0.4166666666666667,28.907052469135802,8.48237962962963,440.5,41.615833333333335,0.11512375212128086,2.6666666666666665,0.1413600981262199,RN,natal,2018-03-19 12:08:34,furniture_decor,0.5833333333333333,67.91763649554412,58.3,75.0,85.3,97.0,41.7,2860,PREFERRED,0
961dff0a659b4561334372337dd897d9,3,0.6666666666666666,20.515949074074076,0.6929456018518518,2432.3333333333335,30.91333333333333,0.012822018156429416,4.666666666666667,0.14351418183972844,RJ,rio de janeiro,2017-06-05 19:38:57,cool_stuff,0.33333333333333337,67.52192486731494,33.3,74.6,89.8,99.9,91.7,2861,PREFERRED,1
0873d9f8f36123f8d910f4760e788cfb,6,0.5,13.130835262345679,3.1412885802469135,1223.8983333333333,36.903333333333336,0.030693181338590725,3.1666666666666665,0.16098524357426489,SP,barueri,2018-08-14 14:19:51,telephony,0.5,67.42966181128762,50.0,71.2,93.7,99.4,54.2,2862,PREFERRED,1
c1f12f926d0ba950578b4fa41115cbb6,2,0.5,36.750966435185184,39.87136574074074,239.8,38.48,0.16027028577642938,4.0,0.19007136874934244,SP,sao paulo,2018-08-01 17:20:32,housewares,0.5,66.91525425625791,50.0,65.7,81.2,95.8,75.0,2863,PREFERRED,1
eb9cd5b35d95206585e2185318cb5c61,2,0.5,16.270862268518517,0.7213194444444444,275.0,30.775,0.11185294117647059,3.0,0.15262495148233013,SP,sao paulo,2018-07-16 11:01:26,furniture_decor,0.5,66.72525417641275,50.0,72.8,92.0,97.1,50.0,2864,PREFERRED,1
26f6b7ab07be3e9e69ce82a6552efc19,2,0.5,10.984780092592594,1.7060300925925926,27.4,12.975,0.4954634591879223,3.0,0.1404132661807662,RJ,rio de janeiro,2018-08-15 15:12:34,sports_leisure,0.5,66.64210937940047,50.0,75.2,94.8,86.3,50.0,2865,PREFERRED,1
eebb3372362aa9a46975164bed19a7e7,4,0.5,52.582190393518516,62.529068287037035,73.99,14.662500000000001,0.1981686714420868,3.25,0.10961841876461301,SP,sao paulo,2017-05-09 20:50:26,telephony,0.5,66.5911870630125,50.0,81.1,72.8,94.7,56.2,2866,PREFERRED,1
8759e7aedd644f487315e5860962f162,3,0.3333333333333333,32.80336033950618,40.8806712962963,209.0,55.446666666666665,0.26529505582137164,3.6666666666666665,0.29347656949685685,SP,santo andre,2017-12-27 17:50:31,home_appliances,0.6666666666666667,66.5599718090006,66.7,45.8,83.3,92.8,66.7,2867,PREFERRED,1
5acd070dd3fe441bbb2ec1f1ede515ee,7,0.42857142857142855,26.1123082010582,22.94130787037037,109.16714285714285,17.45714285714286,0.4168618315749661,3.0,0.17575346537210731,SP,jundiai,2018-02-25 14:01:00,unknown,0.5714285714285714,66.46906009019476,57.1,68.4,86.8,88.5,50.0,2868,PREFERRED,1
038b75b729c8a9a04b0d07cba7eabe86,2,0.5,22.549861111111113,5.544421296296297,233.5,45.425,0.19453961456102783,3.5,0.1851651179981136,SP,sao jose dos campos,2018-04-22 18:42:38,housewares,0.5,66.30725274917123,50.0,66.6,88.7,94.8,62.5,2869,PREFERRED,1
a435b009cd956ea60748b5cfbddf2e24,3,0.6666666666666666,30.40936342592592,11.052037037037037,120.39333333333333,15.07,0.17286819588710678,4.333333333333333,0.11875200524479235,SP,franca,2017-07-26 10:05:21,perfumery,0.33333333333333337,66.21755092131711,33.3,79.3,84.5,95.4,83.3,2870,PREFERRED,1
92c8bc6e8f925792247656fed09aad65,2,0.5,13.436047453703704,1.7950810185185184,67.4,13.22,0.22647663805546067,3.0,0.16146748159291585,SP,sao paulo,2017-09-11 16:48:06,housewares,0.5,66.20172074397618,50.0,71.1,93.5,93.9,50.0,2871,PREFERRED,1
e88165a185134e13fdfc85d4fa654db8,2,0.5,9.153582175925926,8.843564814814815,54.0,20.61,0.41322222222222216,3.0,0.16171505253961166,SP,ferraz de  vasconcelos,2018-06-18 09:27:06,sports_leisure,0.5,66.00044862553293,50.0,71.1,95.8,88.6,50.0,2872,PREFERRED,1
559d56f3b8f0bc2e5a9a62fe2ce2a39f,2,0.5,12.295746527777778,6.029733796296297,192.5,24.36,0.13790296296296295,2.5,0.13516687721541543,SC,joinville,2018-08-05 23:10:33,baby,0.5,65.92887796142136,50.0,76.2,94.1,96.4,37.5,2873,PREFERRED,1
a154d7316f158bb42e6fa18bbe3afd3a,2,0.5,47.48453125,42.70306712962963,69.9,25.165,0.3600143061516452,3.0,0.10770063004950972,SP,sao paulo,2017-03-10 19:32:26,unknown,0.5,65.69164024005924,50.0,81.4,75.5,90.1,50.0,2874,PREFERRED,1
6219ba2359cfb97f2e38fd4c321eb309,5,0.6,23.707979166666668,11.740362654320988,68.52000000000001,16.509999999999998,0.2711594472009667,4.0,0.15924594547273246,SP,sao paulo,2018-06-29 11:02:18,housewares,0.4,65.61461741535186,40.0,71.6,88.1,92.6,75.0,2875,PREFERRED,1
e4f121bf6ef8b9a1d4d3e65dd0473fab,2,0.5,21.336834490740742,13.980254629629629,35.0,18.23,0.5317083333333333,3.0,0.14920325422581487,SP,sao jose do rio preto,2018-05-07 08:58:38,party_supplies,0.5,65.29498171126721,50.0,73.5,89.3,85.2,50.0,2876,PREFERRED,1
08cdbae123ff67ca4e36d9d641ce0119,4,0.5,24.25667534722222,9.385167824074074,774.7475,274.1175,0.29855537588298375,3.25,0.18722998449959682,MG,uba,2018-07-29 15:29:19,furniture_living_room,0.5,64.83994329911515,50.0,66.2,87.8,91.8,56.2,2877,PREFERRED,1
538caafddff204241cecbf3a02e6b3cf,8,0.5,17.311448206018518,5.765529513888889,16.05,11.30125,0.6972973621103117,2.75,0.13662438431707355,SP,sao paulo,2018-07-12 11:24:13,baby,0.5,64.81035975321554,50.0,75.9,91.5,80.5,43.8,2878,PREFERRED,1
5b97c06a046398e7005b2b7c0d707a92,3,0.6666666666666666,26.17675925925926,1.3678472222222222,379.99,66.14666666666666,0.17407475635323735,4.0,0.1317719983716125,MG,joao pinheiro,2017-07-27 12:29:26,musical_instruments,0.33333333333333337,64.6768433403358,33.3,76.8,86.8,95.4,75.0,2879,PREFERRED,1
312ba1d77e9c332ef21f9598b7f64cd7,7,0.5714285714285714,25.699447751322754,15.887256944444445,73.28571428571429,14.63,0.21349111382444716,3.142857142857143,0.1332194797806935,SP,guarulhos,2018-07-23 10:53:28,toys,0.4285714285714286,64.65263952730737,42.9,76.6,87.0,94.3,53.6,2880,PREFERRED,1
4b98b0428fc1932cc2514ef9ce2505e6,2,0.5,22.573813657407406,11.766412037037037,163.815,17.9,0.11239605729218624,2.0,0.11550370718703767,SP,taboao da serra,2017-11-16 17:01:40,unknown,0.5,64.25114628560135,50.0,79.9,88.7,97.1,25.0,2881,PREFERRED,1
44f091b5abab8018f682fce8124b85e5,3,0.6666666666666666,15.188487654320987,3.2825810185185187,118.13333333333333,11.593333333333334,0.14191424963174495,3.6666666666666665,0.13770779501886013,SP,sao paulo,2017-11-13 11:16:06,sports_leisure,0.33333333333333337,64.1074085891879,33.3,75.7,92.6,96.3,66.7,2882,PREFERRED,1
d8d9567d0bfb0bc7eb845a205ba42657,3,0.6666666666666666,16.208337191358023,1.1735358796296298,18.23333333333333,17.003333333333334,0.9828774746214294,4.333333333333333,0.14900403558513142,SP,sao paulo,2018-08-13 14:59:15,books_general_interest,0.33333333333333337,63.59870910436843,33.3,73.5,92.1,72.4,83.3,2883,PREFERRED,1
427165bf50f8ca07efc7bdc2bfcf1688,5,0.6,38.565872685185184,39.0904899691358,320.7,17.880000000000003,0.1549145233878227,3.2,0.14132766844498662,SP,americana,2018-04-26 18:02:59,health_beauty,0.4,62.621611496151964,40.0,75.0,80.2,95.9,55.0,2884,PREFERRED,1
700f03c207639c22d933381ff60b35c2,4,0.5,29.76735821759259,11.282644675925926,297.46500000000003,34.112500000000004,0.10633165123959568,4.0,0.2964901007411206,SP,barretos,2017-11-29 17:43:31,pet_shop,0.5,62.52473575739579,50.0,45.3,84.9,97.3,75.0,2885,PREFERRED,1
ec2e006556300a79a5a91e4876ab3a56,2,0.5,13.50111689814815,12.65056712962963,38.7,24.165,0.6244186046511628,1.5,0.10378602061747168,SP,sao paulo,2018-08-15 14:02:53,construction_tools_construction,0.5,62.2060266657696,50.0,82.2,93.5,82.6,12.5,2886,PREFERRED,1
17eea220a40cc0d2c0c5346379682398,3,0.6666666666666666,25.364583333333332,5.148831018518519,291.99333333333334,25.333333333333332,0.11359851061281516,3.6666666666666665,0.1638059584289221,SP,sao paulo,2017-09-29 18:39:14,health_beauty,0.33333333333333337,62.128182668850606,33.3,70.7,87.2,97.1,66.7,2887,PREFERRED,1
e09887ca8c7bf8a4621ce481820414ef,2,0.5,57.878368055555555,91.75356481481481,39.985,22.299999999999997,0.557749680041321,3.0,0.15479219522010298,SP,sao paulo,2017-11-14 10:04:27,furniture_decor,0.5,62.04778306498224,50.0,72.4,70.0,84.5,50.0,2888,PREFERRED,1
6f1a1263039c76e68f40a8e536b1da6a,2,0.5,51.000538194444445,72.845,89.345,37.25,0.3974282798653508,2.0,0.13155626155334652,SP,sao paulop,2018-01-15 15:18:27,food,0.5,60.41290454463888,50.0,76.9,73.6,89.0,25.0,2889,PREFERRED,1
553a440137d6e0cf776aee0bb83ac9f5,2,0.5,23.00158564814815,4.743923611111111,72.4,15.17,0.2127780719322882,1.0,0.1128922079185059,SP,limeira,2018-05-29 14:29:23,musical_instruments,0.5,60.307408088229785,50.0,80.4,88.5,94.3,0.0,2890,PREFERRED,1
973f21788dfab357250f69a8dcb7ddee,9,0.5555555555555556,23.757739197530864,10.338469907407408,97.66666666666667,54.48555555555556,0.9395343915343916,2.111111111111111,0.12928704435781316,MG,claudio,2018-05-14 11:48:47,sports_leisure,0.4444444444444444,59.621688447605116,44.4,77.3,88.0,73.7,27.8,2891,STANDARD,1
bcc9dd23e2a8bd8267cf92b19304a1b9,3,0.6666666666666666,22.54966049382716,8.25228587962963,67.59666666666668,14.476666666666667,0.21921086437083392,2.3333333333333335,0.11536295489540555,SP,ibitinga,2018-02-21 22:43:55,bed_bath_table,0.33333333333333337,59.37337303803463,33.3,80.0,88.7,94.1,33.3,2892,STANDARD,1
30c7f28fd3a5897b2c82d152bb760c17,6,0.5,20.652399691358024,2.9229938271604934,308.22999999999996,51.848333333333336,0.14311071976169354,1.4,0.17652877867445102,RJ,niteroi,2017-11-28 13:50:19,small_appliances,0.5,59.14285775821831,50.0,68.3,89.7,96.3,10.0,2893,STANDARD,1
fcf16b7a8697e559f0123190bb30177d,3,0.6666666666666666,15.578668981481483,5.6965104166666665,350.9333333333334,166.59,0.4043218085106383,3.3333333333333335,0.20035946133898044,SP,sao paulo,2018-08-13 20:33:57,musical_instruments,0.33333333333333337,59.0799172862762,33.3,63.7,92.4,88.8,58.3,2894,STANDARD,1
4342d4b2ba6b161468c63a7e7cfce593,2,0.5,15.676087962962963,6.824027777777777,264.45,17.27,0.10405514363275395,1.0,0.1761889145267811,RJ,rio de janeiro,2018-07-25 11:21:39,watches_gifts,0.5,58.16564850752679,50.0,68.3,92.3,97.4,0.0,2895,STANDARD,1
9ac75591b69c3402684b6ce0310f22ee,1,1.0,2.984837962962963,0.9082060185185186,60.5,9.17,0.1515702479338843,5.0,0.15594666682741082,SP,sao paulo,2018-08-21 22:09:39,housewares,0.0,57.509804196745065,0.0,72.2,99.1,96.0,100.0,2896,STANDARD,1
1f2eebc0e970fd3c463e4f5d9652687a,1,1.0,11.451400462962964,5.1224537037037035,44.99,8.48,0.18848633029562126,5.0,0.14640332329655423,SP,sao paulo,2018-08-09 16:06:19,books_technical,0.0,57.189101451849986,0.0,74.0,94.6,95.0,100.0,2897,STANDARD,1
05ca864204d09595ae591b93ea9cf93d,1,1.0,5.168472222222222,0.5562615740740741,179.9,8.52,0.04735964424680378,5.0,0.17001874445505044,SP,barueri,2018-08-16 09:18:25,consoles_games,0.0,56.95765333122775,0.0,69.5,97.9,99.0,100.0,2898,STANDARD,1
327b89b872c14d1c0be7235ef4871685,3,0.6666666666666666,47.8408024691358,19.200653935185183,392.3333333333333,27.266666666666666,0.1484668379765712,2.3333333333333335,0.13637121928446705,AM,manaus,2017-03-15 14:28:24,telephony,0.33333333333333337,56.55657874019114,33.3,75.9,75.3,96.1,33.3,2899,STANDARD,1
04843805947f0fc584fc1969b6e50fe7,1,1.0,15.037071759259259,0.6587615740740741,1400.0,74.76,0.0534,5.0,0.16613688213243577,RS,ivoti,2018-08-05 14:55:14,bed_bath_table,0.0,56.341825840208195,0.0,70.2,92.7,98.8,100.0,2900,STANDARD,1
b1b3948701c5c72445495bd161b83a4c,14,0.6428571428571429,23.403023313492064,10.760048868312758,1537.107142857143,28.910714285714285,0.024097855128090366,1.9285714285714286,0.1781802507834443,SP,sao paulo,2017-08-09 21:38:40,auto,0.3571428571428571,56.164881867533964,35.7,67.9,88.2,99.6,23.2,2901,STANDARD,0
633ecdf879b94b5337cca303328e4a25,6,0.6666666666666666,25.722860725308646,15.538489583333334,172.9333333333333,14.648333333333333,0.10194390765700652,1.8,0.155793271064687,SP,sao paulo,2017-09-22 18:11:44,health_beauty,0.33333333333333337,55.51668051312988,33.3,72.2,87.0,97.4,20.0,2902,STANDARD,1
9b1f656ca3060f8af17a50d8a024b533,1,1.0,26.01560185185185,7.538090277777778,28.5,19.39,0.6803508771929825,5.0,0.13052014490726502,SP,santos,2018-07-25 12:32:23,costruction_tools_tools,0.0,55.39633068070003,0.0,77.1,86.9,81.0,100.0,2903,STANDARD,1
244b04680fdbded0acf5aebd9c92b44a,2,0.5,38.01493055555555,19.349155092592593,850.9000000000001,43.495,0.0516008184750843,1.0,0.21466292344011195,SP,jundiai,2017-12-14 18:34:09,musical_instruments,0.5,54.694859633663114,50.0,60.9,80.5,98.8,0.0,2904,STANDARD,1
f5fea3ffed6c2e889bab72705557c63a,1,1.0,28.703055555555554,1.6988194444444444,345.0,123.8,0.35884057971014494,5.0,0.16989209887212367,RJ,rio de janeiro,2017-04-18 23:53:54,furniture_decor,0.0,54.20854425918733,0.0,69.5,85.4,90.1,100.0,2905,STANDARD,1
2a73cba571d90c694b7caca072ccf6ce,1,1.0,21.333020833333332,0.7170949074074074,342.78,38.7,0.1129004025905829,5.0,0.2123501183395254,SP,sao caetano do sul,2018-07-26 09:13:04,furniture_decor,0.0,53.45815066393652,0.0,61.4,89.3,97.1,100.0,2906,STANDARD,1
535bf14f36346c7f59d87cece104d70c,1,1.0,4.217708333333333,0.6958333333333333,50.0,7.77,0.15539999999999998,4.0,0.16528856877428919,RJ,rio de janeiro,2018-08-19 11:28:30,construction_tools_lights,0.0,53.203307143040014,0.0,70.4,98.4,95.9,75.0,2907,STANDARD,1
6524b847b982cd56bb5d4b02b776ee42,1,1.0,42.330416666666665,16.81855324074074,779.8,55.14,0.07071043857399334,4.0,0.11141400817952539,SP,campinas,2018-02-14 11:42:55,computers_accessories,0.0,52.994484707577804,0.0,80.7,78.2,98.3,75.0,2908,STANDARD,1
271b8923c6a549e02d3c9fd1f8c0422b,1,1.0,14.175335648148149,4.994236111111111,105.19,13.4,0.12738853503184713,4.0,0.1561030386241259,SP,praia grande,2018-07-30 19:39:13,construction_tools_construction,0.0,52.93114415654172,0.0,72.2,93.1,96.7,75.0,2909,STANDARD,1
ebe3dabc4955c9b0d695e7bda38bf5c3,1,1.0,23.45189814814815,4.092789351851851,55.0,11.89,0.2161818181818182,3.0,0.057973444506788326,SP,ribeirao preto,2018-02-20 15:22:53,computers_accessories,0.0,52.893278563594436,0.0,91.0,88.2,94.2,50.0,2910,STANDARD,1
c611f4ce9ce875bcc063fa97fd4d7d12,1,1.0,4.072800925925926,1.6859375,319.0,13.25,0.041536050156739814,4.0,0.18123092193488316,SP,atibaia,2018-07-31 14:42:55,garden_tools,0.0,52.774087047501695,0.0,67.4,98.5,99.1,75.0,2911,STANDARD,1
d1aa1ec0839dcab73a6161130eb1f94a,1,1.0,35.02212962962963,2.453275462962963,119.9,16.14,0.13461217681401166,4.0,0.12969814683570727,PR,curitiba,2017-04-19 10:20:51,furniture_decor,0.0,52.51820327418819,0.0,77.2,82.1,96.5,75.0,2912,STANDARD,1
bcd2d7510d58e293f20fad6438c1b314,1,1.0,33.19689814814815,4.682222222222222,23.9,15.56,0.6510460251046025,4.199456829701286,0.1197122686542374,PR,curitiba,2017-02-09 11:38:52,baby,0.0,52.42428654947051,0.0,79.1,83.0,81.8,80.0,2913,STANDARD,1
edf3fabebcc20f7463cc9c53da932ea8,1,1.0,21.082037037037036,4.96630787037037,219.9,24.12,0.10968622100954979,4.0,0.16099471865401885,SP,sao paulo,2018-05-22 21:13:21,furniture_decor,0.0,52.197830352887856,0.0,71.2,89.5,97.2,75.0,2914,STANDARD,1
20f0aeea30bc3b8c4420be8ced4226c0,1,1.0,44.71587962962963,13.517222222222221,14.9,14.52,0.9744966442953019,4.199456829701286,0.08896419847668621,SP,santa barbara d'oeste,2017-02-05 19:13:56,bed_bath_table,0.0,52.06377617923723,0.0,85.0,76.9,72.7,80.0,2915,STANDARD,1
efb628aa07c8ca93d7db0d85b91a4f5a,1,1.0,25.588310185185186,1.9546759259259259,204.0,58.1,0.28480392156862744,4.0,0.16010046622021296,RJ,nova iguacu,2017-11-17 08:47:34,furniture_bedroom,0.0,51.3854458751839,0.0,71.4,87.1,92.2,75.0,2916,STANDARD,1
80ceebb4ee9b31afb6c6a916a574a1e2,1,1.0,20.866354166666667,5.62349537037037,6729.0,193.21,0.028713033140139694,4.199456829701286,0.21294048723470632,PR,londrina,2018-07-25 18:10:17,computers,0.0,50.70382853235934,0.0,61.3,89.6,99.5,80.0,2917,STANDARD,1
13d95f0f6f73943d4ceffad0fc2cd32c,1,1.0,22.338900462962965,2.855462962962963,249.99,59.33,0.23732949317972718,3.0,0.11927298207099067,GO,goiania,2018-03-13 12:23:51,auto,0.0,49.98470795288913,0.0,79.2,88.8,93.6,50.0,2918,STANDARD,1
7c462184585ae80bd6e5774c62ce50f2,1,1.0,16.04199074074074,8.568425925925926,60.0,17.64,0.294,3.0,0.14602620650489057,SP,campinas,2018-05-07 12:38:04,baby,0.0,49.042747750834906,0.0,74.1,92.1,92.0,50.0,2919,STANDARD,1
1352e06ae67b410cdae0b2a22361167b,2,1.0,34.307094907407404,3.0939814814814817,89.0,18.05,0.20280898876404496,3.0,0.12112324751629126,RJ,rio de janeiro,2017-04-07 19:33:15,unknown,0.0,49.04238919772674,0.0,78.9,82.5,94.6,50.0,2920,STANDARD,1
8d92f3ea807b89465643c219455e7369,3,0.6666666666666666,45.54934027777778,18.90259837962963,40.4,43.85666666666666,1.6622267488860303,1.0,0.11335956021092965,SP,sao paulo,2017-02-26 05:12:17,unknown,0.33333333333333337,48.54580324841232,33.3,80.4,76.5,53.1,0.0,2921,STANDARD,1
c13ef0cfbe42f190780f621ce81f2234,1,1.0,28.063055555555554,6.629965277777778,390.0,61.28,0.15712820512820513,3.0,0.17066918591366725,SP,sao paulo sp,2018-01-18 13:36:21,electronics,0.0,47.29459117311216,0.0,69.4,85.8,95.9,50.0,2922,STANDARD,1
e5bd51692380fd8cabb19b756b95e714,2,1.0,33.66361689814815,6.164635416666667,39.9,12.975,0.325187969924812,3.0,0.16379255896488354,SP,santo andre,2017-12-23 01:03:28,unknown,0.0,46.70185968293841,0.0,70.7,82.8,91.1,50.0,2923,STANDARD,1
bc8c8d665ec4664d286be0d521722b19,1,1.0,8.033923611111112,4.66162037037037,22.5,8.32,0.3697777777777778,2.0,0.1467617991868991,SP,sao paulo,2018-08-06 15:03:53,health_beauty,0.0,45.67921490402242,0.0,74.0,96.4,89.8,25.0,2924,STANDARD,1
9da15f4a4ea758d9eeb49000dbe57e22,1,1.0,22.51039351851852,6.047164351851852,196.9,37.71,0.1915185373285932,2.0,0.15835247290675555,SP,osasco,2018-07-31 12:52:57,office_furniture,0.0,44.47864385983043,0.0,71.7,88.7,94.9,25.0,2925,STANDARD,1
344223b2a90784f64136a8a5da012e7f,1,1.0,32.62399305555556,0.5481018518518519,10.9,16.79,1.5403669724770641,2.0,0.0793305319474239,SC,gaspar,2018-01-17 22:10:43,food_drink,0.0,43.63310364652232,0.0,86.9,83.4,56.6,25.0,2926,STANDARD,1
be1e9e378700cecaa4ebf71433d7915c,2,1.0,48.17583912037037,24.26342013888889,59.94500000000001,18.81,0.30285846868944605,3.0,0.21110233734627132,SP,ribeirao preto,2018-01-22 17:08:00,unknown,0.0,43.344552727552994,0.0,61.6,75.1,91.7,50.0,2927,STANDARD,1
63704069d9bd3a75c1cf59babe56004a,1,1.0,18.27550925925926,7.776087962962963,59.3,7.39,0.12462057335581787,1.0,0.1275166627338587,SP,jundiai,2018-06-08 12:00:50,drinks,0.0,42.73264789178815,0.0,77.6,91.0,96.8,0.0,2928,STANDARD,1
c7b7db6c8f3c64a7cc1afa634db21d50,1,1.0,33.21452546296296,16.650462962962962,1489.0,22.86,0.015352585627938214,1.0,0.11313648751549862,SP,sao paulo,2018-03-11 10:27:45,housewares,0.0,42.54387165260909,0.0,80.4,83.0,99.9,0.0,2929,STANDARD,1
19484c79cef6c062cb177aa4ef2fcc3c,1,1.0,21.42582175925926,3.5027662037037035,201.9,10.16,0.05032194155522536,1.0,0.13151014799553756,SP,valinhos,2018-08-03 01:50:48,perfumery,0.0,42.50165152245231,0.0,76.9,89.3,98.9,0.0,2930,STANDARD,1
391bbd13b6452244774beff1824006ed,1,1.0,44.565300925925925,24.027685185185184,63.9,17.7,0.27699530516431925,1.0,0.08141478662720612,SP,campinas,2018-03-05 11:05:50,sports_leisure,0.0,42.418775501371414,0.0,86.5,77.0,92.5,0.0,2931,STANDARD,1
f524ad65d7e0f1daab730ef2d2e86196,1,1.0,24.899224537037036,3.8366319444444446,578.0,31.5,0.054498269896193774,1.0,0.13113296046142534,RS,soledade,2018-01-29 22:29:52,garden_tools,0.0,42.23169296458455,0.0,77.0,87.4,98.8,0.0,2932,STANDARD,1
9ef932e837d8b7f392c0bfee9d359dc2,1,1.0,36.47038194444445,9.004814814814814,59.9,19.66,0.3282136894824708,3.0,0.25294697282597034,SP,ibitinga,2017-11-20 12:49:35,unknown,0.0,42.198425133284864,0.0,53.6,81.3,91.0,50.0,2933,STANDARD,1
154bdf805377afea75a3bd158e9eab10,1,1.0,24.920844907407407,2.700451388888889,89.9,19.82,0.22046718576195773,1.0,0.12534168187563885,SP,ibitinga,2018-07-02 18:42:38,baby,0.0,42.03648902201162,0.0,78.1,87.4,94.1,0.0,2934,STANDARD,1
5ca5d579b5857ee8709479b1047cecc3,1,1.0,17.78358796296296,5.7306944444444445,169.99,8.05,0.04735572680745927,1.0,0.15270739944028092,SP,sao paulo,2018-03-22 22:43:50,consoles_games,0.0,41.784044123059076,0.0,72.8,91.2,99.0,0.0,2935,STANDARD,1
ca5832c6960267b71041f74bb39e8b12,1,1.0,45.16071759259259,14.877280092592592,79.9,17.81,0.2229036295369211,1.0,0.09882546448401819,SC,xanxere,2017-06-19 17:11:51,music,0.0,41.69072453997478,0.0,83.1,76.7,94.0,0.0,2936,STANDARD,1
3da38366e7bd9baf6369071f782ecdf0,1,1.0,53.34842592592592,6.915891203703704,59.47,26.96,0.4533378173869178,1.0,0.08346312706027831,CE,fortaleza,2018-01-04 13:37:09,auto,0.0,41.12186205784817,0.0,86.1,72.4,87.4,0.0,2937,STANDARD,1
d1a5cc844736958c11b8efab9a2b4c87,1,1.0,30.294270833333332,8.838784722222222,237.6,16.41,0.06906565656565657,1.0,0.14937405498611134,PR,curitiba,2017-10-23 13:04:06,furniture_decor,0.0,40.88739110285165,0.0,73.5,84.6,98.4,0.0,2938,STANDARD,1
791cfcfe22fe4a771ece27f90017da92,1,1.0,28.20550925925926,5.793865740740741,298.13,17.85,0.05987320967363231,1.0,0.1541331314867812,SP,ribeirao preto,2017-06-12 14:07:14,computers_accessories,0.0,40.85153666752628,0.0,72.5,85.7,98.6,0.0,2939,STANDARD,1
6d04126aba80df143fd038e711b8fd96,1,1.0,37.079166666666666,16.696944444444444,89.99,18.87,0.209689965551728,1.0,0.1312528535085977,RJ,rio de janeiro,2017-09-08 14:49:36,sports_leisure,0.0,40.817106222863124,0.0,76.9,81.0,94.4,0.0,2940,STANDARD,1
1b4b28463457a256e9a784ebe2a8f630,1,1.0,14.144814814814815,7.846111111111111,699.42,15.92,0.0227617168511052,1.0,0.18645903211936043,SP,piracicaba,2018-08-07 16:49:52,auto,0.0,40.52601310708903,0.0,66.4,93.1,99.7,0.0,2941,STANDARD,1
51a04a8a6bdcb23deccc82b0b80742cf,1,1.0,35.314861111111114,7.817743055555556,167.99,31.93,0.19007083754985415,1.0,0.14284740207276336,SP,braganca paulista,2017-11-14 12:04:09,electronics,0.0,40.45753131990781,0.0,74.7,81.9,94.9,0.0,2942,STANDARD,1
586a871d4f1221763fddb6ceefdeb95e,1,1.0,68.62114583333333,22.59372685185185,198.0,41.48,0.20949494949494948,1.0,0.08662332533348532,RS,porto alegre,2017-01-26 23:20:31,furniture_decor,0.0,40.44801435265031,0.0,85.5,64.3,94.4,0.0,2943,STANDARD,1
9bf11dfc0bec77e5a23028043c3c5a8f,1,1.0,31.544166666666666,12.486446759259259,115.0,17.06,0.1483478260869565,1.0,0.15735671366134374,MG,contagem,2017-11-24 22:36:53,auto,0.0,40.18055758814066,0.0,71.9,83.9,96.1,0.0,2944,STANDARD,1
9c57bc60cfad5ee62d35d3f1ce4593a1,1,1.0,37.03043981481481,14.595949074074074,180.0,15.43,0.08572222222222223,1.0,0.17433629830060188,PR,curitiba,2017-04-26 13:34:20,pet_shop,0.0,39.10849262561229,0.0,68.7,81.0,97.9,0.0,2945,WATCHLIST,1
c004e5ea15737026cecaee0447e00b75,1,1.0,33.83170138888889,15.844189814814815,2350.0,105.12,0.044731914893617025,1.0,0.19627362813803656,SP,sao paulo,2018-08-10 00:17:59,home_appliances_2,0.0,38.42806166363444,0.0,64.5,82.7,99.0,0.0,2946,WATCHLIST,1
8c3b533c63cca56240f94f1e3a6b18ef,2,1.0,57.62215856481482,19.14181712962963,899.8,298.32,0.33154034229828855,1.0,0.13993986829840177,MG,belo horizonte,2017-05-15 00:45:02,furniture_decor,0.0,38.421683369723084,0.0,75.3,70.1,90.9,0.0,2947,WATCHLIST,1
781a66c0d89e30814d49fe8b5e14cd07,1,1.0,33.1228587962963,10.651435185185186,115.0,21.3,0.18521739130434783,1.0,0.19118479007534667,SP,campinas,2017-11-15 12:41:09,cool_stuff,0.0,38.32959603787442,0.0,65.4,83.1,95.1,0.0,2948,WATCHLIST,1
8629a7efec1aab257e58cda559f03ba7,1,1.0,59.22667824074074,33.807858796296294,45.22,18.89,0.4177355152587351,1.0,0.13738345759712203,GO,goiania,2018-02-16 13:56:54,computers_accessories,0.0,38.17199671112733,0.0,75.8,69.2,88.5,0.0,2949,WATCHLIST,1
324583d68897f5ddbaf38f6248322176,1,1.0,33.468900462962964,11.97537037037037,56.0,30.2,0.5392857142857143,1.0,0.17549903441339945,SP,sao jose do rio preto,2018-02-21 12:09:19,furniture_decor,0.0,38.048910216579145,0.0,68.5,82.9,85.0,0.0,2950,WATCHLIST,1
8e670472e453ba34a379331513d6aab1,1,1.0,86.00116898148148,35.714699074074076,975.0,108.96,0.11175384615384615,1.0,0.12049572221722112,MG,juiz de fora,2017-09-06 17:07:29,auto,0.0,37.72050147218395,0.0,79.0,55.1,97.1,0.0,2951,WATCHLIST,1
20d53aad4fe5ee93a64f8839609d3586,1,1.0,39.27744212962963,17.70753472222222,14.5,12.48,0.8606896551724138,1.0,0.15526371091940358,MG,santa rita do sapucai,2017-11-26 10:19:20,garden_tools,0.0,37.64456088665814,0.0,72.3,79.8,75.9,0.0,2952,WATCHLIST,1
4e42581f08e8cfc7c090f930bac4552a,1,1.0,47.10233796296296,12.860358796296296,98.0,53.8,0.5489795918367346,1.0,0.19479934090213835,SP,portoferreira,2017-11-24 18:11:33,kitchen_dining_laundry_garden_furniture,0.0,36.01263029980565,0.0,64.8,75.7,84.7,0.0,2953,WATCHLIST,1
685b870da5b52a710782c9c0fefbeb5b,2,1.0,39.61394675925926,16.748796296296298,313.5,21.99,0.22852863032524048,2.0,0.32124438314852044,SP,sao bernardo do campo,2018-03-01 16:36:58,musical_instruments,0.0,35.20899533623991,0.0,40.5,79.6,93.8,25.0,2954,WATCHLIST,1
984c273121e743dd14767befe6cb17f5,1,1.0,33.85025462962963,3.694375,259.6,21.31,0.08208782742681046,1.0,0.2631533115239145,SP,americana,2017-11-25 20:15:32,cool_stuff,0.0,35.116162077655844,0.0,51.7,82.7,98.0,0.0,2955,WATCHLIST,1
d8dd176509baa37f359644d082bf7f7b,2,1.0,30.358559027777776,10.871394675925925,99.0,15.95,0.1611111111111111,1.5,0.3851783905519928,SP,sao caetano do sul,2017-11-25 11:34:38,cool_stuff,0.0,31.197940714714306,0.0,28.3,84.6,95.7,12.5,2956,WATCHLIST,1
df683dfda87bf71ac3fc63063fba369d,1,1.0,189.86315972222224,167.70841435185184,39.9,16.05,0.40225563909774437,1.0,0.1048858231242871,RS,farroupilha,2017-03-13 20:17:10,furniture_decor,0.0,29.385723267820513,0.0,82.0,0.0,88.9,0.0,2957,WATCHLIST,1
2a50b7ee5aebecc6fd0ff9784a4747d6,1,1.0,39.73696759259259,17.64377314814815,199.8,64.44,0.3225225225225225,1.0,0.3613859428908138,DF,brasilia,2017-11-27 21:45:48,construction_tools_construction,0.0,29.259179390746244,0.0,32.8,79.6,91.2,0.0,2958,WATCHLIST,1
da2782c804606d2a5d8e1760dbb3e7ec,1,1.0,32.77846064814815,13.811111111111112,89.0,14.37,0.16146067415730336,1.0,0.5326603447337226,SP,sao paulo,2017-11-26 00:47:01,baby,0.0,22.06320055068858,0.0,0.0,83.3,95.7,0.0,2959,WATCHLIST,1
