order_id,primary_seller_id,order_purchase_timestamp,order_estimated_delivery_date,product_category,customer_state,seller_state,customer_city,seller_city,total_order_value,total_freight_value,item_count,distance_km,estimated_lead_time_days,seller_hist_delay_rate,seller_hist_on_time_rate,seller_hist_avg_delivery_days,seller_orders_last_30_days,delay_probability,delivery_delay,delivery_days,delay_days,review_score,split
cc76aaca069f9c7127c3403e8eabd100,70a12e78e608ac31179aea7f8422044b,2017-09-30 09:33:22,2017-11-06,health_beauty,PE,SP,vicencia,jacarei,98.0,33.14,1,2078.142187584089,36.6018287037037,0.0526315789473684,0.9473684210526316,13.213560753736184,20.0,0.0675337304435314,0,19.412731481481483,-17.189097222222223,5.0,train
96a37e69d0e47674bb4214448cf76dc8,7c67e1448b00f6e969d365cea6b010ab,2017-09-01 13:44:38,2017-09-20,office_furniture,SP,SP,sao paulo,itaquaquecetuba,279.98,54.84,2,22.398734610577176,18.42733796296296,0.0572390572390572,0.9427609427609428,17.14692737560793,44.0,0.0980104536559548,0,12.030127314814814,-6.397210648148148,4.0,train
416f4d86856fe1ce4eece8bb4e38cdb6,00ee68308b45bc5e2660cd833c3f81cc,2018-02-08 13:47:24,2018-03-07,bed_bath_table,RJ,SP,duque de caxias,sao paulo,250.0,15.5,1,356.725663058508,26.425416666666667,0.025,0.975,7.245711226851851,35.0,0.1565290422870905,0,20.23292824074074,-6.192488425925926,4.0,validation
8970750238b5ef33e7c68e952f53aa9f,70eea00b476a314817cefde4aad4f89a,2018-04-05 10:07:24,2018-04-27,sports_leisure,MG,SP,conselheiro lafaiete,itatiba,520.0,47.22,1,409.7188813515852,21.57819444444445,0.0806451612903225,0.9193548387096774,14.767262544802865,12.0,0.1310736972357067,0,12.475983796296296,-9.102210648148148,4.0,test
6f09a390f155a581c268dade6de048e1,0ea22c1cfbdc755f86b9b54b39c16043,2017-05-24 21:43:53,2017-06-28,fashion_bags_accessories,SP,MG,varzea paulista,sete lagoas,24.9,15.1,1,497.9079377953384,34.09452546296296,0.0,1.0,11.481001961162551,29.0,0.0169126767275672,0,7.568113425925926,-26.52641203703704,5.0,train
b3670dbd7176f89ca438f00d60d705a6,ea8482cd71df3c1969d7b9473ff13abc,2018-06-03 20:36:42,2018-07-17,telephony,RS,SP,canoas,sao paulo,29.99,15.23,1,830.4682061544772,43.14118055555556,0.1108719052744887,0.8891280947255114,14.149936984212433,70.0,0.0987910135714094,0,10.006782407407409,-33.13439814814815,5.0,test
f934d80ca76365bd394059be22a837f5,3d871de0142ce09b7081e2b9d1733cb1,2018-01-09 14:04:41,2018-01-30,stationery,SP,SP,ferraz de vasconcelos,campo limpo paulista,89.0,13.64,1,52.05097977843384,20.41341435185185,0.0421792618629174,0.9578207381370826,12.04776154559656,166.0,0.0900615208053253,0,13.140520833333332,-7.272893518518519,5.0,validation
5982f7ae2a7fe7f609c44a33a9780ffd,ea8482cd71df3c1969d7b9473ff13abc,2018-01-12 19:00:35,2018-02-07,telephony,PE,SP,recife,sao paulo,39.99,17.63,1,2126.36304119274,25.207928240740745,0.0778443113772455,0.9221556886227544,12.678631833555112,135.0,0.2163506319683561,0,17.054560185185185,-8.153368055555555,5.0,validation
39597e816452d67775b185a4de2f583f,c847e075301870dd144a116762eaff9a,2017-07-27 18:05:53,2017-08-18,cool_stuff,RJ,MG,cabo frio,uberaba,99.9,16.46,1,702.0532525842306,21.24591435185185,0.09375,0.90625,12.265844184027776,5.0,0.0447924814458978,0,15.136215277777778,-6.109699074074074,1.0,train
125b6d6d69726457c31530e0fae8ff38,7c67e1448b00f6e969d365cea6b010ab,2017-12-13 13:50:44,2018-01-23,office_furniture,RJ,SP,barra mansa,itaquaquecetuba,139.94,40.31,1,247.3121507340961,40.423101851851854,0.0765765765765765,0.9234234234234234,18.265776688146488,63.0,0.2332801143747965,0,28.01857638888889,-12.404525462962964,4.0,train
9255ad2a47494da79baea8e89933d2ac,bfd27a966d91cfaafdb25d076585f0da,2018-02-08 04:26:15,2018-03-19,stationery,RS,SP,alvorada,serra negra,59.0,17.66,1,932.589343586094,38.81510416666666,0.0444444444444444,0.9555555555555556,12.123809413580243,12.0,0.0684415222346515,0,9.37934027777778,-29.43576388888889,5.0,validation
23af56e201b15091e86aebe6bde84b2b,86ccac0b835037332a596a33b6949ee1,2018-02-20 22:22:10,2018-03-19,watches_gifts,RJ,SC,rio de janeiro,blumenau,127.49,20.13,1,739.5629222198964,26.06793981481481,0.0197368421052631,0.9802631578947368,11.686582830774856,8.0,0.1153126819451607,1,29.842152777777777,3.774212962962963,4.0,validation
d17e55847c962eeaa8966bcc0c758492,5d0363b33554b373851fc1622e4d5f3c,2018-05-01 20:39:02,2018-05-24,auto,RJ,SP,teresopolis,atibaia,50.9,33.9,1,379.0878244048344,22.139560185185186,0.0909090909090909,0.9090909090909092,13.72893181818182,12.0,0.178775858325183,0,14.110729166666667,-8.028831018518519,4.0,test
e73eb0a2c088eec6c479d66ac0d910f0,bb5bd94c8f59cc050072d2930c869cac,2018-02-24 10:02:14,2018-03-19,fashion_bags_accessories,MG,SP,juiz de fora,sao paulo,49.99,15.1,1,395.550153977969,22.58178240740741,0.0,1.0,14.098817663817664,0.0,0.0629890170598313,1,23.38576388888889,0.8039814814814815,4.0,validation
5255f1faed117d0031d5f1c17d645d61,7ddcbb64b5bc1ef36ca8c151f6ec77df,2017-07-24 14:12:00,2017-08-15,cool_stuff,RJ,SP,rio de janeiro,sao paulo,134.99,15.7,1,317.7931638335423,21.40833333333333,0.0,1.0,3.116469907407408,3.0,0.0480799678336152,0,9.996828703703704,-11.41150462962963,3.0,train
475884ab4a0fd44c36d533ce24ba64c7,1da3aeb70d7989d1e6d9b0e887f97c23,2018-07-30 18:03:39,2018-08-03,sports_leisure,SP,SP,sao paulo,sao paulo,19.99,7.4,1,10.573177077542525,3.2474652777777777,0.0434782608695652,0.9565217391304348,8.68025161030596,19.0,0.1425646870072414,0,3.1788773148148146,-0.0685879629629629,4.0,test
16859c16cad5082b592ab0ecc7234a71,7722b1df1b0e383e000397b2c11e3e19,2017-03-19 22:03:40,2017-04-11,housewares,RJ,SP,rio de janeiro,sao bernardo do campo,34.9,14.52,1,354.2343963269132,22.08078703703704,0.0,1.0,8.796248713991769,10.0,0.0405199554537948,0,3.5126041666666667,-18.56818287037037,4.0,train
d0279b35becff27d8de5a2278536388c,53243585a1d6dc2643021fd1853d8905,2018-06-26 11:52:40,2018-08-13,telephony,RJ,BA,rio de janeiro,lauro de freitas,219.0,20.44,1,1224.4833627998314,47.50509259259259,0.0343511450381679,0.965648854961832,13.95792488337574,0.0,0.1089822920361405,0,6.920868055555555,-40.58422453703704,5.0,test
7a1fadde9a014947dc553d03acec903c,1838dd9b8977065acf51d95e0053ea7a,2018-05-08 21:49:05,2018-06-21,computers_accessories,AM,MG,manaus,belo horizonte,28.9,27.41,1,2547.225862179706,43.09091435185185,0.0444444444444444,0.9555555555555556,13.421108796296297,4.0,0.086999288605163,0,21.78071759259259,-21.31019675925926,5.0,test
43ad91c37e773a2fc263fd0f7c48b1c0,1660ad786c27fd935378b6192a90b417,2018-07-21 10:10:09,2018-08-17,computers_accessories,CE,SP,caucaia,sao bernardo do campo,90.0,22.91,1,2374.191264346151,26.576284722222223,0.125,0.875,7.440153356481481,2.0,0.1483882417289734,0,10.490659722222222,-16.085625,5.0,test
d9d03fe2697fd771cabf718ae4cc6b14,751bdc4d83a466c7206cd42e8f426b03,2018-03-11 20:22:41,2018-04-05,sports_leisure,SC,SP,palmeira,ribeirao pires,49.9,18.23,1,571.6517726765526,24.150914351851853,0.0277777777777777,0.9722222222222222,11.70896412037037,3.0,0.1119440101462179,0,15.698703703703703,-8.452210648148148,1.0,validation
c5ddf6be2ae50588b29222f7b1fd84aa,6560211a19b47992c3666cc44a7e94c0,2018-08-16 22:12:44,2018-09-10,watches_gifts,ES,SP,linhares,sao paulo,49.0,18.44,1,841.2963494770922,24.074490740740742,0.0600706713780918,0.939929328621908,9.71232617076736,261.0,0.1431647366700873,0,8.60625,-15.46824074074074,5.0,test
d708807b9e8f75432049fff5ef066483,218d46b86c1881d022bce9c68a7d4b15,2017-08-25 15:16:28,2017-09-19,sports_leisure,MG,SP,contagem,ribeirao preto,107.0,21.24,1,412.7188822746393,24.36356481481481,0.0434782608695652,0.9565217391304348,12.83462296195652,22.0,0.0075189196880357,0,14.115949074074074,-10.24761574074074,4.0,train
6e00490e8e97e8522f6f3b2d440ec3de,7a67c85e85bb2ce8582c35f2203ad736,2017-10-07 23:26:44,2017-11-08,cool_stuff,RS,SP,esteio,sao paulo,99.99,16.95,1,837.1566539302495,31.02310185185185,0.0389830508474576,0.9610169491525424,10.366700466886382,67.0,0.0232819042945329,0,9.838368055555556,-21.184733796296296,3.0,train
79e2f7d45aa63a71363003bd1e16f081,46dc3b2cc0980fb8ec44634e21d2718e,2017-12-12 19:47:15,2018-01-09,toys,PR,RJ,curitiba,rio de janeiro,69.99,15.25,1,675.5538967163264,27.175520833333334,0.0198300283286118,0.980169971671388,10.241571418266712,161.0,0.0822235964425621,0,8.032002314814815,-19.14351851851852,2.0,train
cfeb6fba6506bc759791eafbf3acb0c7,53e4c6e0f4312d4d2107a8c9cddf45cd,2017-06-30 21:32:58,2017-08-04,housewares,MG,SP,lavras,pedreira,156.99,57.77,1,256.7690833655816,34.102106481481485,0.028169014084507,0.971830985915493,14.178954094940012,19.0,0.0213160794233004,0,21.685324074074074,-12.416782407407409,5.0,train
096ff3d928fd9b00eed2c839ad0c2223,8fdca8e349553f99bc738833a62c8802,2017-05-30 20:29:07,2017-06-13,electronics,SP,SP,sao paulo,sao paulo,94.99,8.89,1,8.241746221332198,13.14644675925926,0.125,0.875,14.324590567129633,0.0,0.0951977263056115,0,1.495763888888889,-11.650682870370373,3.0,train
293b49dd2d7212a25cd82a02e0c984ef,cb8bcce248bb1fb274ba762d8b971456,2017-11-09 19:16:07,2017-11-29,cool_stuff,MG,MG,brejo bonito,santa rita do sapucai,139.9,14.0,1,517.8864556134378,19.197141203703705,0.0,1.0,11.963847284784782,3.0,0.036227962191635,0,11.618796296296296,-7.578344907407407,5.0,train
a0b05780db06986cd81518fc9cc9b34d,1025f0e2d44d7041d6cf58b6550e0bfa,2017-11-24 19:58:16,2017-12-11,furniture_decor,SP,SP,guarulhos,sao paulo,98.97,39.24,3,16.542736218640023,16.16787037037037,0.0148148148148148,0.9851851851851852,11.16766349451303,70.0,0.216911447054868,0,5.02699074074074,-11.14087962962963,5.0,train
38bb5f9d2356ae738afe613b8e723645,1f50f920176fa81dab994f9023523100,2017-09-03 23:09:13,2017-09-28,garden_tools,SP,SP,bauru,sao jose do rio preto,59.9,13.44,1,169.2286545579665,24.035266203703703,0.0194805194805194,0.9805194805194806,13.307803706709954,99.0,0.0255453580959061,0,9.82710648148148,-14.208159722222222,4.0,train
2a1c6a5612d7f6ef30ac8905ab262074,7142540dd4c91e2237acb7e911c4eba2,2018-05-17 16:47:12,2018-06-04,auto,SP,SP,pedranopolis,penapolis,59.9,14.51,1,131.06382546544546,17.300555555555555,0.083941605839416,0.916058394160584,15.121927590227084,23.0,0.1058384547866168,0,7.99761574074074,-9.302939814814817,4.0,test
80092307dc8a515d508a93a24516a62e,855668e0971d4dfd7bef1b6a4133b41b,2017-11-06 21:54:35,2017-12-05,baby,RN,SP,natal,itatiba,64.99,21.25,1,2283.4406231285884,28.08709490740741,0.059322033898305,0.940677966101695,11.542614367545522,22.0,0.1287819800314814,0,17.119537037037038,-10.96755787037037,5.0,train
ce5a9de9a8a2c2a47c627c3615f90700,955fee9216a65b617aa5c0531780ce60,2018-05-29 21:08:28,2018-07-05,furniture_decor,RJ,SP,vassouras,sao paulo,69.9,26.57,1,341.84377284451165,36.11912037037037,0.0717948717948717,0.9282051282051282,10.95561538461538,201.0,0.1376784816976463,0,6.898043981481481,-29.22107638888889,5.0,test
72cc323f3c9599bd8a9b0da165a18094,30a2f535bb48308f991d0b9ad4a8c4bb,2018-02-02 18:17:40,2018-02-20,furniture_decor,SP,SP,sao caetano do sul,santa barbara d'oeste,54.9,8.72,1,127.2125706817288,17.237731481481482,0.0196078431372549,0.9803921568627452,7.975041076615831,16.0,0.034940601568482,0,4.063449074074074,-13.174282407407407,5.0,validation
11658ef3bdfaf6a5d20927c19404c1d7,b839e41795b7f3ad94cc2014a52f6796,2018-06-25 16:50:08,2018-07-11,construction_tools_construction,SP,SP,sao paulo,sao caetano do sul,2160.0,27.42,1,19.68932401900361,15.298518518518518,0.0454545454545454,0.9545454545454546,7.433157617845117,14.0,0.1517147679026294,0,1.7766550925925926,-13.521863425925924,5.0,test
c76d764d0f993151eb234c324e2b09ce,7d13fca15225358621be4086e1eb0964,2018-06-12 11:00:26,2018-07-13,watches_gifts,RJ,SP,itaocara,ribeirao preto,144.0,20.2,1,596.5600051696811,30.54136574074074,0.1384248210023866,0.8615751789976134,16.58497486298948,46.0,0.1753168082477294,0,10.543923611111111,-19.99744212962963,3.0,test
fd9cb73cfbd600a6b2651af4599bb9ad,1f50f920176fa81dab994f9023523100,2017-11-20 23:02:06,2017-12-07,garden_tools,SP,SP,barueri,sao jose do rio preto,59.9,13.44,1,397.3753876596188,16.040208333333332,0.035264483627204,0.964735516372796,14.098847490437551,101.0,0.1280164807503898,0,3.736388888888889,-12.303819444444445,4.0,train
23d0ca011ea2e7273f99c4875a80854f,ac3508719a1d8f5b7614b798f70af136,2017-12-11 10:44:50,2018-01-11,toys,SP,RS,sao paulo,canoas,139.9,20.47,1,847.9510324149607,30.552199074074075,0.0181818181818181,0.9818181818181818,9.101137626262627,24.0,0.0416807899637455,0,9.390717592592592,-21.16148148148148,5.0,train
7743b506a4c2e87e3f5af919334ea71a,a1043bafd471dff536d0c462352beb48,2017-11-07 14:14:38,2017-11-30,garden_tools,RJ,MG,volta redonda,ilicinea,179.99,45.72,1,249.3362040654289,22.40650462962963,0.0241935483870967,0.9758064516129032,12.60734449671445,48.0,0.0555860379781729,0,10.1484375,-12.25806712962963,5.0,train
e5bcc19af03dc9c714d381752e9f724f,9da1ca0bef29ee170e541927a5aeabdc,2017-07-16 11:48:22,2017-08-16,small_appliances,BA,SP,arembepe,votuporanga,329.9,25.18,1,1516.031632563564,30.508078703703703,0.0,1.0,7.387577160493826,4.0,0.1069498078148926,1,43.10394675925926,12.595868055555556,1.0,train
9c9ade04ccd7dc42fa1e6864043468e4,8f2ce03f928b567e3d56181ae20ae952,2017-10-29 15:37:53,2017-11-27,sports_leisure,RS,SP,canoas,pirituba,99.9,20.19,1,842.4208435685758,28.34869212962963,0.2272727272727272,0.7727272727272727,13.241382575757576,6.0,0.0487775614192011,0,10.23976851851852,-18.108923611111116,5.0,train
8f8bc0535394094e24486da5f27ddc8d,897060da8b9a21f655304d50fd935913,2017-10-25 19:55:31,2017-11-21,computers_accessories,ES,SP,cariacica,ribeirao preto,30.21,17.6,1,774.2340060687101,26.169780092592596,0.0784313725490196,0.9215686274509804,14.864552696078436,22.0,0.0992528958213558,0,13.057928240740742,-13.111851851851853,4.0,train
9ddf6157726c9d957999c8316a03a9ff,c0098efcf800861dcae589affca31408,2018-01-29 08:40:57,2018-02-23,auto,ES,SP,pinheiros,ribeirao preto,49.65,17.6,1,849.9376272832126,24.638229166666665,0.5,0.5,18.488211805555554,2.0,0.1444954227723447,0,8.48724537037037,-16.150983796296295,5.0,validation
9dd72a3853b3514932140ba93b5192c9,ea65d8b58316a6f2362f2a9e4b3e86ad,2018-06-11 17:40:27,2018-07-17,construction_tools_construction,RS,SP,viamao,campinas,35.9,15.35,1,891.5808835758249,35.263576388888886,0.0,1.0,15.72537037037037,1.0,0.100649182301956,0,22.01596064814815,-13.24761574074074,4.0,test
ad87776df87aa84719c1be3456cbbf4d,98dac6635aee4995d501a3972e047414,2018-02-26 23:20:11,2018-03-28,housewares,RS,SP,bom principio,sao paulo,52.11,15.11,1,814.251368656274,29.027650462962963,0.1489361702127659,0.851063829787234,11.360577718676122,8.0,0.1104795505599409,0,9.921087962962964,-19.1065625,5.0,validation
2c21824a21b2ab2474f6e330771fe766,7e1fb0a3ebfb01ffb3a7dae98bf3238d,2017-02-25 21:25:07,2017-03-24,sports_leisure,MS,SP,amambai,franca,241.98,33.1,2,856.9643797673831,26.10755787037037,0.0,1.0,7.601944444444444,2.0,0.0305834959019101,0,22.54359953703704,-3.5639583333333333,5.0,train
29e48983e21e97c5b3542161bab87fd9,8c16d1f32a54d92897cc437244442e1b,2018-08-20 11:02:14,2018-09-03,computers_accessories,RJ,SC,rio de janeiro,blumenau,48.98,44.2,2,745.6875416290629,13.54011574074074,0.0095238095238095,0.9904761904761904,11.174672178130512,1.0,0.1508422394124611,0,4.276863425925926,-9.263252314814816,5.0,test
dcd784b797429055d929d908ce30791f,e9bc59e7b60fc3063eb2290deda4cced,2018-07-31 13:49:45,2018-09-03,computers_accessories,MG,PR,riachinho,maringa,65.9,22.39,1,1010.9037850406744,33.42378472222222,0.0855263157894736,0.9144736842105264,13.72208744517544,27.0,0.0903406527018423,0,15.347199074074076,-18.076585648148143,5.0,test
ee990334acb0ff9333b01afa465f3006,e59aa562b9f8076dd550fcddf0e73491,2018-02-28 17:00:28,2018-04-02,agro_industry_and_commerce,MT,PR,porto alegre do norte,curitiba,410.0,35.32,1,1639.4907366482037,32.29134259259259,0.0344827586206896,0.9655172413793104,13.914353847381864,14.0,0.1161810324367149,0,21.72092592592593,-10.570416666666668,4.0,validation
bc1b85147b5edbb7cbefcf5c1bd5ded9,bd4889b5e9133b35b66e42a8665cea5c,2018-07-24 11:50:06,2018-08-01,furniture_decor,SP,SP,sao paulo,sao paulo,152.9,23.78,1,5.894114443850658,7.506875,0.0,1.0,10.352510521885526,3.0,0.1591605213495181,0,1.379502314814815,-6.127372685185185,,test
a0a28dfd50d685d3cd51cd7805f62f1c,a1043bafd471dff536d0c462352beb48,2017-12-28 19:32:09,2018-01-29,garden_tools,SP,MG,santos,ilicinea,179.99,45.72,1,339.22407108083604,31.186006944444443,0.0164609053497942,0.9835390946502056,13.14550930688919,77.0,0.0533960323399203,0,20.00545138888889,-11.180555555555555,5.0,train
08652363092b158440e2422e7c3ccaf4,7aa4334be125fcdd2ba64b3180029f14,2017-12-04 18:26:12,2018-01-04,baby,PR,SP,rolandia,laranjal paulista,64.89,17.7,1,361.7349412083979,30.23180555555556,0.0287769784172661,0.9712230215827338,11.48922087330136,43.0,0.0945356971550206,0,14.283969907407409,-15.947835648148148,5.0,train
ec7d99eece03a8b60c61f6a9ca504094,cc419e0650a3c5ba77189a1882b7556a,2018-02-13 17:28:34,2018-03-05,health_beauty,GO,SP,anapolis,santo andre,59.99,17.67,1,849.6142308238024,19.271828703703704,0.0427892234548335,0.9572107765451664,11.252213087691494,83.0,0.1591821975912753,1,27.405613425925925,8.133784722222222,1.0,validation
a99a60bc7b0e05731ce390fbc021ef0b,7a67c85e85bb2ce8582c35f2203ad736,2017-05-21 09:34:47,2017-06-09,cool_stuff,SP,SP,dourado,sao paulo,129.99,13.93,1,242.58420981366177,18.600844907407406,0.0526315789473684,0.9473684210526316,10.601403305718,113.0,0.0289721126021111,0,5.123576388888889,-13.47726851851852,5.0,train
b00b03aa8a123e124b6c8674275138ef,0dd184061fb0eaa7ca37932c68ab91c5,2018-06-24 15:52:02,2018-07-11,industry_commerce_and_business,SP,SP,sumare,guarulhos,98.0,43.4,1,102.11171876938744,16.33886574074074,0.1267605633802817,0.8732394366197183,12.346538699791346,14.0,0.1459484300443747,0,4.2963657407407405,-12.0425,3.0,test
17b3a989f0a87769c633d0ed07ad1319,d5ba419e26d246a0719437cf37d9b46d,2018-05-06 17:48:17,2018-05-17,computers_accessories,SP,SP,sao paulo,sao paulo,105.0,9.09,1,24.44467097269892,10.258136574074074,0.1176470588235294,0.8823529411764706,12.01010961328976,4.0,0.1263530377270794,0,3.099710648148148,-7.1584259259259255,1.0,test
ac65ff1f59ff445000702d333af9e1d1,6481e96574816ead57975da2c0f6d80d,2018-04-10 08:42:53,2018-05-02,bed_bath_table,ES,SP,guacui,sorocaba,285.0,80.25,3,669.827585287417,21.636886574074072,0.0526315789473684,0.9473684210526316,8.328882797270955,7.0,0.1254524479923669,0,10.094548611111112,-11.542337962962964,5.0,test
5be92ef6cf4a42ece07ad8bc3c00c70b,c33847515fa6305ce6feb1e818569f13,2018-06-19 20:51:45,2018-07-11,bed_bath_table,SC,SC,treze tilias,brusque,258.0,43.44,2,243.5015845931409,21.130729166666665,0.0,1.0,10.75514274691358,26.0,0.0987254260238692,0,5.844571759259259,-15.286157407407408,4.0,test
8cf5db9be7a8932fb7cb01964d811b7b,53e4c6e0f4312d4d2107a8c9cddf45cd,2017-11-24 17:27:47,2017-12-19,furniture_decor,MG,SP,caratinga,pedreira,29.5,17.6,1,592.3919602822834,24.272372685185186,0.0179640718562874,0.9820359281437124,12.135961410512309,27.0,0.1158440515390794,0,11.031018518518518,-13.241354166666667,1.0,train
37c755c6df4b61c5b4cc40361ae57588,bccf933e006e9b94a6184af782963e77,2018-01-15 16:24:56,2018-02-15,health_beauty,BA,SP,itaberaba,assis,54.39,17.95,1,1553.8893661005366,30.31601851851852,0.04,0.96,13.192813425925928,5.0,0.1317806946187923,0,9.248368055555556,-21.067650462962963,4.0,validation
db80ebec0cd5d08e1d9e9c10f691f491,fc906263ca5083d09dce42fe02247800,2017-07-21 15:09:52,2017-08-14,computers_accessories,SP,MG,artur nogueira,belo horizonte,39.9,14.1,1,447.9876132925543,23.368148148148148,0.0,1.0,9.240353535353536,9.0,0.0065894030521857,0,9.904421296296295,-13.463726851851852,1.0,train
d84dce79fd962faab40bc1d4b084d9d7,79ebd9a61bac3eaf882805ed4ecfa12a,2018-07-21 17:03:21,2018-08-16,furniture_decor,SP,PR,santos,cascavel,129.9,47.21,1,732.0665907880503,25.28934027777778,0.0769230769230769,0.9230769230769232,16.168392984330488,15.0,0.1258670000625825,0,6.8340046296296295,-18.455335648148147,4.0,test
86c4303307d8b4c57e6359d46e938407,870d0118f7a9d85960f29ad89d5d989a,2017-06-25 16:16:00,2017-07-19,furniture_living_room,SP,MG,indaiatuba,pocos de caldas,49.9,17.97,1,433.8627007558771,23.322222222222223,0.0,1.0,11.869670138888887,1.0,0.0340573940472466,0,10.951909722222222,-12.3703125,5.0,train
ed9bbe818219ab13fd2023dc0d984706,dbc22125167c298ef99da25668e1011f,2017-07-31 10:50:23,2017-08-22,stationery,SP,MG,bertioga,borda da mata,27.9,16.11,1,173.2454136966614,21.548344907407408,0.0263157894736842,0.9736842105263158,13.787247502436646,45.0,0.0242833318556269,0,7.252013888888888,-14.29633101851852,5.0,train
5598c9279a720364f3f77991903482eb,d98eec89afa3380e14463da2aabaea72,2018-01-17 01:19:19,2018-02-16,fashion_bags_accessories,SP,RS,campinas,porto alegre,29.99,14.1,1,896.0974179522227,29.94491898148148,0.0,1.0,7.863805576409747,6.0,0.040833815718585,0,6.888599537037037,-23.056319444444444,5.0,validation
ad0db85b651140eb463660b4ddf767e1,d23019c84ffae2d5ef2270367b8605fc,2018-04-23 15:36:42,2018-05-14,musical_instruments,PR,PR,fazenda rio grande,londrina,1890.0,73.14,1,324.5587097574152,20.34951388888889,0.0588235294117647,0.9411764705882352,13.698720043572983,6.0,0.1517230109793833,0,11.92087962962963,-8.42863425925926,4.0,test
110f23195a2ddb2ccaad30b37bfacbbf,870d0118f7a9d85960f29ad89d5d989a,2017-12-01 16:34:59,2018-01-03,furniture_living_room,ES,MG,cariacica,pocos de caldas,36.8,39.18,2,433.8627007558771,32.30903935185185,0.0952380952380952,0.9047619047619048,15.872746913580247,4.0,0.1392803510577457,0,25.12459490740741,-7.184444444444445,5.0,train
6889c740bbcca162beee27a55cbc56f4,6039e27294dc75811c0d8a39069f52c0,2017-03-03 20:25:48,2017-03-22,market_place,SP,SP,santos,osasco,179.9,18.55,1,68.90819687538347,18.14875,0.0046685340802987,0.9953314659197012,13.559000419420112,1.0,0.0580935048597609,0,9.62855324074074,-8.520196759259258,4.0,train
ff24fec69b7f3d30f9dc1ab3aee7c179,c826c40d7b19f62a09e2d7c5e7295ee2,2018-01-26 14:41:14,2018-02-22,unknown,SC,SP,jaragua do sul,guarulhos,122.99,15.61,1,425.3912658459964,26.388032407407408,0.0512820512820512,0.9487179487179488,12.03462972855334,63.0,0.115944328294252,0,12.010949074074071,-14.377083333333331,4.0,validation
bad0467c52f23cdc71e9fa139d4a8afd,3d871de0142ce09b7081e2b9d1733cb1,2017-09-09 18:46:10,2017-10-09,toys,PE,SP,recife,campo limpo paulista,69.9,27.03,1,2110.205276077136,29.217939814814816,0.0134529147982062,0.9865470852017936,9.43279734471018,59.0,0.0784697905004776,0,9.94238425925926,-19.27555555555556,5.0,train
c14276f26a0791a1773e6da7b07db230,8d956fec2e4337affcb520f56fd8cbfd,2018-08-26 18:03:59,2018-09-13,sports_leisure,SP,SP,pirapozinho,sao bernardo do campo,124.95,14.46,1,532.4019940033103,17.247233796296296,0.1034482758620689,0.896551724137931,9.322827152891804,35.0,0.1231566055060405,0,4.200636574074074,-13.046597222222225,4.0,test
b0980803dc397415a4aee2d3a7c2604d,7040e82f899a04d1b434b795a43b4617,2018-01-15 22:15:13,2018-02-14,audio,PI,SP,cocal,sao paulo,19.9,34.15,1,2297.332614051146,29.072766203703704,0.0919540229885057,0.9080459770114944,10.750643891017454,11.0,0.1496330436061138,0,8.053680555555555,-21.01908564814815,3.0,validation
86d6fa41b6c66125efbca077e4eb2d6b,7ad32824caee82087b3e2e5f33b1bf32,2018-03-14 10:22:03,2018-04-02,bed_bath_table,SP,SP,taboao da serra,ibitinga,199.0,13.83,1,293.9710200228775,18.56802083333333,0.0,1.0,17.555177469135803,14.0,0.1207369296323839,0,15.306006944444444,-3.2620138888888888,5.0,validation
fc42360e860cbdb1b3200acac82cd5ca,46dc3b2cc0980fb8ec44634e21d2718e,2018-01-25 22:33:04,2018-02-20,sports_leisure,MG,RJ,pedro leopoldo,rio de janeiro,269.99,29.25,1,379.8192512457584,25.06037037037037,0.0651685393258427,0.9348314606741572,12.093361527257596,15.0,0.0653695416338396,0,3.669259259259259,-21.391111111111112,1.0,validation
c11a68c413a5bab666d3afe5a3ed7ef5,725c32fa80c2faacc4fc88450d27314e,2017-10-01 16:34:38,2017-11-22,toys,AP,SP,macapa,sao paulo,44.95,21.15,1,2666.667881444442,51.30928240740741,0.0285714285714285,0.9714285714285714,9.28537466931217,10.0,0.0546056384026637,0,23.052847222222223,-28.256435185185182,3.0,train
dbb763c04b5beadac2bbd9d8560f8728,59fb871bf6f4522a87ba567b42dafecf,2017-05-31 20:24:40,2017-07-05,health_beauty,CE,SP,fortaleza,sao paulo,219.99,18.82,1,2353.5650510980827,34.149537037037035,0.0612244897959183,0.9387755102040816,11.408245464852609,5.0,0.0412658584473468,0,12.835451388888888,-21.314085648148147,5.0,train
3cfca66bbbea0964771309c7e33f849d,eeb6de78f79159600292e314a77cbd18,2017-02-26 14:56:42,2017-04-03,industry_commerce_and_business,SC,SC,sao jose,lages,119.0,15.94,1,170.73925727911873,35.377291666666665,0.0,1.0,3.6363310185185194,1.0,0.0464424639591463,0,11.06351851851852,-24.313773148148147,5.0,train
364d9b97d95d0b5128f8c03467a03f04,7a67c85e85bb2ce8582c35f2203ad736,2018-05-10 16:31:34,2018-05-28,cool_stuff,RJ,SP,petropolis,sao paulo,89.99,13.92,1,361.0755499917918,17.311412037037037,0.0537109375,0.9462890625,11.145345639829284,54.0,0.1984464015871095,0,7.106944444444444,-10.204467592592591,5.0,test
9dcac4ea4003e5185ee8b597ee1f8854,c840d3fdbba0790404fdae73d253b253,2018-02-25 20:49:20,2018-03-22,furniture_decor,ES,PR,serra,curitiba,136.3,25.4,1,1090.1536828339583,24.13240740740741,0.0,1.0,7.842002314814815,0.0,0.1058554906009134,0,18.183425925925928,-5.948981481481481,3.0,validation
3f79906e1eae95209df3fb74edbdce8c,7a241947449cc45dbfda4f9d0798d9d0,2017-03-10 10:24:46,2017-03-31,housewares,SP,MG,santana de parnaiba,jacutinga,129.99,26.41,1,139.81890484542433,20.566134259259258,0.0063316185199841,0.9936683814800158,13.51212525439774,0.0,0.0308132154737769,0,6.286851851851852,-14.279282407407408,5.0,train
30cc18e46e6a888afe8a75262a6f021d,4a3ca9315b744ce9f8e9374361493884,2018-04-12 20:57:47,2018-05-10,bed_bath_table,PR,SP,curitiba,ibitinga,92.0,21.59,1,412.42033904676646,27.126539351851854,0.1176035502958579,0.882396449704142,15.101296022353706,88.0,0.1575661480979835,0,11.081261574074071,-16.045277777777777,5.0,test
d77b625d7bd6a5b92b35d07276d9f013,537eb890efff034a88679788b647c564,2017-12-11 21:19:09,2018-01-08,fashion_bags_accessories,RS,RJ,passo fundo,rio de janeiro,28.9,16.79,1,1096.9590872640692,27.11170138888889,0.0,1.0,8.734022817460316,24.0,0.1201018313653101,0,10.662349537037038,-16.44935185185185,4.0,train
0f9a932982d1a4ee6f2b4d9a874a5fd0,1835b56ce799e6a4dc4eddc053f04066,2018-06-20 10:38:43,2018-07-13,bed_bath_table,SP,SP,mogi mirim,ibitinga,59.98,26.66,2,206.4137935658181,22.55644675925926,0.1415094339622641,0.8584905660377359,14.621662735849055,23.0,0.1138251146173882,0,5.179108796296297,-17.37733796296296,5.0,test
c66985d27ca5899e6058749d3432daf4,dc4a0fc896dc34b0d5bfec8438291c80,2017-08-07 14:14:22,2017-08-29,bed_bath_table,SP,SP,jandira,ibitinga,59.9,11.92,1,281.36499327657066,21.40668981481481,0.0128205128205128,0.9871794871794872,12.451136633428298,16.0,0.0141255683256706,0,8.363425925925926,-13.04326388888889,5.0,train
5fdf877402c5fd87596c00099933005c,54aa8463e87776b5612f4bdc4bd5d4de,2017-02-19 19:53:52,2017-03-21,auto,SP,MG,hortolandia,belo horizonte,89.9,15.84,1,466.6005695025394,29.170925925925925,0.0,1.0,12.822945601851853,4.0,0.0224280910607404,0,16.415729166666665,-12.75519675925926,4.0,train
29c414cde56330f1621dfec4880ae552,7a67c85e85bb2ce8582c35f2203ad736,2017-11-22 18:33:30,2017-12-12,cool_stuff,PI,SP,teresina,sao paulo,129.99,25.46,1,2082.0095976679904,19.226736111111112,0.0391872278664731,0.9608127721335268,10.285623320163422,41.0,0.3268355636762693,0,16.76760416666667,-2.4591319444444446,5.0,train
2c51c4240b040878ccc14a715bd52b0c,cc419e0650a3c5ba77189a1882b7556a,2017-03-21 09:40:36,2017-04-28,health_beauty,RN,SP,natal,santo andre,19.99,24.84,1,2320.501839685305,37.59680555555556,0.0,1.0,9.942907407407407,35.0,0.1064469582496881,0,9.171180555555557,-28.425625,5.0,train
329865201ab68a53f3b26fb4f4fd43e4,92eb0f42c21942b6552362b9b114707d,2018-01-17 14:23:41,2018-03-02,telephony,RO,SP,rolim de moura,sao paulo,12.98,34.15,1,2078.556634358069,43.40021990740741,0.0355029585798816,0.9644970414201184,13.083857248520712,25.0,0.0711037293945535,0,21.36693287037037,-22.03328703703704,5.0,validation
8afb063e8c6757ee2a1a8fb16029aa8f,1838dd9b8977065acf51d95e0053ea7a,2018-02-20 18:49:15,2018-03-19,computers_accessories,RS,MG,porto alegre,belo horizonte,39.9,18.89,1,1349.7389344741368,26.21579861111111,0.0769230769230769,0.9230769230769232,13.945719818376071,3.0,0.1284729525268851,0,17.765613425925928,-8.450185185185186,5.0,validation
7186ea4d77cf76753cfe3399c39b5b42,01fdefa7697d26ad920e9e0346d4bd1b,2018-01-24 18:07:43,2018-02-23,health_beauty,MG,PR,montes claros,londrina,199.8,39.88,2,1058.800850092765,29.244641203703704,0.0285714285714285,0.9714285714285714,10.492162533068784,10.0,0.0416486146657537,0,12.067916666666669,-17.176724537037035,5.0,validation
420dc2b2a634e9794318828836d98989,e9779976487b77c6d4ac45f75ec7afe9,2018-04-13 11:30:55,2018-05-10,sports_leisure,RJ,SP,sao joao de meriti,praia grande,130.0,18.79,1,342.38075738974777,26.52019675925926,0.0854922279792746,0.9145077720207254,10.885794623152949,29.0,0.1520860746738559,0,5.324236111111111,-21.195960648148148,4.0,test
47912b9e87f6d0977dd948e2722435ee,54a1852d1b8f10312c55e906355666ee,2018-04-28 12:19:01,2018-05-28,sports_leisure,MG,SP,santana da vargem,santa barbara d'oeste,49.99,19.32,1,255.38178989504,29.486793981481483,0.1056338028169014,0.8943661971830986,12.179820520344292,20.0,0.0861525440865169,0,12.296979166666668,-17.189814814814813,3.0,test
6a6aab31a11f630e4907ec3bb0ac8958,7a67c85e85bb2ce8582c35f2203ad736,2017-03-27 10:02:36,2017-04-20,cool_stuff,RS,SP,erebango,sao paulo,119.99,19.43,1,749.7505763815232,23.58152777777778,0.0,1.0,10.648705761316878,41.0,0.0478630583702057,0,16.216608796296295,-7.364918981481481,4.0,train
9035f15a94295b635575a49041ea406a,7d13fca15225358621be4086e1eb0964,2018-07-29 16:38:12,2018-08-16,watches_gifts,SP,SP,santo andre,ribeirao preto,155.0,13.75,1,304.4989135889611,17.306805555555556,0.135523613963039,0.864476386036961,16.415560427599058,33.0,0.165300095799932,0,9.163020833333333,-8.143784722222222,5.0,test
07b683def65270f286578e5208c5adc0,33ac3e28642ab8bda860a2f693000e78,2018-05-11 21:06:40,2018-05-23,sports_leisure,SP,SP,atibaia,cotia,149.99,8.81,1,64.29173685027109,11.12037037037037,0.0,1.0,9.115433813443072,3.0,0.0948894124168957,0,6.0612152777777775,-5.059155092592593,3.0,test
a85c359f7b726c381e24506bd9b1398f,002100f778ceb8431b7a1020ff7ab48f,2017-11-12 09:46:54,2017-12-15,furniture_decor,PA,SP,belem,franca,49.9,25.63,1,2124.4942531366837,32.59243055555555,0.0,1.0,11.075348508230457,9.0,0.0911822710478048,0,17.519826388888887,-15.072604166666666,5.0,train
6c3b48207e30c29cf9d521795daaa5e7,da8622b14eb17ae2831f4ac5b9dab84a,2018-01-22 22:45:17,2018-02-06,bed_bath_table,SP,SP,sao paulo,piracicaba,24.9,9.09,1,135.57708559141923,14.051886574074071,0.0631399317406143,0.9368600682593856,11.98717886882189,131.0,0.1055529079771886,0,3.8802314814814816,-10.171655092592593,2.0,validation
a42e9f17e34277db56eae85c479c8426,955fee9216a65b617aa5c0531780ce60,2018-06-12 09:04:48,2018-06-21,garden_tools,SP,SP,sao paulo,sao paulo,57.0,9.15,1,17.60556510841529,8.621666666666666,0.0783365570599613,0.9216634429400388,11.204903411329612,150.0,0.1440946422078774,0,1.525300925925926,-7.09636574074074,5.0,test
27a22bb13b2fc366ab20226479a22f5a,dc4a0fc896dc34b0d5bfec8438291c80,2017-09-18 20:07:26,2017-10-13,bed_bath_table,MS,SP,brasilandia,ibitinga,59.9,15.17,1,339.2147683938057,24.16150462962963,0.0096153846153846,0.9903846153846154,12.339063167735048,20.0,0.0323211476382305,0,17.08101851851852,-7.080486111111111,5.0,train
fe4a285b8a60b67f05e9767412f5b93c,b90e891671cffd9557f33a97dc523645,2018-08-23 12:56:27,2018-08-28,sports_leisure,PR,PR,curitiba,sao jose dos pinhais,120.0,9.35,1,10.195330272502938,4.460798611111112,0.0,1.0,7.874523654513887,2.0,0.1321688884457776,0,3.811319444444445,-0.6494791666666667,5.0,test
994b1fac50d384a99f0e0f1c2918f185,2eb70248d66e0e3ef83659f71b244378,2018-05-19 01:44:08,2018-06-07,watches_gifts,SP,SP,taboao da serra,campinas,124.9,7.74,1,82.91824710113045,18.927685185185187,0.3181818181818182,0.6818181818181819,17.67346091119529,55.0,0.1270839008358811,0,17.818726851851853,-1.1089583333333333,1.0,test
b75eb9360ab80bfd5c7ccf7270d447fb,7e93a43ef30c4f03f38b393420bc753a,2017-02-22 15:32:48,2017-03-28,watches_gifts,MG,SP,juiz de fora,barueri,217.36,15.69,1,417.8230651056448,33.352222222222224,0.0,1.0,8.699461279461278,13.0,0.0153061057936341,0,8.886400462962962,-24.46582175925926,1.0,train
f8b13ccfc06fd1baa3b0b9a9f1d368de,fa40cc5b934574b62717c68f3d678b6d,2017-02-15 14:47:09,2017-03-16,toys,MG,SP,joao monlevade,sao paulo,34.9,14.52,1,539.5256433445801,28.38392361111111,0.0,1.0,9.07852199074074,17.0,0.0124761272276362,0,8.985335648148148,-19.398587962962964,5.0,train
796815d64065ff9881199a4807c02415,7a67c85e85bb2ce8582c35f2203ad736,2017-10-18 09:50:30,2017-11-07,cool_stuff,RJ,SP,teresopolis,sao paulo,99.99,17.95,1,384.81211041965554,19.589930555555554,0.038647342995169,0.961352657004831,10.337058600972153,76.0,0.0357282442772489,0,9.360914351851852,-10.229016203703704,4.0,train
92d3d3bc9e818292cc5885e18c2d3437,06a2c3af7b3aee5d69171b0e14f0ee87,2018-07-02 17:23:02,2018-08-02,health_beauty,SC,MA,sao jose,sao luis,122.99,30.11,1,2828.7738117887607,30.27567129629629,0.2660550458715596,0.7339449541284404,20.016003918195725,85.0,0.2144074650188906,0,10.20704861111111,-20.068622685185183,4.0,test
1973095f2596945f9dcc773608d8cad2,6cd68b3ed6d59aaa9fece558ad360c0a,2017-02-08 21:42:21,2017-03-09,luggage_accessories,SP,MG,sao paulo,belo horizonte,54.9,14.14,1,487.8100906820257,28.095590277777777,0.0,1.0,6.501788194444444,11.0,0.01435148832489,0,5.050787037037037,-23.04480324074074,5.0,train
bc3551dbac6e56b70347f161a1c0e434,c864036feaab8c1659f65ea4faebe1da,2018-04-15 13:38:26,2018-05-11,sports_leisure,RS,PR,porto alegre,campo largo,149.9,23.59,1,537.172072078003,25.43164351851852,0.05,0.95,14.314663194444446,6.0,0.115920214210462,0,4.193310185185185,-21.238333333333333,5.0,test
1ea3da4089dbf00ee630fbf1f77de978,d1c281d3ae149232351cd8c8cc885f0d,2017-11-15 22:01:21,2017-12-14,bed_bath_table,MT,SP,barra do garcas,ibitinga,99.99,23.57,1,747.3202677239028,28.082395833333333,0.0314960629921259,0.968503937007874,11.24131589020122,7.0,0.1073772257578137,0,14.970717592592592,-13.11167824074074,4.0,train
8f505b97d690e877f34131b13f828667,8bb48dc19fccaa8613b6229bf7f452a2,2017-11-14 19:11:32,2017-12-08,flowers,RJ,SP,japeri,assis,43.2,32.22,2,695.5809899684493,23.200324074074075,0.0,1.0,5.808315972222222,10.0,0.0911222748203543,0,12.009629629629629,-11.190694444444444,4.0,train
ac416b71ffbc5fbfe4b5cea8a05b0d4d,54583ab379489add547fe47b628db589,2018-08-01 15:46:59,2018-08-07,watches_gifts,SP,SP,sao bernardo do campo,sao bernardo do campo,120.0,8.1,1,6.416168899202321,5.342372685185185,0.0,1.0,4.887494212962963,4.0,0.1382377971544443,0,2.036134259259259,-3.306238425925926,5.0,test
33d4257aa190f034f74c6626a12b6e53,40d54b51e962dbe09cabbcfd33298dee,2017-09-17 23:00:57,2017-10-10,health_beauty,SC,SP,xaxim,santo andre,209.99,18.72,1,708.5252248605218,22.041006944444444,0.0,1.0,8.387652777777777,1.0,0.0415817556174632,0,15.905601851851852,-6.135405092592593,5.0,train
d12824c34f6e0552f57e8d8821242084,e24fc9fcd865784fb25705606fe3dfe7,2017-01-25 22:54:18,2017-03-06,health_beauty,MG,SP,virgolandia,braganca paulista,192.0,18.08,1,663.9975090103158,39.045625,0.0,1.0,18.965653935185184,4.0,0.0299672268736135,0,6.526840277777778,-32.51878472222222,5.0,train
dea1c68b20fccbaec97b0d385e91d0a2,cca3071e3e9bb7d12640c9fbe2301306,2017-07-27 20:47:16,2017-08-18,furniture_decor,SC,SP,papanduva,ibitinga,51.92,16.12,1,533.7656247348408,21.133842592592597,0.0287539936102236,0.9712460063897764,13.217129481718144,65.0,0.0690729092225394,0,18.78226851851852,-2.3515740740740743,5.0,train
5b0a937c574c108a5e2359af5665b99a,3ab971ce71839580d2ae5b4e40fe8044,2018-07-23 22:28:09,2018-08-22,housewares,RJ,SP,rio de janeiro,sao paulo,195.0,36.6,1,336.5564534014037,29.063784722222223,0.0,1.0,6.240775462962963,13.0,0.1180534621935584,0,7.9163194444444445,-21.147465277777776,5.0,test
b2dddd3ac6945bfb4a4a8b336d830a64,04308b1ee57b6625f47df1d56f00eedf,2018-03-06 18:38:25,2018-04-18,health_beauty,PA,SC,sao miguel do guama,bombinhas,550.9,85.02,1,2842.489808615985,42.22332175925926,0.0,1.0,17.029315843621397,16.0,0.107771296028007,0,29.15332175925926,-13.07,5.0,validation
695eed4f6656d10f32a49760523169de,710e3548e02bc1d2831dfc4f1b5b14d4,2017-02-14 19:54:06,2017-03-13,furniture_decor,PR,PR,cascavel,rolandia,299.99,17.21,1,282.26014343897367,26.17076388888889,0.0,1.0,11.249868055555556,17.0,0.097915811841436,1,35.340381944444445,9.169618055555556,1.0,train
cfa78b997e329a5295b4ee6972c02979,ce248b21cb2adc36282ede306b7660e5,2017-12-20 09:52:41,2018-01-18,musical_instruments,PR,SC,campo do tenente,jaragua do sul,55.9,15.14,1,81.55155589397701,28.588414351851853,0.0,1.0,12.071038049768518,9.0,0.1095283738980519,1,37.24482638888889,8.656412037037038,1.0,train
0a6a4a209e43892afeacdecd8a5cfdff,520b493b57809f446cb0a233bb3e25c7,2017-10-17 21:05:02,2017-11-08,home_confort,MG,SP,ouro preto,santos,47.0,16.11,1,491.8681755512224,21.12150462962963,0.0192307692307692,0.9807692307692308,7.251027421652423,8.0,0.0092932057672567,0,6.979201388888889,-14.14230324074074,3.0,train
0f2f8cfaa707ef6df9c6363b3d70ed23,1bb2bdb95f4841f1bba2c0d2cd83d3c9,2018-02-04 21:46:47,2018-03-02,books_general_interest,SP,SP,sao paulo,sao paulo,19.95,8.72,1,1.6465791936845264,25.092511574074077,0.1153846153846153,0.8846153846153846,14.580862713675211,6.0,0.0618978907803937,0,11.938252314814816,-13.15425925925926,5.0,validation
06eed67b7a87cac349143f3319c2b9fe,17908cf9b444ee34047cadd5c0f4a516,2018-08-10 09:09:10,2018-09-04,auto,PB,GO,caldas brandao,anapolis,139.0,53.32,1,1799.223623045477,24.61863425925926,0.1111111111111111,0.8888888888888888,20.812857510288065,0.0,0.2000179192631467,0,14.38773148148148,-10.23090277777778,4.0,test
5dea57306e01caa42ad0b07b85042953,2eb70248d66e0e3ef83659f71b244378,2018-07-16 01:31:13,2018-08-14,watches_gifts,SC,SP,campos novos,campinas,155.97,19.19,1,654.4207356747156,28.93665509259259,0.1860465116279069,0.813953488372093,18.698400534740166,55.0,0.14457493515643,0,17.757511574074073,-11.17914351851852,5.0,test
0aeae688def7b96d0f56187115a7a8cf,cc419e0650a3c5ba77189a1882b7556a,2018-06-18 18:19:17,2018-06-28,health_beauty,SP,SP,sao paulo,santo andre,58.99,7.67,1,28.39103263717748,9.236608796296297,0.0633802816901408,0.9366197183098592,11.815121779710244,30.0,0.1356381207713928,0,3.286979166666667,-5.94962962962963,5.0,test
b6b375071cc968750ab3deded827b864,5f2684dab12e59f83bef73ae57724e45,2017-07-19 14:37:24,2017-08-01,toys,SP,SP,mogi das cruzes,sao paulo,109.9,9.58,1,51.7299237185186,12.390694444444444,0.0,1.0,6.511389941077442,3.0,0.0153045952444826,0,5.22800925925926,-7.162685185185185,1.0,train
252ccbf5764c53809f99daee8815db09,8b321bb669392f5163d04c59e235e066,2018-06-22 19:23:38,2018-07-17,electronics,RJ,SP,niteroi,sao paulo,13.65,15.23,1,370.4598482793271,24.191921296296297,0.1111111111111111,0.8888888888888888,13.154853118500814,62.0,0.1768281642154685,0,10.50894675925926,-13.682974537037037,5.0,test
ec0fa4ef7da067eb3a57abd8fc504352,620c87c171fb2a6dd6e8bb4dec959fc6,2017-02-02 08:38:44,2017-03-01,perfumery,MG,RJ,sao jose da barra,petropolis,119.8,29.18,2,380.6255904385237,26.63976851851852,0.0,1.0,12.41675606641124,29.0,0.0250306916421255,0,14.187951388888887,-12.45181712962963,4.0,train
801fd091fe53f9ce56198949aee82afb,4c18691b6037662be2df78a765d98ab5,2018-06-13 16:48:11,2018-06-26,garden_tools,SP,SP,indaiatuba,sao paulo,35.0,7.51,1,80.32365994900158,12.299872685185186,0.1071428571428571,0.8928571428571429,11.369610615079363,7.0,0.1045727934194453,0,2.148645833333333,-10.151226851851852,4.0,test
3bb7e15f832b43684ecf3640069145d2,7299e27ed73d2ad986de7f7c77d919fa,2018-05-30 20:23:23,2018-07-04,toys,SP,MG,sao paulo,araguari,64.99,18.33,1,564.7227651268413,34.15042824074074,0.0364372469635627,0.9635627530364372,11.993303859274253,22.0,0.0674292467746913,0,6.982800925925926,-27.167627314814816,5.0,test
52cd1658223987a788a0ff14b962fba5,46dc3b2cc0980fb8ec44634e21d2718e,2017-12-08 12:51:19,2018-01-08,toys,DF,RJ,brasilia,rio de janeiro,99.99,15.46,1,936.3136812854252,30.464363425925924,0.0148809523809523,0.9851190476190476,10.06859953703704,145.0,0.1137050661105378,0,18.127060185185183,-12.33730324074074,5.0,train
acf135e0b39f84ba17db4d8ea2a42e7a,7e26c750b4cb9f6766f58265ff9ebe95,2017-04-26 10:52:56,2017-05-15,unknown,MG,MG,bocaiuva,belo horizonte,49.8,10.96,1,312.1824083127064,18.546574074074076,0.0,1.0,8.026942340067341,2.0,0.0402455021090423,0,6.262743055555555,-12.28383101851852,5.0,train
7c3568d42d0c0610c6a6c0f864d03b03,4830e40640734fc1c52cd21127c341d4,2017-11-24 23:31:10,2017-12-20,housewares,PR,SP,sao mateus do sul,sao paulo,45.99,15.1,1,468.5323575279072,25.020023148148148,0.0,1.0,9.902204475308642,6.0,0.2312905496063306,1,25.56658564814815,0.5465625,5.0,train
9a5d120ae552d50b367cad2bbd87caa0,59fb871bf6f4522a87ba567b42dafecf,2017-05-07 16:18:17,2017-06-12,cool_stuff,PB,SP,joao pessoa,sao paulo,239.98,46.32,2,2207.4498177655328,35.32063657407407,0.025,0.975,10.160252893518518,9.0,0.0481617486636452,0,21.71358796296296,-13.60704861111111,1.0,train
a31b5fae4fbd29cc31b52b48e467e607,f457c46070d02cadd8a68551231220dd,2018-02-19 22:45:44,2018-03-05,computers_accessories,PR,PR,londrina,maringa,74.9,8.27,1,73.29556066002742,13.051574074074074,0.0,1.0,12.513763976240394,62.0,0.0692422749738909,0,3.884270833333333,-9.167303240740742,5.0,validation
e99ac811e8a9efe60a334a5a985ac28b,77530e9772f57a62c906e1c21538ab82,2018-04-22 13:14:19,2018-05-23,furniture_decor,BA,PR,salvador,curitiba,119.0,27.38,1,1789.053912651206,30.448391203703704,0.1357466063348416,0.8642533936651584,16.575847473604814,27.0,0.1869287765408486,0,22.2640625,-8.184328703703704,5.0,test
b7325b56293265df2689c15145274dfa,53243585a1d6dc2643021fd1853d8905,2017-09-12 11:23:04,2017-10-04,telephony,SP,BA,aguas da prata,lauro de freitas,315.0,36.01,1,1341.4410888257958,21.525648148148147,0.0,1.0,8.591674496187364,85.0,0.0500578247554459,0,8.334907407407407,-13.190740740740742,5.0,train
99384088fb9152a53cddf69d0510dd86,87142160b41353c4e5fca2360caf6f92,2018-02-28 09:32:40,2018-03-20,computers_accessories,PR,RS,curitiba,porto alegre,39.99,15.11,1,543.4833083491336,19.60231481481481,0.0422535211267605,0.9577464788732396,11.643062239175794,6.0,0.0619332857891645,0,12.09230324074074,-7.510011574074074,5.0,validation
223cd404de0ec7eabc319bed69fa1079,25e6ffe976bd75618accfe16cefcbd0d,2017-06-23 21:40:02,2017-07-19,cool_stuff,DF,SP,brasilia,sao paulo,79.9,15.32,1,871.7913947966949,25.097199074074076,0.0294117647058823,0.9705882352941176,8.719138752723312,6.0,0.0095294089005506,0,6.676157407407407,-18.421041666666667,5.0,train
25148bab087c1b9453abd98860a89993,e26901d5ab434ce92fd9b5c256820a4e,2017-06-21 17:59:41,2017-07-04,baby,SP,SP,sao paulo,maua,79.9,7.81,1,30.994127362619423,12.250219907407407,0.0212765957446808,0.9787234042553192,9.47340171066457,38.0,0.0367334335033252,0,6.129039351851852,-6.121180555555555,5.0,train
a4679a28c7ef85f6277954e4139a3fad,9f505651f4a6abe901a56cdc21508025,2018-02-03 18:04:01,2018-03-01,computers_accessories,SP,SP,bernardino de campos,sao paulo,99.0,13.03,1,297.4553284848634,25.247210648148148,0.0394736842105263,0.9605263157894736,9.248755939327486,29.0,0.0406529892723929,0,5.98488425925926,-19.262326388888887,5.0,validation
b22fb8549ff34d8632d2f6ecbc626af5,6ec1a01e866584bb679eb9b098345919,2017-11-29 20:00:49,2017-12-27,health_beauty,RJ,SP,pirai,santos,52.99,17.62,1,288.80380908143525,27.16609953703704,0.2,0.8,13.07261574074074,4.0,0.4329142655403688,1,45.731180555555554,18.56508101851852,1.0,train
06d7e8a85f5cfef576c5303ed7d7f2e5,c9a06ece156bb057372c68718ec8909b,2016-10-07 12:06:30,2016-12-01,cool_stuff,MG,DF,coromandel,brasilia,49.0,14.72,1,320.13221726435074,54.49548611111111,0.0228215767634854,0.9771784232365144,22.32140090811966,0.0,0.0109039210510616,0,12.281180555555556,-42.21430555555556,4.0,train
12b9b63b911cf0a24b137a184c48e4ee,391fc6631aebcf3004804e51b40bcf1e,2017-03-09 14:44:36,2017-03-30,furniture_decor,PR,SP,colombo,ibitinga,239.75,40.04,2,400.1817744397844,20.385694444444443,0.0,1.0,15.003307291666664,15.0,0.0574138777019619,0,14.163599537037037,-6.222094907407407,5.0,train
638c0b485b0d53ae317d2848475b0a6c,16090f2ca825584b5a147ab24aa30c86,2018-07-16 23:05:11,2018-08-09,auto,RS,SP,osorio,atibaia,41.99,18.39,1,839.0380638542838,23.03806712962963,0.0781758957654723,0.9218241042345277,9.665823078779113,50.0,0.1121368871594695,0,6.863564814814815,-16.174502314814816,5.0,test
4071fd2362f826dbb5ea79880533cccf,70a12e78e608ac31179aea7f8422044b,2017-08-20 20:29:08,2017-09-15,consoles_games,ES,SP,vitoria,jacarei,85.0,16.35,1,679.1866955182843,25.146435185185187,0.0588235294117647,0.9411764705882352,13.055713410364136,42.0,0.0245424824615414,0,4.942743055555556,-20.20369212962963,5.0,train
e97b95303d6054c4c492d83dcd06ac20,76d5af76d0271110f9af36c92573f765,2018-01-20 12:44:23,2018-02-06,sports_leisure,SP,SP,sao paulo,sao paulo,30.0,26.16,2,11.86059383956245,16.469178240740742,0.1071428571428571,0.8928571428571429,11.86180941358025,12.0,0.1005631404663412,0,4.172685185185185,-12.296493055555556,5.0,validation
01d815029787ce30f6f64900ee93ba37,7722b1df1b0e383e000397b2c11e3e19,2018-01-26 09:09:13,2018-02-19,housewares,SP,SP,andradina,sao bernardo do campo,48.9,12.69,1,587.3877296121518,23.61859953703704,0.032258064516129,0.967741935483871,8.434616811031464,4.0,0.0490128094643647,0,10.425324074074076,-13.193275462962964,5.0,validation
931ca162115da049cd8d7872b3667163,8a432f4e5b471f8da497d7dc517666e2,2018-08-25 08:35:56,2018-09-05,bed_bath_table,SP,SP,ribeirao preto,presidente prudente,68.0,14.06,1,383.2839781167722,10.641712962962965,0.0581395348837209,0.9418604651162792,7.938757536606374,30.0,0.1244788923007539,0,5.502719907407408,-5.138993055555556,4.0,test
6e2916ee4de2e65b95b2429f865374f7,7a67c85e85bb2ce8582c35f2203ad736,2017-05-21 07:57:53,2017-06-13,cool_stuff,RJ,SP,cabo frio,sao paulo,229.99,18.86,1,465.96345321724976,22.668136574074072,0.0526315789473684,0.9473684210526316,10.601403305718,112.0,0.0207650748334541,0,12.274976851851852,-10.393159722222222,5.0,train
ab8c4bf0204081a450dae1139f6eacb5,46dc3b2cc0980fb8ec44634e21d2718e,2017-12-11 15:13:03,2017-12-28,toys,RJ,RJ,rio de janeiro,rio de janeiro,179.99,9.63,1,2.2391114743433427,16.3659375,0.0146198830409356,0.9853801169590644,10.023645765648691,156.0,0.0506291823345466,0,7.170983796296296,-9.194953703703703,5.0,train
4e4130337193dc0b97e9bbdcf262a965,6560211a19b47992c3666cc44a7e94c0,2018-02-21 01:47:29,2018-03-20,watches_gifts,RS,SP,novo hamburgo,sao paulo,69.0,14.23,1,797.0500864605854,26.925358796296297,0.0528541226215644,0.9471458773784356,10.052087395270537,89.0,0.1048754434318519,0,14.730069444444444,-12.195289351851851,5.0,validation
66eb2e45baf0a88a06f8d17a1e756ff6,0241d4d5d36f10f80c644447315af0bd,2018-04-15 00:08:41,2018-05-10,furniture_decor,RS,PR,esteio,curitiba,363.9,46.89,2,519.7956364473305,24.993969907407408,0.0851063829787234,0.9148936170212766,13.299838209219851,15.0,0.1429900106829396,0,20.51934027777778,-4.4746296296296295,5.0,test
a66719a9e64cf864937c6c2a598d048d,701938c450705b8ae65fc923b70f35c7,2018-04-01 21:48:34,2018-04-18,furniture_living_room,SP,SP,sao paulo,s jose do rio preto,109.97,24.63,1,412.361351575939,16.091273148148147,0.028169014084507,0.971830985915493,12.52761720787689,2.0,0.1383091040490188,1,16.809733796296296,0.7184606481481481,1.0,test
4ed7bfce6beab8e845d01d46439d9ad9,2138ccb85b11a4ec1e37afbd1c8eda1f,2018-01-17 01:57:30,2018-02-22,telephony,PB,SP,picui,sao paulo,29.99,34.15,1,2179.902827176184,35.91840277777778,0.0476190476190476,0.9523809523809524,11.41628842277652,13.0,0.0930673198021633,0,16.838136574074074,-19.080266203703705,5.0,validation
7000a7e12f1bd709320d5ba33e246930,955fee9216a65b617aa5c0531780ce60,2017-12-25 22:56:51,2018-01-16,furniture_decor,SP,SP,maua,sao paulo,150.0,26.16,2,26.932713051155293,21.043854166666662,0.0394736842105263,0.9605263157894736,9.609830424585772,63.0,0.0385127160023976,0,18.48630787037037,-2.5575462962962963,4.0,train
e55d0223c37b4e75982efffd10fcdd39,37515688008a7a40ac93e3b2e4ab203f,2017-08-15 20:54:42,2017-09-06,consoles_games,MG,SP,barbacena,dracena,19.9,15.1,1,804.1624476758956,21.128680555555555,0.0,1.0,11.318422067901231,18.0,0.0402987056961029,0,15.915902777777776,-5.212777777777778,3.0,train
9b5852495fdc959c8d7d069b3c328502,4c498c7345e89aebad651544829beca0,2018-06-12 13:07:34,2018-06-21,perfumery,SP,SP,indaiatuba,carapicuiba,249.49,9.01,1,66.27466948807572,8.453078703703703,0.088235294117647,0.9117647058823528,12.074445806100217,2.0,0.1747761562785807,0,2.1355439814814816,-6.317534722222222,5.0,test
cbe8a22b7de5b1b59e05b5011a1e53ef,ea8482cd71df3c1969d7b9473ff13abc,2017-11-24 23:07:57,2017-12-08,telephony,SP,SP,sorocaba,sao paulo,29.99,7.78,1,85.4679868199569,13.036145833333334,0.0198019801980198,0.9801980198019802,9.601989251008431,103.0,0.0701312868744874,0,5.684502314814814,-7.351643518518519,4.0,train
346c7fbe1745d3fc2a5012e93d121652,34056b8b55c1775a22af2331670a799c,2018-06-27 13:04:53,2018-07-25,auto,BA,SP,juazeiro,penapolis,129.9,39.42,1,1683.5695394634768,27.45494212962963,0.1320754716981132,0.8679245283018868,13.737026118099228,12.0,0.1844828841080404,0,15.430416666666666,-12.024525462962965,4.0,test
8a780d9d26195c946d0252354ae3068a,391fc6631aebcf3004804e51b40bcf1e,2017-09-12 13:07:26,2017-10-06,bed_bath_table,MG,SP,alem paraiba,ibitinga,45.95,15.1,1,633.5147050123496,23.453171296296297,0.0545454545454545,0.9454545454545454,13.303610058922557,23.0,0.0227751249247678,0,13.408726851851853,-10.044444444444444,5.0,train
3ca6693c62bcb94cf84a1c9f89191483,d1c281d3ae149232351cd8c8cc885f0d,2017-07-10 14:36:12,2017-08-09,bed_bath_table,AL,SP,lagoa da canoa,ibitinga,160.99,43.54,1,1850.559397113433,29.391527777777775,0.0357142857142857,0.9642857142857144,11.28619240520282,10.0,0.2550088624118845,1,46.02311342592593,16.63158564814815,1.0,train
6acb5effe9cc2542a70885f23bc58554,f8db351d8c4c4c22c6835c19a46f01b0,2017-08-14 14:23:21,2017-09-05,sports_leisure,MG,SP,manhumirim,salto,98.9,21.18,1,637.2394048905102,21.40045138888889,0.0413533834586466,0.9586466165413534,10.631901890142014,56.0,0.0047341612452812,0,7.298275462962963,-14.102175925925923,4.0,train
e1090e366ab626c68ca02d56a6dd1821,83353a83fd769dfafa4f21a72b15e3e5,2017-11-05 10:22:00,2017-12-04,sports_leisure,RS,SP,porto alegre,sao paulo,189.9,20.82,1,845.538156127895,28.56805555555556,0.0,1.0,18.63306712962963,0.0,0.0675868508825544,0,17.494849537037037,-11.07320601851852,5.0,train
934daa3b33591884346152a2c7f15ce5,620c87c171fb2a6dd6e8bb4dec959fc6,2018-05-17 20:04:34,2018-05-28,perfumery,RJ,RJ,teresopolis,petropolis,289.9,10.32,1,28.64985421673093,10.16349537037037,0.1177474402730375,0.8822525597269625,13.736957223328288,31.0,0.1397443136490727,0,4.963703703703704,-5.199791666666667,5.0,test
028d62c0fdae574114981f4fb33b5538,431af27f296bc6519d890aa5a05fdb11,2018-02-27 14:19:11,2018-03-27,health_beauty,RS,SP,porto alegre,ribeirao preto,57.9,16.17,1,1032.5876419305948,27.40334490740741,0.1276595744680851,0.8723404255319149,16.58268814026793,3.0,0.1337666449211079,1,29.255405092592596,1.8520601851851848,2.0,validation
e864c88c30cc7fb46f79e88de8b6397d,8b321bb669392f5163d04c59e235e066,2017-12-21 15:51:55,2018-01-18,electronics,MG,SP,ipatinga,sao paulo,47.4,30.2,2,618.3991394692881,27.338946759259255,0.0632911392405063,0.9367088607594936,11.279882501172056,114.0,0.028357164485342,0,7.194976851851852,-20.143969907407406,2.0,train
7f685e08cef9cb9c0d7dfff90ece93d9,fa1c13f2614d7b5c4749cbc52fecda94,2018-05-12 10:20:03,2018-05-25,watches_gifts,SP,SP,sao paulo,sumare,188.0,21.26,2,107.47274268592771,12.569409722222222,0.1111111111111111,0.8888888888888888,14.175698827370462,28.0,0.1508318505633271,0,3.359502314814814,-9.209907407407409,1.0,test
57296b29ab9533184d540f468810b8a3,b2ba3715d723d245138f291a6fe42594,2018-01-02 09:12:59,2018-02-15,stationery,RO,SP,vilhena,sao paulo,64.9,34.25,1,1871.722368507767,43.6159837962963,0.0742574257425742,0.9257425742574258,13.07748418591859,32.0,0.0737708576348312,0,15.37787037037037,-28.238113425925928,5.0,validation
783063a2c412e7e731cb43a35fa4b8b1,204b4e07bddef3c9b317f70189135b22,2018-07-27 17:29:41,2018-08-17,bed_bath_table,SP,MG,diadema,borda da mata,118.25,29.46,2,162.8286352303976,20.27105324074074,0.0788905478350752,0.9211094521649248,12.952069683962684,0.0,0.111275914898503,0,10.187997685185184,-10.083055555555555,5.0,test
2107e0af867c766772a8f4501ccd1671,2528513dd95219a6013d4d05176e391a,2017-10-19 10:19:15,2017-11-08,home_confort,PR,SP,curitiba,osasco,269.0,22.72,1,320.2339486675429,19.56996527777778,0.0238095238095238,0.9761904761904762,10.945923721340389,8.0,0.0454192682697404,0,6.438842592592593,-13.131122685185185,3.0,train
ecfc862cb2fabd3d5f9c86117a9baff0,20f0aeea30bc3b8c4420be8ced4226c0,2017-02-05 19:13:56,2017-03-09,bed_bath_table,PR,SP,curitiba,santa barbara d'oeste,14.9,14.52,1,349.53871466722234,31.198657407407406,0.0060331825037707,0.9939668174962292,14.09745476717146,0.0,0.0889641984766862,1,44.71587962962963,13.51722222222222,,train
d97054c687bd818d4f7b78cda2eb4f01,2dcf93836ae3ce0d7c93e2f10876467a,2018-06-23 14:16:49,2018-07-30,housewares,RS,SP,espumoso,sao jose dos campos,49.9,18.45,1,924.2229781728474,36.40498842592593,0.083935588639998,0.916064411360002,13.275783769343937,0.0,0.0800831064185687,0,10.110613425925926,-26.294375,5.0,test
f39bc55dec24e38807885e2edef78fb5,a1043bafd471dff536d0c462352beb48,2018-01-09 22:36:14,2018-02-02,computers_accessories,MG,MG,malacacheta,ilicinea,359.98,48.12,2,522.1314002229957,23.058171296296297,0.0264150943396226,0.9735849056603774,13.590298523759603,56.0,0.0642749854690402,0,12.79875,-10.259421296296296,4.0,validation
66e8ac9d47e54dcd2dd60c629b309013,6560211a19b47992c3666cc44a7e94c0,2017-06-30 23:20:08,2017-07-13,watches_gifts,SP,SP,sao paulo,sao paulo,55.0,7.78,1,14.571849377968691,12.027685185185184,0.0384615384615384,0.9615384615384616,9.89977475071225,57.0,0.0476283454446576,0,3.608703703703704,-8.418981481481481,4.0,train
86509c09dbafbcba748558e5f36d1e7c,1f50f920176fa81dab994f9023523100,2018-04-22 15:34:12,2018-05-28,garden_tools,RS,SP,cangucu,sao jose do rio preto,53.9,0.0,1,1222.1331786077778,35.35125,0.1193755739210284,0.8806244260789715,16.56343434343437,83.0,0.1403782634368388,0,10.075034722222222,-25.276215277777776,5.0,test
0d6095ca2592bbcc590d4954e29c7924,fc38b5dceee1a730fad8853453437fbd,2017-09-30 10:05:18,2017-10-25,bed_bath_table,SP,SP,ubatuba,campinas,22.5,12.69,1,211.4653155996783,24.579652777777778,0.0,1.0,5.779594907407407,0.0,0.0245540435522565,0,9.464525462962962,-15.115127314814815,4.0,train
52f795c33d266ff75e0f1b1738caf2f0,53243585a1d6dc2643021fd1853d8905,2017-09-01 14:40:07,2017-09-21,telephony,RJ,BA,rio de janeiro,lauro de freitas,174.0,18.5,1,1228.3965252416338,19.38880787037037,0.0358750838202893,0.9641249161797107,12.27215398543967,37.0,0.114682135021675,0,10.232418981481482,-9.15638888888889,5.0,train
592f871804e88d1167c1532ebff9fb84,620c87c171fb2a6dd6e8bb4dec959fc6,2018-02-11 10:16:55,2018-03-12,health_beauty,SP,RJ,sao paulo,petropolis,119.9,16.6,1,361.5574305093399,28.571585648148147,0.0504807692307692,0.9495192307692308,11.900220436030992,72.0,0.0749731767918678,0,16.58310185185185,-11.988483796296295,5.0,validation
2db85f39c0e605e5805b261330701dd1,ececbfcff9804a2d6b40f589df8eef2b,2018-02-17 09:27:33,2018-03-09,health_beauty,SP,SP,guarulhos,franca,57.75,11.9,1,339.2488253632939,19.605868055555558,0.0,1.0,12.039451754385968,1.0,0.0581221569160611,0,10.353935185185184,-9.25193287037037,3.0,validation
ca1aeded94b48bff9b434a7512cee7ce,92eb0f42c21942b6552362b9b114707d,2017-06-07 16:36:57,2017-07-14,telephony,RR,SP,boa vista,sao paulo,16.5,25.38,1,3307.45071605848,36.30767361111111,0.0408163265306122,0.9591836734693876,13.103297430083142,39.0,0.0574292819680843,0,30.106122685185184,-6.201550925925926,4.0,train
a56f9a0588c3c7aaaa93f193bd7c7cd3,1025f0e2d44d7041d6cf58b6550e0bfa,2018-03-15 12:40:16,2018-04-04,furniture_decor,MG,SP,belo horizonte,sao paulo,105.0,48.96,3,489.4077640675538,19.47203703703704,0.1371237458193979,0.862876254180602,14.091124775486175,64.0,0.0911778240303156,0,11.100057870370373,-8.371979166666666,2.0,validation
618450817fba79842e9347f1c03714d3,3d871de0142ce09b7081e2b9d1733cb1,2017-10-30 10:40:38,2017-12-01,stationery,RS,SP,farroupilha,campo limpo paulista,38.0,44.81,1,810.12369834849,31.555115740740742,0.0210843373493975,0.9789156626506024,9.841888456604192,61.0,0.0354646841287874,0,8.287604166666666,-23.267511574074074,5.0,train
bf210c81ef1a94cbfb1bd7b2767a0cdb,1da3aeb70d7989d1e6d9b0e887f97c23,2017-08-18 17:58:20,2017-09-08,garden_tools,SP,SP,tremembe,sao paulo,49.99,11.85,1,128.5343955282658,20.25115740740741,0.0,1.0,6.897734173126616,9.0,0.0063586971260709,0,7.190717592592593,-13.060439814814815,5.0,train
e7f4523b6b3d8e132da47b94e7b09235,b561927807645834b59ef0d16ba55a24,2018-08-06 10:25:44,2018-08-29,stationery,RJ,SP,mendes,sao paulo,29.0,18.3,1,323.1847714891889,22.565462962962965,0.1147540983606557,0.8852459016393442,12.808371281117184,19.0,0.1720620384680532,0,8.1228125,-14.442650462962964,5.0,test
37478cd0f9c2bb79fe9027f43f6e28c3,4c03b9dd4c11ee2cb35c96c49efc9420,2017-05-31 14:07:36,2017-06-22,toys,SP,SP,ourinhos,campo limpo paulista,149.0,13.25,1,319.11349749063845,21.41138888888889,0.0,1.0,7.634089988425926,10.0,0.0174510802365261,0,6.962685185185185,-14.448703703703703,5.0,train
74cc0ed335d038500396da34763043a6,f84a00e60c73a49e7e851c9bdca3a5bb,2017-10-11 17:29:28,2017-10-24,health_beauty,RJ,RJ,rio de janeiro,rio de janeiro,46.4,7.94,1,34.10349905375385,12.271203703703703,0.0,1.0,9.770372197855751,2.0,0.0681794048264688,0,5.172453703703703,-7.09875,5.0,train
20c50b79ccf3492546de6ef891c03ebd,58f1a6197ed863543e0136bdedb3fce2,2018-07-12 10:59:14,2018-08-03,watches_gifts,GO,MG,goiania,conselheiro lafaiete,139.0,22.9,1,726.4517146000774,21.542199074074077,0.0909090909090909,0.9090909090909092,12.483695286195289,13.0,0.1135372724816638,0,14.537037037037036,-7.005162037037037,5.0,test
0a02d8b1995030c91c63add1acba1fb2,0432ead42b6c8a0bdf68154add917fdf,2017-05-27 13:48:50,2017-06-09,toys,SP,SP,sao paulo,maua,94.9,7.92,1,24.989419485573457,12.424421296296297,0.0,1.0,7.995187227668845,13.0,0.0322055234695134,0,2.8230671296296297,-9.601354166666669,5.0,train
357b4b724bbf34f1d64b1c5dfdc88120,dbd66278cbfe1aa1000f90a217ca4695,2018-01-24 02:22:12,2018-02-22,electronics,RJ,SP,belford roxo,sao paulo,59.8,28.2,2,353.5135422560286,28.90125,0.0833333333333333,0.9166666666666666,12.047821180555554,5.0,0.1141650443589031,0,14.639386574074074,-14.261863425925926,5.0,validation
bc659b259306be889d0321cb368b7cdc,4869f7a5dfa277a7dca6462dcf3b52b2,2018-03-28 07:34:42,2018-04-30,watches_gifts,PB,SP,cajazeiras,guariba,579.0,60.6,1,1916.068082306011,32.68423611111111,0.1144366197183098,0.8855633802816901,15.903274729394884,113.0,0.1706422348696732,0,30.27605324074074,-2.4081828703703705,5.0,validation
a59d7b222600db38a7e511fd9499719a,b410bdd36d5db7a65dcd42b7ead933b8,2018-08-07 22:14:51,2018-08-22,housewares,MG,GO,varginha,goiania,179.0,32.12,1,673.9950301378118,14.073020833333333,0.0285714285714285,0.9714285714285714,9.464819444444444,7.0,0.1187311680148627,0,6.859629629629629,-7.213391203703703,5.0,test
5a3b1c29a49756e75f1ef513383c0c12,d2374cbcbb3ca4ab1086534108cc3ab7,2017-10-17 13:06:29,2017-11-03,bed_bath_table,SP,SP,sao paulo,ibitinga,715.08,138.86,11,309.81103858190795,16.453831018518517,0.0181818181818181,0.9818181818181818,15.091102693602698,25.0,0.0628438856638215,0,5.067650462962963,-11.386180555555557,1.0,train
43831dba8cf4791c11ab2d6febf989e4,160e4f13fd3a64b1b86807be88b5ffb0,2018-01-04 19:32:27,2018-02-02,small_appliances,SP,PR,sao paulo,colombo,179.0,17.5,1,331.2256897808521,28.18579861111111,0.0,1.0,11.910914351851853,0.0,0.0710494844472711,0,19.004675925925927,-9.181122685185183,5.0,validation
141ba7894f0b0bd2cf4db4d6dcc763f6,d05ae8f7a5bd1d2a690a44cd079e4e27,2018-02-20 23:32:58,2018-03-20,sports_leisure,GO,RJ,formosa,rio de janeiro,204.0,17.87,1,924.961295084252,27.01877314814815,0.0851063829787234,0.9148936170212766,11.14339194247439,2.0,0.101590820383378,0,12.847511574074074,-14.171261574074077,5.0,validation
58c43e59cd24b301789382786fa841f2,ececbfcff9804a2d6b40f589df8eef2b,2018-03-11 17:44:34,2018-04-16,health_beauty,PA,SP,barcarena,franca,55.6,37.08,1,2115.2275170027,35.26071759259259,0.0,1.0,11.955175925925928,5.0,0.0879870784056682,1,46.13856481481481,10.877847222222222,1.0,validation
a6ef39ae149a4aa36b96c2d5246b9dbd,95e03ca3d4146e4011985981aeb959b9,2017-11-22 13:07:19,2017-12-14,housewares,SP,RJ,guarulhos,rio de janeiro,29.8,14.1,1,337.9476036669198,21.45325231481481,0.0,1.0,10.971022049591962,14.0,0.0488638331876795,0,13.55636574074074,-7.896886574074074,4.0,train
90407fc87b8430d3031e48be0d8ddd2b,1025f0e2d44d7041d6cf58b6550e0bfa,2018-02-18 15:00:17,2018-03-14,furniture_decor,PR,SP,curitiba,sao paulo,76.8,30.22,2,347.3035074732006,23.37480324074074,0.1254612546125461,0.8745387453874539,13.6901832205822,21.0,0.0795911431863069,0,16.176585648148148,-7.198217592592592,5.0,validation
2c115ba9e25f2b8932ec710356d9eca9,0747d5bb69f0586cc869d8af4c50f93e,2017-03-28 17:10:35,2017-04-17,perfumery,RJ,RJ,rio de janeiro,saquarema,22.0,10.96,1,92.56539439287258,19.28431712962963,0.0,1.0,13.852223875661378,5.0,0.0600095842526523,0,6.051469907407407,-13.232847222222222,5.0,train
341db9fcd72b3de80c6d9ee4309abacd,a420f60ff1aa9acc80d0e42959f2b313,2018-01-22 21:41:47,2018-03-01,air_conditioning,PR,SP,janiopolis,sao paulo,199.0,17.15,1,619.5871310626245,37.095983796296295,0.0,1.0,11.30386396011396,5.0,0.0450964652018092,0,7.928194444444444,-29.16778935185185,5.0,validation
aa26ab274909dba40108cdcfc216f8b6,d91fb3b7d041e83b64a00a3edfb37e4f,2018-04-10 21:32:22,2018-05-11,home_appliances,RJ,SP,rio de janeiro,praia grande,10.5,18.23,1,338.7144721152737,30.102523148148148,0.042016806722689,0.957983193277311,12.279043923124812,62.0,0.1154044228788319,0,10.834305555555556,-19.268217592592592,5.0,test
5f4727d9a2d6c472c961c9f21c508132,1c129092bf23f28a5930387c980c0dfc,2017-10-16 12:38:07,2017-11-03,bed_bath_table,MG,SP,vicosa,sao paulo,45.9,16.11,1,497.75581768394034,17.473530092592593,0.0,1.0,8.921898148148149,14.0,0.0242755109562643,0,11.205347222222224,-6.268182870370371,4.0,train
9aa4615642ca1c84d5158a8281a919b7,86ccac0b835037332a596a33b6949ee1,2018-02-19 16:39:53,2018-03-20,watches_gifts,ES,SC,vitoria,blumenau,98.9,33.14,1,1160.2894412739074,28.305636574074075,0.02,0.98,11.667580324074075,7.0,0.083377947086447,0,16.010949074074073,-12.2946875,5.0,validation
eac9a6eb5ffd533239d332b2171c7bcb,98dac6635aee4995d501a3972e047414,2018-02-21 10:46:33,2018-03-16,housewares,BA,SP,camacari,sao paulo,52.11,15.8,1,1486.1919105872594,22.551006944444445,0.1333333333333333,0.8666666666666667,11.231954218106996,6.0,0.1946874134529581,0,16.472384259259258,-6.078622685185185,5.0,validation
f063fd7dd487e7fbaa3dae8d260b2ec6,2a1348e9addc1af5aaa619b1a3679d6b,2017-08-11 23:34:33,2017-09-04,auto,SP,MG,sao paulo,belo horizonte,32.9,14.1,1,480.3019443249921,23.01767361111111,0.1851851851851851,0.8148148148148149,16.709143518518516,2.0,0.0478833970040771,0,11.791527777777778,-11.226145833333334,5.0,train
807baffb5f8bb605f1218ead428cd8e4,33ac3e28642ab8bda860a2f693000e78,2017-10-17 23:47:22,2017-10-27,sports_leisure,SP,SP,sao paulo,cotia,82.99,8.78,1,32.41444357907567,9.008773148148148,0.0,1.0,8.530983024691357,3.0,0.0629161079179521,0,2.930671296296296,-6.078101851851852,4.0,train
9fab0f942fae1cf572b2ae5d159be064,85d9eb9ddc5d00ca9336a2219c97bb13,2017-10-09 11:13:00,2017-11-08,computers_accessories,MG,MG,santa rita de caldas,belo horizonte,31.9,12.48,1,346.05778367941747,29.53263888888889,0.0285714285714285,0.9714285714285714,11.892615189594355,10.0,0.0091653904699787,0,7.354652777777778,-22.17798611111111,,train
9a58639b7ba6a6e4983d68f50694f34f,4a3ca9315b744ce9f8e9374361493884,2018-08-24 10:49:21,2018-09-04,bed_bath_table,SP,SP,sao paulo,ibitinga,52.9,14.68,1,306.9713597402837,10.5490625,0.1114369501466275,0.8885630498533724,14.626394285597902,59.0,0.1819011890707148,0,5.350185185185185,-5.198877314814815,5.0,test
f5de15fee5da7c522b0aa5837f99a1db,955fee9216a65b617aa5c0531780ce60,2018-05-03 14:45:05,2018-05-23,housewares,RJ,SP,sao joao de meriti,sao paulo,300.0,44.26,2,354.060480868542,19.38535879629629,0.0861618798955613,0.9138381201044388,11.296178712165156,214.0,0.232620302813813,0,13.079027777777778,-6.306331018518518,3.0,test
cc2e56876c1e46ae38eb40eb187b23a9,955fee9216a65b617aa5c0531780ce60,2018-01-09 15:42:32,2018-01-26,cool_stuff,SP,SP,sao paulo,sao paulo,29.5,13.08,1,14.391352397303272,16.345462962962962,0.04,0.96,9.90658716931217,91.0,0.0735183672697573,0,5.944699074074074,-10.40076388888889,5.0,validation
b6a87380ebe0e02e7ed12272492b3ca0,7142540dd4c91e2237acb7e911c4eba2,2017-11-26 07:52:37,2017-12-19,auto,MG,SP,belo horizonte,penapolis,59.9,26.74,1,659.9452554150071,22.67179398148148,0.0495049504950495,0.9504950495049505,15.247663068390164,27.0,0.1223695930550286,0,8.606157407407407,-14.065636574074071,4.0,train
6aaac39c745e3f8bc6391b775041cd93,7c67e1448b00f6e969d365cea6b010ab,2018-02-24 08:46:15,2018-03-27,office_furniture,SP,SP,sao caetano do sul,itaquaquecetuba,116.99,8.07,1,25.530342564101904,30.63454861111111,0.0994671403197158,0.9005328596802842,20.41133153246498,47.0,0.1171454292960556,0,6.5490509259259255,-24.085497685185185,5.0,validation
e05c05475cc96f65f8c34274398840d9,6560211a19b47992c3666cc44a7e94c0,2017-06-20 22:42:06,2017-07-03,watches_gifts,SP,SP,sao paulo,sao paulo,88.0,15.56,2,38.89180292744785,12.054097222222222,0.0304878048780487,0.9695121951219512,10.062739809168924,59.0,0.0371846932572973,0,7.43837962962963,-4.615717592592593,5.0,train
336d43702a934d77766b523ef3308ba6,218d46b86c1881d022bce9c68a7d4b15,2018-04-19 21:27:20,2018-05-14,sports_leisure,SP,SP,sao paulo,ribeirao preto,570.0,20.9,1,309.4887378281793,24.10601851851852,0.0987654320987654,0.9012345679012346,14.190913458790584,18.0,0.1229375789776818,0,6.830706018518518,-17.2753125,5.0,test
62ac92693b6cbeb12a8a91c8f5c332ef,0bae85eb84b9fb3bd773911e89288d54,2017-12-02 21:21:53,2017-12-29,toys,SP,SP,sao paulo,itajai,35.12,17.6,1,431.3524152656637,26.109803240740742,0.0,1.0,9.142858999350228,15.0,0.0264330693704993,0,9.09199074074074,-17.0178125,5.0,train
d40934bd791cef9f61becafd56317f6f,955fee9216a65b617aa5c0531780ce60,2018-03-01 10:18:55,2018-03-26,furniture_decor,CE,SP,fortaleza,sao paulo,69.9,24.94,1,2384.272991152841,24.57019675925926,0.0383747178329571,0.9616252821670428,10.671507059401383,89.0,0.1800392180968645,0,15.125694444444443,-9.444502314814814,5.0,validation
bed5dfd1b6d819c52dbcf83071564974,b4ffb71f0cb1b1c3d63fad021ecf93e1,2017-12-16 14:52:52,2018-01-09,auto,SP,SP,sao bernardo do campo,sao paulo,10.35,8.72,1,19.733697440645354,23.379953703703706,0.0188679245283018,0.981132075471698,9.53543784940601,22.0,0.0142232216728455,0,4.289097222222222,-19.09085648148148,4.0,train
c1ba0776bb79a0826691352f8d6ea4e0,c3cfdc648177fdbbbb35635a37472c53,2018-07-07 21:22:30,2018-07-27,sports_leisure,SC,PR,florianopolis,curitiba,69.9,18.29,1,246.91063765369464,19.109375,0.0278884462151394,0.9721115537848606,10.162572349490931,10.0,0.0936375220361074,0,4.065405092592592,-15.043969907407408,5.0,test
fa8cbd21c8617a2e568d5e448d8216bb,6560211a19b47992c3666cc44a7e94c0,2017-11-05 12:29:45,2017-11-29,computers_accessories,MG,SP,monte formoso,sao paulo,45.0,15.1,1,947.9392143292848,23.479340277777776,0.0355805243445692,0.9644194756554308,9.349795568039946,97.0,0.0269290247618916,0,12.39375,-11.085590277777778,5.0,train
cd6f777c4734b77c8f01725d6a3500c0,725c32fa80c2faacc4fc88450d27314e,2017-01-17 18:24:14,2017-02-13,toys,SP,SP,santos,sao paulo,44.95,10.96,1,48.741182381339485,26.23317129629629,0.0127795527156549,0.9872204472843452,17.25215892136212,1.0,0.0436667882550095,0,9.797465277777778,-16.43570601851852,5.0,train
809866afc43dd3f06fc471f5eebe53e6,44073f8b7e41514de3b7815dd0237f4f,2017-08-05 19:34:53,2017-08-31,garden_tools,SP,DF,osasco,brasilia,69.9,17.06,1,863.7098692916446,25.184108796296297,0.0,1.0,13.145680147058824,10.0,0.0108326156144889,0,11.063229166666666,-14.120879629629629,5.0,train
be83e11958329610a35de1f743052c66,cc3d14116804f7209f3884f6367f1152,2018-07-09 09:06:51,2018-08-06,small_appliances,RS,PR,nova prata,curitiba,193.0,24.15,1,438.9378562874944,27.620243055555555,0.0416666666666666,0.9583333333333334,13.708901427469137,1.0,0.0973525807889544,0,3.291770833333333,-24.32847222222222,5.0,test
91c96626f9e13b1b71a1f3e7ed52dd7a,b17b679f4f5ce2e03ce6968c62648246,2016-10-08 21:04:27,2016-12-14,health_beauty,PE,SP,recife,ribeirao preto,75.9,26.79,1,2003.3772956415164,66.12190972222223,0.0228215767634854,0.9771784232365144,20.59908587509078,4.0,0.0287217470137614,0,17.728715277777777,-48.39319444444445,5.0,train
0360de67db844d693e3060a8b79eac4b,0db783cfcd3b73998abc6e10e59a102f,2017-07-31 10:23:38,2017-08-22,computers_accessories,RJ,SP,cabo frio,santos,49.9,15.1,1,453.3492716923459,21.566921296296297,0.0289855072463768,0.9710144927536232,12.428055052334951,6.0,0.0330251327324572,0,14.032719907407408,-7.534201388888889,5.0,train
28d14a9fb1c0c5e0667fd9ed3834eb5e,89a51f50b8095ea78d5768f34c13a76f,2018-05-18 13:56:53,2018-06-08,perfumery,SP,DF,sao paulo,brasilia,70.9,17.21,1,865.9864859238871,20.41883101851852,0.0,1.0,5.853136574074075,6.0,0.0845035898058833,0,7.3371875,-13.081643518518518,5.0,test
eac67648168ca5875a655452939cf2d6,cfb1a033743668a192316f3c6d1d2671,2017-07-27 08:49:32,2017-08-14,bed_bath_table,SP,SP,campinas,votorantim,157.0,14.49,1,86.68812140481869,17.63226851851852,0.05,0.95,12.11224247685185,10.0,0.0222835736447665,0,5.492951388888889,-12.13931712962963,3.0,train
6f50dd4b4117e4425da9ac374632e010,6560211a19b47992c3666cc44a7e94c0,2017-06-28 10:55:46,2017-07-24,watches_gifts,RS,SP,porto alegre,sao paulo,65.0,14.2,1,835.6867491751609,25.54460648148148,0.03954802259887,0.96045197740113,9.995600544046871,62.0,0.0105360578508325,0,6.1554166666666665,-19.389189814814817,5.0,train
12988705c14f4a1b899dcfba47f4fd49,440dd6ab244315c632130ecfb63827b1,2018-05-11 01:03:08,2018-06-06,sports_leisure,PR,SP,mandaguari,votuporanga,144.0,43.59,1,386.9340940870552,25.956157407407407,0.1204819277108433,0.8795180722891567,16.36563894466756,5.0,0.1167259884282435,0,11.808657407407408,-14.1475,5.0,test
102f840f0c7fb82a5e0568624b41b3e5,fe2032dab1a61af8794248c8196565c9,2018-06-11 10:46:09,2018-07-03,perfumery,DF,SP,brasilia,campinas,319.0,18.2,1,792.0419589123562,21.55128472222222,0.0798319327731092,0.9201680672268908,11.257062227668852,14.0,0.1333912525922708,1,35.247511574074075,13.696226851851852,1.0,test
710b77f06bbd6da0be12265c7d1d5911,7a67c85e85bb2ce8582c35f2203ad736,2017-03-08 19:56:12,2017-03-29,cool_stuff,RJ,SP,rio de janeiro,sao paulo,65.99,16.71,1,351.6764592236955,20.16930555555556,0.0,1.0,12.13404356060606,29.0,0.0470554061202937,0,8.583958333333333,-11.585347222222222,5.0,train
7f579e203c931f3e8410103359c6d523,c70c1b0d8ca86052f45a432a38b73958,2018-08-02 18:09:27,2018-08-09,health_beauty,SP,SP,sorocaba,hortolandia,110.32,8.03,1,73.82874295792651,6.2434375,0.0394088669950738,0.9605911330049262,7.661182494070427,64.0,0.1572725970296491,1,11.084953703703704,4.841516203703704,5.0,test
7c09108767582a44ca405d37360379c0,f7ba60f8c3f99e7ee4042fdef03b70c4,2018-07-29 19:47:05,2018-08-17,health_beauty,PE,SP,ouricuri,sao bernardo do campo,330.0,39.22,1,1885.0387371571155,18.175636574074076,0.1629213483146067,0.8370786516853932,14.452243939866834,15.0,0.2450132986478908,0,8.76443287037037,-9.411203703703704,5.0,test
0b1e77ab8db5ec5c6af5514bcdf20240,2745f798279e0ed033addcc1474776d7,2018-02-12 17:58:36,2018-02-26,sports_leisure,SP,SP,piracicaba,sao paulo,110.8,11.98,1,140.46374516312622,13.250972222222222,0.1052631578947368,0.8947368421052632,14.08125182748538,2.0,0.1255117352977271,0,10.984016203703703,-2.2669560185185187,3.0,validation
1ac605c3c8e2ee53279c7b0bd52c6aec,e89c4adbe7b1d0819dbb636e16461cf1,2018-03-08 09:26:27,2018-03-28,sports_leisure,SP,SP,ouroeste,indaiatuba,159.0,18.02,1,476.6571606463585,19.606631944444445,0.0,1.0,13.681627604166668,3.0,0.079445728652091,1,29.346550925925925,9.739918981481482,1.0,validation
d0920ccc909154ba04006679e5f1956a,001cca7ae9ae17fb1caed9dfb1094831,2018-01-26 14:30:56,2018-02-26,garden_tools,RS,ES,porto alegre,cariacica,129.0,38.2,1,1537.977400488135,30.395185185185184,0.0578034682080924,0.9421965317919077,12.797828957931925,8.0,0.1250383274297795,0,19.38129629629629,-11.01388888888889,5.0,validation
ac68b19902b80f75c025b4646f1d9e7c,a1043bafd471dff536d0c462352beb48,2018-04-03 12:19:18,2018-04-26,garden_tools,GO,MG,goiania,ilicinea,110.0,70.07,1,606.3774908011495,22.486597222222223,0.0474137931034482,0.9525862068965516,14.24714317428959,63.0,0.130721873236233,0,17.526574074074073,-4.9600231481481485,4.0,test
02e0b68852217f5715fb9cc885829454,cc419e0650a3c5ba77189a1882b7556a,2017-11-24 06:25:10,2017-12-19,perfumery,SP,SP,taubate,santo andre,56.99,11.9,1,118.23119810912844,24.732523148148147,0.0265379975874547,0.9734620024125452,10.421299270093362,110.0,0.0369636094989888,0,6.495972222222222,-18.23655092592593,4.0,train
8994132130033d9e2bdc70f74f3d4819,5058e8c1e82653974541e83690655b4a,2017-11-05 12:51:46,2017-12-05,office_furniture,CE,SP,fortaleza,itaquaquecetuba,229.99,18.89,1,2348.963355947445,29.464050925925925,0.0,1.0,10.12426697530864,4.0,0.1759553422915929,1,47.52436342592593,18.0603125,1.0,train
571c2c71ea17995d3d512a069ac59772,4869f7a5dfa277a7dca6462dcf3b52b2,2018-05-06 13:31:16,2018-05-30,cool_stuff,SP,SP,sao paulo,guariba,195.0,13.81,1,297.48499045245126,23.43662037037037,0.1545698924731182,0.8454301075268817,16.88288684475805,130.0,0.1365804267359963,0,10.08193287037037,-13.3546875,5.0,test
e2922e8b9f001a01d138099b1b35f3e2,7a67c85e85bb2ce8582c35f2203ad736,2017-04-24 14:04:33,2017-05-15,cool_stuff,SC,SP,ararangua,sao paulo,99.99,15.91,1,666.3779834608033,20.41350694444445,0.032258064516129,0.967741935483871,10.192366711469544,50.0,0.1620623747506157,0,11.047210648148148,-9.366296296296296,5.0,train
cc1942bfd9c7e5fdf278196ff5d8e9ff,ea8482cd71df3c1969d7b9473ff13abc,2017-12-14 12:29:18,2018-01-12,telephony,BA,SP,salvador,sao paulo,27.99,15.79,1,1463.0024241240849,28.479652777777776,0.0335195530726257,0.9664804469273744,10.250425977653627,152.0,0.0856270781345349,0,22.298449074074075,-6.181203703703703,5.0,train
0ec61157a488963fe217233f74c52760,c43d924a0f1688ee9fae0efcd6f539d4,2016-10-09 23:50:37,2016-12-02,bed_bath_table,SP,RJ,sao paulo,rio de janeiro,29.9,15.11,1,354.6697848784281,53.0065162037037,0.0228215767634854,0.9771784232365144,19.84408524557166,0.0,0.0159625130459086,0,21.502858796296294,-31.50365740740741,4.0,train
74d59459f88ddcdcda3e557af55ec4bc,e49c26c3edfa46d227d5121a6b6e4d37,2017-06-14 22:58:31,2017-07-07,consoles_games,CE,PE,taua,brejao,15.9,15.1,1,530.4656011146533,22.042696759259258,0.0,1.0,12.415906635802468,5.0,0.0722694366461491,0,14.447465277777775,-7.595231481481481,5.0,train
f75666bf6c9e09f6b3f4bcd797b57a3c,609e1a9a6c2539919b8205cf7c4e6ff0,2018-06-06 16:41:39,2018-07-20,bed_bath_table,GO,SC,goiania,brusque,44.8,52.48,1,1162.565106914644,43.30440972222223,0.0,1.0,11.541153322440085,13.0,0.0550754789017307,0,9.184375,-34.12003472222222,5.0,test
396cf83a5c0a10f81804e755cae565ab,ccc4bbb5f32a6ab2b7066a4130f114e3,2018-01-05 09:35:05,2018-01-29,health_beauty,PR,PR,curitiba,curitiba,349.9,14.15,1,3.5924640577909663,23.600636574074077,0.0531914893617021,0.946808510638298,15.828502511820329,9.0,0.0699328689527467,0,3.397615740740741,-20.203020833333333,5.0,validation
f0dd29734578caa3db607e173070e2a9,e9779976487b77c6d4ac45f75ec7afe9,2017-09-21 15:10:47,2017-10-16,health_beauty,PR,SP,curitiba,praia grande,69.49,15.24,1,329.7695285362613,24.36751157407408,0.0454545454545454,0.9545454545454546,9.23281407828283,26.0,0.0095193184727596,0,6.23125,-18.136261574074076,5.0,train
9460b0cf19053015adc675b188e5750b,6fd52c528dcb38be2eea044946b811f8,2017-09-04 16:14:27,2017-10-03,bed_bath_table,SP,SP,adamantina,sao paulo,105.6,13.08,1,518.4425624801574,28.32329861111111,0.0,1.0,13.13636574074074,3.0,0.039326870876047,0,22.262546296296296,-6.060752314814815,5.0,train
4fb03ddd24b3d883bf20f5f196c53890,955fee9216a65b617aa5c0531780ce60,2018-01-16 18:41:05,2018-01-31,cool_stuff,SP,SP,mogi das cruzes,sao paulo,29.5,13.08,1,48.78741116735418,14.221469907407409,0.0372093023255813,0.9627906976744186,9.57982235142119,158.0,0.077367531219797,0,3.767349537037037,-10.45412037037037,5.0,validation
8f8cf49b9bbb4c2344382d62362e2c4b,7040e82f899a04d1b434b795a43b4617,2017-11-30 13:57:18,2017-12-22,toys,RJ,SP,rio de janeiro,sao paulo,89.9,16.95,1,328.81042283738566,21.418541666666663,0.0638297872340425,0.9361702127659576,9.587240937746255,30.0,0.4469045960628696,0,11.219895833333334,-10.198645833333334,1.0,train
fe77e2fdbb1b332cfbabd01709f805e8,bd1d49a326abfa9b1036772e40445430,2018-04-24 22:42:31,2018-05-17,health_beauty,SP,SP,jaboticabal,bauru,57.7,12.84,1,141.85378699935737,22.05380787037037,0.125,0.875,14.260964988425926,2.0,0.1048047804121374,0,9.906840277777778,-12.146967592592592,5.0,test
7c9b23cecbb5797db15c8a34ef95616d,7178f9f4dd81dcef02f62acdf8151e01,2017-12-04 00:06:23,2018-01-10,health_beauty,MG,SC,juiz de fora,videira,79.0,16.99,1,980.286147881556,36.99556712962963,0.0113636363636363,0.9886363636363636,13.28547164351852,33.0,0.0458185414068419,0,25.889363425925925,-11.106203703703704,1.0,train
d97670cc7c039da62e3bf444647fb307,82bd0703a4aefd6b599e5bfdaed378fb,2017-03-30 18:55:59,2017-04-24,health_beauty,MG,SP,machado,marilia,79.99,18.84,1,419.7742230734378,24.211122685185185,0.0,1.0,12.4905362654321,2.0,0.0229760674480298,0,7.843275462962963,-16.367847222222224,5.0,train
1312c3e9b13335ff82ee5ee0599e9e60,aaed1309374718fdd995ee4c58c9dfcd,2017-09-18 13:36:42,2017-10-10,fashio_female_clothing,SP,SC,ferraz de vasconcelos,timbo,198.9,17.15,1,466.6523926028384,21.43284722222222,0.0408163265306122,0.9591836734693876,13.55721088435374,9.0,0.105834159011139,1,27.847314814814816,6.414467592592593,2.0,train
84f22866255c63a5269b53fe16d592bc,955fee9216a65b617aa5c0531780ce60,2018-05-08 12:30:21,2018-05-28,furniture_decor,CE,SP,fortaleza,sao paulo,69.9,0.0,1,2387.04229533827,19.47892361111111,0.0840543881334981,0.9159456118665018,11.218583041477812,226.0,0.235735602200196,0,16.981493055555557,-2.497430555555556,2.0,test
fedc929029b296446e7a6d15adef783f,1f50f920176fa81dab994f9023523100,2017-11-26 19:45:05,2017-12-28,garden_tools,RS,SP,charqueadas,sao jose do rio preto,49.0,17.67,1,1042.3586949822743,31.177025462962963,0.0334928229665071,0.9665071770334928,14.07819084485204,244.0,0.2105401435191711,0,30.070763888888887,-1.106261574074074,3.0,train
9eead354475b8b8fde3811f26b2599fc,218d46b86c1881d022bce9c68a7d4b15,2017-11-28 13:30:58,2017-12-27,sports_leisure,BA,SP,feira de santana,ribeirao preto,128.0,36.04,2,1364.2868393988906,28.436828703703704,0.0335570469798657,0.9664429530201344,12.459399779393488,23.0,0.2058505002790538,0,8.040289351851852,-20.396539351851853,5.0,train
7e77eb1830c5ca91d26012b8e0fed483,8581055ce74af1daba164fdbd55a40de,2017-12-15 11:24:06,2018-01-11,auto,RJ,SP,barra mansa,guarulhos,143.8,31.76,1,260.3794844883034,26.52493055555556,0.0598290598290598,0.9401709401709402,11.88260342473884,46.0,0.3480757216505147,1,27.319652777777776,0.7947222222222222,4.0,train
8e0b25f18db440912bbd8f49eea80abc,d05ae8f7a5bd1d2a690a44cd079e4e27,2017-12-10 19:18:43,2018-01-09,sports_leisure,MG,RJ,monte verde,rio de janeiro,120.0,15.59,1,271.6291685272628,29.19533564814815,0.0588235294117647,0.9411764705882352,10.222087418300656,10.0,0.1098369036782567,1,42.80585648148149,13.610520833333334,5.0,train
bbe5ef975154a7473c4c595fa3385edc,f61c63d13f7cd800549d5acdd390ae72,2017-11-28 22:46:02,2017-12-19,housewares,SP,SP,varzea paulista,pilar do sul,59.9,13.44,1,112.22301865581666,20.051365740740746,0.0,1.0,10.261755401234568,5.0,0.0574162425797306,0,9.850104166666666,-10.201261574074074,5.0,train
acdcdde1b4bbffb38a57ec5992ab1934,537eb890efff034a88679788b647c564,2018-04-17 07:38:17,2018-05-15,furniture_decor,MG,RJ,brasilia de minas,rio de janeiro,18.9,18.23,1,755.8634083726542,27.681747685185183,0.057471264367816,0.942528735632184,10.116414165602388,8.0,0.0782854796010777,0,8.404479166666667,-19.27726851851852,5.0,test
a8a18e23a5c2a59c0a61550c6d690d96,b2ba3715d723d245138f291a6fe42594,2018-03-19 19:25:55,2018-04-06,watches_gifts,SP,SP,santo andre,sao paulo,159.9,7.98,1,8.644300373610694,17.19033564814815,0.0749063670411985,0.9250936329588016,13.861609013039253,11.0,0.1374042212769938,0,9.913773148148149,-7.2765625,5.0,validation
bc10788436288a29d001a6ec0e76f677,4e922959ae960d389249c378d1c939f5,2018-01-15 22:32:45,2018-02-02,health_beauty,SP,SP,cubatao,jacarei,120.0,9.66,1,81.86389655207768,17.060590277777777,0.05859375,0.94140625,13.89192260742188,21.0,0.1025632030572071,0,9.984409722222225,-7.076180555555555,5.0,validation
c4cc12e29d292f1e48ab8b20d64d3a4d,4869f7a5dfa277a7dca6462dcf3b52b2,2018-02-28 15:19:43,2018-03-23,watches_gifts,DF,SP,brasilia,guariba,339.0,17.12,1,603.0668479930733,22.36130787037037,0.0881763527054108,0.9118236472945892,15.300947195316558,95.0,0.1769659602277298,0,20.834444444444443,-1.526863425925926,5.0,validation
5a176f6453eb05d7087014b012940727,1f50f920176fa81dab994f9023523100,2017-11-23 19:21:19,2017-12-13,garden_tools,SP,SP,votuporanga,sao jose do rio preto,196.0,53.67,4,73.82933806159024,19.193530092592592,0.0339805825242718,0.9660194174757282,14.097214019237695,117.0,0.0884557033982265,0,4.012002314814815,-15.181527777777776,4.0,train
b2119fc1abe3ce8896e2e0e951ec8d9e,d1c281d3ae149232351cd8c8cc885f0d,2017-03-23 13:54:11,2017-04-11,bed_bath_table,SP,SP,sao roque,ibitinga,98.99,15.8,1,262.0818779052771,18.42070601851852,0.0,1.0,9.780847685185185,19.0,0.0329208895452298,0,6.124884259259259,-12.29582175925926,5.0,train
f4828ff963f97cbba213b56e3154ef2f,725c32fa80c2faacc4fc88450d27314e,2017-11-26 10:04:26,2017-12-21,toys,SC,SP,palhoca,sao paulo,139.99,15.74,1,502.8331018777467,24.58025462962963,0.0196078431372549,0.9803921568627452,9.149874727668845,8.0,0.1884482609023285,0,12.429317129629627,-12.1509375,5.0,train
5d971e980c1ac22c7eea39b173d48679,271c58a1d139c45eaf3316107c6d3a3b,2018-08-07 23:40:56,2018-09-03,baby,RS,SP,ijui,sao paulo,129.99,23.71,1,913.0585715097624,26.01324074074074,0.0,1.0,12.101453993055554,14.0,0.1064237415411306,0,12.891863425925926,-13.121377314814817,5.0,test
25850021261764efbccacf5e29ed13f7,54a1852d1b8f10312c55e906355666ee,2018-05-18 16:29:43,2018-05-29,luggage_accessories,SP,SP,praia grande,santa barbara d'oeste,279.99,10.55,1,170.9318325632777,10.31269675925926,0.1012658227848101,0.8987341772151899,12.315708728902962,16.0,0.1375278360547329,0,7.056886574074074,-3.2558101851851853,5.0,test
2aa83d9dae401c1373417afddd15fc5c,7e93a43ef30c4f03f38b393420bc753a,2017-06-20 09:55:57,2017-07-12,watches_gifts,SC,SP,florianopolis,barueri,419.0,17.69,1,462.9915335785568,21.586145833333333,0.0267857142857142,0.9732142857142856,10.1277115368717,37.0,0.0537435112844605,0,15.199953703703704,-6.38619212962963,5.0,train
87334ea6311529ce3e36b18350d2d4b3,955fee9216a65b617aa5c0531780ce60,2018-01-20 18:39:14,2018-02-20,cool_stuff,RJ,SP,mage,sao paulo,29.5,19.84,1,381.3898202426756,30.22275462962963,0.0306513409961685,0.9693486590038314,9.224986785156808,191.0,0.1268248956730235,0,10.999583333333334,-19.223171296296297,5.0,validation
8c232e13890c404488a860c3beecc9b0,05f51e13da97139648b8125c31e5f51b,2017-08-22 15:18:18,2017-09-14,baby,SP,MG,osasco,belo horizonte,419.9,41.87,1,505.35941107725534,22.362291666666668,0.0,1.0,9.852398148148149,11.0,0.0240070194300797,0,5.989421296296296,-16.37287037037037,4.0,train
1f46960aa3ffd141df0ca069e617b4a2,16090f2ca825584b5a147ab24aa30c86,2018-07-20 18:36:59,2018-07-30,auto,SP,SP,jacarei,atibaia,27.9,7.46,1,62.932727316763895,9.224317129629627,0.0776699029126213,0.9223300970873788,9.614127562028054,55.0,0.1269968579073545,0,5.2359375,-3.988379629629629,5.0,test
432b94fc93fa7876de3b78bd99ddc053,004c9cd9d87a3c30c522c48c4fc07416,2017-08-16 19:57:51,2017-09-13,bed_bath_table,ES,SP,anchieta,ibitinga,146.99,21.52,1,854.2011929329645,27.16815972222222,0.0327868852459016,0.9672131147540984,12.247206473891923,17.0,0.0123241520421247,0,12.904479166666668,-14.263680555555556,5.0,train
1853610c46a77ba436f5e06e16ec8302,2a7c6c0b0d5efde2bf75ec1e1cec2d41,2017-12-01 16:39:06,2017-12-27,furniture_decor,SC,PR,itajai,maringa,59.8,15.17,1,504.7400637325912,25.30618055555556,0.0,1.0,13.362685185185184,1.0,0.1559103950672876,0,7.175462962962963,-18.130717592592596,4.0,train
ade4397f52cb13f72b87939c8250e292,2a6fbeaa7ab9e5d59a35841a8da71ce4,2017-09-23 18:57:21,2017-10-24,market_place,ES,SC,serra,jaragua do sul,130.0,27.45,1,1142.2052276017375,30.21017361111111,0.0,1.0,10.285211226851851,0.0,0.0268756320237301,0,18.77208333333333,-11.438090277777778,3.0,train
bf101963374c9a004517e115644d0d4b,cc419e0650a3c5ba77189a1882b7556a,2017-02-25 19:14:08,2017-04-04,health_beauty,SE,SP,lagarto,santo andre,64.99,20.9,1,1698.8693075261813,37.19851851851852,0.0,1.0,7.278185763888889,11.0,0.031932645918458,0,18.653275462962963,-18.54524305555556,4.0,train
4d65b53f48c951380c38eb2aadc99138,14d7985702e72162bbf13b6beb74ab2b,2017-05-01 18:22:33,2017-06-01,sports_leisure,MG,SP,sao joao del rei,santo andre,79.0,14.72,1,367.5787228639035,30.23434027777778,0.0,1.0,9.920121527777775,1.0,0.0174292385308311,0,9.684131944444443,-20.55020833333333,4.0,train
93c876d3232e6a2353011f181e7f3c40,1025f0e2d44d7041d6cf58b6550e0bfa,2018-04-05 15:10:04,2018-04-30,furniture_decor,SP,SP,batatais,sao paulo,500.0,75.22,2,318.50637820603515,24.36800925925926,0.1428571428571428,0.8571428571428572,14.16470085719472,77.0,0.1630162013396585,0,4.999953703703704,-19.36805555555556,4.0,test
07015ec9fa46c951514edc46a108d719,1f50f920176fa81dab994f9023523100,2017-12-30 18:25:34,2018-02-02,garden_tools,RJ,SP,duque de caxias,sao jose do rio preto,49.9,18.0,1,664.3185548841169,33.23224537037037,0.0747800586510264,0.9252199413489736,15.245448334147945,118.0,0.1163172703471143,0,28.841122685185184,-4.391122685185185,2.0,train
946d4f5359317f054ef617725b284cc3,b561927807645834b59ef0d16ba55a24,2018-08-15 12:24:47,2018-09-06,stationery,SC,SP,gaspar,sao paulo,66.0,18.56,1,445.61094756353134,21.482789351851853,0.125,0.875,12.350767264660494,18.0,0.1303451172362671,0,12.019594907407408,-9.463194444444444,2.0,test
4e08bdd0a71b43ba19f8c0a89c8ce665,9e6229250fedbe05838fef417b74e7fb,2018-08-07 12:29:39,2018-08-27,baby,SP,SP,sao paulo,mirandopolis,244.89,49.82,2,527.1133340513759,19.479409722222226,0.0363636363636363,0.9636363636363636,12.00123547979798,16.0,0.1287276098043977,0,6.097974537037037,-13.381435185185186,2.0,test
220e48b13b356b314da2cbc5f1dbfccf,fad44952713764836814be105382aee5,2018-01-14 20:01:54,2018-02-09,health_beauty,RS,RJ,balneario pinhal,rio de janeiro,180.0,17.7,1,1068.973175274477,25.165347222222223,0.0588571559234445,0.9411428440765556,13.114727632096995,4.0,0.1241239559905711,0,10.139733796296296,-15.025613425925926,4.0,validation
ac086c46cd97732d9bbef84d3e0d3c43,4a3ca9315b744ce9f8e9374361493884,2017-04-01 15:42:51,2017-05-08,bed_bath_table,MT,SP,campinapolis,ibitinga,89.9,21.08,1,916.5489405125128,36.34524305555556,0.0133333333333333,0.9866666666666668,11.243061419753088,54.0,0.0491846781258119,0,23.862824074074076,-12.482418981481482,5.0,train
4644c8e42b3f62ea4f683927c2e1a988,d2374cbcbb3ca4ab1086534108cc3ab7,2018-06-21 14:15:29,2018-07-23,bed_bath_table,MG,SP,itanhandu,ibitinga,38.9,19.46,1,405.728334869938,31.40591435185185,0.0610328638497652,0.9389671361502347,15.709103226612768,25.0,0.0922878251368398,0,12.17917824074074,-19.226736111111112,3.0,test
fe060c64faf15963690f95b750ec2301,8f2ce03f928b567e3d56181ae20ae952,2018-08-03 16:58:14,2018-09-04,sports_leisure,CE,SP,caucaia,pirituba,99.9,20.97,1,2360.4765077349025,31.29289351851852,0.1521739130434782,0.8478260869565217,14.590401821658617,15.0,0.1562545881156945,0,19.330046296296292,-11.962847222222225,4.0,test
e897fcc9001681522b0e07a8ce043a54,8160255418d5aaa7dbdc9f4c64ebda44,2018-07-02 21:39:45,2018-07-20,bed_bath_table,SP,SP,poa,ibitinga,122.9,15.17,1,323.1194231610678,17.097395833333334,0.190625,0.809375,17.129841724537048,32.0,0.1594212170894616,0,2.9665856481481483,-14.130810185185185,5.0,test
1726692d7d3bf55b3bf72214ed9e6f7e,3be5841cdcc46de4ed3f9116f104b2c5,2017-02-04 13:00:52,2017-03-01,garden_tools,SP,SP,franca,barueri,149.9,16.16,1,332.9955638411572,24.45773148148148,0.0060331825037707,0.9939668174962292,14.263475712514074,2.0,0.0288429968366736,0,4.044652777777777,-20.413078703703704,4.0,train
c7fbf4fec3e516001a347b5b186d804a,897060da8b9a21f655304d50fd935913,2017-04-27 09:44:17,2017-05-29,computers_accessories,MG,SP,belo horizonte,ribeirao preto,177.0,16.45,1,423.23916267655954,31.594247685185184,0.0769230769230769,0.9230769230769232,19.618352029914533,7.0,0.0433785509164403,0,18.050173611111116,-13.544074074074071,4.0,train
13d936efcc1a197d00449039d86a442a,36a968b544695394e4e9d7572688598f,2018-04-20 16:33:24,2018-05-16,computers_accessories,RS,SP,porto alegre,santos,14.9,18.23,1,830.477637321955,25.31013888888889,0.064516129032258,0.935483870967742,12.727134607726008,7.0,0.1130268115799604,0,13.332997685185186,-11.977141203703704,5.0,test
5d636e00c8235b39e3149dd8ddc949b8,7722b1df1b0e383e000397b2c11e3e19,2017-08-08 20:01:23,2017-09-01,furniture_decor,ES,SP,aracruz,sao bernardo do campo,67.9,15.23,1,779.065499463745,23.16570601851852,0.05,0.95,8.475504822530866,8.0,0.0230532303665981,0,9.946041666666666,-13.219664351851852,5.0,train
c9facf1957d4cfd6bf178b54fff813f5,8581055ce74af1daba164fdbd55a40de,2017-06-20 14:38:38,2017-07-10,auto,SP,SP,pinhalzinho,guarulhos,169.0,19.07,1,76.8592052672124,19.389837962962964,0.0446428571428571,0.9553571428571428,12.075655071924604,29.0,0.0275453197236652,0,14.000868055555555,-5.388969907407407,5.0,train
c3d24172aec3f97cadcdc629a7357555,3d871de0142ce09b7081e2b9d1733cb1,2017-08-30 15:29:05,2017-09-26,stationery,BA,SP,salvador,campo limpo paulista,100.0,19.94,1,1442.1442797503796,26.35480324074074,0.0142180094786729,0.985781990521327,9.461615269001229,55.0,0.0637879521395747,0,13.271145833333334,-13.083657407407408,4.0,train
825983820e200102c888befb401e0803,52f0fe436a347ddad7ed5f9aa4e27eaa,2018-04-10 14:00:39,2018-05-09,computers_accessories,PE,SP,jaboatao dos guararapes,sao paulo,224.99,29.83,1,2115.599557505946,28.416215277777777,0.1111111111111111,0.8888888888888888,15.973190586419754,7.0,0.1864245316898342,0,14.148425925925926,-14.267789351851851,2.0,test
5d77e951a4327143b2844fb532e7ac82,fe2032dab1a61af8794248c8196565c9,2018-08-02 20:13:58,2018-08-16,perfumery,DF,SP,brasilia,campinas,179.0,16.35,1,797.6892646607884,13.156967592592592,0.0769230769230769,0.9230769230769232,10.98541361416361,16.0,0.1940122562077266,0,8.104039351851851,-5.052928240740741,5.0,test
d89b3f3e37df53791ceeef1e4e653310,e9779976487b77c6d4ac45f75ec7afe9,2018-06-13 11:30:24,2018-07-05,sports_leisure,SP,SP,ribeirao preto,praia grande,29.0,25.72,1,349.6585869497724,21.52055555555556,0.0788381742738589,0.9211618257261412,10.68558984555095,56.0,0.0965902999232133,0,8.123564814814815,-13.39699074074074,1.0,test
986bc2d6613975f7fd8c8e203a90b782,4e922959ae960d389249c378d1c939f5,2017-04-23 16:37:15,2017-05-23,pet_shop,SC,SP,joinville,jacarei,120.0,16.05,1,434.3319305260077,29.307465277777776,0.0,1.0,12.025630045109212,25.0,0.0702054839912032,0,16.982349537037038,-12.32511574074074,4.0,train
1500991a912c8a687bd6536ddf9ee4b3,1eade46fba20122dc4aefb379f8c636b,2018-02-17 15:19:16,2018-03-06,health_beauty,SP,SP,sao paulo,sao paulo,14.99,7.78,1,20.260932592800803,16.36162037037037,0.08,0.92,11.148404629629631,10.0,0.0744237448286069,0,6.367118055555555,-9.994502314814817,5.0,validation
bb7cf7d6dbc99d0fd7bf5c103862d714,b18dc380845b24038cfc48006478f099,2018-04-25 17:17:26,2018-05-22,health_beauty,SE,SP,aracaju,diadema,199.89,27.95,1,1740.844098706735,26.279560185185183,0.1111111111111111,0.8888888888888888,11.72472800925926,9.0,0.1806221719315262,0,20.843796296296297,-5.435763888888889,4.0,test
e6461bf12e723ae0324f5248219b54e6,44073f8b7e41514de3b7815dd0237f4f,2017-12-02 20:28:47,2018-01-10,baby,PA,DF,belem,brasilia,278.0,26.5,1,1613.827331419105,38.14667824074074,0.0094339622641509,0.9905660377358492,12.292552301712089,17.0,0.0964392719095136,0,33.08896990740741,-5.057708333333333,1.0,train
793d5734dbcacd65ede9e18d93ff8c84,d3674f271c91f824f82d24d92011f669,2017-07-07 13:26:33,2017-08-02,perfumery,SP,DF,sao paulo,brasilia,35.9,15.79,1,869.1881819365209,25.43989583333333,0.0386611123291675,0.9613388876708324,12.74694668296202,0.0,0.0155517188656827,0,10.11880787037037,-15.321087962962965,5.0,train
7a094f321857b6925fee399192bb5ebd,b17b679f4f5ce2e03ce6968c62648246,2017-01-25 19:11:42,2017-02-20,health_beauty,SP,SP,sao paulo,ribeirao preto,30.97,10.96,1,283.6275937584681,25.20020833333333,0.0,1.0,16.547854938271602,4.0,0.0435418995943661,0,14.980474537037036,-10.219733796296296,1.0,train
7803d0f984dfa8078247ba07d2645bef,53e4c6e0f4312d4d2107a8c9cddf45cd,2018-01-29 22:16:45,2018-03-12,housewares,RS,SP,viamao,pedreira,42.0,16.6,1,913.8194078621564,41.07170138888889,0.0418410041841004,0.9581589958158996,12.38298853246552,37.0,0.0763549679707721,0,17.03960648148148,-24.03209490740741,5.0,validation
27240c0c08c0744d4070effa2394ba4c,7a67c85e85bb2ce8582c35f2203ad736,2017-07-31 15:14:00,2017-09-01,cool_stuff,PI,SP,teresina,sao paulo,129.99,25.46,1,2092.7437468703533,31.365277777777777,0.0420560747663551,0.9579439252336448,10.152290530893048,96.0,0.0348300514566674,0,15.079328703703704,-16.285949074074075,5.0,train
768cf7b525325877d87127d98b19c7d9,7a241947449cc45dbfda4f9d0798d9d0,2018-04-18 15:16:32,2018-05-25,air_conditioning,RS,MG,porto alegre,jacutinga,139.0,55.23,1,975.3914878504122,36.36351851851852,0.1142857142857142,0.8857142857142857,15.440707010582011,2.0,0.0962546808411101,0,9.355578703703705,-27.00793981481481,5.0,test
cb2909ecbfb8c77f77bdcce55ddcfba1,cc419e0650a3c5ba77189a1882b7556a,2017-08-16 21:11:56,2017-08-30,health_beauty,SP,SP,sao paulo,santo andre,84.99,8.79,1,34.227953246316744,13.116712962962962,0.0096385542168674,0.9903614457831326,10.308066460285582,140.0,0.0826932115916165,1,25.62640046296296,12.5096875,1.0,train
07f6947cb721727031402e0cd6d6e5e9,113e3a788b935f48aad63e1c41dac1bd,2018-08-07 21:34:23,2018-08-24,christmas_supplies,SP,SP,mogi-guacu,aparecida,19.83,12.8,1,183.4328513454465,16.101122685185185,0.0294117647058823,0.9705882352941176,13.89018654684096,5.0,0.0898064980851772,0,5.857083333333334,-10.244039351851852,4.0,test
a2cfec2310701eb38801890faf296d4d,1900267e848ceeba8fa32d80c1a5f5a8,2017-07-24 11:03:13,2017-08-15,bed_bath_table,MG,SP,belo horizonte,ibitinga,109.98,30.26,2,540.4548219842341,21.53943287037037,0.0666666666666666,0.9333333333333332,14.085505787037038,11.0,0.0324104987076913,0,8.465694444444445,-13.073738425925926,5.0,train
6b53b59d28af45f02a606d5ace41b854,431af27f296bc6519d890aa5a05fdb11,2017-08-01 10:29:34,2017-08-23,health_beauty,SC,SP,florianopolis,ribeirao preto,82.9,15.33,1,708.902371159172,21.562800925925927,0.0909090909090909,0.9090909090909092,14.63256734006734,10.0,0.1128331141949947,0,16.353032407407408,-5.209768518518518,1.0,train
1e30d770b3285a068012ff979103c827,f5a590cf36251cf1162ea35bef76fe84,2018-06-07 17:30:36,2018-07-04,musical_instruments,PR,SP,curitiba,sao bernardo do campo,269.0,22.96,1,333.27431095586843,26.270416666666662,0.1136363636363636,0.8863636363636364,12.273115135732333,10.0,0.1156636006923872,0,8.888402777777777,-17.38201388888889,4.0,test
7fc930983a4062abd3407e7d6a0141a5,4e922959ae960d389249c378d1c939f5,2017-11-25 10:41:49,2017-12-11,audio,SP,SP,sao paulo,jacarei,220.0,25.44,2,74.36680747277174,15.554293981481482,0.0422535211267605,0.9577464788732396,13.280922611284996,31.0,0.1885217574518351,1,19.24818287037037,3.693888888888889,1.0,train
fd814f791bd23e12edad7656f27a8310,ceaec5548eefc6e23e6607c5435102e7,2018-02-10 21:46:00,2018-03-06,cool_stuff,SP,SP,sao paulo,sao paulo,389.0,16.33,1,26.1652400621012,23.093055555555555,0.0,1.0,12.13563988095238,14.0,0.0754224991263525,0,17.817557870370372,-5.275497685185186,5.0,validation
73445fb704124d3a8fd5b74bf0e65e28,855668e0971d4dfd7bef1b6a4133b41b,2018-05-03 16:24:34,2018-06-04,baby,SP,SP,bauru,itatiba,225.0,66.43,1,237.27685210884653,31.31627314814815,0.1541501976284585,0.8458498023715415,15.966016322646755,19.0,0.1302532241132978,0,18.125104166666667,-13.191168981481482,5.0,test
34898d392f0f57ce2cb451fe7c86f555,2fdde51ad3e12f297da656d4fbd5d0b5,2017-05-02 16:53:19,2017-06-09,garden_tools,GO,SC,goiania,joinville,449.0,57.77,1,1070.9126467072165,37.29630787037037,0.0284572342126298,0.97154276578737,13.821363147018092,1.0,0.0404390411535679,0,19.818854166666668,-17.477453703703702,5.0,train
6afa0491e7c2b7661f8371616e639c04,1f50f920176fa81dab994f9023523100,2017-11-16 12:34:01,2017-12-12,garden_tools,SC,SP,ibirama,sao jose do rio preto,59.9,17.67,1,695.0920355218487,25.476377314814812,0.0334190231362467,0.9665809768637532,13.949210552937268,96.0,0.1282435263582526,0,15.288055555555555,-10.18832175925926,5.0,train
dceea990c8cf652d8a6abcb265f27301,b499c00f28f4b7069ff6550af8c1348a,2017-11-16 13:38:50,2017-11-29,electronics,SP,SP,atibaia,limeira,59.99,9.74,1,106.39516459557058,12.43136574074074,0.1034482758620689,0.896551724137931,11.333730842911876,9.0,0.1413161044570805,1,14.226608796296295,1.7952430555555556,4.0,train
e334ab4c4f7e57c1687890de298f81e2,7e93a43ef30c4f03f38b393420bc753a,2017-10-21 00:10:54,2017-11-17,watches_gifts,AL,SP,maceio,barueri,489.0,27.97,1,1951.1095208422264,26.992430555555558,0.0294117647058823,0.9705882352941176,10.723275633169942,40.0,0.193981447346813,0,13.723738425925928,-13.26869212962963,5.0,train
d3244b7027fc12dbc070c6994d29ad50,da8622b14eb17ae2831f4ac5b9dab84a,2017-07-09 16:57:55,2017-07-28,bed_bath_table,SP,SP,sao jose do rio preto,piracicaba,79.9,12.9,1,273.7874707068807,18.293113425925927,0.0393700787401574,0.9606299212598424,13.879065234033252,35.0,0.0152022247104807,0,10.09767361111111,-8.195439814814815,3.0,train
66f4ba6099569fe5564621a8afe502da,ea4e9ce63a2134743b4a92777437fcdd,2018-06-15 20:04:51,2018-07-18,air_conditioning,SP,SC,mogi das cruzes,palhoca,48.9,15.44,1,525.087987056325,32.16329861111111,0.0,1.0,11.203055555555556,0.0,0.0518255930091713,0,12.688599537037035,-19.474699074074078,5.0,test
91f8127396bfce32461d286408e16167,955fee9216a65b617aa5c0531780ce60,2018-04-27 19:56:26,2018-05-11,health_beauty,SP,SP,sao paulo,sao paulo,110.0,13.67,1,37.68925673543032,13.16914351851852,0.0875512995896032,0.9124487004103968,11.344186648173473,189.0,0.152151351310687,0,10.644456018518518,-2.5246875,5.0,test
e4dedbcf41b39d53b8ac735d22ce670c,37515688008a7a40ac93e3b2e4ab203f,2017-10-12 09:34:58,2017-10-31,consoles_games,SP,SP,cotia,dracena,19.9,11.85,1,527.8306385622031,18.60071759259259,0.0517241379310344,0.9482758620689656,14.491376117496806,15.0,0.0523291375160216,0,13.430787037037035,-5.169930555555555,5.0,train
9f42ba3ab7f23f1ce0a717cfc841a9ab,f262cbc1c910c83959f849465454ddd3,2018-01-10 14:55:25,2018-02-05,luggage_accessories,GO,SP,goiania,sao paulo,26.99,14.1,1,808.841044136796,25.37818287037037,0.0769230769230769,0.9230769230769232,8.889770299145301,20.0,0.0821864427042963,0,9.127534722222222,-16.250648148148148,5.0,validation
0212767fce39149bfc2e12d54be96f65,522620dcb18a6b31cd7bdf73665113a9,2017-06-11 23:09:07,2017-07-04,music,PR,PR,londrina,cascavel,329.0,15.32,1,296.2630600016393,22.03533564814815,0.0943396226415094,0.9056603773584906,16.215658848707196,4.0,0.0430509113794618,0,2.647662037037037,-19.38767361111111,3.0,train
0719c4577b69cf807be736608c144bc8,5058e8c1e82653974541e83690655b4a,2018-01-20 20:10:56,2018-03-20,furniture_living_room,SC,SP,florianopolis,itaquaquecetuba,59.99,22.74,1,507.2872542685434,58.15907407407408,0.0588235294117647,0.9411764705882352,18.59808142701525,8.0,0.0921847675424214,0,9.698287037037035,-48.46078703703704,5.0,validation
cb55e6deb67ba10e409f5e3e0a968254,a416b6a846a11724393025641d4edd5e,2017-12-01 15:11:37,2018-01-02,health_beauty,PR,SP,antonina,sao paulo,113.0,21.28,1,305.8344680888527,31.36693287037037,0.1159420289855072,0.8840579710144928,13.712940485775627,15.0,0.0755595608271447,0,12.219039351851851,-19.14789351851852,3.0,train
56740543d19104f08eee3703abfcfa59,7142540dd4c91e2237acb7e911c4eba2,2017-08-16 10:44:29,2017-09-19,fashion_shoes,PR,SP,jaguariaiva,penapolis,84.9,17.84,1,316.77942966405107,33.55244212962963,0.0434782608695652,0.9565217391304348,15.601472675120773,25.0,0.0129792960022794,0,7.152314814814815,-26.400127314814814,,train
f8941c4e03c5fdb1736fb5cd167c17a1,cc63f0dd2acba93ffed4fe9f8e0321fa,2018-08-04 14:18:40,2018-08-15,housewares,SP,SP,sao paulo,sao jose do rio preto,360.0,29.6,1,406.0094847355488,10.403703703703703,0.0,1.0,10.767380736714978,22.0,0.1522911142663872,0,4.951377314814815,-5.452326388888889,5.0,test
e27c7d40e51c72cdb3841c34f9f1f301,3d871de0142ce09b7081e2b9d1733cb1,2018-03-31 19:39:13,2018-04-24,toys,MS,SP,campo grande,campo limpo paulista,69.9,19.46,1,865.8058805995884,23.18109953703704,0.0570430733410943,0.9429569266589056,14.00142672358039,43.0,0.1661778283358771,1,47.0383912037037,23.857291666666665,1.0,validation
cafae278ef8c0665728ca6a04f710832,d91fb3b7d041e83b64a00a3edfb37e4f,2018-05-18 07:55:35,2018-06-06,home_appliances,SP,SP,morro agudo,praia grande,13.8,12.79,1,400.9766800536348,18.669733796296292,0.0640243902439024,0.9359756097560976,12.356479011404703,49.0,0.1001941051442585,0,6.299398148148148,-12.370335648148147,5.0,test
8cd8ab3299e57a72f3b279754fc9847f,18a349e75d307f4b4cc646a691ed4216,2017-09-08 14:04:54,2017-09-25,computers_accessories,SP,SP,maua,sao paulo,29.35,9.34,1,25.47150850169082,16.41326388888889,0.0,1.0,5.472824074074073,6.0,0.0302637011194115,0,12.208622685185183,-4.204641203703703,4.0,train
85390f5003d9b2084c226bac317cca79,dd2bdf855a9172734fbc3744021ae9b9,2017-06-08 01:01:01,2017-08-02,bed_bath_table,GO,MG,anapolis,belo horizonte,259.9,30.86,1,663.0851422626151,54.957627314814815,0.0555555555555555,0.9444444444444444,14.414172775205758,8.0,0.0337511254669612,0,15.051087962962963,-39.906539351851855,3.0,train
db7b88e881d8890d4ea491444d0e43ed,70eea00b476a314817cefde4aad4f89a,2018-03-29 17:02:55,2018-04-17,sports_leisure,SP,SP,catanduva,itatiba,269.9,18.57,1,303.03010440880746,18.289641203703702,0.081967213114754,0.918032786885246,14.940592175166968,6.0,0.1303238833007698,0,8.14150462962963,-10.148136574074076,3.0,validation
0410fab6a2d13d2339283e1e2522518f,e5a38146df062edaf55c38afa99e42dc,2018-04-10 14:38:47,2018-05-03,housewares,SP,SP,itapolis,sao paulo,89.18,13.98,1,308.7546879243097,22.389733796296294,0.0449438202247191,0.9550561797752808,10.820226669787765,14.0,0.087809788669879,0,7.238530092592592,-15.151203703703704,4.0,test
da199a7491e600f839b6a5f580902cd9,f84fa566034f5e8e880a07ec624c56af,2018-05-21 11:54:32,2018-06-04,health_beauty,SP,SP,sao paulo,indaiatuba,53.69,8.29,1,82.91156821639466,13.503796296296295,0.1967213114754098,0.8032786885245902,13.305103787188829,16.0,0.1360289543069079,0,3.148645833333333,-10.355150462962962,5.0,test
dfde6c784a00bbd75c7f13644e9f302c,530ec6109d11eaaf87999465c6afee01,2018-05-03 09:44:23,2018-05-28,sports_leisure,SP,PR,itapevi,cascavel,89.9,23.21,1,681.6975256423161,24.594178240740742,0.0,1.0,13.599139254385966,10.0,0.0947418836275599,0,6.3684259259259255,-18.225752314814816,5.0,test
61f26d1fbc29fc8e6d6bc8ba373e81f6,5194c22ed1f616ec0c0f33c571542879,2018-07-27 21:19:42,2018-08-21,small_appliances_home_oven_and_coffee,BA,MG,mata de sao joao,santa rita do sapucai,29.9,22.14,1,1338.0067483155733,24.111319444444444,0.0,1.0,13.654745370370373,0.0,0.1554084329806452,0,18.90287037037037,-5.208449074074074,4.0,test
f75517cfb973c21eab8559a870263794,37be5a7c751166fbc5f8ccba4119e043,2017-07-04 19:48:21,2017-07-27,bed_bath_table,MG,SP,uberaba,sao paulo,205.0,26.27,1,450.09103793546217,22.174756944444443,0.0,1.0,8.197330379948914,37.0,0.0090510135012943,0,7.027511574074074,-15.14724537037037,5.0,train
8ab4737e31b330e9244e8e1e9a59000c,7ddcbb64b5bc1ef36ca8c151f6ec77df,2017-11-24 08:44:42,2017-12-14,toys,SP,SP,ubatuba,sao paulo,76.99,13.56,1,161.6217996589142,19.635625,0.02,0.98,9.701370833333334,67.0,0.0801968399713308,0,14.600162037037038,-5.035462962962963,5.0,train
8d31389fe53e1e3d5a914946f5549e7d,1464afc72f696af775557a821c2e253f,2017-09-22 17:32:46,2017-10-17,perfumery,SP,RJ,sao paulo,nova friburgo,42.9,15.1,1,444.4587434646982,24.26891203703704,0.0,1.0,9.697619598765431,4.0,0.0094425383471457,0,11.820393518518518,-12.44851851851852,5.0,train
1500d5e4b3cb0312a231c2d9bd30d8f3,cc419e0650a3c5ba77189a1882b7556a,2017-12-02 22:26:43,2018-01-02,health_beauty,GO,SP,catalao,santo andre,84.99,16.35,1,627.0175054500281,30.064780092592592,0.0263157894736842,0.9736842105263158,10.334564237435371,209.0,0.1155641249612106,0,23.943773148148143,-6.121006944444445,4.0,train
7b54f413e57e620ba1cfca072be00075,f3b80352b986ab4d1057a4b724be19d0,2017-08-30 00:24:51,2017-09-22,health_beauty,GO,DF,uruacu,brasilia,158.0,35.6,2,191.38403421045663,22.98274305555556,0.0,1.0,8.738259548611111,6.0,0.0132675806415023,0,7.795277777777778,-15.187465277777775,4.0,train
8c4a924fbaf8e5d685676b7a7269cc07,ad420dd0c4f92f8af951ac24b86d0cf5,2018-06-10 13:17:39,2018-07-11,health_beauty,SP,MG,campinas,fronteira,160.0,19.0,1,366.3430725840834,30.44607638888889,0.074074074074074,0.925925925925926,15.82270876200274,2.0,0.1040190193120199,0,4.319918981481481,-26.12615740740741,5.0,test
c982662d7a005d0eff5dbdbe69a0167f,fa40cc5b934574b62717c68f3d678b6d,2017-12-08 09:22:04,2017-12-27,toys,SP,SP,sao paulo,sao paulo,54.99,7.78,1,27.312280325494715,18.609675925925927,0.0368663594470046,0.9631336405529954,10.421241839477728,16.0,0.0257688695252378,0,9.359050925925926,-9.250625,5.0,train
cb31d6a654b3b6be3168cdb05fee80ee,1eade46fba20122dc4aefb379f8c636b,2018-01-25 14:01:47,2018-03-05,health_beauty,RS,SP,frederico westphalen,sao paulo,29.98,30.2,2,804.7680985945836,38.41542824074074,0.1052631578947368,0.8947368421052632,11.66517848440546,6.0,0.0769693298114427,0,27.84524305555556,-10.570185185185183,4.0,validation
90a8a33a0da9f54b68d65e99feb825bc,7e3f87d16fb353f408d467e74fbd8014,2017-07-31 20:54:58,2017-09-01,computers_accessories,PE,SP,recife,sao paulo,32.9,17.63,1,2142.230687232136,31.12849537037037,0.0,1.0,4.372679398148148,2.0,0.0887363405561608,0,14.038252314814814,-17.090243055555554,5.0,train
b07078baf6a1bbbc998cdfa28e7f8230,dbc22125167c298ef99da25668e1011f,2017-07-24 21:44:50,2017-08-15,stationery,SP,MG,sao paulo,borda da mata,45.9,13.37,1,167.77228587740427,21.09386574074074,0.0147058823529411,0.9852941176470588,13.723524305555555,36.0,0.0142715314652084,0,2.814664351851852,-18.27920138888889,5.0,train
ff834ecc7838d679d1cbd96ad32cee27,d91fb3b7d041e83b64a00a3edfb37e4f,2017-06-27 14:17:09,2017-07-21,home_appliances,RS,SP,porto alegre,praia grande,104.0,16.49,1,814.6069937403935,23.404756944444443,0.0217391304347826,0.9782608695652174,12.762692230273757,36.0,0.0302731015872208,0,9.024212962962965,-14.380543981481482,5.0,train
769214176682788a92801d8907fa1b40,4a3ca9315b744ce9f8e9374361493884,2017-06-29 21:26:38,2017-07-25,bed_bath_table,ES,SP,serra,ibitinga,89.9,15.38,1,903.8392931235044,25.10650462962963,0.042042042042042,0.957957957957958,12.803015828328318,90.0,0.0305980845406337,0,21.05296296296296,-4.053541666666667,5.0,train
41ff2ba0d19e828f41b858fbf8b3c3cb,f3da5b2ff499efb8d4a6d371d175d7dd,2017-11-24 20:25:42,2017-12-08,furniture_decor,SP,SP,sao paulo,sao paulo,34.9,7.78,1,6.850703734334005,13.148819444444444,0.0,1.0,5.362581018518519,4.0,0.0625274359963888,0,9.932048611111112,-3.2167708333333334,5.0,train
7dfa7b74a309a0a38a2354b745151aae,70a12e78e608ac31179aea7f8422044b,2017-12-19 01:08:48,2018-01-16,audio,DF,SP,brasilia,jacarei,59.0,15.16,1,861.9540722880663,27.952222222222225,0.0663507109004739,0.933649289099526,13.551839784096885,13.0,0.0660681248477689,0,10.79494212962963,-17.157280092592593,5.0,train
9635ce9faca001ffd1c913c8e55deaed,cc419e0650a3c5ba77189a1882b7556a,2017-11-24 10:12:09,2017-12-12,perfumery,SP,SP,sao bernardo do campo,santo andre,84.99,9.41,1,6.887024614216645,17.574895833333333,0.0265379975874547,0.9734620024125452,10.421299270093362,113.0,0.0432618902134486,0,1.3837962962962962,-16.191099537037037,5.0,train
0ad9d4e4f4c9746b59ddb9c18d30d241,d91fb3b7d041e83b64a00a3edfb37e4f,2018-08-02 15:30:52,2018-09-05,home_appliances,MA,SP,joao lisboa,praia grande,100.0,51.42,1,2068.34192470976,33.35356481481482,0.0553097345132743,0.9446902654867256,11.600852794165853,69.0,0.1280371820774534,0,12.226203703703703,-21.12736111111111,4.0,test
8e149b3d8483d3f623d3e6e0c9f824b6,1f50f920176fa81dab994f9023523100,2017-10-13 19:43:26,2017-11-03,garden_tools,RJ,SP,sao goncalo,sao jose do rio preto,59.9,17.67,1,692.0329305949211,20.17817129629629,0.025,0.975,13.767596478174609,97.0,0.1465187919887267,0,9.93804398148148,-10.240127314814815,5.0,train
79bdeae310789e415e342ede8f9ad5f5,17e34d8224d27a541263c4c64b11a56b,2017-11-22 09:18:48,2017-12-08,perfumery,SP,SP,cotia,riberao preto,232.56,13.13,1,286.7826796597284,15.611944444444443,0.025,0.975,12.750612461419747,21.0,0.0983443162942533,0,9.512361111111112,-6.099583333333333,5.0,train
14cccd76360744f54b4d0fad37c12ebb,4a3ca9315b744ce9f8e9374361493884,2018-04-11 16:38:48,2018-05-10,bed_bath_table,BA,SP,salvador,ibitinga,59.9,23.35,1,1477.0499913709457,28.30638888888889,0.118391660461653,0.8816083395383469,15.139574680786511,89.0,0.2041677614877807,1,29.27371527777778,0.9673263888888888,4.0,test
4a6779a79e8397160e34e7e005321200,7d13fca15225358621be4086e1eb0964,2018-05-10 12:46:02,2018-06-14,watches_gifts,RJ,SP,rio de janeiro,ribeirao preto,230.0,0.0,2,496.0316941424626,34.46803240740741,0.1699029126213592,0.8300970873786407,17.862999089805832,239.0,0.1704328211037552,0,11.953136574074074,-22.51489583333333,5.0,test
d4665434b01caa9dc3e3e78b3eb3593e,7f35f9daf223da737b78738fbae4d977,2018-06-18 05:22:00,2018-07-13,diapers_and_hygiene,RJ,SP,saquarema,valinhos,60.0,19.61,1,464.2405858413547,24.77638888888889,0.0850695103285137,0.9149304896714864,13.34152434971424,0.0,0.1742694959992443,0,3.727048611111111,-21.049340277777777,5.0,test
e15c6296371161f7eabd6ce8335b5b51,ba143b05f0110f0dc71ad71b4466ce92,2018-07-13 11:36:36,2018-08-06,books_technical,RS,SP,porto alegre,sao paulo,121.99,22.15,1,862.1121204509445,23.51625,0.1384615384615384,0.8615384615384616,11.18730911680911,16.0,0.1174802034284362,0,13.448761574074076,-10.067488425925928,5.0,test
5b9a0e4cbfc2d6a1347472c847a4a4e1,1f50f920176fa81dab994f9023523100,2018-05-19 14:35:15,2018-06-13,garden_tools,MG,SP,teofilo otoni,sao jose do rio preto,201.6,56.81,4,889.4703838573289,24.3921875,0.1155737704918032,0.8844262295081967,16.413029419019466,109.0,0.1761112054436513,0,15.978055555555557,-8.414131944444444,5.0,test
ff6c4756c64b5b474194ac300f8b45fd,3092c0b297aacfb4bb6e056ebe13b9b8,2018-04-16 10:07:11,2018-05-17,computers_accessories,SP,SP,santo andre,aruja,129.9,8.67,1,33.831330467464426,30.57834490740741,0.0,1.0,16.57505642361111,2.0,0.1007405695343049,0,3.5401041666666666,-27.03824074074074,5.0,test
4ab89d9dbd3924ff720ba734b538956e,6039e27294dc75811c0d8a39069f52c0,2017-11-22 11:18:24,2017-12-13,electronics,RJ,SP,rio de janeiro,osasco,129.9,21.75,1,339.35235829040386,20.52888888888889,0.0,1.0,12.655138117283949,3.0,0.4480787364249531,1,22.56502314814815,2.036134259259259,5.0,train
cb3fd1d04f967b6c2d2fbb8f50970c8f,2e7ea2aafec5835e781b21d6d1faf1f1,2018-08-23 21:46:53,2018-09-06,health_beauty,SP,SP,franca,sao paulo,65.0,13.12,1,331.7758270991725,13.09244212962963,0.2,0.8,6.663171296296296,5.0,0.107948752492363,0,7.027800925925926,-6.064641203703704,5.0,test
ce1102192008032289474c932a4c241a,7c67e1448b00f6e969d365cea6b010ab,2018-06-20 22:11:57,2018-07-12,office_furniture,SP,SP,sao jose dos campos,itaquaquecetuba,79.98,19.08,1,62.37473356055383,21.075034722222224,0.0976430976430976,0.9023569023569024,22.204940038242523,31.0,0.1843512786930428,0,13.879710648148148,-7.195324074074074,3.0,test
199c3d5d5456786637603c3975e504f3,2e1c9f22be269ef4643f826c9e650a52,2018-02-25 16:35:44,2018-03-12,health_beauty,SP,SP,jundiai,sao paulo,157.49,12.31,1,65.29759232535267,14.308518518518518,0.032258064516129,0.967741935483871,9.258091273397053,6.0,0.0786369878170875,0,3.2094560185185186,-11.0990625,5.0,validation
3f3f818c758f0f9ed76a1d49d8d7e6f3,f45122a9ab94eb4f3f8953578bc0c560,2017-03-14 18:29:23,2017-04-12,musical_instruments,BA,SP,feira de santana,piracicaba,17.99,20.8,1,1481.3459893527215,28.229594907407407,0.0,1.0,11.595136959876545,8.0,0.1660214421197554,1,46.6157175925926,18.386122685185185,1.0,train
d46a98b33046509aec0ca7142d63b9b1,744dac408745240a2c2528fb1b6028f3,2018-03-14 20:45:22,2018-04-10,watches_gifts,DF,PR,brasilia,colombo,198.0,20.08,1,1045.711096542963,26.13516203703704,0.0,1.0,10.444267557651992,4.0,0.0755028382526727,0,13.115717592592592,-13.019444444444444,5.0,validation
d347f2967d904f9f8657e9919366545c,71039d19d4303bf9054d69e9a9236699,2017-11-04 16:55:38,2017-11-30,toys,RJ,SP,mesquita,sao paulo,19.9,14.1,1,336.2196499067674,25.294699074074074,0.0,1.0,16.531828703703702,5.0,0.0698927378193253,0,16.03224537037037,-9.262453703703704,1.0,train
8f93df4da4cf61d8677c0d0913735f0a,0509040ea3fe50071181bbc359eb7738,2017-11-30 17:03:35,2017-12-22,sports_leisure,MG,MG,cataguases,belo horizonte,34.9,12.48,1,216.9468500777372,21.28917824074074,0.0,1.0,10.139107218013471,14.0,0.0525542291505251,0,7.019629629629629,-14.26954861111111,5.0,train
1bfb96cdc9efb4a52f769d2833d992af,ce27a3cc3c8cc1ea79d11e561e9bebb6,2018-07-09 18:34:54,2018-07-20,cool_stuff,SP,SP,guarulhos,sao paulo,31.99,8.38,1,12.248476215529426,10.225763888888888,0.0101010101010101,0.98989898989899,10.807334572577624,3.0,0.099847250631565,0,3.094826388888889,-7.1309375,3.0,test
83fae28795d7d8f02ff4edb1e9e78226,d624126b9206f595fb3fbb6ba03b28a8,2017-12-18 15:18:12,2018-01-17,auto,RS,PR,tres passos,curitiba,32.9,17.6,1,517.6188422333339,29.36236111111111,0.0,1.0,9.864248842592591,3.0,0.0381672096656171,0,21.930659722222224,-7.431701388888888,5.0,train
ea67dac121b11211fed4d9b9f5f3590b,4d0041cdbe51b4617d95c70b19decc74,2018-05-10 21:50:13,2018-05-25,auto,SP,MG,sao paulo,juiz de fora,319.9,20.12,1,407.8532060038447,14.090127314814817,0.0839833300481513,0.9160166699518486,13.577131268813648,0.0,0.1359426603715354,0,8.922534722222222,-5.167592592592593,5.0,test
ea36139bc595b9fe7aa21e2c78037185,fa1c13f2614d7b5c4749cbc52fecda94,2017-11-23 12:01:18,2017-12-05,watches_gifts,SP,SP,sao bernardo do campo,sumare,1109.0,15.96,1,117.28952557475267,11.499097222222222,0.0273224043715847,0.9726775956284152,11.377746976826549,37.0,0.1216647763916885,0,10.282777777777778,-1.2163194444444445,5.0,train
52dbb0b466455091f16336d2774c70f2,4fe2f67634d00c021aa01f96b6f2d68e,2018-08-16 20:58:56,2018-08-29,health_beauty,RS,PR,porto alegre,maringa,54.9,18.48,1,741.950039766577,12.12574074074074,0.0794366197183098,0.9205633802816902,12.686453227631509,1.0,0.1655014475290881,0,11.866631944444444,-0.2591087962962963,5.0,test
96495a19c4e2919e467d2eb2de240ed3,4869f7a5dfa277a7dca6462dcf3b52b2,2018-06-10 22:46:43,2018-07-03,watches_gifts,SP,SP,francisco morato,guariba,102.9,13.16,1,264.49357229513697,22.050891203703703,0.1373439273552781,0.8626560726447219,16.48884368299909,66.0,0.1346737753128886,0,7.709513888888889,-14.341377314814816,4.0,test
d559ca25e0953705de5c369c8bdebc48,d8c7ba53e7e38711eaef8c2849d6d2e1,2018-07-05 16:20:54,2018-07-30,bed_bath_table,SP,PR,sao paulo,floresta,84.99,25.47,1,546.4784268690047,24.318819444444443,0.0,1.0,7.392396990740741,8.0,0.0625236431932193,0,8.274826388888888,-16.043993055555557,5.0,test
3304c0c857a9c77a201a551f5a3cacb8,ddd51ae8cda92f3995a51fc0f0f3eec7,2017-05-04 12:57:21,2017-05-25,housewares,RJ,RJ,rio de janeiro,rio de janeiro,209.4,56.04,6,35.6609674967158,20.46017361111111,0.0,1.0,7.233155092592594,3.0,0.0283960137535731,0,3.895949074074074,-16.56422453703704,5.0,train
56580e29cdcf56834efd1a9eb48e5f35,dc7192adf8ba09569261f4a8d576afe0,2018-08-04 10:41:25,2018-08-20,small_appliances_home_oven_and_coffee,RJ,SP,rio de janeiro,itapeva,98.0,18.79,1,561.4649234428748,15.55457175925926,0.0778644311592574,0.9221355688407424,12.86043741486212,0.0,0.2180534110427505,0,6.497986111111112,-9.056585648148149,5.0,test
2143f0dfdbb1c47ab7c75c9c097e0173,fe2032dab1a61af8794248c8196565c9,2018-05-30 14:11:28,2018-06-25,perfumery,SP,SP,sorocaba,campinas,319.0,10.97,1,77.9652525321235,25.408703703703704,0.0775862068965517,0.9224137931034484,11.314520474137938,17.0,0.0986453222338105,0,4.1454050925925925,-21.26329861111111,5.0,test
e03178527556af2aeb2b29af558de49d,81f89e42267213cb94da7ddc301651da,2018-08-10 14:19:40,2018-09-17,consoles_games,RS,SP,eldorado do sul,presidente prudente,75.0,18.63,1,877.1326900641734,37.40300925925926,0.0781493560333867,0.9218506439666132,12.771280059293968,3.0,0.0773627243870378,0,12.075972222222225,-25.32703703703704,4.0,test
44b87222a39cf1f615e23599913b099d,6560211a19b47992c3666cc44a7e94c0,2018-08-16 13:02:09,2018-08-21,watches_gifts,SP,SP,sao paulo,sao paulo,95.0,7.93,1,11.27575972324155,4.456840277777777,0.0595870206489675,0.9404129793510324,9.703645471430145,256.0,0.1674628673781698,0,4.022650462962963,-0.4341898148148148,5.0,test
55f2090bf41dca177f3eff3f76eab561,d05ae8f7a5bd1d2a690a44cd079e4e27,2018-03-07 17:38:07,2018-03-26,sports_leisure,MG,RJ,nova lima,rio de janeiro,180.0,16.14,1,337.278931785239,18.265196759259258,0.08,0.92,11.41779513888889,7.0,0.056924516693642,0,14.124131944444445,-4.141064814814815,4.0,validation
e0b26f14d2bcc710bb02f77a4628763b,7c67e1448b00f6e969d365cea6b010ab,2017-05-16 10:00:49,2017-06-07,office_furniture,MG,SP,contagem,itaquaquecetuba,124.99,30.71,1,461.8015094292034,21.582766203703702,0.0510204081632653,0.9489795918367347,17.278316208427817,32.0,0.0460937304941992,0,13.08576388888889,-8.497002314814814,4.0,train
9dafa19eb6a1375cea8727c41ea74ca4,c3867b4666c7d76867627c2f7fb22e21,2017-10-13 21:31:54,2017-11-01,sports_leisure,SP,SP,sao paulo,guara,215.0,21.48,1,366.2541603218808,18.102847222222223,0.0,1.0,11.623385657793207,26.0,0.0337016878716284,0,6.848622685185185,-11.254224537037038,5.0,train
dbffa5e34cf40fb7dc1292bd10d22971,e5e33c0d8e7e002f398f5dc4cbbb338f,2018-03-04 14:18:56,2018-03-26,auto,MG,SP,itambacuri,bauru,197.4,30.88,2,902.4993124579614,21.40351851851852,0.0,1.0,10.771891203703705,1.0,0.0803774356639024,0,8.978784722222223,-12.424733796296296,5.0,validation
978c24a4fc04842cd8b599294c1d4e2b,382229d1e840115ffe3dbf5ff460e417,2018-04-24 23:09:12,2018-05-16,pet_shop,SP,RJ,sao paulo,rio de janeiro,29.9,15.23,1,329.0216422984804,21.03527777777778,0.0,1.0,7.215092592592592,5.0,0.1001889485974826,0,5.616805555555556,-15.418472222222222,5.0,test
5553543e89ef381e4ff08f6b91b94690,82e0a475a88cc9595229d8029273f045,2017-10-12 11:06:28,2017-11-01,furniture_decor,RJ,SP,angra dos reis,sao paulo,329.34000000000003,49.59,3,237.5026391401512,19.53717592592593,0.0909090909090909,0.9090909090909092,17.784329229797976,5.0,0.1202177175749576,0,18.27925925925926,-1.2579166666666666,5.0,train
6586e869984a35a55b2a67b4b494f8e5,0d85bbda9889ce1f7e63778d24f346eb,2017-10-07 17:30:01,2017-11-09,christmas_supplies,MA,MG,codo,uberlandia,116.9,38.37,1,1678.4666730968722,32.270821759259256,0.054054054054054,0.945945945945946,13.569380630630627,7.0,0.0770380616373155,0,18.087534722222223,-14.183287037037037,4.0,train
ecf7b1bde783b7b3efeba24af4156fc9,710e3548e02bc1d2831dfc4f1b5b14d4,2017-04-16 12:35:30,2017-05-10,sports_leisure,SP,PR,cristais paulista,rolandia,43.99,15.56,1,519.7793189180798,23.475347222222226,0.15,0.85,16.897339699074074,3.0,0.0632216311419836,0,10.862916666666669,-12.612430555555555,5.0,train
debb76d62f02e0ea42769534a3d58286,e9779976487b77c6d4ac45f75ec7afe9,2018-07-29 21:45:01,2018-08-07,sports_leisure,SP,SP,jundiai,praia grande,33.49,7.97,1,111.11847682987616,8.093738425925926,0.071301247771836,0.928698752228164,10.212931129101475,46.0,0.135828958952411,0,7.808657407407407,-0.2850810185185185,4.0,test
2ffa8cf8f2e683a7e91cb89a0d2c2328,b1ac6ea7895bc3dd6f0f6f4abbdd2821,2017-08-25 15:54:17,2017-09-14,sports_leisure,RS,RS,tramandai,canoas,59.0,14.14,1,96.35537689174758,19.33730324074074,0.0,1.0,11.077569995590828,5.0,0.024028599321896,0,4.145486111111111,-15.19181712962963,5.0,train
d591fe8e95691bbffc5f4f2478bb3a7c,4869f7a5dfa277a7dca6462dcf3b52b2,2018-08-01 17:45:55,2018-08-14,watches_gifts,SP,SP,sao paulo,guariba,299.9,14.76,1,303.0940256063164,12.259780092592592,0.1242603550295858,0.8757396449704142,15.688906512528296,53.0,0.177066808468783,0,7.070671296296296,-5.1891087962962965,5.0,test
157676ef5dfcf1a927e0b60948918946,25c5c91f63607446a97b143d2d535d31,2017-08-26 19:30:47,2017-09-19,computers_accessories,MG,MG,mata verde,itauna,166.85,29.84,2,634.6949838233106,23.18695601851852,0.0888888888888888,0.9111111111111112,16.055716049382717,14.0,0.052129234678958,0,5.05599537037037,-18.130960648148147,5.0,train
b257713d1922be564a498b7dea2969a8,431af27f296bc6519d890aa5a05fdb11,2017-12-04 23:02:44,2017-12-27,health_beauty,SP,SP,guarulhos,ribeirao preto,125.9,13.9,1,282.5275382092669,22.03976851851852,0.1029411764705882,0.8970588235294118,15.14747821350763,17.0,0.0446518896225172,0,15.941967592592592,-6.097800925925926,1.0,train
c9229f668c1028a77a433afa8b93f122,66922902710d126a0e7d26b0e3805106,2017-05-14 21:11:45,2017-06-06,pet_shop,PR,MG,curitiba,belo horizonte,120.0,22.71,1,826.438163385148,22.11684027777778,0.0322842091044171,0.9677157908955828,13.571625815253183,0.0,0.0404354248183441,0,4.708703703703704,-17.408136574074074,3.0,train
f2665691d2aa17a8c8a37438686b1927,602044f2c16190c2c6e45eb35c2e21cb,2018-03-03 17:48:49,2018-03-23,bed_bath_table,DF,SP,brasilia,ibitinga,99.98,30.2,2,666.4889423338441,19.257766203703703,0.0,1.0,12.203328269675929,7.0,0.1325103795739261,1,20.155949074074076,0.8981828703703704,3.0,validation
270d816a580cef9525ac73d6c4b87255,ed859002ad59dbf8cf3602696a6c3000,2017-01-23 20:35:00,2017-03-02,air_conditioning,SP,PR,sao jose dos campos,londrina,299.8,38.66,2,533.2961934385704,37.14236111111112,0.0,1.0,25.30831597222222,1.0,0.0537756880063935,0,2.7160185185185184,-34.42634259259259,5.0,train
9a2b18c71bc6f8f5cea13c0cef840ac5,18a349e75d307f4b4cc646a691ed4216,2018-04-04 09:24:50,2018-05-15,telephony,RJ,SP,rio de janeiro,sao paulo,25.0,17.93,1,346.47312541228087,40.60775462962963,0.1,0.9,15.370640046296296,18.0,0.1258950607911311,0,21.570810185185184,-19.036944444444444,5.0,test
5cf4f1db71ef2896c0c286637f7dffd1,6c99c983ce3b6ba0ab813e6790e81691,2018-07-25 13:20:53,2018-08-09,toys,SP,MG,sao paulo,uberlandia,9.99,18.23,1,549.6448596243798,14.443831018518518,0.0,1.0,6.565206404320988,5.0,0.1011869778916301,0,5.107152777777777,-9.33667824074074,1.0,test
3a3946583c464f57913a9df9c134ba0f,d06d019f72a04e5497a0b64190af170c,2018-06-05 16:25:19,2018-07-12,health_beauty,RJ,SP,duque de caxias,cotia,224.0,16.45,1,380.8434857549675,36.315752314814816,0.0909090909090909,0.9090909090909092,8.003166035353537,5.0,0.1403931077473304,0,15.00912037037037,-21.306631944444444,5.0,test
37c784fc18298a8c578de2bf806fdcff,c3867b4666c7d76867627c2f7fb22e21,2017-11-07 17:16:07,2017-11-27,sports_leisure,SP,SP,sao paulo,guara,55.0,17.1,1,372.53455981528674,19.28047453703704,0.0,1.0,11.465003956948404,19.0,0.0533508029626755,0,8.949699074074074,-10.330775462962963,5.0,train
4d04e8e9cb2a2dacee258022e86cc1ec,d1c281d3ae149232351cd8c8cc885f0d,2018-01-16 14:17:15,2018-02-07,bed_bath_table,RJ,SP,rio de janeiro,ibitinga,98.99,21.18,1,584.350224930306,21.4046875,0.0657894736842105,0.9342105263157896,12.14849377132066,7.0,0.1730188511706349,0,14.194282407407409,-7.210405092592593,4.0,validation
287c462ead09774c011914051703ece9,537eb890efff034a88679788b647c564,2017-09-17 15:12:39,2017-10-05,cool_stuff,MG,RJ,belo horizonte,rio de janeiro,42.9,14.1,1,347.95569828492785,17.366215277777776,0.0,1.0,6.8837224002849,6.0,0.0195596918176751,0,9.238125,-8.128090277777778,5.0,train
6561717586fb2d3ae85fce2964f600e1,4b9750c8ad28220fe6702d4ecb7c898f,2018-02-28 13:40:34,2018-03-28,baby,RS,SP,santa maria,limeira,48.9,16.11,1,1017.1111806757988,27.43016203703704,0.0909090909090909,0.9090909090909092,12.0186421506734,15.0,0.109885608582387,1,34.410127314814815,6.979965277777778,5.0,validation
08ab4cd4d921b31bd7719eec989aee97,6481e96574816ead57975da2c0f6d80d,2018-02-24 18:22:14,2018-03-12,garden_tools,SP,SP,sao paulo,sorocaba,324.5,61.18,1,91.0951479342922,15.234560185185185,0.0,1.0,8.514044312169313,7.0,0.1001355856673587,0,5.112835648148148,-10.121724537037036,5.0,validation
bca2c019b40c204248a56707eabb2a2c,99eaacc9e6046db1c82b163c5f84869f,2017-03-29 20:06:38,2017-04-20,telephony,PR,SP,rio negro,franca,59.0,14.58,1,664.135224784304,21.162060185185187,0.0,1.0,12.001886574074073,14.0,0.0641708810645993,0,8.848449074074074,-12.313611111111111,4.0,train
611628bc22094deb9fafceb78ed803ee,d91fb3b7d041e83b64a00a3edfb37e4f,2018-02-13 12:10:32,2018-03-15,home_appliances,SP,SP,sao bernardo do campo,praia grande,69.9,9.27,1,38.58145294043128,29.492685185185184,0.0595238095238095,0.9404761904761904,12.398911348104058,16.0,0.0531089638813948,0,7.474548611111111,-22.018136574074077,5.0,validation
9e7752c172e3994115a2cd609a18de29,53243585a1d6dc2643021fd1853d8905,2017-09-04 14:28:22,2017-09-22,computers,SP,BA,sao paulo,lauro de freitas,1299.9,38.51,1,1461.023870318876,17.396967592592592,0.0,1.0,3.168159722222222,57.0,0.0783362283608073,0,7.056898148148148,-10.340069444444444,5.0,train
394961b2b483cbcfbe249c1634babac5,1f50f920176fa81dab994f9023523100,2018-02-15 18:49:19,2018-03-12,garden_tools,ES,SP,boa esperanca,sao jose do rio preto,49.9,17.6,1,984.2893614873152,24.21575231481481,0.0970760233918128,0.9029239766081872,16.191998700454864,147.0,0.1971046633127576,0,14.152546296296295,-10.06320601851852,4.0,validation
29378e35942d709318a61535d08a23c1,42bde9fef835393bb8a8849cb6b7f245,2017-10-07 11:58:05,2017-11-01,toys,SP,DF,sao paulo,brasilia,59.0,15.85,1,433.8627007558771,24.50133101851852,0.0,1.0,9.173134920634922,6.0,0.0105983233545658,0,23.27170138888889,-1.2296296296296296,3.0,train
53f8daea6e8c8d787695830a448a3e67,46dc3b2cc0980fb8ec44634e21d2718e,2017-12-02 22:58:07,2017-12-28,toys,MG,RJ,lavras,rio de janeiro,199.99,16.15,1,264.9252259536997,25.04297453703704,0.0132013201320132,0.9867986798679867,9.992039023346784,115.0,0.1459184946995255,1,26.847233796296297,1.8042592592592592,1.0,train
d314606b4bdfe800bef60e92196924f7,c826c40d7b19f62a09e2d7c5e7295ee2,2018-01-25 20:02:02,2018-02-09,unknown,SP,SP,sao bernardo do campo,guarulhos,157.77,9.3,1,31.315929641374694,14.16525462962963,0.0512820512820512,0.9487179487179488,12.03462972855334,63.0,0.0991609446049977,0,6.847453703703704,-7.317800925925926,5.0,validation
f8898796f33b7a0741dc0cf4f54c0001,00ee68308b45bc5e2660cd833c3f81cc,2017-10-03 07:57:54,2017-10-26,bed_bath_table,MG,SP,belo horizonte,sao paulo,90.0,16.88,1,474.40117671487735,22.668125,0.0,1.0,3.2948263888888887,3.0,0.0243394807145256,0,3.4114814814814816,-19.25664351851852,5.0,train
861c9fbad462917e9c57742085a3e2dc,cca3071e3e9bb7d12640c9fbe2301306,2017-07-28 00:39:07,2017-08-29,furniture_decor,MG,SP,belo horizonte,ibitinga,45.9,16.11,1,546.7918365450876,31.97283564814815,0.0285714285714285,0.9714285714285714,13.242980379188714,66.0,0.0147230102209188,0,6.684259259259259,-25.288576388888888,5.0,train
c51937c0ea3f397cbf08be8fbdce3730,e9bc59e7b60fc3063eb2290deda4cced,2018-07-12 15:03:20,2018-08-09,cool_stuff,SP,PR,sao paulo,maringa,133.9,14.28,1,546.757937268292,27.372685185185187,0.0921985815602836,0.9078014184397164,13.973880351983183,11.0,0.0878531273886028,0,11.203564814814817,-16.169120370370372,5.0,test
97b0c95e889716655b08810a8832ad5e,fa40cc5b934574b62717c68f3d678b6d,2017-11-13 17:15:21,2017-12-04,toys,MG,SP,muriae,sao paulo,34.9,15.1,1,504.9062293924714,20.28100694444445,0.0339805825242718,0.9660194174757282,10.213812028047467,12.0,0.0465246691999873,0,11.845601851851852,-8.435405092592593,5.0,train
30f610db02d0880c9687dd1edd8b8710,40db9e9aa57f7bb151bcda6b0f9bdbb7,2018-06-03 18:46:18,2018-07-18,auto,CE,PE,fortaleza,recife,1890.0,35.77,1,627.9428831990776,44.21784722222223,0.3333333333333333,0.6666666666666667,20.46920910493827,0.0,0.1333902021916903,0,11.048900462962964,-33.168946759259256,1.0,test
d071612bc42212e206ac393b52b1f457,4a3ca9315b744ce9f8e9374361493884,2017-11-26 22:23:53,2017-12-27,furniture_decor,RS,SP,santa maria,ibitinga,167.8,35.68,2,1010.1695160318002,30.066747685185184,0.0433255269320843,0.9566744730679156,13.013043913717585,154.0,0.3433135684350666,1,42.73328703703704,12.666539351851853,1.0,train
f6ed6898419c893a57cd88e7dbbdb2c7,440dd6ab244315c632130ecfb63827b1,2018-02-27 18:31:39,2018-03-20,sports_leisure,RJ,SP,rio de janeiro,votuporanga,144.0,18.26,1,740.6289631963838,20.22802083333333,0.0597014925373134,0.9402985074626866,15.890200905196242,5.0,0.2005073496758111,1,41.20971064814815,20.98168981481481,1.0,validation
3955b3cc807588a07752d36d78afb900,2c4c47cb51acd5ea5db5e0ae0e26542a,2017-10-12 10:49:27,2017-11-06,pet_shop,RJ,SP,volta redonda,buritama,149.99,15.8,1,643.5415492947702,24.54899305555556,0.0,1.0,11.275439814814815,0.0,0.0553356541075848,0,8.411643518518519,-16.137349537037036,4.0,train
832fd2df9c576a07c015ce8f0d88466e,323ce52b5b81df2cd804b017b7f09aa7,2018-04-04 20:41:57,2018-04-27,stationery,RS,SP,montenegro,sao paulo,49.9,15.23,1,838.2801146889939,22.137534722222224,0.0526315789473684,0.9473684210526316,15.011392543859651,5.0,0.1247365780781394,0,8.064293981481482,-14.07324074074074,5.0,test
23512d25000429154263cbc32253c730,4e6015589b781adaa5ce7f1892d06bb1,2018-01-24 11:06:18,2018-02-16,sports_leisure,SP,SP,bertioga,guaruja,228.0,18.31,1,24.56038495974492,22.53729166666667,0.0,1.0,7.555613425925926,0.0,0.0780343980815411,0,2.573703703703704,-19.96358796296296,4.0,validation
f4a4545da8609ac93d74003733142739,81a1104df0f08b59c68aa5b03cfe398e,2018-01-23 22:33:52,2018-02-16,garden_tools,SP,PR,carapicuiba,sao jose dos pinhais,99.9,16.95,1,326.3309778035289,23.05981481481481,0.0285714285714285,0.9714285714285714,11.485979166666668,12.0,0.0583381209925699,0,5.982083333333334,-17.077731481481482,5.0,validation
291d343dc236d7dd2466e052890f5fc1,1c129092bf23f28a5930387c980c0dfc,2017-11-08 14:52:32,2017-11-22,bed_bath_table,SP,SP,sao paulo,sao paulo,45.9,9.34,1,13.911408019000833,13.380185185185184,0.1,0.9,10.703380787037036,29.0,0.0531631853500231,0,2.1438078703703702,-11.236377314814815,5.0,train
36aa7a4fce4353a2a7f6d2aa9448900f,a3a38f4affed601eb87a97788c949667,2017-01-20 14:27:46,2017-03-06,baby,RJ,SC,mage,joinville,19.99,16.05,1,704.3159819371749,44.39738425925926,0.0,1.0,13.705347222222224,2.0,0.0252710368235335,0,13.841076388888888,-30.55630787037037,5.0,train
d9f046249ca6beb35e2d00f2eecece56,1025f0e2d44d7041d6cf58b6550e0bfa,2018-07-20 12:14:10,2018-09-03,furniture_decor,RR,SP,boa vista,sao paulo,70.0,32.63,1,3312.599080450805,44.49016203703704,0.1104815864022662,0.8895184135977338,13.214512380652613,76.0,0.1138180097783471,0,11.103229166666669,-33.38693287037037,5.0,test
8dba24f9985ee1c23c565330d02c5099,7d13fca15225358621be4086e1eb0964,2018-05-13 18:02:41,2018-06-01,watches_gifts,SP,SP,sao paulo,ribeirao preto,500.0,15.94,1,299.6188572719651,18.248136574074078,0.1636363636363636,0.8363636363636364,17.821558080808085,255.0,0.1516178941894887,0,9.876006944444445,-8.37212962962963,4.0,test
ceb3c39e59f9912e923667e9fa91a144,33ac3e28642ab8bda860a2f693000e78,2017-07-05 23:10:52,2017-07-25,sports_leisure,SP,SP,bauru,cotia,104.9,12.23,1,259.2718315451806,19.03412037037037,0.0,1.0,7.908222736625514,0.0,0.019448329272411,0,6.765081018518519,-12.269039351851852,5.0,train
88e2adba13194300be8cfaeee4512133,2379bdc3888025689a9deb7b141507d5,2018-07-18 01:31:21,2018-08-03,perfumery,SP,SP,ibiuna,mogi mirim,175.0,13.89,1,140.24451613390474,15.9365625,0.4285714285714285,0.5714285714285714,21.00158068783069,0.0,0.1572394513973296,0,7.805347222222222,-8.131215277777779,5.0,test
f9847bf9cc7336c6ba07fe2bdbb6cae1,8160255418d5aaa7dbdc9f4c64ebda44,2018-05-10 18:18:52,2018-06-04,bed_bath_table,RJ,SP,campos dos goytacazes,ibitinga,125.9,13.3,1,776.5380128957919,24.23689814814815,0.2238805970149253,0.7761194029850746,18.298010079809288,28.0,0.1937960707397453,0,12.21226851851852,-12.02462962962963,5.0,test
876c8ccfb730dd9208e4396dc70f12bb,d91fb3b7d041e83b64a00a3edfb37e4f,2018-04-12 18:47:11,2018-04-24,home_appliances,SP,SP,osasco,praia grande,15.75,8.82,1,63.69063291333012,11.217233796296297,0.040650406504065,0.959349593495935,12.267194510313166,66.0,0.1060636379733632,0,8.03574074074074,-3.1814930555555554,5.0,test
34ce4b17ec05e81a70a78a7ff7a76930,f27e33c6d29b5138fa9967bcd445b6d5,2017-09-18 22:03:19,2017-10-04,pet_shop,SP,SP,peruibe,sao paulo,94.9,13.68,1,86.24274892581873,15.081030092592592,0.0769230769230769,0.9230769230769232,12.046155626780624,8.0,0.0610954457775851,0,7.021921296296297,-8.059108796296297,5.0,train
ddbdd2d1389314951bcd19560cac6ceb,48436dade18ac8b2bce089ec2a041202,2017-08-05 14:08:13,2017-08-29,cool_stuff,SP,SP,sao paulo,volta redonda,48.9,16.11,1,264.0718047139646,23.410960648148148,0.0,1.0,11.46479140946502,19.0,0.0120439694079261,0,11.190474537037035,-12.22048611111111,5.0,train
7cd0da49ecd223041fb8f6f8de488314,855668e0971d4dfd7bef1b6a4133b41b,2017-09-27 00:07:04,2017-10-24,baby,MG,SP,tres marias,itatiba,50.0,17.6,1,557.8415379915544,26.99509259259259,0.0240963855421686,0.9759036144578314,10.834446396697906,44.0,0.0155677686300918,0,9.62267361111111,-17.37241898148148,4.0,train
307c55be8a2874385621e8f31a1a7923,8b321bb669392f5163d04c59e235e066,2018-01-23 20:37:43,2018-02-15,air_conditioning,SP,SP,castilho,sao paulo,75.9,12.03,1,581.1185162819434,22.14047453703704,0.0717488789237668,0.9282511210762332,11.89349272338483,142.0,0.0789735900944766,0,8.799212962962963,-13.341261574074077,5.0,validation
edce2b8ca0cd95e95e9fdd2367beb2e3,08633c14ef2db992c11f840f04fad4cd,2018-02-25 23:44:16,2018-03-26,sports_leisure,BA,SP,xique-xique,ribeirao pires,106.9,17.19,1,1489.171751758257,28.010925925925925,0.0,1.0,10.673431712962962,7.0,0.123650784242399,0,16.713784722222222,-11.297141203703704,5.0,validation
9198b4e581a0d75d41d959e9a161d1fb,61b18775be84fb700a6b2d0ba097bf66,2018-06-06 13:01:42,2018-07-12,pet_shop,PR,SP,cascavel,araraquara,59.9,18.3,1,641.4253553302088,35.45715277777778,0.0,1.0,17.04693287037037,0.0,0.1039241247899173,0,12.975486111111111,-22.481666666666666,5.0,test
205600cda4d43b1596093a3297908ea5,1f50f920176fa81dab994f9023523100,2018-02-15 13:16:43,2018-03-09,garden_tools,DF,SP,brasilia,sao jose do rio preto,49.9,17.6,1,572.1363893100176,21.44672453703704,0.0971896955503512,0.9028103044496488,16.192577210187373,145.0,0.1812247714924799,1,26.40741898148148,4.960694444444444,1.0,validation
897702f9f3fe72f18863ffc09e7ddef3,582d4f8675b945722eda7c0cb61ba4c7,2017-01-20 12:04:03,2017-02-16,electronics,SP,SP,santa barbara d'oeste,bertioga,249.9,13.14,1,180.3785039831153,26.4971875,0.0121580547112462,0.9878419452887538,16.475126275227325,0.0,0.0508406563350015,0,10.096944444444444,-16.400243055555556,5.0,train
a997ce452b12e113ccd903fd9323d382,9596c870880d900012f2e8e6e30d06d7,2017-12-09 11:09:08,2018-01-10,construction_tools_construction,RJ,MG,belford roxo,varginha,1045.0,177.94,1,245.07763244254505,31.535324074074072,0.0,1.0,17.818364197530865,1.0,0.249227560692786,0,14.127534722222222,-17.407789351851854,5.0,train
29500b5b74f1cd86014af29b2e319e9b,4d6d651bd7684af3fffabd5f08d12e5a,2018-07-19 14:25:01,2018-08-10,health_beauty,SP,SP,santos,jau,159.9,13.78,1,294.1976972802761,21.39929398148148,0.0484848484848484,0.9515151515151516,13.30558319304152,23.0,0.1152787660384584,0,7.342106481481482,-14.0571875,5.0,test
644e4fc3f5cdee08df44f2534319fac8,50bf89f1349bc0409a268c3a49678009,2018-07-02 00:11:34,2018-08-06,furniture_decor,RJ,SP,teresopolis,jaci,179.9,102.57,1,703.5739488272731,34.991967592592594,0.0825482878918642,0.9174517121081356,13.176654328976957,0.0,0.1552614235466947,0,9.616319444444445,-25.375648148148148,5.0,test
c00241b8d22988b4f305a817f47bee80,f84a00e60c73a49e7e851c9bdca3a5bb,2017-09-16 15:59:21,2017-09-28,furniture_mattress_and_upholstery,RJ,RJ,teresopolis,rio de janeiro,86.5,47.32,1,60.31210099009758,11.333784722222225,0.0,1.0,10.044099945533771,7.0,0.0705377929343219,0,7.077013888888889,-4.256770833333333,5.0,train
0dafd5ada8ca38b3cdd30cb12a6eb18b,7a67c85e85bb2ce8582c35f2203ad736,2017-03-20 23:30:06,2017-04-06,cool_stuff,SP,SP,osasco,sao paulo,65.99,13.04,1,28.181811746445128,16.02076388888889,0.0,1.0,10.790631210478775,37.0,0.0498307137417063,0,6.677523148148148,-9.34324074074074,1.0,train
caa9ea8230c1a21750f938c306e730c7,76d5af76d0271110f9af36c92573f765,2018-03-27 19:07:09,2018-04-09,sports_leisure,SP,SP,itaquaquecetuba,sao paulo,39.9,8.88,1,25.52845594228084,12.203368055555556,0.0891089108910891,0.9108910891089108,11.959040383204991,5.0,0.1161501093536669,0,6.16775462962963,-6.035613425925926,5.0,validation
b769eb33d511dc1b52b8c6d45522a101,3d871de0142ce09b7081e2b9d1733cb1,2018-01-10 21:11:25,2018-02-19,stationery,PB,SP,lucena,campo limpo paulista,89.0,38.17,1,2212.4100439440344,39.11707175925926,0.0462328767123287,0.9537671232876712,12.232974398306691,172.0,0.1124036961877852,0,36.04675925925926,-3.0703125,4.0,validation
5151440ea2132efaa3964222d023b19c,a1043bafd471dff536d0c462352beb48,2017-12-06 08:53:30,2018-01-02,garden_tools,MG,MG,paracatu,ilicinea,179.98,52.5,2,427.6344083590621,26.629513888888887,0.0165745856353591,0.9834254143646408,12.449126445160624,83.0,0.0716879770109543,0,10.228101851851852,-16.401412037037037,5.0,train
c27efcd088787bad815507fa7f5bcea0,8c16d1f32a54d92897cc437244442e1b,2018-02-18 16:04:11,2018-03-14,computers_accessories,SP,SC,sao paulo,blumenau,44.9,15.1,1,452.4747480855668,23.33042824074074,0.0136986301369863,0.9863013698630136,11.272091577879252,15.0,0.0340158914601566,0,8.17017361111111,-15.16025462962963,5.0,validation
99642f7c1549b12bcc0ddc010075030a,8b321bb669392f5163d04c59e235e066,2017-11-28 16:01:14,2017-12-12,electronics,SP,SP,maua,sao paulo,13.65,8.72,1,25.9485617651787,13.332476851851853,0.0,1.0,8.615595679012346,52.0,0.0818051060016675,0,3.119039351851852,-10.2134375,5.0,train
7fdf8dd46052f2a079f69f94d3f07e52,fa1c13f2614d7b5c4749cbc52fecda94,2018-01-25 13:08:45,2018-02-09,watches_gifts,SP,SP,sao paulo,sumare,227.8,8.85,1,106.75362697426444,14.452256944444445,0.068259385665529,0.931740614334471,12.779352207369485,36.0,0.10247932353258,0,4.415335648148148,-10.036921296296295,4.0,validation
cc78407c0a27d3450010482ad091d498,a1043bafd471dff536d0c462352beb48,2018-01-20 14:48:55,2018-02-22,garden_tools,RJ,MG,guapimirim,ilicinea,179.0,45.71,1,346.0532660360315,32.38269675925926,0.0276816608996539,0.972318339100346,14.14049764513648,57.0,0.1359954840248307,0,9.991655092592593,-22.391041666666663,5.0,validation
31f6ff8aa036e65dcd7e8c1e224a5b91,1835b56ce799e6a4dc4eddc053f04066,2018-08-16 19:56:46,2018-08-29,bed_bath_table,PR,SP,paranagua,ibitinga,113.98,39.18,2,420.2321344359054,12.168912037037035,0.1276041666666666,0.8723958333333334,13.575946873794368,40.0,0.1678801523602189,0,6.822511574074074,-5.346400462962963,5.0,test
6fd3076696fcac28e9d04a378fd4b5d7,525e75a6fb1454a2325ab1734bcec221,2017-08-14 15:38:08,2017-08-25,auto,SP,SP,cotia,barueri,49.9,7.78,1,10.519525905399288,10.34851851851852,0.0,1.0,7.1788541666666665,3.0,0.0331460336137534,0,3.093310185185185,-7.255208333333333,4.0,train
65967471ea680726ad2d27368e4c4dc7,a2b5b6105ea5942300631d2e76f4ffe0,2018-07-22 19:19:01,2018-08-09,auto,SE,SP,aracaju,osasco,329.9,81.03,1,1732.281940759858,17.195127314814815,0.0,1.0,8.287405478395062,3.0,0.1999673360928355,0,14.905474537037035,-2.289652777777778,4.0,test
de37b7488e95fba972323b74d3a0f68e,e5a38146df062edaf55c38afa99e42dc,2018-06-04 07:51:02,2018-06-28,housewares,SP,SP,santana de parnaiba,sao paulo,109.18,9.12,1,21.062934804725742,23.67289351851852,0.1018518518518518,0.8981481481481481,12.809835712448558,1.0,0.0975340336580431,0,2.5329050925925927,-21.139988425925925,5.0,test
5771faae60a2852e55b8cd938a0dab30,7d13fca15225358621be4086e1eb0964,2018-03-01 20:02:47,2018-03-19,watches_gifts,SP,SP,campinas,ribeirao preto,128.89,12.4,1,211.6331440095963,17.164733796296296,0.0,1.0,8.790324074074075,26.0,0.0738523079707983,0,13.274351851851852,-3.890381944444445,2.0,validation
efdc65afe5c639ed37491591f707c47b,1f50f920176fa81dab994f9023523100,2017-11-24 17:41:00,2017-12-14,garden_tools,SP,SP,sao paulo,sao jose do rio preto,49.0,13.37,1,413.6392350906695,19.263194444444444,0.0338164251207729,0.966183574879227,14.091113794954383,179.0,0.1032043049482522,0,12.30005787037037,-6.963136574074074,4.0,train
1f8d7d0c0affce811c7d6f2abf71a7b5,dbc22125167c298ef99da25668e1011f,2017-08-11 09:11:27,2017-09-04,luggage_accessories,SP,MG,sao sebastiao,borda da mata,48.9,13.37,1,188.23420082716265,23.617048611111112,0.02803738317757,0.97196261682243,13.25345167012807,61.0,0.0123001914938146,0,11.490555555555556,-12.126493055555557,1.0,train
8da7a1c49a88ecf2f5a92925c9333af1,06e5eefc71ec47ae763c5c6f8db7064f,2018-08-02 13:25:13,2018-08-16,computers_accessories,RO,RS,cacoal,porto alegre,499.99,63.78,1,2324.5497144747096,13.44082175925926,0.025,0.975,11.310877170138893,2.0,0.1541929423055601,0,11.22625,-2.2145717592592598,5.0,test
593f849c29daaeee17ee32baa44795d6,270297ead4c65a6cd2593960d2af6b21,2018-03-08 00:33:49,2018-04-17,furniture_decor,PE,SP,recife,sao paulo,1139.9,78.44,2,2145.251840299338,39.9765162037037,0.0,1.0,14.230847011784512,1.0,0.1245085222686084,0,27.46444444444445,-12.51207175925926,1.0,validation
b4e6acaa8099879abe597c7f79f0c2b3,1835b56ce799e6a4dc4eddc053f04066,2017-11-25 13:35:19,2017-12-15,bed_bath_table,SP,SP,pirassununga,ibitinga,38.5,11.85,1,148.70736361475255,19.43380787037037,0.0161290322580645,0.9838709677419356,10.671550925925926,37.0,0.1527108349489394,1,24.17622685185185,4.742418981481482,1.0,train
8ffd7451dcd8c7f8dad79450d7f4708b,2089a6d640999f9b9141ac719b2af596,2018-06-24 22:09:28,2018-07-24,sports_leisure,SP,SP,sao paulo,sao carlos,99.9,13.36,1,215.82176191936932,29.07675925925926,0.15,0.85,19.82229253472222,0.0,0.118120138382097,0,7.737476851851852,-21.339282407407406,5.0,test
9f2c1798fe24e69bf3317bc7b319c96c,a3b0df0065e264a91b7bbf5f844af5cd,2017-09-20 15:08:28,2017-10-05,auto,RJ,SP,rio de janeiro,sao bernardo do capo,59.21,15.25,1,347.5712736076373,14.36912037037037,0.0372808892689183,0.9627191107310816,12.228305718095912,0.0,0.0788718963068583,0,14.193113425925926,-0.1760069444444444,5.0,train
12a95a3c06dbaec84bcfb0e2da5d228a,7a67c85e85bb2ce8582c35f2203ad736,2017-02-17 13:05:55,2017-03-20,cool_stuff,RJ,SP,macae,sao paulo,79.99,15.77,1,502.94018233211546,30.45422453703704,0.0,1.0,10.545479166666668,15.0,0.0160786835660139,0,12.919027777777778,-17.53519675925926,5.0,train
28b5a8448f2c66df4f63a8642ea8a371,6df688df543f90e9b38f4319e75a9d88,2017-04-30 00:26:00,2017-05-25,health_beauty,RJ,MG,rio de janeiro,belo horizonte,116.4,28.34,2,341.53214125430327,24.981944444444444,0.0,1.0,6.467071759259259,3.0,0.0322620614699426,0,13.332268518518518,-11.649675925925926,4.0,train
bc2f1a3431b797d84f8589884a357ba8,1f50f920176fa81dab994f9023523100,2017-11-24 12:12:36,2017-12-20,garden_tools,RJ,SP,marica,sao jose do rio preto,98.0,35.34,2,708.9568729216395,25.49125,0.0339805825242718,0.9660194174757282,14.097214019237695,150.0,0.3529192095848112,0,21.247465277777778,-4.243784722222222,5.0,train
0e1ddbe485dfa358d24e22e5394d0484,edc518ba25576a0188a0e8f2c3af186f,2018-07-28 15:47:52,2018-08-08,housewares,SP,SP,suzano,guarulhos,363.56,32.96,2,26.72072112212848,10.34175925925926,0.0,1.0,7.310439814814815,3.0,0.1391743379602825,0,6.2196875,-4.122071759259259,2.0,test
d37b53698d3839a94cb33273bb8c0241,750303a20e9c56b2a6bc45cdce0b897d,2018-02-22 09:43:00,2018-03-23,health_beauty,TO,GO,goianorte,goiania,40.0,15.1,1,883.515138733715,28.59513888888889,0.0909090909090909,0.9090909090909092,18.667391624579125,7.0,0.1137256160496327,0,12.403761574074077,-16.191377314814815,5.0,validation
49b28a42d5f67ef10024f70bd79e229e,81a1104df0f08b59c68aa5b03cfe398e,2017-10-21 19:16:51,2017-11-13,garden_tools,SP,PR,guarulhos,sao jose dos pinhais,169.9,20.68,1,370.1549746681502,22.196631944444444,0.0,1.0,8.089957561728395,5.0,0.009775465736045,0,6.064583333333333,-16.13204861111111,,train
a06450ed1022a79944ac0def2699251a,6560211a19b47992c3666cc44a7e94c0,2018-02-14 21:13:45,2018-03-07,fashion_bags_accessories,RJ,SP,rio de janeiro,sao paulo,69.0,14.23,1,370.41044705497376,20.11545138888889,0.0518358531317494,0.9481641468682506,10.001953231241504,98.0,0.1591476876544081,0,5.760439814814815,-14.355011574074076,5.0,validation
a631b4515c67c5d6bb0555df14875938,b16d3dadc47d4eb18be3d88bad0775ce,2018-07-06 18:49:36,2018-08-03,sports_leisure,SC,RS,guaraciaba,estancia velha,54.9,18.48,1,385.91173995554135,27.21555555555556,0.0,1.0,7.414456018518518,5.0,0.0559671365685802,0,5.730173611111111,-21.485381944444445,5.0,test
8e27644b3fd57af86b8b8367cea289c6,0ef83d7d83ed97cd2a0049ac8be5f88a,2018-06-05 09:42:14,2018-07-11,sports_leisure,PE,PR,recife,curitiba,104.0,79.87,1,2459.910600680505,35.595671296296295,0.024390243902439,0.975609756097561,9.860199864498645,1.0,0.1087086902168231,0,7.212951388888888,-28.38271990740741,5.0,test
ce01fb712d44ec615ee943b00b2714f6,98dac6635aee4995d501a3972e047414,2018-04-13 23:52:54,2018-04-30,housewares,SP,SP,sao paulo,sao paulo,43.010000000000005,22.17,3,9.862802516261215,16.004930555555557,0.1111111111111111,0.8888888888888888,11.255031415343913,3.0,0.1219678661844006,0,3.604618055555556,-12.4003125,1.0,test
f47c8a5f13b399d0e46beaf4e9d8b952,3d871de0142ce09b7081e2b9d1733cb1,2017-07-26 14:06:37,2017-08-21,stationery,ES,SP,vitoria,campo limpo paulista,158.0,35.6,2,741.5069274073282,25.41207175925926,0.0142857142857142,0.9857142857142858,9.367901620370372,53.0,0.0163845174867913,0,2.1617939814814813,-23.25027777777778,1.0,train
5b167c32a8669a3c04fdd22e5764e867,3d871de0142ce09b7081e2b9d1733cb1,2018-08-17 14:24:16,2018-09-03,stationery,SP,SP,sao bernardo do campo,campo limpo paulista,79.0,24.63,1,61.66676008583366,16.399814814814814,0.0608695652173913,0.9391304347826088,13.687110607890489,28.0,0.1392040584404658,0,7.9021875,-8.497627314814816,5.0,test
57597099a6ac29d8c13878e3945ce6ad,3d871de0142ce09b7081e2b9d1733cb1,2017-11-09 09:40:08,2017-12-04,stationery,RJ,SP,rio de janeiro,campo limpo paulista,109.0,18.01,1,367.4131253144257,24.59712962962963,0.0253521126760563,0.9746478873239436,10.045050762910796,71.0,0.0496428468239064,0,8.399108796296296,-16.198020833333334,5.0,train
96bac00ebfd18ba64dabd7cb27471282,3d871de0142ce09b7081e2b9d1733cb1,2018-01-09 19:34:58,2018-02-16,stationery,PB,SP,joao pessoa,campo limpo paulista,129.0,38.45,1,2196.950457802059,37.18405092592592,0.0418848167539267,0.9581151832460733,12.02445587712494,169.0,0.1199452345989475,0,29.195625,-7.988425925925926,3.0,validation
216237ddbe1a6f6a13a749e580ccf469,37be5a7c751166fbc5f8ccba4119e043,2017-09-09 08:50:46,2017-10-05,bed_bath_table,BA,SP,feira de santana,sao paulo,180.0,28.64,1,1499.789539814143,25.63141203703704,0.0,1.0,9.516595679012346,52.0,0.1178925661812976,0,25.43633101851852,-0.1950810185185185,4.0,train
1e651744aa0ad243b5410f7f24cfc4e9,6560211a19b47992c3666cc44a7e94c0,2017-11-03 07:37:59,2017-11-16,watches_gifts,SP,SP,sao paulo,sao paulo,125.0,8.13,1,23.35914555439818,12.681956018518518,0.0342857142857142,0.9657142857142856,9.357394179894175,94.0,0.026698426407572,0,5.532453703703704,-7.149502314814815,5.0,train
3d5857f4fdb1061d247dea2544782580,e7df4cd29ab5abab70fb0783ddb53987,2017-10-25 14:58:48,2017-11-07,sports_leisure,SP,SP,sao paulo,sao paulo,339.0,10.57,1,14.378883516967084,12.375833333333333,0.1111111111111111,0.8888888888888888,9.345628858024693,0.0,0.0692519878503506,0,2.1444328703703706,-10.231400462962965,4.0,train
753c38d9df042e956e8309e532241087,cc419e0650a3c5ba77189a1882b7556a,2017-05-14 15:34:53,2017-06-20,health_beauty,CE,SP,fortaleza,santo andre,19.99,17.63,1,2374.6782874245478,36.35077546296296,0.0,1.0,11.253701668701671,58.0,0.0374197200009775,0,21.85802083333333,-14.49275462962963,5.0,train
262118ce178bb3e4590a3adcf6d62e6b,b56906f7fd1696e043f1bcce164c487b,2016-10-06 14:59:56,2016-11-30,health_beauty,RJ,SP,rio de janeiro,echapora,119.8,57.94,2,721.6836490288212,54.3750462962963,0.0228215767634854,0.9771784232365144,24.23777817347262,0.0,0.0147715106351951,0,42.05821759259259,-12.316828703703704,1.0,train
178ca782e5105b917275138274960c52,1f50f920176fa81dab994f9023523100,2017-10-12 08:41:46,2017-11-06,garden_tools,MG,SP,patos de minas,sao jose do rio preto,59.9,17.67,1,389.0203477639581,24.637662037037035,0.0253623188405797,0.9746376811594204,13.81711889425658,100.0,0.0363216763876546,0,11.393171296296297,-13.24449074074074,4.0,train
e714fd896d1273fd224dbeef2cb97633,66922902710d126a0e7d26b0e3805106,2018-02-27 11:28:47,2018-03-21,pet_shop,RJ,MG,angra dos reis,belo horizonte,120.0,16.6,1,354.49139641044945,21.52167824074074,0.0526315789473684,0.9473684210526316,11.605619517543856,17.0,0.1427304312567785,0,7.391817129629629,-14.129861111111111,5.0,validation
3b43489e5e595593e63470f9e524d325,c794dab4928dd97beb41d05514441e86,2018-06-22 21:24:55,2018-08-01,health_beauty,PA,SP,ulianopolis,artur nogueira,27.3,37.1,1,2093.142953397189,39.10769675925926,0.1538461538461538,0.8461538461538461,13.660787037037036,1.0,0.1012691893252521,0,31.720034722222223,-7.387662037037037,4.0,test
7742297b8ce3c16600efdeca04a70937,3d871de0142ce09b7081e2b9d1733cb1,2017-05-29 10:44:01,2017-06-19,toys,SP,SP,sao jose dos campos,campo limpo paulista,54.9,12.72,1,92.84903595158411,20.552766203703705,0.0,1.0,9.80978996459695,37.0,0.0229919900627135,0,14.103229166666669,-6.449537037037037,4.0,train
1ad7baba8774d5fb92d731478a68f3bb,cfa5ab0e4d3fc212fd0b3410e7081c62,2018-05-03 09:28:50,2018-05-29,furniture_living_room,BA,MG,feira de santana,uba,319.99,88.5,1,1075.0675036734854,25.60497685185185,0.0,1.0,15.13362075617284,4.0,0.1263761625356441,0,20.3459375,-5.259039351851852,5.0,test
83f658745fc275530bdb3ce5f57c359f,de23c3b98a88888289c6f5cc1209054a,2017-11-28 23:52:10,2017-12-12,toys,SP,SP,santo andre,sao paulo,150.0,9.86,1,21.189740868233265,13.005439814814816,0.0,1.0,6.974095293209873,22.0,0.0485244870111447,0,4.639097222222222,-8.366342592592593,5.0,train
d2625960105421250d7c067b24b462b2,c0563dd588b775f2e37747ef6ad6c92c,2018-03-18 19:08:55,2018-03-29,cool_stuff,SP,SP,sorocaba,santo andre,139.9,9.33,1,95.9560151981022,10.202141203703704,0.0555555555555555,0.9444444444444444,8.583580889917695,3.0,0.1089904161103482,0,5.888888888888889,-4.313252314814815,5.0,validation
3c0a046b559b573fb30e2c6b041fd544,013900e863eace745d3ec7614cab5b1a,2018-01-19 14:06:36,2018-02-15,baby,RJ,PR,rio de janeiro,curitiba,54.0,15.82,1,674.3210883110451,26.41208333333333,0.0,1.0,11.380142045454546,4.0,0.1087305243708125,0,14.255532407407408,-12.156550925925924,5.0,validation
91f1ac61a8e729f0c88109ea99fef51d,6edacfd9f9074789dad6d62ba7950b9c,2017-08-25 16:19:24,2017-09-21,housewares,RS,SP,erval grande,guarulhos,31.9,15.1,1,750.1757077838579,26.319861111111116,0.0224719101123595,0.9775280898876404,7.604144818976279,16.0,0.0190538641698832,0,18.03333333333333,-8.286527777777778,2.0,train
0180ebc47853bfc5997af28f5a7e8849,e9779976487b77c6d4ac45f75ec7afe9,2017-03-16 16:29:32,2017-04-04,food,SP,SP,sao vicente,praia grande,162.0,11.74,1,7.012810233324172,18.31282407407408,0.0,1.0,10.951747685185186,4.0,0.0602678395476747,0,11.94136574074074,-6.371458333333333,5.0,train
dda00bd9d2607be3fdb9db2abe33b9b7,2eb70248d66e0e3ef83659f71b244378,2018-05-18 12:01:23,2018-06-06,computers_accessories,SP,SP,sao paulo,campinas,79.9,7.42,1,96.35841074657245,18.49903935185185,0.282051282051282,0.717948717948718,16.774756647673318,55.0,0.1203076704414975,0,4.341030092592592,-14.15800925925926,5.0,test
9d6fce663840af4f0e35863644f6c031,98dac6635aee4995d501a3972e047414,2018-03-12 11:20:40,2018-04-12,housewares,RJ,SP,rio de janeiro,sao paulo,17.53,15.23,1,346.9401560512169,30.52731481481481,0.125,0.875,11.841702628968251,12.0,0.1357486348717907,0,10.35224537037037,-20.175069444444443,5.0,validation
475222e589bbaeac43093fcf2c855301,99002261c568a84cce14d43fcffb43ea,2018-07-30 12:48:54,2018-08-24,baby,DF,MT,brasilia,cuiaba,100.0,17.63,1,874.6147945324797,24.466041666666666,0.1,0.9,16.978949459876542,2.0,0.1468554788101491,0,16.32199074074074,-8.144050925925926,5.0,test
793511fa4797d5eb6c16b433ec622276,2138ccb85b11a4ec1e37afbd1c8eda1f,2018-06-10 14:12:46,2018-07-03,fixed_telephony,MG,SP,juiz de fora,sao paulo,18.99,18.23,1,373.0000902578076,22.40780092592593,0.0544412607449856,0.9455587392550144,11.702518239944816,7.0,0.0986578287839587,0,9.399780092592591,-13.008020833333331,3.0,test
7f00ebc78d5d9f7e7b53d71d2003eb68,44073f8b7e41514de3b7815dd0237f4f,2017-05-07 20:03:13,2017-06-20,health_beauty,PB,DF,sao bentinho,brasilia,35.0,34.15,1,1492.3601841007733,43.16443287037037,0.0,1.0,14.25617669753086,13.0,0.0346247689574226,0,15.75954861111111,-27.40488425925926,5.0,train
f91eb2806b28dec82d98c3973af406c5,87142160b41353c4e5fca2360caf6f92,2018-06-21 16:29:41,2018-07-17,computers_accessories,PR,RS,guarapuava,porto alegre,69.9,23.29,1,512.130765878117,25.31271990740741,0.0463320463320463,0.9536679536679536,11.567490526240526,14.0,0.0807368168898326,0,6.887523148148148,-18.425196759259254,5.0,test
3cd9ad25e3764f6769112c081a0f08e4,6560211a19b47992c3666cc44a7e94c0,2017-11-27 08:23:51,2017-12-18,watches_gifts,MG,SP,belo horizonte,sao paulo,125.0,14.62,1,512.1273686173995,20.650104166666665,0.0348652931854199,0.96513470681458,9.279001914949818,159.0,0.1002841084619357,0,9.457719907407409,-11.19238425925926,5.0,train
5b57e9de57b0d980b9a9049aeacc5955,b2ba3715d723d245138f291a6fe42594,2017-10-30 18:33:41,2017-11-13,computers_accessories,SP,SP,louveira,sao paulo,49.9,11.85,1,69.89259125294282,13.226608796296295,0.0378787878787878,0.9621212121212122,11.966117248877673,35.0,0.1220885145553924,1,14.040532407407408,0.8139236111111111,5.0,train
98beb6d036255a151fd6d5000ad66da8,f41ce2e25237f9092cd8e6e7516c7a2f,2016-10-07 14:42:07,2016-12-01,market_place,MG,SP,contagem,guarulhos,58.0,14.6,1,467.9872836708248,54.38741898148148,0.0228215767634854,0.9771784232365144,22.115187441765663,0.0,0.0066280875255957,0,10.635069444444444,-43.75234953703704,5.0,train
0b33796d2382e9a9fde619a584ba7216,7e3f87d16fb353f408d467e74fbd8014,2018-08-26 11:59:34,2018-09-05,home_construction,SP,SP,ribeirao preto,sao paulo,20.9,12.81,1,302.1926632786897,9.500300925925924,0.125,0.875,12.833191024831647,10.0,0.1384926723738865,0,3.439039351851852,-6.0612615740740745,5.0,test
aeda6c61bef46638c41d68216431979b,1835b56ce799e6a4dc4eddc053f04066,2017-11-02 22:49:47,2017-11-24,bed_bath_table,RJ,SP,rio de janeiro,ibitinga,64.98,30.2,2,596.414813040497,21.048761574074074,0.0,1.0,9.69481764403292,19.0,0.0348244046610517,0,14.067905092592593,-6.9808564814814815,2.0,train
e09eb3a9e9596fe3ed67886f080e43a4,d379f449f2a3b271bc01c0782020f705,2017-05-07 11:34:32,2017-06-06,garden_tools,BA,MG,eunapolis,divinopolis,87.9,23.49,1,700.1624598073018,29.517685185185183,0.0,1.0,10.66718460648148,1.0,0.0543273548812387,0,18.36167824074074,-11.156006944444444,3.0,train
d4cc34ee536a5c492013d384f6348ec4,891071be6ba827b591264c90c2ae8a63,2018-03-04 14:58:57,2018-04-02,fashion_bags_accessories,RN,SP,parnamirim,sao paulo,149.99,23.37,1,2295.8783734012827,28.375729166666662,0.1904761904761904,0.8095238095238095,15.41333057760141,10.0,0.1918118873819602,1,54.91502314814815,26.53929398148148,1.0,validation
c330b70c5e60bf56e90ebe09e045f79e,d71d863e5ef30d94e440c11be17dcd8f,2017-10-20 11:53:07,2017-11-17,auto,RS,SP,cruz alta,osasco,299.0,35.45,1,883.1072613701209,27.504780092592597,0.0,1.0,1.246851851851852,3.0,0.0665997054309493,0,11.383912037037035,-16.120868055555555,5.0,train
0bd81c3fc5ab72f8089147192cfc3f5b,2528513dd95219a6013d4d05176e391a,2018-03-09 21:00:56,2018-03-21,bed_bath_table,SP,SP,campinas,osasco,59.0,11.15,1,77.60002287441883,11.124351851851852,0.0439560439560439,0.956043956043956,11.037124796499793,13.0,0.0824537205878108,0,5.748275462962963,-5.3760763888888885,5.0,validation
23dbc396ba21c1bebfb9fc0185c55fe0,cc419e0650a3c5ba77189a1882b7556a,2018-01-02 22:12:06,2018-01-23,health_beauty,SP,SP,sao paulo,santo andre,23.99,7.78,1,19.71908775543294,20.07493055555556,0.0386690647482014,0.9613309352517986,10.905919337446706,158.0,0.072221291806602,0,2.651111111111111,-17.423819444444444,5.0,validation
2c36a11b47ea60c4f373b5891a8d8488,2138ccb85b11a4ec1e37afbd1c8eda1f,2017-06-12 20:15:00,2017-07-05,telephony,SC,SP,presidente castello branco,sao paulo,19.9,15.1,1,676.8808374155785,22.15625,0.05,0.95,11.115313786008231,44.0,0.0379016583432151,0,16.655243055555555,-5.501006944444445,5.0,train
c93024d2ec9388942cad989d92bbd49a,6edacfd9f9074789dad6d62ba7950b9c,2017-02-27 12:37:54,2017-03-20,furniture_decor,SP,SP,sao paulo,guarulhos,135.9,14.72,1,18.658522963982776,20.47368055555556,0.0,1.0,8.733387896825397,2.0,0.0442903893449774,0,3.924386574074074,-16.549293981481483,5.0,train
02556030d826438ef986ab5fd723a9a5,1f50f920176fa81dab994f9023523100,2018-02-11 10:47:59,2018-03-14,garden_tools,BA,SP,arembepe,sao jose do rio preto,99.8,39.18,2,1489.714434689469,30.550011574074077,0.0965842167255594,0.9034157832744404,16.177641683571107,121.0,0.1790612280349346,0,22.35172453703704,-8.198287037037037,1.0,validation
dff1e9a517d39b940f6424c3fdfdbdea,6560211a19b47992c3666cc44a7e94c0,2017-03-15 23:25:09,2017-04-04,fashion_bags_accessories,SP,SP,sao paulo,sao paulo,49.0,8.72,1,22.96540310286292,19.02420138888889,0.0,1.0,6.580233134920635,29.0,0.0125842007799585,0,4.428321759259259,-14.59587962962963,5.0,train
affd57fb0daa6ba18e47cb9f31c2bc65,f3b80352b986ab4d1057a4b724be19d0,2017-10-23 13:19:38,2017-11-14,health_beauty,RJ,DF,rio de janeiro,brasilia,79.9,18.8,1,938.72629957734,21.444699074074077,0.0,1.0,9.411907726692208,12.0,0.0302467706057625,0,8.341886574074074,-13.1028125,2.0,train
70ed97390f0c32ee36ebfb8a421ee1d5,9f505651f4a6abe901a56cdc21508025,2017-12-08 14:02:37,2018-01-05,computers_accessories,SC,SP,florianopolis,sao paulo,19.99,14.1,1,487.5887052834908,27.41484953703704,0.0,1.0,7.925246913580246,21.0,0.1296621971750598,0,14.18136574074074,-13.233483796296296,5.0,train
570daa876f56bc4b6b5e503e01318c0e,0bae85eb84b9fb3bd773911e89288d54,2017-11-22 18:23:16,2017-12-04,housewares,SC,SP,blumenau,itajai,72.48,9.94,1,42.741793711957975,11.233842592592593,0.0,1.0,9.49570625964506,8.0,0.1532697627026055,0,2.113611111111111,-9.12023148148148,5.0,train
8f1e49888948febad9d7dc3ce8ec85c4,dd533b429f380718b70ad9922c294bae,2017-08-22 12:42:42,2017-09-14,toys,RJ,SP,angra dos reis,barretos,159.9,70.0,1,503.89541560068886,22.470347222222223,0.1428571428571428,0.8571428571428572,16.561652888007053,4.0,0.0990635378665132,0,22.36611111111111,-0.1042361111111111,1.0,train
14b28f4fb9a1df2b37343827f4ee5a33,643214e62b870443ccbe55ab29a4dccf,2017-12-03 14:39:31,2017-12-20,fashion_bags_accessories,SP,SP,americana,sao paulo,32.0,7.78,1,117.58405532283288,16.389224537037038,0.0,1.0,8.475271164021164,5.0,0.023305627959565,0,7.90875,-8.480474537037036,5.0,train
343c79502b5f394194fbf53ba4a561c1,688756f717c462a206ad854c5027a64a,2018-07-20 09:58:23,2018-07-30,housewares,SP,SP,ferraz de vasconcelos,guarulhos,48.0,8.5,1,17.840285003025123,9.584456018518518,0.0833333333333333,0.9166666666666666,10.18410083912037,19.0,0.1151376292796604,0,6.2321990740740745,-3.352256944444445,5.0,test
55ef70439e782ff2c553a03782800960,e9bc59e7b60fc3063eb2290deda4cced,2017-07-12 12:23:35,2017-08-10,computers_accessories,RS,PR,porto alegre,maringa,23.9,15.1,1,739.5607650137291,28.483622685185185,0.0,1.0,10.117475098204268,13.0,0.0115481407104743,0,9.256724537037035,-19.22689814814815,1.0,train
e23156a0a06f554615d0ea438a5914d0,ade45994b717ccee333492330fbf037b,2018-07-01 22:01:45,2018-08-03,telephony,SP,PR,indaiatuba,umuarama,855.0,19.33,1,625.5287356274395,32.082118055555554,0.0,1.0,6.793755787037037,6.0,0.0697040611443985,0,3.983900462962963,-28.098217592592597,5.0,test
8800d14eb6eb6031624538ca8750b921,9c0e69c7bf2619675bbadf47b43f655a,2017-07-04 18:21:02,2017-07-26,computers_accessories,RJ,SP,niteroi,sao jose dos campos,109.9,15.52,1,286.72629906393155,21.23539351851852,0.0,1.0,10.657203207671955,15.0,0.130691484508812,1,49.02930555555555,27.793912037037035,1.0,train
7b6e1ab9552ada063fdf51be01976226,e24fc9fcd865784fb25705606fe3dfe7,2017-09-27 11:18:41,2017-11-08,health_beauty,RO,SP,rolim de moura,braganca paulista,150.0,34.85,1,2042.2226993177933,41.52869212962963,0.0555555555555555,0.9444444444444444,11.010706018518515,10.0,0.0229976862028432,0,16.32648148148148,-25.20221064814815,5.0,train
8d5ec251bb6f44f7c0f2d1d272515379,a1043bafd471dff536d0c462352beb48,2018-03-16 20:13:02,2018-04-11,garden_tools,SP,MG,valparaiso,ilicinea,110.0,62.44,1,523.8115738372228,25.15761574074074,0.0375586854460093,0.9624413145539906,14.09981375521648,61.0,0.1047985219631095,0,12.726215277777778,-12.431400462962962,5.0,validation
de33a2445c0420d1e174add3c1e5f10d,897060da8b9a21f655304d50fd935913,2018-03-23 20:48:23,2018-04-11,computers_accessories,SP,SP,santana de parnaiba,ribeirao preto,59.0,12.85,1,268.3986322932973,18.13306712962963,0.0909090909090909,0.9090909090909092,14.276514602547206,46.0,0.1297558276006346,0,14.215578703703704,-3.9174884259259257,3.0,validation
cd74a91dd30cefd81bb6fc1eeb749473,289cdb325fb7e7f891c38608bf9e0962,2018-04-13 19:30:04,2018-05-04,perfumery,MG,SP,juruaia,belo horizonte,115.0,13.93,1,314.7084042531839,20.187453703703703,0.0909090909090909,0.9090909090909092,10.653055555555556,2.0,0.1123593826543071,0,10.955497685185184,-9.23195601851852,5.0,test
9e7b4dc19aadc8298e2984986d3bf014,855668e0971d4dfd7bef1b6a4133b41b,2017-10-13 16:52:15,2017-11-10,baby,PE,SP,caruaru,itatiba,159.99,33.57,1,2006.495203036804,27.297048611111112,0.03,0.97,10.837149768518522,34.0,0.1636342655634481,1,67.90327546296297,40.60622685185185,,train
062afb045916ff90100893d5df84c186,3d871de0142ce09b7081e2b9d1733cb1,2018-01-19 11:47:34,2018-02-16,stationery,SP,SP,penapolis,campo limpo paulista,129.0,13.92,1,396.40978950214367,27.50863425925926,0.0508744038155802,0.9491255961844196,12.493648059824531,205.0,0.0798271457215999,0,12.211979166666667,-15.296655092592593,5.0,validation
842aaf73d95d6a487ed058289c941a4a,8d956fec2e4337affcb520f56fd8cbfd,2018-07-29 21:02:08,2018-08-02,telephony,SP,SP,sao paulo,sao bernardo do campo,59.91,7.68,1,25.763476119991054,3.1235185185185186,0.0787878787878787,0.9212121212121211,9.687217803030304,26.0,0.1555549125129286,0,2.796157407407408,-0.3273611111111111,5.0,test
e72618bee51ae5e11af9d42ce16be85d,43f8c9950d11ecd03a0304a49e010da6,2017-07-27 10:31:56,2017-08-30,consoles_games,PE,SP,limoeiro,carapicuiba,121.99,26.13,1,2124.9230061041712,33.56115740740741,0.0380475594493116,0.9619524405506884,12.58918520134029,0.0,0.1572780305092607,1,47.1962037037037,13.635046296296297,1.0,train
0b8b249ad3dde632e5f162167e0b9f07,827f8f69dfa529c561901c4f2e0f332f,2017-07-31 18:34:50,2017-08-24,fashion_shoes,MG,PR,belo horizonte,curitiba,25.9,15.79,1,838.717111679446,23.225810185185185,0.0793650793650793,0.9206349206349208,12.657736625514405,8.0,0.0216941304199907,0,10.191296296296295,-13.034513888888888,3.0,train
1fa4bffa6539c9b85fa24de8db7b2d48,34056b8b55c1775a22af2331670a799c,2018-07-04 12:24:10,2018-07-24,auto,SP,SP,sao paulo,penapolis,64.8,14.76,1,421.3310695124214,19.48321759259259,0.1272727272727272,0.8727272727272728,13.62398169191919,12.0,0.0993382557854928,0,7.327916666666667,-12.155300925925928,1.0,test
fb37491ec3b44ae85c9911fe79cc0193,37be5a7c751166fbc5f8ccba4119e043,2017-08-15 15:51:52,2017-09-08,bed_bath_table,MG,SP,ouro branco,sao paulo,205.0,26.27,1,455.07889774043326,23.338981481481483,0.0,1.0,9.067000016417126,85.0,0.0075862766509863,0,9.01511574074074,-14.32386574074074,5.0,train
4b707ea4e7c08fa1180bf92bede67da0,1835b56ce799e6a4dc4eddc053f04066,2018-06-18 12:05:30,2018-07-11,bed_bath_table,SP,SP,sao paulo,ibitinga,82.99,14.16,1,300.0874556426242,22.496180555555554,0.1415094339622641,0.8584905660377359,14.621662735849055,20.0,0.1139571804633545,0,7.404768518518519,-15.091412037037037,5.0,test
7670be883e96403325723fe0629a8c7e,974cf2cb8f4b7add98709c30df02fe10,2018-04-23 20:50:16,2018-06-01,health_beauty,RJ,SP,rio de janeiro,araraquara,74.99,18.4,1,530.4764538578504,38.13175925925926,0.0625,0.9375,13.975812355324074,2.0,0.1203217972602552,0,8.855324074074074,-29.276435185185186,5.0,test
8f7a223cdbc2ea83ac07383d97b46fd6,391fc6631aebcf3004804e51b40bcf1e,2017-05-30 02:03:17,2017-06-27,bed_bath_table,RJ,SP,rio de janeiro,ibitinga,45.95,15.1,1,591.6678131445082,27.91438657407408,0.0555555555555555,0.9444444444444444,13.59736095036008,19.0,0.0483295132893496,0,6.548125,-21.366261574074077,5.0,train
1c38140d4542f0ac92eeafa89c9575c0,643214e62b870443ccbe55ab29a4dccf,2018-05-04 13:57:53,2018-05-25,fashion_bags_accessories,SP,SP,cacapava,sao paulo,23.99,12.79,1,97.82269974218376,20.418136574074072,0.0789473684210526,0.9210526315789472,10.822528021442494,3.0,0.0850792201155024,0,5.208773148148148,-15.209363425925924,5.0,test
7bea83629cbad77571dcccb181fc2a6f,710e3548e02bc1d2831dfc4f1b5b14d4,2018-02-11 11:49:10,2018-03-26,computers_accessories,RJ,PR,rio de janeiro,rolandia,99.99,19.94,1,837.2929030610761,42.50752314814815,0.0746268656716417,0.9253731343283582,14.904493850193475,13.0,0.0945840649826129,0,15.32505787037037,-27.182465277777776,2.0,validation
48758b2dd346fef45549ec77da5bc6ae,46dc3b2cc0980fb8ec44634e21d2718e,2017-08-24 19:19:05,2017-09-18,toys,SP,RJ,sao paulo,rio de janeiro,199.99,16.16,1,354.81536039068027,24.19508101851852,0.0078740157480314,0.9921259842519684,9.93475612423447,23.0,0.0114719553552159,0,5.839502314814815,-18.355578703703703,5.0,train
eca79ed411acb63a03e097fa18411797,0ea22c1cfbdc755f86b9b54b39c16043,2017-08-15 00:33:03,2017-09-06,fashion_bags_accessories,RJ,MG,nilopolis,sete lagoas,39.9,14.1,1,382.54949163773057,21.977048611111112,0.009009009009009,0.990990990990991,11.571158345845852,5.0,0.0298671088498553,0,13.7296875,-8.247361111111111,5.0,train
b5fee65bd894e490f09a8b389cce552e,1025f0e2d44d7041d6cf58b6550e0bfa,2017-10-18 00:04:13,2017-11-10,furniture_decor,RJ,SP,pirai,sao paulo,115.2,45.3,3,292.9479432550757,22.99707175925926,0.025,0.975,10.647519386574077,29.0,0.0378433280742775,0,16.891261574074075,-6.105810185185185,4.0,train
9b4c1520f96ed1e13a3d6f8c2aba947e,6c177e38df6d3f34182b1f1d427231bf,2017-09-27 00:01:47,2017-10-25,electronics,SP,PR,sao paulo,curitiba,119.0,14.58,1,356.2969685593814,27.998761574074077,0.0303030303030303,0.9696969696969696,15.833989548260382,3.0,0.0232358335249193,0,20.565821759259254,-7.432939814814815,5.0,train
8d682b67c7d1f4f55ec6440ca340c233,d93919c944be9cff128f6c9cb899eacb,2018-02-07 23:55:11,2018-03-19,christmas_supplies,CE,SP,pacoti,mombuca,79.9,39.55,1,1973.1750447790428,39.00334490740741,0.125,0.875,18.23409577546296,9.0,0.1165577349385926,0,33.50561342592592,-5.497731481481481,4.0,validation
fc6b29ae668f5c526464fcd19d62efba,25c5c91f63607446a97b143d2d535d31,2017-10-13 11:59:28,2017-11-06,computers_accessories,GO,MG,aparecida de goiania,itauna,149.88,20.29,1,616.3958154531983,23.50037037037037,0.0666666666666666,0.9333333333333332,14.6015775462963,8.0,0.0489108983207394,0,12.24148148148148,-11.258888888888889,5.0,train
9f1cbfd860863f340881bcfef13fc3eb,a888faf2d1baececa6baf9c3d603ee1f,2017-10-23 11:38:18,2017-11-24,perfumery,AL,PR,maceio,umuarama,259.9,45.67,1,2440.49576230388,31.51506944444445,0.0975609756097561,0.902439024390244,16.345417795844625,1.0,0.2240221016005302,1,32.39190972222222,0.8768402777777777,3.0,train
3e6f2b32accad480bf1508660cc2e609,70eea00b476a314817cefde4aad4f89a,2018-05-05 06:14:29,2018-05-21,sports_leisure,SP,SP,caieiras,itatiba,388.9,36.72,1,42.41903599404745,15.739942129629627,0.0864197530864197,0.9135802469135804,14.067659893689989,16.0,0.1245120164909485,0,9.709861111111111,-6.030081018518518,5.0,test
5845efeb1a7164fc3885f465a37ebd46,3d871de0142ce09b7081e2b9d1733cb1,2017-11-04 15:32:14,2017-11-27,toys,SP,SP,ipero,campo limpo paulista,39.0,12.69,1,94.78905367024196,22.35261574074074,0.0202312138728323,0.9797687861271676,9.869124618657672,58.0,0.0141197458833557,0,10.164398148148148,-12.188217592592592,5.0,train
f176421e9956528da385eb686f70b7c1,99a54764c341d5dc80b4a8fac4eba3fb,2018-07-31 22:44:06,2018-08-08,housewares,SP,SP,santos,sao paulo,41.6,31.94,4,50.669502294575366,7.052708333333333,0.1333333333333333,0.8666666666666667,8.557025462962963,10.0,0.1555566432023038,0,1.9923726851851853,-5.060335648148148,1.0,test
03c83b31dbc387f83f1b5579b53182fb,53243585a1d6dc2643021fd1853d8905,2018-01-06 16:00:58,2018-02-06,computers,MG,BA,mariana,lauro de freitas,599.0,73.41,1,992.2371351096608,30.33266203703704,0.026431718061674,0.973568281938326,13.413382382933596,25.0,0.0950230838910223,0,11.16931712962963,-19.163344907407406,5.0,validation
b77a3bce74a8c6dd5f8e4379bc880f1a,1127b7f2594683f2510f1c2c834a486b,2017-11-17 23:21:36,2017-11-30,garden_tools,SP,SP,sao paulo,campinas,16.17,7.78,1,93.76403427334697,12.026666666666667,0.0,1.0,8.51691435185185,8.0,0.088336929859198,0,7.701701388888889,-4.324965277777777,2.0,train
6324e65e2ee9229b276012aef741e036,18a349e75d307f4b4cc646a691ed4216,2018-04-02 21:14:40,2018-04-24,construction_tools_safety,PR,SP,curitiba,sao paulo,65.0,15.33,1,341.2977088135271,21.11481481481481,0.1,0.9,15.370640046296296,15.0,0.1215867597885896,0,8.905648148148147,-12.209166666666668,5.0,test
5139f51749d25619bb9e6153e11a18aa,4a3ca9315b744ce9f8e9374361493884,2018-08-13 16:39:08,2018-08-23,bed_bath_table,SP,SP,ubatuba,ibitinga,148.0,29.66,2,427.3702934611365,9.306157407407408,0.1117052881758764,0.8882947118241236,14.708881055929655,77.0,0.2017261792457977,0,8.946921296296296,-0.3592361111111111,5.0,test
a2ae845d7d4ef0baf31d017fe7979483,e8dba4d70f7f2b20e775d09cae01142d,2018-08-21 12:20:19,2018-08-27,sports_leisure,SP,SP,taboao da serra,santa barbara d oeste,86.99,18.38,1,113.91460546059038,5.485891203703703,0.0,1.0,7.742944775132274,4.0,0.1554836836942374,0,3.302939814814815,-2.1829513888888887,5.0,test
937592924b66482b823ee7ecd185d0ff,c731d18cea9bf687ffee82a241c25b11,2018-03-31 19:17:43,2018-04-18,la_cuisine,SC,SC,vargem bonita,concordia,389.0,37.7,1,37.204597718677405,17.196030092592594,0.0,1.0,8.376278021442495,0.0,0.1101054898492694,0,6.116215277777778,-11.079814814814815,4.0,validation
ff793adad2c9e1cc9fa921e8f1f952f8,ffeee66ac5d5a62fe688b9d26f83f534,2017-12-04 13:31:22,2017-12-27,home_appliances,SP,SP,vinhedo,mirassol,129.99,20.88,1,359.54127342421094,22.436550925925925,0.0,1.0,14.2552237654321,3.0,0.0709109609560723,0,16.181782407407407,-6.254768518518518,4.0,train
07d60a76803db63f0ca6708011e8cf9b,70c27847eca8195c983ed7e798c56743,2018-04-13 13:45:45,2018-05-03,pet_shop,MG,RJ,contagem,rio de janeiro,168.8,16.06,1,338.9695272847606,19.4265625,0.0784650719497523,0.9215349280502476,13.83317853746412,10.0,0.1080341709521463,0,14.964560185185183,-4.462002314814815,5.0,test
0896d006da3ad8dc1b39b408ea428eb0,6560211a19b47992c3666cc44a7e94c0,2017-09-12 11:15:53,2017-10-04,watches_gifts,PI,SP,esperantina,sao paulo,99.0,34.49,1,2250.2193125674303,21.530636574074077,0.0301369863013698,0.96986301369863,9.44551036910198,85.0,0.0754265778126205,0,10.252743055555555,-11.27789351851852,3.0,train
50da05e57f65f5b3704cf0cac94bfad0,5dceca129747e92ff8ef7a997dc4f8ca,2017-04-24 23:23:10,2017-05-15,luggage_accessories,SC,SP,sao bento do sul,santa barbara d´oeste,109.9,37.17,1,435.82916275207685,20.025578703703705,0.0,1.0,9.213859830575256,32.0,0.1251630965364587,0,8.594861111111111,-11.430717592592591,5.0,train
3a842b225282ff435d63bba66a7ca5e8,da8622b14eb17ae2831f4ac5b9dab84a,2017-07-15 04:30:45,2017-08-04,bed_bath_table,SP,SP,sao paulo,piracicaba,99.9,13.72,1,137.91371564313073,19.811979166666667,0.0373134328358208,0.9626865671641792,13.77698072139304,40.0,0.0147421555477397,0,8.356122685185186,-11.45585648148148,3.0,train
2226642559abeae5cfd2badcca397b6b,cc419e0650a3c5ba77189a1882b7556a,2017-12-16 18:17:16,2018-01-17,health_beauty,SC,SP,rio do sul,santo andre,84.99,16.35,1,506.1774150061696,31.238009259259258,0.0268389662027833,0.9731610337972167,10.432698991237755,270.0,0.0396649859714505,0,25.04939814814815,-6.188611111111111,1.0,train
4f472a900e0778e5612c2320b5c0eefd,3d871de0142ce09b7081e2b9d1733cb1,2017-08-16 02:00:10,2017-09-06,stationery,SP,SP,osasco,campo limpo paulista,38.0,24.66,1,36.33114787068673,20.916550925925925,0.0109289617486338,0.989071038251366,9.320703298927342,64.0,0.0254394192744734,0,2.565173611111111,-18.351377314814812,5.0,train
6d7a67554f1a6013a68994bebaab490e,897060da8b9a21f655304d50fd935913,2018-02-20 16:11:33,2018-03-14,computers_accessories,SP,SP,sao paulo,ribeirao preto,33.85,11.85,1,284.1565016064101,21.3253125,0.0604651162790697,0.9395348837209302,13.731740525409124,24.0,0.0657961707934009,0,2.878622685185185,-18.44668981481481,4.0,validation
ef91935d3286023b33bb5020a3b26998,4b9750c8ad28220fe6702d4ecb7c898f,2018-07-18 09:43:37,2018-08-08,cool_stuff,PR,SP,quatigua,limeira,49.9,23.15,1,278.65028620926483,20.594710648148148,0.0743243243243243,0.9256756756756755,9.922859891141137,22.0,0.1018287471384506,0,6.227858796296296,-14.366851851851852,5.0,test
e73c4ecd46f3549fd9ebcdfab800cd28,da8622b14eb17ae2831f4ac5b9dab84a,2017-02-12 18:37:11,2017-03-20,bed_bath_table,MG,SP,belo horizonte,piracicaba,159.9,21.2,1,500.1459862466642,35.22417824074074,0.0039331366764995,0.9960668633235004,13.548618903431164,10.0,0.0170074704306302,0,9.50445601851852,-25.719722222222224,5.0,train
fba0ec79b91f909237fd5ea8960a2a5a,527801b552d0077ffd170872eb49683b,2017-10-30 23:33:31,2017-11-17,books_general_interest,MG,SP,nova ponte,garca,44.9,16.11,1,414.9823626913427,17.018391203703704,0.0,1.0,6.487789351851852,3.0,0.0333046243763453,0,8.795185185185185,-8.22320601851852,5.0,train
d8d281c1a1398a1e835fdc4adfb81e2a,2c43fb513632d29b3b58df74816f1b06,2018-07-23 20:50:50,2018-08-07,garden_tools,SP,MG,ribeirao preto,belo horizonte,664.0,38.41,1,422.3651849422725,14.13136574074074,0.0,1.0,4.941545138888889,0.0,0.0985659919325073,0,3.900601851851852,-10.23076388888889,1.0,test
2c4194cb7130f5749ed2f4e8d7328b0d,5343d0649eca2a983820bfe93fc4d17e,2018-04-26 13:32:47,2018-06-04,furniture_decor,RJ,SP,rio de janeiro,santo andre,237.0,17.63,1,347.2466223958449,38.43556712962963,0.1463414634146341,0.8536585365853658,13.285681741192413,11.0,0.1297588413871716,0,7.896134259259259,-30.53943287037037,5.0,test
434227ef75dde10f4049fe6b219d13c0,88460e8ebdecbfecb5f9601833981930,2018-04-16 17:17:10,2018-05-10,computers_accessories,SP,PR,guarulhos,maringa,167.5,14.29,1,547.2404096002692,23.27974537037037,0.3867924528301887,0.6132075471698113,23.837692064116,23.0,0.1300213802310126,0,18.020416666666662,-5.259328703703703,5.0,test
f86a19d480f464d143272885b34b5fe8,d91fb3b7d041e83b64a00a3edfb37e4f,2017-11-28 14:56:55,2017-12-20,home_appliances,ES,SP,vila velha,praia grande,35.9,15.1,1,751.7809461085341,21.377141203703705,0.0373134328358208,0.9626865671641792,11.496567682421231,8.0,0.2575381969795375,0,8.09082175925926,-13.286319444444445,5.0,train
37f50248620b9081be972779cc175160,4a3ca9315b744ce9f8e9374361493884,2017-07-07 09:16:02,2017-07-31,bed_bath_table,RJ,SP,sao goncalo,ibitinga,89.9,15.38,1,608.4565855211767,23.613865740740746,0.0397727272727272,0.9602272727272728,12.747327079387617,97.0,0.021960671022201,0,20.312986111111112,-3.300879629629629,5.0,train
02cdf0f2b05845468fdf0c104e24ae17,b561927807645834b59ef0d16ba55a24,2018-08-17 23:24:19,2018-09-28,stationery,MT,SP,sorriso,sao paulo,73.3,19.98,2,1539.0494728494414,41.02478009259259,0.136986301369863,0.863013698630137,12.5664090246068,19.0,0.0848060388316893,0,12.67607638888889,-28.348703703703706,5.0,test
1596533ff4cff89818b0490409f0c4f1,e9779976487b77c6d4ac45f75ec7afe9,2018-08-01 22:52:40,2018-08-08,drinks,SP,SP,santos,praia grande,34.0,9.55,1,10.240518468762328,6.046759259259259,0.070298769771529,0.929701230228471,10.200253185413011,54.0,0.1552679902760136,0,1.6153356481481482,-4.431423611111111,5.0,test
dcef4484357754fc205095e165e01504,7c67e1448b00f6e969d365cea6b010ab,2018-02-26 21:44:20,2018-04-03,office_furniture,SP,SP,tambau,itaquaquecetuba,116.94,20.79,1,219.11102586011148,35.09421296296296,0.0991150442477876,0.9008849557522124,20.45977577023928,45.0,0.1136040338867499,0,18.130034722222224,-16.96417824074074,4.0,validation
badff059f06914594e6477d1273478db,7008613ea464bad5cb9b83456e1e6a8f,2017-05-06 13:20:39,2017-06-02,sports_leisure,RJ,SC,rio de janeiro,canoinhas,168.0,68.76,4,808.5837149841387,26.44399305555556,0.0,1.0,13.651151175213675,11.0,0.0255974795310787,0,9.002233796296297,-17.44175925925926,5.0,train
644ca3f19fe705ecb307dbface5a2bae,ef506c96320abeedfb894c34db06f478,2018-01-08 20:12:53,2018-01-31,telephony,SP,SP,sao carlos,sao paulo,25.99,11.85,1,221.23581976402733,22.157719907407408,0.0669456066945606,0.9330543933054394,12.858325923988842,7.0,0.0816538805088566,0,13.940381944444445,-8.217337962962963,5.0,validation
dc8f41882abf80287b353021f92f9892,bccf933e006e9b94a6184af782963e77,2017-11-17 13:13:24,2017-12-11,health_beauty,GO,SP,goiania,assis,98.99,21.18,1,680.0055554260306,23.44902777777778,0.0,1.0,10.868841145833333,5.0,0.0969418038287651,0,11.274965277777778,-12.1740625,5.0,train
de10731f0b37b49c3359218ea1062b36,cc419e0650a3c5ba77189a1882b7556a,2017-09-07 12:21:38,2017-10-04,perfumery,MG,SP,carmopolis de minas,santo andre,56.99,15.15,1,397.68289345186247,26.48497685185185,0.0172744721689059,0.982725527831094,10.248210394895851,138.0,0.0210518995873533,0,8.202569444444444,-18.28240740740741,5.0,train
78585e48819bf50518947925be68ab86,c3867b4666c7d76867627c2f7fb22e21,2018-02-13 11:34:00,2018-03-07,sports_leisure,SP,SP,campinas,guara,189.9,20.21,1,287.54278815723904,21.51805555555556,0.0202702702702702,0.9797297297297296,12.626029466966967,24.0,0.0718415392642701,0,11.104560185185186,-10.41349537037037,5.0,validation
7c0ff60ea08a0885a1404c299f7ed4f2,8a32e327fe2c1b3511609d81aaf9f042,2017-01-24 22:10:48,2017-03-07,furniture_decor,RS,SP,frederico westphalen,sao paulo,63.99,19.04,1,803.3949359727867,41.075833333333335,0.0,1.0,20.624895833333333,5.0,0.0523730883849445,0,9.706215277777778,-31.36961805555556,5.0,train
9d00e5dd1d0a6dc258a09e9c90854357,48efc9d94a9834137efd9ea76b065a38,2017-01-09 14:04:26,2017-02-15,pet_shop,PR,PR,curitiba,curitiba,7.9,8.72,1,4.0202115326016745,36.41358796296296,0.0,1.0,4.693020833333334,31.0,0.024241400632622,0,7.123194444444445,-29.29039351851852,5.0,train
89165e6d4c28047da0adf13ac8b3e1b3,c70c1b0d8ca86052f45a432a38b73958,2018-07-18 13:39:54,2018-07-30,health_beauty,SP,SP,guarulhos,hortolandia,110.32,8.03,1,98.28069805953204,11.430625,0.0363636363636363,0.9636363636363636,7.291370580808082,59.0,0.1023428249558197,0,8.199108796296295,-3.231516203703704,5.0,test
deda46d52534f8f81c482a3980bf644d,4869f7a5dfa277a7dca6462dcf3b52b2,2017-10-31 17:17:33,2017-11-14,watches_gifts,SP,SP,sao paulo,guariba,629.0,15.9,1,297.81352134457785,13.279479166666668,0.0514018691588785,0.9485981308411215,13.063977262893722,63.0,0.1026857739096937,0,6.230497685185185,-7.048981481481482,5.0,train
af93e16ddf586c99d807b5b6a68903ac,3d871de0142ce09b7081e2b9d1733cb1,2018-01-04 14:37:29,2018-01-29,stationery,SP,SP,guaratingueta,campo limpo paulista,149.0,14.06,1,167.52521235466503,24.390636574074072,0.0383912248628884,0.9616087751371116,11.770479742196487,130.0,0.0879833745839642,0,8.350983796296296,-16.03965277777778,5.0,validation
614e6a3e3a3c1ef48fa89ab1e15da0fb,4a3ca9315b744ce9f8e9374361493884,2018-07-02 21:51:28,2018-07-30,bed_bath_table,RS,SP,porto alegre,ibitinga,159.8,46.72,2,947.848944122146,27.089259259259254,0.1171627612412919,0.882837238758708,15.09591514349212,72.0,0.1731434659971198,0,6.5454282407407405,-20.54383101851852,5.0,test
13188f2e3cfdae1480d1552e58d19d7d,f125f3a310c2e5f822d116147de1e474,2018-07-24 10:49:44,2018-08-01,construction_tools_construction,SP,SP,sao jose dos campos,sao paulo,151.3,12.08,1,75.32389558492225,7.548796296296296,0.1,0.9,16.08744097222222,0.0,0.1754894575716097,0,2.467650462962963,-5.081145833333333,5.0,test
d7d1d0e6c3f409480d2ea528b338e5ca,00ee68308b45bc5e2660cd833c3f81cc,2018-04-17 17:28:05,2018-05-14,bed_bath_table,SC,SP,florianopolis,sao paulo,416.0,115.48,3,469.6577021349761,26.272164351851853,0.0854700854700854,0.9145299145299144,9.682425411522631,13.0,0.1227433078032517,0,6.083831018518518,-20.188333333333333,5.0,test
5372e3b548f5a2f193afb2c778e172df,ea8482cd71df3c1969d7b9473ff13abc,2018-03-21 19:17:46,2018-04-13,telephony,PR,SP,medianeira,sao paulo,24.99,18.23,1,779.6505955924904,22.19599537037037,0.0844645550527903,0.9155354449472096,13.849773441427864,149.0,0.1198623057458383,0,6.888148148148148,-15.307847222222222,4.0,validation
09357f9fdde223052006f3bae0367a29,8b321bb669392f5163d04c59e235e066,2018-04-28 20:03:25,2018-06-04,electronics,PA,SP,belem,sao paulo,13.2,19.04,1,2482.005918380666,36.16429398148148,0.1166912850812407,0.8833087149187593,13.26587749261448,105.0,0.1091182151522288,0,25.71476851851852,-10.449525462962963,3.0,test
6005e16820f20784bf25d26f7a60af40,c9aafcd0621b2207c10e32c649cada4d,2018-08-02 13:30:59,2018-08-10,health_beauty,SP,SP,maua,sao paulo,71.0,8.66,1,20.61345479813826,7.436817129629629,0.0,1.0,7.566805555555557,19.0,0.1286495177340841,1,8.069988425925926,0.6331712962962963,4.0,test
3f77b361a73925a9c1250b4a31dcb58c,1f50f920176fa81dab994f9023523100,2017-10-17 18:46:12,2017-11-03,garden_tools,SP,SP,embu das artes,sao jose do rio preto,119.8,26.88,2,415.016512080152,16.217916666666667,0.0241379310344827,0.9758620689655172,13.862729246487872,94.0,0.0524297466239896,0,6.880462962962963,-9.337453703703703,5.0,train
1d01166814be7e95f72a3c85357fca45,01c97ebb5cdac52891c0ed1c37ba0012,2018-03-05 08:53:57,2018-03-21,computers_accessories,SP,SP,taboao da serra,catanduva,238.0,24.66,2,356.5063063673682,15.62920138888889,0.0,1.0,15.055946759259262,0.0,0.0906526346952529,0,2.558148148148148,-13.07105324074074,5.0,validation
63e7f3b68db3707aee7cb7b4c10db358,d97df38225e5abadaff1e72cb72b823c,2018-01-03 13:28:19,2018-01-19,auto,SP,SP,guarulhos,sao caetano do sul,50.0,8.72,1,14.835417949263624,15.43866898148148,0.2,0.8,16.383780092592595,3.0,0.0979215066944137,0,2.957453703703704,-12.481215277777778,2.0,validation
41b0453ab02025f52af28600854f3682,c6a7539d424a8402232c2228d7a03c5e,2018-05-05 07:12:07,2018-06-06,housewares,RS,SP,gramado,sao paulo,40.5,46.43,1,775.1606703670875,31.69991898148148,0.1428571428571428,0.8571428571428572,17.61400462962963,0.0,0.1173873846523931,0,6.661481481481482,-25.0384375,4.0,test
588650778ae3d824e5ff92a2bc391b9e,9f505651f4a6abe901a56cdc21508025,2017-11-29 21:30:30,2017-12-22,computers_accessories,RJ,SP,volta redonda,sao paulo,24.99,15.1,1,281.80810122676155,22.103819444444444,0.0,1.0,7.031223447712418,16.0,0.3599451004569519,1,42.86131944444445,20.7575,1.0,train
f39dca700fa8e7f2ccbdf7a9c7f8af1e,0691148aee60ca47977c187804f935ae,2018-04-22 19:58:22,2018-05-16,auto,SP,PR,sao paulo,londrina,95.9,15.52,1,449.2514306736576,23.167800925925928,0.0,1.0,13.65025245949074,2.0,0.1173389087055588,0,10.057233796296297,-13.11056712962963,5.0,test
2c453858db792dfba1340601d2814b28,53e4c6e0f4312d4d2107a8c9cddf45cd,2018-03-16 11:13:44,2018-04-12,housewares,MG,SP,belo horizonte,pedreira,93.0,18.23,1,428.78221683647735,26.53212962962963,0.0394736842105263,0.9605263157894736,13.026074218750002,37.0,0.0535996564711176,0,12.36837962962963,-14.16375,4.0,validation
5ffeee9d677333ddef6ef0db3aaf50e9,d3dcf0604eabf0224fbd5948b5e02f69,2018-07-15 21:31:59,2018-07-31,toys,SP,SP,espirito santo do pinhal,sao paulo,89.9,13.29,1,150.06670330365992,15.102789351851852,0.4285714285714285,0.5714285714285714,20.54859623015873,0.0,0.1553018282626873,0,4.824039351851852,-10.27875,5.0,test
bfef81581affa2b4c59018ed748cd663,99eaacc9e6046db1c82b163c5f84869f,2017-03-28 13:49:04,2017-04-19,telephony,MG,SP,passa quatro,franca,59.0,14.58,1,325.07934813346725,21.42425925925926,0.0,1.0,12.001886574074073,13.0,0.0406008177076189,0,13.862546296296296,-7.561712962962963,5.0,train
d8f560d2563965001d1f853e74c82b0c,b2ba3715d723d245138f291a6fe42594,2017-03-06 14:14:46,2017-03-23,audio,SP,SP,piracicaba,sao paulo,79.9,11.17,1,150.98964573392226,16.406412037037036,0.0,1.0,13.06111315359477,17.0,0.0407817360772049,0,7.847766203703704,-8.558645833333333,5.0,train
b8adb375ae50156f70a940103fc0f4f9,9616352088dcf83a7c06637f4ebf1c80,2017-05-15 18:37:38,2017-06-19,sports_leisure,MG,PR,patos de minas,umuarama,59.9,34.22,1,908.5128113673044,34.22386574074074,0.0,1.0,6.693831018518519,0.0,0.0186366221642243,0,13.669375,-20.55449074074074,2.0,train
91038108554d2455d744ce8eb0a0ff35,955fee9216a65b617aa5c0531780ce60,2018-03-06 20:06:34,2018-03-28,furniture_decor,SC,SP,criciuma,sao paulo,69.9,26.57,1,614.8333595736641,21.16210648148148,0.037199124726477,0.962800875273523,10.641494499149031,110.0,0.1278031359836635,0,13.73335648148148,-7.42875,4.0,validation
03ceacbc3d61dcaeade2b6b1ccc5fcfa,3d871de0142ce09b7081e2b9d1733cb1,2017-08-21 21:02:32,2017-09-11,toys,SP,SP,americana,campo limpo paulista,69.9,11.99,1,76.84094154723168,20.12324074074074,0.0151515151515151,0.9848484848484848,9.524926405256265,64.0,0.0063864005341672,0,3.9863078703703705,-16.13693287037037,5.0,train
26f12055119a6272956b9ceaef2a6233,5b925e1d006e9476d738aa200751b73b,2017-11-30 16:09:58,2017-12-18,sports_leisure,SP,SP,guarulhos,sao paulo,209.0,12.67,1,24.14158620380497,17.326412037037038,0.0,1.0,8.496607510288065,14.0,0.0332490818841829,0,8.153726851851852,-9.172685185185186,5.0,train
43633b4950869ad500817fb5326e1864,cab85505710c7cb9b720bceb52b01cee,2017-07-27 14:02:07,2017-08-30,fashion_bags_accessories,RJ,SP,macae,sao paulo,49.9,15.1,1,506.3592082571759,33.41519675925926,0.0,1.0,10.549321069739952,15.0,0.0084561501277096,0,15.160775462962963,-18.254421296296297,5.0,train
5ddb878dd68b3eac6d0445eeba64d145,7008613ea464bad5cb9b83456e1e6a8f,2017-06-15 17:30:46,2017-07-10,sports_leisure,SP,SC,campinas,canoinhas,57.5,25.24,1,502.5538015535954,24.270300925925927,0.024390243902439,0.975609756097561,13.407276705058717,6.0,0.0229761304400571,0,11.91457175925926,-12.355729166666666,5.0,train
38b5e5b5e96a6cf2a6aa7b93542a0c29,620c87c171fb2a6dd6e8bb4dec959fc6,2017-10-17 17:49:33,2017-11-07,health_beauty,MG,RJ,patos de minas,petropolis,119.9,15.59,1,557.1420292072985,20.25725694444445,0.051063829787234,0.948936170212766,11.593839686761228,11.0,0.0269346365902777,0,7.061354166666667,-13.195902777777778,5.0,train
b2aaaac7465dd94360cfc675328104b4,8444e55c1f13cd5c179851e5ca5ebd00,2017-06-29 11:58:41,2017-08-08,perfumery,SP,MG,cubatao,congonhal,289.0,17.78,1,242.15935612489767,39.500914351851854,0.0,1.0,19.27073082010582,6.0,0.0347020972771904,0,13.14587962962963,-26.35503472222222,5.0,train
d5059794ce5ef544e6c29ad80d4785d4,d2f3e277560ed4c6361284429b00f037,2017-09-14 23:20:35,2017-10-06,unknown,PR,SP,andira,atibaia,4.85,15.1,1,375.5459658473564,21.027372685185185,0.0,1.0,7.866840277777778,1.0,0.0287063056276523,0,10.80761574074074,-10.219756944444445,4.0,train
0870ee292ce510fc7bf1ccd86a6d28c7,e49c26c3edfa46d227d5121a6b6e4d37,2017-06-28 08:32:54,2017-07-28,consoles_games,RJ,PE,duque de caxias,brejao,49.9,34.15,1,1674.276433976553,29.643819444444443,0.0,1.0,12.313353324915823,4.0,0.0693707498564453,0,20.310347222222223,-9.333472222222222,5.0,train
aff878fbdcc993da8042d0c8edb781f6,391fc6631aebcf3004804e51b40bcf1e,2017-03-04 08:04:47,2017-03-23,furniture_decor,SP,SP,bertioga,ibitinga,89.1,23.48,2,363.228861472392,18.663344907407406,0.0,1.0,14.968658371913577,14.0,0.0625063882895958,0,11.072118055555556,-7.591226851851852,5.0,train
5fc6c1f6b4c22c6e94227cb51109c87f,218d46b86c1881d022bce9c68a7d4b15,2017-02-24 17:21:09,2017-03-23,sports_leisure,DF,SP,brasilia,ribeirao preto,119.99,17.68,1,592.6273230980096,26.276979166666667,0.0,1.0,11.778778935185183,10.0,0.0238611550464905,0,16.731041666666666,-9.5459375,4.0,train
74f5ef24910641ee05e708ad84525bb7,7a67c85e85bb2ce8582c35f2203ad736,2017-05-07 20:00:24,2017-05-31,cool_stuff,RJ,SP,sao goncalo,sao paulo,99.99,16.95,1,363.4094012400245,23.16638888888889,0.0272727272727272,0.9727272727272728,10.646841645622905,72.0,0.0434019989390799,0,11.80050925925926,-11.36587962962963,3.0,train
5daa414749c292efd9d970aca5097a8e,9f505651f4a6abe901a56cdc21508025,2018-07-24 22:49:42,2018-08-01,computers_accessories,SP,SP,sao paulo,sao paulo,24.99,7.44,1,9.745393497135217,7.048819444444445,0.0425531914893617,0.9574468085106383,8.488025635342792,49.0,0.1257035633052148,0,1.7841898148148148,-5.2646296296296295,5.0,test
a2774eabce91067c32cfb2813ac902ad,7178f9f4dd81dcef02f62acdf8151e01,2017-12-04 10:10:12,2018-01-05,telephony,RS,SC,porto alegre,videira,398.0,32.28,2,331.19327177147443,31.57625,0.0113636363636363,0.9886363636363636,13.28547164351852,34.0,0.0872072096402211,0,9.501030092592591,-22.07521990740741,1.0,train
4b9cf74b2132266bf6d3342a77342433,bd4889b5e9133b35b66e42a8665cea5c,2018-05-15 16:54:44,2018-05-25,furniture_decor,SP,SP,maua,sao paulo,61.2,11.15,1,27.91022022291194,9.295324074074074,0.0,1.0,11.01905181623932,4.0,0.1126772925004368,0,3.0610069444444443,-6.23431712962963,5.0,test
93b5be70ab423cbcff4ce9e100a8b595,0b90b6df587eb83608a64ea8b390cf07,2018-06-07 15:32:12,2018-07-17,computers_accessories,SC,PR,florianopolis,maringa,140.9,18.87,1,567.8416194409743,39.35263888888889,0.0422535211267605,0.9577464788732396,15.14503382563902,11.0,0.0608012767492915,0,9.027974537037036,-30.32466435185185,5.0,test
6d29261d1991c6c4e47ac40e5642e3c6,15cd6eefe58588619aaed41dfa6621b1,2017-08-29 14:14:06,2017-09-20,unknown,SP,MG,sao caetano do sul,ouro preto,34.9,20.84,1,478.2576203973664,21.406875,0.0,1.0,10.747611882716049,4.0,0.0225923457243728,0,16.009398148148147,-5.397476851851851,5.0,train
37ce508071e29f853c9a6af4fb9be089,d1c281d3ae149232351cd8c8cc885f0d,2017-09-21 22:22:09,2017-10-13,bed_bath_table,SP,SP,sao paulo,ibitinga,208.98,29.44,2,306.5760961320614,21.06795138888889,0.036036036036036,0.963963963963964,11.275102915415411,7.0,0.015225799118936,0,5.821111111111111,-15.246840277777778,5.0,train
becde0f445f588a3118a3c12bf1bef9a,8b321bb669392f5163d04c59e235e066,2018-05-04 23:28:10,2018-06-04,electronics,AL,SP,maceio,sao paulo,13.2,22.85,1,1935.7384117081708,30.022106481481483,0.1185714285714285,0.8814285714285715,13.253578802910054,100.0,0.2245993853673769,0,19.77820601851852,-10.243900462962962,5.0,test
61dd76fc641eea1c3ecc493b029e935a,3be634553519fb6536a03e1358e9fdc7,2017-09-18 21:13:36,2017-10-04,housewares,SP,SP,santa rosa de viterbo,sao paulo,95.74,42.9,1,249.46946179785692,15.115555555555556,0.0,1.0,6.632363547758284,8.0,0.0564545335839773,0,8.001041666666667,-7.114513888888889,5.0,train
11c2867ad1d8599464e84641b31338f1,46dc3b2cc0980fb8ec44634e21d2718e,2017-10-16 18:09:21,2017-11-07,sports_leisure,SP,RJ,guariba,rio de janeiro,259.99,17.58,1,547.8814608624405,21.243506944444444,0.0147783251231527,0.9852216748768472,9.794892868545888,79.0,0.0268970997576256,0,11.122569444444444,-10.1209375,5.0,train
e46c1a835d11d387ba01a130d8aa7c12,e49c26c3edfa46d227d5121a6b6e4d37,2017-02-07 21:56:36,2017-03-20,computers_accessories,SP,PE,campinas,brejao,239.9,33.28,1,1898.647261728949,40.08569444444444,0.0051085568326947,0.9948914431673052,13.652493350084676,1.0,0.0340728479921576,0,8.7834375,-31.302256944444444,5.0,train
02cda26d2cd43c51fefac9e3291fbc9b,6560211a19b47992c3666cc44a7e94c0,2018-05-04 05:52:57,2018-05-30,watches_gifts,RJ,SP,nova iguacu,sao paulo,49.0,15.23,1,347.2774164208606,25.75489583333333,0.0648553900087642,0.9351446099912356,10.522561319261856,96.0,0.1538933617506721,0,7.315289351851852,-18.43960648148148,2.0,test
7437b218b9af11255c89b0043905192e,23c38debaffe4a25a30fdbd9b586a13f,2018-05-08 16:21:30,2018-05-29,garden_tools,MG,SP,rio pomba,votorantim,39.5,18.23,1,507.182781813956,20.318402777777777,0.0,1.0,6.126328347578347,18.0,0.0937503639575436,1,23.97328703703704,3.6548842592592594,3.0,test
0cae0419c5938004fa8b8dba302552d1,4c2b230173bb36f9b240f2b8ac11786e,2017-07-03 16:43:26,2017-08-04,sports_leisure,MA,SP,sao luis,sao paulo,39.9,21.15,1,2350.418342063426,31.30317129629629,0.0,1.0,11.133492063492062,9.0,0.0584171316739529,0,18.129270833333333,-13.173900462962964,5.0,train
542a75015e9fb10f090ea35b36cb470d,f35b3c613c4f7b2275f4185d0a3c59ec,2018-03-26 08:51:40,2018-04-19,sports_leisure,RS,SP,gravatai,sao paulo,550.0,19.82,1,826.4710383569213,23.63078703703704,0.0669346086012752,0.9330653913987248,13.91944620887781,1.0,0.1540412824612343,1,23.6878125,0.0570254629629629,5.0,validation
855a174fc0471c4ddf1a01a131c9cf6d,f4aba7c0bca51484c30ab7bdc34bcdd1,2017-02-03 23:26:02,2017-02-28,health_beauty,SP,SP,sales oliveira,sao paulo,23.9,10.96,1,332.52870556004893,24.023587962962964,0.0,1.0,7.637215909090909,21.0,0.0157523274122453,0,10.51087962962963,-13.512708333333334,5.0,train
d2cbe14a29b243f01171170540ddc94d,2f4b0d3b9634b647d4edee577d7ebb7e,2018-03-09 17:19:27,2018-03-21,unknown,SP,SP,hortolandia,sao paulo,23.8,14.78,2,92.71465521892438,11.278159722222222,0.0,1.0,5.5212890625,5.0,0.0918041471687223,0,10.140659722222225,-1.1375,5.0,validation
60456855835ba53877a944c0ae15357f,febab0275244b9a49a623f0bd613ca2f,2017-08-17 15:40:04,2017-08-30,housewares,SP,SP,sao paulo,pedreira,37.4,11.73,1,87.21583853351916,12.347175925925926,0.0526315789473684,0.9473684210526316,8.643655275341128,6.0,0.0218672337131759,0,3.988865740740741,-8.358310185185186,5.0,train
d83706c29baf36eedf5e8adfb0da304e,818d28f936e791926d33bcb6ee94ef79,2017-03-13 11:36:11,2017-04-12,telephony,ES,SP,baixo guandu,sao paulo,27.9,16.05,1,738.3492003002724,29.51653935185185,0.0,1.0,4.752627314814815,0.0,0.0418402321946847,0,14.10851851851852,-15.408020833333332,5.0,train
75785442e7f4f3aee6dcdd92fd9328ba,a416b6a846a11724393025641d4edd5e,2018-02-06 00:19:09,2018-03-02,health_beauty,SP,SP,cacapava,sao paulo,99.0,13.71,1,95.75524588841432,23.98670138888889,0.1075268817204301,0.8924731182795699,13.041763988450814,14.0,0.057149867302732,0,9.749212962962964,-14.237488425925926,5.0,validation
6f09086a54ed13a7f152d6339e2ee5a3,0dd184061fb0eaa7ca37932c68ab91c5,2018-06-26 09:51:04,2018-07-20,sports_leisure,MG,SP,uberaba,guarulhos,99.0,44.49,1,441.9264735599372,23.58953703703704,0.1258741258741259,0.8741258741258742,12.342702586765093,16.0,0.1267107865358714,0,2.2785416666666665,-21.31099537037037,5.0,test
2b88a26c626a1091116a727133c5a1c6,4c18691b6037662be2df78a765d98ab5,2018-05-12 19:14:02,2018-06-07,housewares,RS,SP,ijui,sao paulo,72.95,26.59,1,907.5559140138056,25.198587962962964,0.0909090909090909,0.9090909090909092,11.112994528619527,14.0,0.0953780691416952,0,10.85991898148148,-14.33866898148148,5.0,test
c906d290e52be53ab891c3e09074a9d9,37515688008a7a40ac93e3b2e4ab203f,2017-09-25 12:27:38,2017-10-20,consoles_games,PR,SP,cascavel,dracena,19.9,15.1,1,434.4390482861143,24.480810185185184,0.06,0.94,14.535737268518517,18.0,0.0356559969418872,0,11.237824074074076,-13.242986111111112,3.0,train
98b0796c2b195347f4f85906a2b6c373,e9779976487b77c6d4ac45f75ec7afe9,2017-10-17 16:18:58,2017-11-06,sports_leisure,SP,SP,sao roque,praia grande,79.49,12.06,1,90.29988220398282,19.32016203703704,0.036231884057971,0.9637681159420288,9.1375842055824,32.0,0.020124912503616,0,8.060914351851851,-11.259247685185183,5.0,train
85bb0aae7a51f1e5e6541dded1f89a86,4d6d651bd7684af3fffabd5f08d12e5a,2018-01-09 12:21:52,2018-02-26,sports_leisure,RJ,SP,rio de janeiro,jau,249.9,16.5,1,536.6445182065544,47.48481481481482,0.0327868852459016,0.9672131147540984,11.32707688221008,23.0,0.114418474863006,0,21.32314814814815,-26.161666666666665,4.0,validation
938b0c8375c67353f8240990a0e781cc,2138ccb85b11a4ec1e37afbd1c8eda1f,2017-05-14 17:22:55,2017-06-06,fixed_telephony,ES,SP,vila velha,sao paulo,32.9,14.1,1,727.0482372993381,22.275752314814813,0.0298507462686567,0.9701492537313432,10.917478752072972,42.0,0.0312758722849928,0,11.801898148148148,-10.473854166666667,4.0,train
d43c3e1412d9022efffd1148ece29ef0,92eb0f42c21942b6552362b9b114707d,2018-03-16 12:50:22,2018-03-28,telephony,SP,SP,sao paulo,sao paulo,39.97,7.39,1,9.774066349639812,11.465023148148148,0.059322033898305,0.940677966101695,13.662290391556812,22.0,0.1135997900850269,0,6.52511574074074,-4.939907407407407,5.0,validation
4b7d638196bd6a0a5a0915a8f893225a,391fc6631aebcf3004804e51b40bcf1e,2018-03-21 13:38:46,2018-04-17,bed_bath_table,MG,SP,joao monlevade,ibitinga,49.95,18.23,1,626.6654219153966,26.43141203703704,0.0833333333333333,0.9166666666666666,14.96226023706896,28.0,0.070136421195197,0,15.19599537037037,-11.235416666666667,4.0,validation
80d25aa9f66c2d419bc422687bb41b85,dee656f0f566ed1aa85bd137c943f08f,2018-04-05 21:58:18,2018-04-26,housewares,MG,SP,belo horizonte,cruzeiro,69.5,19.46,1,322.4550608578484,20.08451388888889,0.0434782608695652,0.9565217391304348,14.80684455515298,2.0,0.1149570828652862,0,4.69900462962963,-15.385509259259258,5.0,test
89a5ef83a41559d5c8d248e28b57b193,1771297ac436903d1dd6b0e9279aa505,2017-08-25 14:59:20,2017-09-19,baby,RJ,SP,rio de janeiro,guarulhos,35.39,14.1,1,342.708523594466,24.375462962962963,0.0555555555555555,0.9444444444444444,8.117793209876544,4.0,0.008849439167738,0,11.183819444444444,-13.191643518518518,4.0,train
7d3cd94ead444e7d5a948a9e0021c426,49067458c68f7701fd334ce326accbe0,2018-03-05 15:56:52,2018-03-27,costruction_tools_garden,SC,MG,blumenau,juiz de fora,88.35,50.37,3,815.4103170036404,21.335509259259258,0.0,1.0,14.485851851851852,4.0,0.1232698028207391,1,21.96480324074074,0.6292939814814815,5.0,validation
502d64f8c5d21236249b9696338751f9,7722b1df1b0e383e000397b2c11e3e19,2017-03-21 16:07:36,2017-04-17,housewares,SP,SP,tiete,sao bernardo do campo,89.9,13.21,1,137.1860705239851,26.328055555555554,0.0,1.0,8.440642361111111,12.0,0.0282805279334635,0,6.908715277777778,-19.419340277777778,5.0,train
3a5cc35f681bd421b9ce2600aa48b4a6,89ad3263c0931c47f976d7c5778e60f6,2018-06-25 14:25:51,2018-07-20,baby,GO,SP,goiania,sao paulo,199.75,35.48,1,798.6799437275571,24.39871527777778,0.083881192041501,0.916118807958499,13.250131447823843,1.0,0.151307393728542,0,8.30625,-16.092465277777777,4.0,test
b2f9e7490c9752bd0a3d8433208a5b50,1dc2de47ee26a0a5b12dc14fd6dc0dea,2018-02-22 23:51:23,2018-03-15,bed_bath_table,SP,SP,sao paulo,ibitinga,55.9,16.02,1,299.2084488891261,20.00598379629629,0.0,1.0,17.18769675925926,5.0,0.0993294867764779,1,20.910428240740742,0.9044444444444444,5.0,validation
1e4fcdf0cf341ba0ea682eb332c78526,0c8380b62e38e8a1e6adbeba7eb9688c,2017-02-12 20:51:15,2017-03-14,bed_bath_table,SP,MG,morungaba,tres coracoes,55.5,17.13,1,205.40200784315695,29.13107638888889,0.0,1.0,8.77041087962963,27.0,0.0174126553008502,0,10.817233796296296,-18.313842592592597,4.0,train
d5558a097766363b8e76b38c43332e8a,b56906f7fd1696e043f1bcce164c487b,2017-02-04 19:01:33,2017-03-01,pet_shop,SP,SP,sao paulo,echapora,108.6,20.51,2,379.5989605987328,24.207256944444445,0.0,1.0,24.82896412037037,0.0,0.0898525675079507,0,5.53957175925926,-18.667685185185185,2.0,train
42aebcf14e4f87531de5beadc2ab8524,7e93a43ef30c4f03f38b393420bc753a,2017-05-11 02:34:52,2017-06-06,watches_gifts,GO,SP,goiania,barueri,633.14,18.18,1,791.1968476071588,25.892453703703705,0.0363636363636363,0.9636363636363636,11.432345538720542,16.0,0.0321863336227414,0,9.37380787037037,-16.518645833333334,4.0,train
6632309d6179381a1a42c64867ffb19a,955fee9216a65b617aa5c0531780ce60,2018-04-14 15:31:49,2018-05-03,furniture_decor,SP,SP,sao paulo,sao paulo,69.9,12.43,1,26.26477945923684,18.352905092592597,0.0810397553516819,0.918960244648318,11.125608683033178,150.0,0.1133485276209839,0,4.332974537037037,-14.019930555555556,5.0,test
9878cf05ddc72172379e9305a3d1bf46,3d871de0142ce09b7081e2b9d1733cb1,2017-05-17 09:30:27,2017-06-08,toys,MG,SP,belo horizonte,campo limpo paulista,68.0,15.23,1,467.50861713099295,21.603854166666668,0.0,1.0,9.5954813957476,30.0,0.0095317756764195,0,7.080069444444445,-14.523784722222222,5.0,train
b7aa83a69a04aa716998638c25f6a365,16090f2ca825584b5a147ab24aa30c86,2018-07-24 09:53:01,2018-08-13,auto,GO,SP,porangatu,atibaia,49.49,18.45,1,1110.0996350480464,19.58818287037037,0.0759493670886076,0.9240506329113924,9.592194495721994,51.0,0.1468525375424939,0,9.322222222222225,-10.265960648148148,5.0,test
cb3b734d623b7ce468162b6ccea8fae2,ea8482cd71df3c1969d7b9473ff13abc,2017-11-28 17:05:19,2017-12-12,telephony,SP,SP,sao paulo,sao paulo,24.99,7.78,1,0.9504870059442118,13.287974537037035,0.0185185185185185,0.9814814814814816,9.49311781978738,119.0,0.0489228456284933,0,6.328819444444444,-6.959155092592592,3.0,train
6b428be6c3dfedfc0e199b46fb7e2d48,1a3df491d1c4f1589fc2b934ada68bf2,2017-11-24 21:31:52,2017-12-21,bed_bath_table,RJ,SC,rio de janeiro,joinville,148.9,23.91,1,673.2963568342884,26.10287037037037,0.010752688172043,0.989247311827957,13.275014187574676,15.0,0.2500580233525455,0,16.890243055555555,-9.212627314814815,4.0,train
240bcc288ac170fb535833fdde280ed4,7681ef142fd2c19048da7430856b5588,2018-08-21 16:50:05,2018-08-28,industry_commerce_and_business,SP,SP,salto,guarulhos,85.0,43.31,1,79.61184622326084,6.29855324074074,0.1538461538461538,0.8461538461538461,11.028544337606837,7.0,0.1915448637092365,0,3.7697800925925926,-2.528773148148148,3.0,test
c49be9a11fd13933307cc6a19b03a895,955fee9216a65b617aa5c0531780ce60,2018-05-15 18:54:39,2018-05-30,housewares,MG,SP,vicosa,sao paulo,834.0,94.68,6,511.53553260169593,14.212048611111111,0.0769230769230769,0.9230769230769232,11.1303437918971,233.0,0.1854357104100807,1,21.77297453703704,7.560925925925926,1.0,test
36760dfa6b15cbace6f34324bc4d52b1,6560211a19b47992c3666cc44a7e94c0,2017-08-27 13:13:45,2017-09-21,watches_gifts,PE,SP,recife,sao paulo,159.0,18.39,1,2137.7042400652126,24.44878472222222,0.0342679127725856,0.9657320872274144,9.480436569747324,77.0,0.0764245669107184,0,10.214618055555556,-14.234166666666669,5.0,train
f86f46ee31cc78320b5970d106ed26cc,07de60b03d150fb3ea09eab5da5e4c8b,2018-06-24 19:21:07,2018-07-18,bed_bath_table,SP,SP,cotia,ibitinga,71.9,14.81,1,289.66812543336187,23.19366898148148,0.1666666666666666,0.8333333333333334,16.253211805555555,4.0,0.1078835531056173,0,4.832361111111111,-18.36130787037037,4.0,test
d626131b771ffd6c88169da39f702900,6560211a19b47992c3666cc44a7e94c0,2017-07-31 21:31:33,2017-08-22,fashion_bags_accessories,MG,SP,belo horizonte,sao paulo,49.0,14.1,1,501.1550373889099,21.103090277777778,0.0362903225806451,0.9637096774193548,9.779878238873955,77.0,0.0082095444100409,0,3.888703703703704,-17.214386574074073,5.0,train
578de5ff4a91901a3b0150e8b152723a,827f8f69dfa529c561901c4f2e0f332f,2017-04-24 11:40:39,2017-05-15,baby,SP,PR,hortolandia,curitiba,29.9,14.52,1,362.4070853921588,20.5134375,0.0,1.0,8.977095630787037,9.0,0.1394330422438753,1,23.25670138888889,2.743263888888889,5.0,train
b1ea55e35faa2d64fc8dc9764f1a7e35,4869f7a5dfa277a7dca6462dcf3b52b2,2018-03-06 21:43:59,2018-03-22,watches_gifts,SP,SP,jundiai,guariba,544.9,16.25,1,239.42282378029844,15.09445601851852,0.0859375,0.9140625,15.276651430483218,91.0,0.1167145863355532,0,8.7171875,-6.377268518518519,4.0,validation
437eab927fbbc0dcfef153692c06c2cb,3d871de0142ce09b7081e2b9d1733cb1,2017-10-17 21:44:13,2017-11-14,toys,PI,SP,buriti dos lopes,campo limpo paulista,89.0,35.94,1,2289.099803208697,27.09429398148148,0.0226537216828478,0.9773462783171522,9.864300086899194,54.0,0.0842904093748018,0,9.89769675925926,-17.196597222222223,3.0,train
c5ef8c0266eff0d27d9d8f279a2e85cc,da8622b14eb17ae2831f4ac5b9dab84a,2017-11-05 23:00:43,2017-11-24,health_beauty,SP,SP,suzano,piracicaba,29.9,11.85,1,168.24069301226135,18.04116898148148,0.0274914089347079,0.972508591065292,11.817736492936245,52.0,0.0230471958139486,0,2.6916550925925926,-15.34951388888889,5.0,train
faddfb9dace8ba5f745e2d730123b885,2ff97219cb8622eaf3cd89b7d9c09824,2018-07-02 18:29:46,2018-07-26,housewares,PR,SP,londrina,salto,18.9,18.23,1,395.66643248168776,23.229328703703704,0.0508474576271186,0.9491525423728814,10.36320641086001,7.0,0.1063134158099507,0,6.999872685185185,-16.22945601851852,4.0,test
cc1ddc7d7f30076a8cf87d86eecd6606,850913d59ce317156b00f3705f1c3edb,2018-03-09 21:08:50,2018-04-04,telephony,BA,SP,itabuna,atibaia,49.0,22.06,1,1201.137339177873,25.11886574074074,0.0604742301400399,0.93952576985996,13.812532989079822,2.0,0.1371307568449605,1,31.789525462962963,6.670659722222222,1.0,validation
d80dec5549fb36ee6d86d10494aa5d89,f08c008c8a8d31417763738a1788a2a8,2017-11-28 22:25:53,2017-12-12,sports_leisure,SP,PR,sumare,santa terezinha de itaipu,67.9,8.72,1,783.0056967832791,13.065358796296296,0.0,1.0,9.91591049382716,4.0,0.124351208757871,0,5.905729166666666,-7.15962962962963,5.0,train
ac16a498e09da326e763056460491b62,955fee9216a65b617aa5c0531780ce60,2018-03-31 18:28:25,2018-04-12,furniture_decor,SP,SP,sao paulo,sao paulo,69.9,12.43,1,23.64335553172596,11.230266203703705,0.0729166666666666,0.9270833333333334,10.955179980870614,144.0,0.1386435539311962,0,5.004270833333333,-6.22599537037037,5.0,validation
c33a15434dbf8582136285a3e2995d1c,620c87c171fb2a6dd6e8bb4dec959fc6,2018-02-15 13:11:35,2018-03-23,health_beauty,RS,RJ,santo augusto,petropolis,59.9,17.0,1,1216.3281596698864,35.45028935185185,0.0496453900709219,0.950354609929078,11.87853633110061,79.0,0.0724708147914384,1,50.37365740740741,14.923368055555557,1.0,validation
c33c7bd863246588e74b5371477857ff,080199a181c46c657dc5aa235411be3b,2018-02-02 17:24:58,2018-03-01,auto,DF,SP,brasilia,osasco,358.98,30.02,2,865.8312428741674,26.274328703703706,0.0,1.0,6.440541335978837,14.0,0.0926846485243285,0,14.932037037037038,-11.342291666666666,5.0,validation
46b822b7e203850a10e485ed02abf2bb,e9bc59e7b60fc3063eb2290deda4cced,2018-08-02 18:09:55,2018-08-21,computers_accessories,MG,PR,sabara,maringa,139.0,22.9,1,918.8324938692024,18.243113425925927,0.0849673202614379,0.915032679738562,13.722195518639554,34.0,0.1529717333680046,0,14.922662037037036,-3.320451388888889,5.0,test
2e355f2c21d0eadf3b8202cb969363c7,7299e27ed73d2ad986de7f7c77d919fa,2018-05-30 23:21:36,2018-07-04,consoles_games,MG,MG,barbacena,araguari,149.99,14.17,1,541.8975820542379,34.026666666666664,0.0364372469635627,0.9635627530364372,11.993303859274253,23.0,0.063761449051341,0,7.829861111111111,-26.19680555555556,5.0,test
f38176af08190044aef2fe48eb38365b,fa1c13f2614d7b5c4749cbc52fecda94,2017-03-03 16:49:00,2017-03-24,watches_gifts,MG,SP,passos,sumare,299.0,16.26,1,242.11677324721524,20.29930555555556,0.0,1.0,9.27246883903134,12.0,0.0443911082303466,0,12.790856481481482,-7.508449074074074,5.0,train
ec61ed5b0c3025621b3c2f416ebbcfb3,6d66611d7c44cc30ce351abc49a68421,2018-06-26 13:49:04,2018-07-13,musical_instruments,SP,SP,santo andre,sao paulo,76.9,9.29,1,13.1020930350826,16.42425925925926,0.0629921259842519,0.937007874015748,13.12674959900846,11.0,0.1057528386399359,0,6.794212962962963,-9.630046296296296,4.0,test
87cb6bc6178f0a340e40123b7b042243,850913d59ce317156b00f3705f1c3edb,2018-04-14 20:19:07,2018-05-17,telephony,PE,SP,recife,atibaia,42.0,37.04,1,2081.6732531029,32.153391203703706,0.3333333333333333,0.6666666666666667,13.245950038580249,9.0,0.1277145002369862,0,17.932118055555556,-14.221273148148148,1.0,test
dd6080fd238b70c9ebb44a038b77c410,e9779976487b77c6d4ac45f75ec7afe9,2018-08-14 20:21:38,2018-10-03,health_beauty,PA,SP,carajas,praia grande,99.9,42.99,1,1294.3652991157,49.15164351851852,0.0702341137123745,0.9297658862876256,9.991489087854582,70.0,0.0933993709430266,0,14.99644675925926,-34.15519675925926,5.0,test
a4c94baa526c2e39251e807cda61c524,85d9eb9ddc5d00ca9336a2219c97bb13,2017-11-24 17:31:37,2017-12-22,computers_accessories,SP,MG,sao paulo,belo horizonte,27.9,14.1,1,485.2572434222525,27.26971064814815,0.0246913580246913,0.9753086419753086,11.860362749580856,31.0,0.0368434024590537,0,19.008553240740746,-8.261157407407408,4.0,train
90b3ce1268706ec7923743d5867f26a1,7681ef142fd2c19048da7430856b5588,2018-04-04 16:58:30,2018-04-16,computers,SP,SP,sao paulo,guarulhos,1198.0,53.02,2,14.43121769096451,11.292708333333334,0.1666666666666666,0.8333333333333334,15.371062885802468,3.0,0.1714093182094158,0,6.341967592592592,-4.95074074074074,4.0,test
38d28e168501494c0edb4ee41f64d296,7a67c85e85bb2ce8582c35f2203ad736,2018-06-02 17:29:04,2018-07-11,baby,RJ,SP,volta redonda,sao paulo,69.99,23.07,1,278.0162021775205,38.27148148148148,0.053926206244087,0.9460737937559128,11.083869737464529,45.0,0.1142043215663718,0,10.020416666666666,-28.25106481481481,5.0,test
4daff85e0d1a3a189c1303c9ade1c4ab,c8b3445d737de6befde0c88ede534a5e,2018-05-15 19:02:48,2018-06-13,toys,RN,SP,natal,sao paulo,139.99,34.97,1,2328.5917661412145,28.20638888888889,0.0384615384615384,0.9615384615384616,11.853500712250714,2.0,0.1586968453457223,0,16.927685185185187,-11.278703703703703,3.0,test
da7843573e4914d76380f7f0a86995a3,6fd52c528dcb38be2eea044946b811f8,2017-08-18 16:58:56,2017-09-13,bed_bath_table,SP,SP,campinas,sao paulo,52.8,8.72,1,95.6818420898995,25.292407407407406,0.0361959957850368,0.9638040042149632,12.381375258115485,0.0,0.0275801371313798,0,13.13636574074074,-12.156041666666669,4.0,train
11a796cad7c6b05637304fc15b8cb488,1025f0e2d44d7041d6cf58b6550e0bfa,2017-10-07 14:34:55,2017-11-01,furniture_decor,RJ,SP,rio de janeiro,sao paulo,38.4,15.11,1,315.3671758603528,24.39241898148148,0.0136986301369863,0.9863013698630136,9.91865154109589,34.0,0.037894969443858,0,13.05482638888889,-11.337592592592593,5.0,train
be00cfaf4e0d5de6b164815a10ca0ad3,951e8cef368f09bb3f3d03c00ca4702c,2018-07-09 12:49:51,2018-07-24,bed_bath_table,SP,SP,santo andre,ibitinga,99.99,71.78,1,320.82868966862213,14.465381944444443,0.0689655172413793,0.9310344827586208,10.81733796296296,13.0,0.1354370933959302,0,7.029641203703704,-7.435740740740741,5.0,test
34f4ce3bb9241340ddc295c470512cf2,7139dc5186aa238b006e066d8fbab2e4,2018-07-12 17:40:30,2018-08-14,furniture_decor,RJ,SP,rio de janeiro,amparo,185.0,82.61,1,365.4849423454176,32.26354166666667,0.1578947368421052,0.8421052631578947,15.302482943469784,3.0,0.1552281923139117,0,10.994108796296295,-21.26943287037037,4.0,test
5c71702893e0335cb82b288f08cacfa0,d13e50eaa47b4cbe9eb81465865d8cfc,2018-08-14 11:24:56,2018-08-28,sports_leisure,MG,SP,teofilo otoni,santo andre,112.49,18.89,1,827.9919026446098,13.524351851851852,0.0,1.0,3.758078703703704,21.0,0.1479496014773274,0,4.217824074074074,-9.306527777777776,5.0,test
ece9ae0d97a26c6978c0691dc190ff1d,0df3984f9dfb3d49ac6366acbd3bbb85,2017-11-23 13:32:00,2017-12-22,health_beauty,RN,MG,santa cruz,betim,239.9,43.71,1,1763.0356585479124,28.43611111111111,0.0,1.0,7.654185112847221,1.0,0.1207647251219419,0,13.055648148148148,-15.380462962962962,4.0,train
7a10cbd9fd10b327d327b5efa5b57ad0,2c9e548be18521d1c43cde1c582c6de8,2018-03-12 10:05:10,2018-03-29,stationery,DF,SP,brasilia,mogi das cruzes,19.9,15.23,1,877.0183945724207,16.57974537037037,0.0851063829787234,0.9148936170212766,11.269479659180456,18.0,0.1538088248812019,0,9.587997685185185,-6.991747685185185,4.0,validation
6d0f408f4dbc8d4ea87b6c5d5ab48775,c864036feaab8c1659f65ea4faebe1da,2018-05-15 14:30:51,2018-06-06,sports_leisure,DF,PR,brasilia,campo largo,219.9,51.79,1,1084.22549067367,21.39524305555556,0.0434782608695652,0.9565217391304348,13.47729594404187,3.0,0.1467724851955488,0,8.209548611111112,-13.185694444444444,3.0,test
4a855a494e08248858074dddad7f5b6a,0c8380b62e38e8a1e6adbeba7eb9688c,2017-05-04 14:58:42,2017-05-29,bed_bath_table,SP,MG,sao paulo,tres coracoes,89.9,18.91,1,238.79467218184053,24.375902777777775,0.0136986301369863,0.9863013698630136,11.39285705225774,24.0,0.0297260526013497,0,20.794872685185187,-3.5810300925925924,3.0,train
ac809d1a80a159ae8a440c726f579700,1771297ac436903d1dd6b0e9279aa505,2017-05-25 10:27:40,2017-06-21,bed_bath_table,ES,SP,santa maria de jetiba,guarulhos,28.18,16.11,1,710.5777804261822,26.56412037037037,0.0,1.0,7.650955504115227,1.0,0.0215707734428785,0,8.201782407407407,-18.362337962962965,5.0,train
a8e8269613bcd0404425870b1095400e,6edacfd9f9074789dad6d62ba7950b9c,2017-08-11 17:59:44,2017-08-24,furniture_decor,SP,SP,santana de parnaiba,guarulhos,37.9,7.78,1,36.622697460966656,12.250185185185185,0.0120481927710843,0.9879518072289156,7.624756247211064,10.0,0.0264684317233853,0,4.060243055555556,-8.18994212962963,5.0,train
36e4e23cd12bdb0504acb89751e85bc8,5d76d80a2f5f39c891b996a1bf4c9853,2018-07-25 13:18:32,2018-08-20,perfumery,MA,SP,grajau,sao paulo,235.9,52.37,1,1981.3282722689148,25.445462962962964,0.0794368155744828,0.9205631844255172,12.980387860378473,0.0,0.2013274873933953,0,23.257685185185185,-2.187777777777778,5.0,test
15cb7635b3916b4066beb14c7733542e,7ddcbb64b5bc1ef36ca8c151f6ec77df,2017-08-15 21:02:06,2017-09-06,cool_stuff,MG,SP,betim,sao paulo,134.99,15.7,1,487.3203743473498,21.123541666666668,0.0,1.0,7.4606254133597885,48.0,0.0094312803815849,0,6.966597222222222,-14.156944444444443,5.0,train
d051c76aaab0eca195d53f6c3411793e,7c67e1448b00f6e969d365cea6b010ab,2018-04-03 22:25:37,2018-04-23,office_furniture,SP,SP,sao paulo,itaquaquecetuba,79.99,17.37,1,28.610573992282337,19.065543981481483,0.0935672514619883,0.9064327485380116,21.41025550953001,131.0,0.1885086850596216,0,14.707789351851853,-4.357754629629629,1.0,test
c65b423dfdccf2b3fb6fec8446116d32,cc419e0650a3c5ba77189a1882b7556a,2017-07-22 19:03:26,2017-08-07,health_beauty,SP,SP,campinas,santo andre,49.99,8.72,1,99.01959613151836,15.205949074074072,0.0127795527156549,0.9872204472843452,10.584994231451892,115.0,0.020947749080791,0,6.6479282407407405,-8.558020833333334,1.0,train
c2485fbf261ae20fb834f6679afbed53,1c68394e931a64f90ea236c5ea590300,2017-11-16 12:53:23,2017-12-13,computers_accessories,MG,PR,belo horizonte,sarandi,159.9,18.69,1,904.713930425952,26.46292824074074,0.0,1.0,15.52292824074074,6.0,0.0536915538327585,0,11.201377314814817,-15.261550925925926,5.0,train
79bb5d4973c99b7718ed109c618f85a0,06a2c3af7b3aee5d69171b0e14f0ee87,2018-06-27 13:38:15,2018-07-30,health_beauty,SC,MA,florianopolis,sao luis,122.99,30.11,1,2812.989387022761,32.43177083333333,0.2801932367149758,0.7198067632850241,20.308371130792636,82.0,0.1921675610136389,0,7.998969907407408,-24.432800925925925,5.0,test
91fb016286a84fa7006aa6033499914b,ead2bab70821ea148476ae9bc08548ac,2018-08-01 17:19:21,2018-09-13,fashion_bags_accessories,AL,MG,maceio,belo horizonte,63.9,23.17,1,1439.4589633315236,42.27822916666667,0.0,1.0,5.614564043209877,1.0,0.0971086541195808,0,20.93888888888889,-21.33934027777778,5.0,test
7748ff99ce730984ae58e28b2573feb3,cc419e0650a3c5ba77189a1882b7556a,2017-03-21 11:59:10,2017-04-12,perfumery,PR,SP,medianeira,santo andre,56.99,14.57,1,787.4048589289703,21.500578703703702,0.0,1.0,9.901578181003584,37.0,0.0292067186236409,0,20.148541666666667,-1.352037037037037,1.0,train
fbeb9a1d7b4452fcc36651a7c0b42400,f214d28e8d8e3ef068748498ccc2f813,2018-05-14 22:04:30,2018-05-28,toys,SP,SP,ribeirao preto,sao paulo,34.99,12.79,1,291.21262313297296,13.080208333333331,0.125,0.875,12.373731192129624,4.0,0.1223733603079391,0,3.874386574074074,-9.205821759259258,5.0,test
7deab6cbf9343cb7de4da33281737c34,cc419e0650a3c5ba77189a1882b7556a,2017-08-09 14:38:26,2017-09-05,perfumery,RJ,SP,sao francisco de itabapoana,santo andre,56.99,15.15,1,597.2116361609152,26.38997685185185,0.0102827763496143,0.9897172236503856,10.372192201037793,136.0,0.0354056372044683,0,12.032314814814814,-14.357662037037038,4.0,train
684e88bdcc27e51aacd939bb710c5282,66922902710d126a0e7d26b0e3805106,2018-01-26 14:51:46,2018-02-21,pet_shop,SC,MG,florianopolis,belo horizonte,80.0,16.0,1,985.2140771704086,25.380717592592596,0.0634920634920634,0.9365079365079364,11.347840608465606,5.0,0.12445046778429,0,12.250046296296295,-13.130671296296295,5.0,validation
72c1981e7d8a8581c570d2e31a560935,9d4db00d65d7760644ac0c14edb5fd86,2018-05-24 11:30:28,2018-06-11,toys,SP,SP,sao paulo,sorocaba,38.9,9.44,1,71.70451230887943,17.52050925925926,0.0384615384615384,0.9615384615384616,9.23011796652422,22.0,0.079779747437406,0,5.148726851851852,-12.371782407407409,5.0,test
6b67c8a7a8d08df9590f2ee347cb6afd,c31eff8334d6b3047ed34bebd4d62c36,2018-01-23 11:57:17,2018-02-21,furniture_decor,PR,SP,cascavel,salto,99.99,21.19,1,656.3206699725537,28.501886574074074,0.2,0.8,9.63230787037037,13.0,0.0831681976766747,0,24.267476851851853,-4.234409722222222,4.0,validation
5f739b9d416fe64eaaca0f74c6a96239,a1043bafd471dff536d0c462352beb48,2017-12-01 14:16:10,2017-12-26,garden_tools,MG,MG,patrocinio,ilicinea,89.99,26.25,1,253.73797763077735,24.405439814814816,0.0176470588235294,0.9823529411764704,12.6195258033769,74.0,0.0497393112571015,0,11.335277777777778,-13.070162037037036,5.0,train
62a5349df8243987456fdd17fbe3b823,4c2b230173bb36f9b240f2b8ac11786e,2018-03-10 17:10:12,2018-03-22,sports_leisure,SP,SP,sao paulo,sao paulo,45.9,8.29,1,7.28822833240543,11.284583333333334,0.0604395604395604,0.9395604395604396,12.237808175620676,28.0,0.0957115778546333,0,6.19474537037037,-5.089837962962963,4.0,validation
eb8243aae992ce5262d8bfc305cdf6af,e067ad2c1c0b48758eb1b5228bcf7a68,2018-04-24 14:53:22,2018-05-18,pet_shop,BA,SP,salvador,santos,43.0,22.06,1,1472.452714544932,23.37960648148148,0.0967741935483871,0.9032258064516128,17.11668272102748,2.0,0.2199281412867612,1,27.18136574074074,3.801759259259259,1.0,test
9afc60b16d81f1421b53e9361273009c,955fee9216a65b617aa5c0531780ce60,2018-07-23 16:40:38,2018-08-06,housewares,SP,SP,sao carlos,sao paulo,25.0,12.84,1,224.82020862758773,13.30511574074074,0.0767888307155322,0.9232111692844676,11.132054751632088,61.0,0.1273373287560152,0,6.991747685185185,-6.313368055555555,5.0,test
47dc0ac51de82d69a50b926808fa9720,cc419e0650a3c5ba77189a1882b7556a,2017-05-21 11:53:21,2017-06-05,perfumery,SP,SP,sao paulo,santo andre,56.99,8.72,1,24.4221842982174,14.504618055555556,0.0,1.0,11.518021797839516,67.0,0.0857327660303961,1,18.95567129629629,4.451053240740741,1.0,train
81278969652e49f0c09910275f10fdba,4b9750c8ad28220fe6702d4ecb7c898f,2018-08-06 14:18:36,2018-08-09,baby,SP,SP,cajamar,limeira,48.9,9.09,1,108.00512768068992,2.40375,0.0727272727272727,0.9272727272727272,10.246909371492697,27.0,0.161708567369542,1,7.082581018518519,4.678831018518519,5.0,test
b77827128d71dd90667727cb430e3d5e,12b9676b00f60f3b700e83af21824c0e,2017-10-04 22:09:37,2017-11-24,cool_stuff,TO,RS,paraiso do tocantins,montenegro,199.0,47.92,1,2186.245426021898,50.0766550925926,0.0,1.0,15.365767411433168,6.0,0.0354541839134286,0,14.787673611111112,-35.28898148148148,5.0,train
66810815fe0a68f5501d8cbe1472779d,6560211a19b47992c3666cc44a7e94c0,2018-01-12 23:31:09,2018-02-07,audio,PR,SP,curitiba,sao paulo,178.0,28.74,2,320.9930376738938,25.02003472222222,0.0483675937122128,0.9516324062877872,9.79369558645708,89.0,0.0772008169590091,0,14.010729166666666,-11.009305555555557,5.0,validation
1dea7f353eaea6c8a82b26087fabef18,32f83ffe11cd40f7adcf4eef171f52d9,2017-11-19 13:22:29,2017-12-15,health_beauty,SP,RS,sao paulo,uruguaiana,29.99,15.1,1,1250.3088346044367,25.442719907407408,0.0405439595192915,0.9594560404807084,12.24666906829046,0.0,0.0830152225846974,0,10.574085648148149,-14.86863425925926,5.0,train
a33491b78e10dbccf1e59fa7d5daf81a,7a67c85e85bb2ce8582c35f2203ad736,2017-05-29 13:43:45,2017-06-27,cool_stuff,GO,SP,goiania,sao paulo,219.99,17.79,1,813.2139070148155,28.42795138888889,0.0516431924882629,0.9483568075117372,10.37769518344636,119.0,0.0301557885411554,0,16.127685185185186,-12.300266203703703,3.0,train
7150a9da273995bcf6c7c5beeb3e5c42,1b4c3a6f53068f0b6944d2d005c9fc89,2018-07-18 21:21:02,2018-08-10,telephony,GO,SC,bom jesus,sao ludgero,49.0,51.06,1,1126.017128490205,22.11039351851852,0.0576923076923076,0.9423076923076924,14.419336493945863,6.0,0.1566239220173224,0,8.585983796296297,-13.524409722222222,5.0,test
b1ae5dfeac85b9d126aa862b10bd9544,4869f7a5dfa277a7dca6462dcf3b52b2,2018-05-07 11:03:26,2018-06-01,watches_gifts,ES,SP,serra,guariba,199.0,0.0,1,838.7083914820388,24.53928240740741,0.1545698924731182,0.8454301075268817,16.88288684475805,134.0,0.1866985148690666,0,10.371782407407409,-14.1675,5.0,test
c9410f5c5b7fcdf2468f45213407d3b9,81a1104df0f08b59c68aa5b03cfe398e,2018-01-14 06:46:35,2018-02-08,garden_tools,MG,PR,belo horizonte,sao jose dos pinhais,99.9,18.94,1,819.5863238466497,24.71765046296296,0.032258064516129,0.967741935483871,11.061354540023896,5.0,0.0469048189301928,0,8.761631944444444,-15.95601851851852,5.0,validation
e66a74734acaddadf5cfd457c01cb10d,522620dcb18a6b31cd7bdf73665113a9,2017-04-17 17:27:03,2017-05-10,audio,SP,PR,juquia,cascavel,39.9,14.52,1,593.3048565514168,22.27288194444445,0.048780487804878,0.951219512195122,14.761561370822042,9.0,0.0981284687809282,0,10.82119212962963,-11.451689814814817,5.0,train
aaefff6521e66b3e5c88bb2c93b9bc72,ad14615bdd492b01b0d97922e87cb87f,2017-02-10 17:40:30,2017-03-10,auto,SC,SC,joinville,tubarao,8.25,10.96,1,245.4542318177095,27.263541666666665,0.0040241448692152,0.9959758551307848,13.518730550990377,0.0,0.0742496081059943,0,13.583900462962964,-13.679641203703705,5.0,train
a50baa42994364594f0a002918035aeb,5dceca129747e92ff8ef7a997dc4f8ca,2017-05-09 20:57:22,2017-05-31,luggage_accessories,RS,SP,porto alegre,santa barbara d´oeste,109.9,36.43,1,893.1350513443356,21.126828703703705,0.0,1.0,9.82454633424408,37.0,0.045578013984338,0,10.480868055555556,-10.645960648148147,5.0,train
61ad3c7c76c5dca4255fc8fedc12b857,b5abf4f36adc043117b4fca82c22984c,2018-05-17 09:41:01,2018-06-11,furniture_decor,ES,DF,baixo guandu,brasilia,39.9,37.04,1,859.6436738557946,24.596516203703704,0.5,0.5,25.427960069444445,0.0,0.1537209491080999,0,22.362141203703704,-2.234375,5.0,test
11e22e541201ac67ff98e87193b4fc8d,37be5a7c751166fbc5f8ccba4119e043,2017-09-26 11:52:33,2017-10-20,bed_bath_table,SP,SP,pederneiras,sao paulo,179.99,12.76,1,264.32492378408085,23.50517361111111,0.0087336244541484,0.9912663755458516,9.637346302361312,57.0,0.0137090271225503,0,8.274583333333334,-15.230590277777775,5.0,train
21b0a5108bb56f3391fa2db965e76bd0,c826c40d7b19f62a09e2d7c5e7295ee2,2017-10-06 23:24:29,2017-11-01,unknown,MG,SP,divinopolis,guarulhos,49.77,15.1,1,403.1966853402329,25.02466435185185,0.0,1.0,10.887592592592592,4.0,0.0184996775438687,0,11.74318287037037,-13.281481481481482,4.0,train
550e1d4daa21983f7bac6b2f83c40365,1da366cade6d8276e7d8beea7af5d4bf,2017-03-05 20:49:55,2017-03-27,furniture_decor,DF,MG,brasilia,uba,29.9,15.56,1,787.7015486231236,21.132002314814816,0.0,1.0,12.965451388888887,14.0,0.0930875403123609,0,15.651377314814814,-5.480625,5.0,train
4a46aca9ae0f89326ddb4bd7dfd041a1,d50d79cb34e38265a8649c383dcffd48,2017-03-26 15:13:46,2017-04-18,housewares,RJ,SP,barra mansa,sao paulo,169.99,24.18,1,257.41311862187433,22.365439814814813,0.0,1.0,10.945377314814817,2.0,0.1090847563671052,1,22.956215277777776,0.590775462962963,4.0,train
d3a5c7e2fbe9a935e6a4a7454d4b8869,46dc3b2cc0980fb8ec44634e21d2718e,2017-09-01 13:55:07,2017-09-26,toys,BA,RJ,ipiau,rio de janeiro,149.99,26.33,1,1043.9010175423914,24.42005787037037,0.0076923076923076,0.9923076923076924,9.927892004985752,21.0,0.0434137105734479,0,10.182569444444445,-14.237488425925926,5.0,train
d832359622f08c2364e168e1f01cc6e6,6aa3928696eab49a19a466e665a649fd,2018-04-10 13:22:53,2018-05-07,health_beauty,PR,RJ,doutor ulysses,nova iguacu,122.0,36.61,2,639.9158322715498,26.44244212962963,1.0,0.0,25.260949074074077,2.0,0.130567954842714,0,7.149467592592592,-19.29297453703704,2.0,test
71a911a3509a408b60846ed2e5f91e70,4bf2f4ee540798a61f9636d12cd9cc80,2017-03-29 10:31:33,2017-04-18,fashion_underwear_beach,SP,SP,jacarei,assis,174.0,11.83,1,460.07107560425817,19.56142361111111,0.0143396226415094,0.9856603773584904,13.25291996794233,0.0,0.0477191362927359,0,13.234282407407408,-6.327141203703704,5.0,train
fe968a563e6c2d5c98021df7d87ce9c3,7ad32824caee82087b3e2e5f33b1bf32,2018-03-06 17:21:09,2018-03-27,bed_bath_table,PR,SP,curitiba,ibitinga,299.0,19.97,1,414.494458884165,20.276979166666667,0.0,1.0,17.555177469135803,10.0,0.1091465462107316,1,21.06085648148148,0.7838773148148148,3.0,validation
2a6fcdee30bb4fda09190b53b4e9ffee,f61c63d13f7cd800549d5acdd390ae72,2017-11-12 15:20:27,2017-12-11,housewares,BA,SP,salvador,pilar do sul,59.9,17.99,1,1547.174222407943,28.36079861111111,0.0,1.0,13.61142361111111,1.0,0.1153751268139044,0,13.034375,-15.32642361111111,4.0,train
d589713c55157332c231aee13c4a9120,6560211a19b47992c3666cc44a7e94c0,2017-10-22 12:06:05,2017-11-10,watches_gifts,DF,SP,brasilia,sao paulo,65.0,14.2,1,875.2212775127974,18.495775462962964,0.0346938775510204,0.9653061224489796,9.433065712396068,78.0,0.0388673820294897,0,6.112268518518518,-12.383506944444443,1.0,train
1f990d2b7b5a992e60e4c0ac2ff40f36,f457c46070d02cadd8a68551231220dd,2018-01-29 21:48:23,2018-02-22,computers_accessories,SP,PR,taboao da serra,maringa,139.79000000000002,20.92,2,518.2959786029595,23.09140046296296,0.0,1.0,10.260929232804234,40.0,0.0521079173916889,0,6.788009259259259,-16.303391203703704,5.0,validation
9372445ddc10678e804717702a911665,cbd996ad3c1b7dc71fd0e5f5df9087e2,2017-03-13 15:49:14,2017-03-31,health_beauty,SP,SP,ribeirao preto,sao jose do rio preto,31.5,21.92,2,166.50857766550254,17.340810185185184,0.0,1.0,10.249277777777776,7.0,0.0514388650887889,0,7.711377314814815,-9.62943287037037,2.0,train
e4056cda2102828227ab4626fcbfcded,7299e27ed73d2ad986de7f7c77d919fa,2017-12-13 14:38:26,2018-01-11,consoles_games,ES,MG,vitoria,araguari,50.0,16.79,1,846.5790500488811,28.38997685185185,0.0378378378378378,0.962162162162162,11.76630680680681,36.0,0.0670351693734099,0,22.31318287037037,-6.076793981481481,2.0,train
72da473ce9c065b6b7120da52ad4ac02,cca3071e3e9bb7d12640c9fbe2301306,2017-03-02 19:08:58,2017-04-06,furniture_decor,SP,SP,sao paulo,ibitinga,123.8,23.65,2,310.68447813489297,34.20210648148148,0.0,1.0,12.027202975447356,62.0,0.0389266094590293,0,4.869270833333333,-29.332835648148148,5.0,train
a54b9350f120bf643b010046fc8d7790,2646baaf662d4d92ac48f047e35db92d,2018-07-05 00:44:25,2018-07-23,auto,SP,SP,santos,sao paulo,29.0,7.46,1,52.90149561581711,17.969155092592594,0.0,1.0,4.358601190476191,3.0,0.070951819630506,0,5.833009259259259,-12.136145833333334,5.0,test
d49f3ce01bf8ca94897ccf96b1e4f45c,46dc3b2cc0980fb8ec44634e21d2718e,2017-09-12 22:13:19,2017-09-29,toys,SP,RJ,bauru,rio de janeiro,269.99,22.38,1,608.7655597486772,16.07408564814815,0.0071942446043165,0.9928057553956836,9.950809852118304,26.0,0.0645400530155078,0,10.6753125,-5.398773148148148,5.0,train
a6c6868f13ca88d37426218824397a4d,4869f7a5dfa277a7dca6462dcf3b52b2,2018-04-30 13:01:45,2018-06-04,watches_gifts,BA,SP,salvador,guariba,102.0,22.42,1,1400.688969071164,34.457118055555554,0.155680224403927,0.844319775596073,16.925141713417474,116.0,0.1482088806707996,0,21.26855324074074,-13.188564814814814,5.0,test
1a8d422cb8cdae5221a5a8eb371c49cd,9674754b5a0cb32b638cec001178f799,2018-02-14 11:52:12,2018-03-01,home_appliances,SP,SP,campinas,sao paulo,40.14,9.34,1,96.9673897326076,14.505416666666669,0.0,1.0,8.167117074701823,8.0,0.0579020552251969,0,7.4886689814814815,-7.0167476851851855,5.0,validation
fc8e9d7ad7a42cc52cd8438eaf428ed3,cb8bcce248bb1fb274ba762d8b971456,2018-05-27 09:16:35,2018-06-29,cool_stuff,SP,MG,jundiai,santa rita do sapucai,109.9,13.89,1,159.70719328866875,32.61348379629629,0.0169491525423728,0.9830508474576272,12.908547355618332,2.0,0.0775414031529309,0,10.376388888888888,-22.237094907407407,4.0,test
3e1aa6b604244eeffb1ca2c6205fcd22,f8db351d8c4c4c22c6835c19a46f01b0,2018-04-11 21:41:44,2018-04-26,pet_shop,SP,SP,taboao da serra,salto,48.9,7.87,1,71.31394066671444,14.096018518518518,0.0496760259179265,0.9503239740820736,10.737186475082002,27.0,0.0960057358325903,0,1.8678587962962965,-12.22815972222222,5.0,test
7c92284adbec8033d160303d83065dbf,b64d51f0435e884e8de603b1655155ae,2018-07-17 16:55:18,2018-08-08,housewares,RS,SP,santa maria,garulhos,9.18,54.69,3,1004.4610758841612,21.29493055555556,0.0,1.0,7.730264274691358,1.0,0.0898069242505393,0,9.06349537037037,-12.231435185185186,3.0,test
213fa687a6a7d5d3cbcb1ac3ec9c5633,f08c008c8a8d31417763738a1788a2a8,2017-12-06 10:27:21,2018-01-03,sports_leisure,GO,PR,anapolis,santa terezinha de itaipu,69.9,15.24,1,1161.2267341477675,27.564340277777777,0.0,1.0,7.990132275132275,9.0,0.0839748782167306,0,15.162627314814817,-12.401712962962964,2.0,train
afa28a40d797205357162090d6381e40,897060da8b9a21f655304d50fd935913,2018-04-03 16:39:17,2018-05-02,computers_accessories,RJ,SP,nova iguacu,ribeirao preto,39.9,22.93,1,473.54429705896337,28.30605324074074,0.0965250965250965,0.9034749034749034,14.34029256935506,30.0,0.1630144607720294,1,29.051666666666662,0.7456134259259259,3.0,test
9c49745cc1196b647f7257f91f7fcbc6,994f04b3718c2bab35c2adfa8afecd2a,2017-11-13 22:29:18,2017-11-27,housewares,SP,SP,sorocaba,jaguariuna,149.7,29.22,3,104.8243874293288,13.062986111111112,0.0398461737331954,0.9601538262668046,12.195365479936392,1.0,0.1064177529224048,0,6.610115740740741,-6.452870370370371,5.0,train
852e2ae704b2196f904561391b2b6bd2,955fee9216a65b617aa5c0531780ce60,2017-09-07 17:54:36,2017-09-21,housewares,SP,SP,sao jose dos campos,sao paulo,85.0,13.15,1,94.71866515935255,13.25375,0.0,1.0,7.637735042735045,15.0,0.0149213791408293,0,5.001354166666666,-8.252395833333333,5.0,train
f1daf5f42c9fb7827c086e695b3878d7,44073f8b7e41514de3b7815dd0237f4f,2017-11-17 08:36:53,2017-12-12,cool_stuff,RJ,DF,barra mansa,brasilia,139.9,50.85,1,844.6947558868889,24.641053240740742,0.0101010101010101,0.98989898989899,12.3571821221474,11.0,0.1116970351846521,0,7.515219907407407,-17.125833333333333,5.0,train
8be7f2e3e5428d0a09ffd89441878d38,4869f7a5dfa277a7dca6462dcf3b52b2,2018-01-24 12:52:59,2018-02-19,watches_gifts,SP,SP,paraguacu paulista,guariba,279.9,13.46,1,269.58385418892925,25.46320601851852,0.0973871733966745,0.9026128266033254,15.48138187846398,54.0,0.0845561814937698,0,8.400231481481482,-17.062974537037036,3.0,validation
eb785b1fc66ac703e6801aef45d2397b,e5a3438891c0bfdb9394643f95273d8e,2018-02-14 20:37:36,2018-03-16,fashion_bags_accessories,RS,SP,caxias do sul,limeira,27.3,15.1,1,821.8758209749279,29.140555555555554,0.1428571428571428,0.8571428571428572,14.42696286848072,35.0,0.1174870541662687,1,32.66332175925926,3.5227662037037035,1.0,validation
6fc329fc5cf04756f90764baf31daa17,cc419e0650a3c5ba77189a1882b7556a,2017-09-14 18:50:44,2017-10-17,perfumery,RS,SP,viamao,santo andre,56.99,14.15,1,840.6535293943801,32.21476851851852,0.0218181818181818,0.9781818181818182,10.398429271885522,137.0,0.0277430863993336,0,15.869247685185185,-16.34552083333333,5.0,train
3ec6546881c0f5dbc6fc2054c706c3ce,c9aafcd0621b2207c10e32c649cada4d,2018-07-20 16:11:00,2018-08-17,health_beauty,BA,SP,feira de santana,sao paulo,17.0,22.06,1,1476.996317786644,27.325694444444444,0.0802148444371474,0.9197851555628526,13.040600736691584,9.0,0.172084739638826,0,14.054201388888888,-13.271493055555556,5.0,test
1ceb22464e4c11a0441f0e153435696e,669ae81880e08f269a64487cfb287169,2018-04-16 13:41:47,2018-05-11,sports_leisure,SP,SC,sao paulo,rio do sul,45.0,18.23,1,506.4446540083106,24.42931712962963,0.0454545454545454,0.9545454545454546,12.598844346240176,9.0,0.0819364224701544,0,6.882708333333333,-17.546608796296297,5.0,test
7139cfc52657eafe990b5b23ed163482,8160255418d5aaa7dbdc9f4c64ebda44,2018-02-04 10:33:14,2018-03-01,bed_bath_table,SP,SP,itapetininga,ibitinga,119.9,13.86,1,217.84785361139325,24.56025462962963,0.2481203007518796,0.7518796992481203,19.785924359509885,37.0,0.0854390455596748,0,7.244837962962963,-17.315416666666668,5.0,validation
37998721893fc9117c5d69637031b515,1f50f920176fa81dab994f9023523100,2018-04-18 12:07:12,2018-05-17,garden_tools,BA,SP,salvador,sao jose do rio preto,53.9,0.0,1,1452.2338047381588,28.495,0.1127679403541472,0.8872320596458527,16.484385063943275,85.0,0.2011453323918878,1,36.13010416666667,7.635104166666666,1.0,test
b0c24ba8fd93348465e99a9cfa27db35,16090f2ca825584b5a147ab24aa30c86,2017-10-18 17:37:06,2017-10-30,auto,SP,SP,guarulhos,atibaia,40.0,8.27,1,37.265655636473525,11.265902777777775,0.0769230769230769,0.9230769230769232,12.51927372685185,8.0,0.0655865012140624,0,2.014571759259259,-9.25133101851852,5.0,train
a3c0d5a734ba53e42a0ec23ff32b2e99,4a3ca9315b744ce9f8e9374361493884,2018-04-09 15:36:43,2018-05-07,bed_bath_table,ES,SP,vila velha,ibitinga,159.9,19.0,1,889.1384471400476,27.349502314814814,0.1148648648648648,0.8851351351351351,15.053328171921912,91.0,0.178574073117445,1,32.36944444444445,5.01994212962963,5.0,test
f97038209977e4fcbbbb7ca58e55bc1b,7bac63f6603d382cc8d0832eb6c100a8,2018-03-21 08:43:59,2018-04-09,sports_leisure,SP,SP,taquaritinga,sao paulo,169.0,13.62,1,306.91938274025057,18.636122685185185,0.0,1.0,11.633571428571427,6.0,0.1178134711824123,0,10.28667824074074,-8.349444444444444,5.0,validation
80a2138300fc2c1c5101d5bb2252973b,a938325a4b357fd23a6a4d5bb126408e,2017-12-11 09:10:20,2018-01-02,auto,RJ,RJ,marica,nilopolis,159.0,8.53,1,60.1688775141197,21.617824074074075,0.0,1.0,14.752922453703704,3.0,0.1192946016252882,0,8.450289351851852,-13.16753472222222,4.0,train
d121cbcb7091fbd55ad0344e0f045982,0adac9fbd9a2b63cccaac4f8756c1ca8,2017-04-16 09:41:25,2017-05-18,housewares,BA,SP,jequie,louveira,28.9,20.8,1,1254.8089202670717,31.596238425925925,0.0,1.0,9.896515313390314,6.0,0.0626191025764192,0,17.251006944444445,-14.345231481481482,5.0,train
81928f41f8a362d614d4e4073d24de07,f62d7bb4a613ec758a03342d46b580b2,2018-05-08 20:06:01,2018-05-28,home_appliances_2,SC,MG,joinville,vicosa,750.0,54.72,1,867.7893186820811,19.162488425925925,0.0833333333333333,0.9166666666666666,14.193831983024692,7.0,0.1720814541353376,0,12.76429398148148,-6.398194444444444,4.0,test
581e5298655b47d098b024c86e9239e3,21e83881401b92b49fb09a16d3852291,2017-10-07 11:30:13,2017-11-03,garden_tools,RJ,MG,nova iguacu,uberlandia,399.9,63.54,1,650.2463789866439,26.52068287037037,0.0,1.0,8.97761863425926,3.0,0.0354696327677966,0,10.310011574074077,-16.210671296296297,5.0,train
b3158056db07efa2b7f1a0642d5dd1c4,b372ee768ed69e46ca8cdbd267aa7a38,2017-03-19 22:53:47,2017-04-18,fashion_bags_accessories,RJ,SP,rio de janeiro,sao jose do rio preto,250.0,15.92,1,670.7211844839701,29.045983796296294,0.0092740645986568,0.9907259354013432,13.480120870286031,1.0,0.04270663120736,0,14.63523148148148,-14.410752314814816,5.0,train
4de5beb49e4389e91971200bacf4e024,4a3ca9315b744ce9f8e9374361493884,2017-11-24 14:06:24,2017-12-14,bed_bath_table,SP,SP,bofete,ibitinga,89.9,16.26,1,161.37774354906065,19.412222222222223,0.0434272300469483,0.9565727699530516,13.010241316727528,133.0,0.2919839241165345,1,25.268067129629628,5.855844907407407,1.0,train
0a0e91f265e0c09af322a473351b61d1,4869f7a5dfa277a7dca6462dcf3b52b2,2018-04-22 18:56:23,2018-05-22,watches_gifts,RJ,SP,sao goncalo,guariba,106.9,0.0,1,562.7757994350759,29.21084490740741,0.1548480463096961,0.8451519536903039,16.922767057940707,85.0,0.1975570213773772,0,19.150601851851853,-10.060243055555556,3.0,test
1150c73ca4c9c78e59170256f8b93e16,863d2ebcd347ce4922de7a0f9a5581d6,2017-12-07 10:09:10,2017-12-26,auto,RJ,RJ,rio de janeiro,rio de janeiro,57.12,7.94,1,16.44281894220224,18.57696759259259,0.0,1.0,8.325686728395063,2.0,0.078825559154441,0,1.2254166666666666,-17.351550925925928,5.0,train
9ce8430d551b7b0e371800e7a6ebb991,f8db351d8c4c4c22c6835c19a46f01b0,2017-05-30 18:06:44,2017-06-22,housewares,SC,SP,chapeco,salto,50.9,15.11,1,685.6661666036966,22.245324074074077,0.0625,0.9375,11.819332139756945,58.0,0.0728293721843152,0,20.10122685185185,-2.1440972222222223,4.0,train
5aaa1fab54b179cb7c048131f1ea8f78,cc419e0650a3c5ba77189a1882b7556a,2017-11-26 00:21:53,2017-12-12,health_beauty,SP,SP,sao jose dos campos,santo andre,84.99,9.41,1,84.63956496687224,15.98480324074074,0.026284348864994,0.973715651135006,10.411073650935876,145.0,0.0573708107962939,0,6.013900462962963,-9.970902777777775,5.0,train
788fdf598d5dbd1de9c4865b1b1824bd,b494891378bd8f4560abe576c52deacd,2018-08-07 19:38:33,2018-08-13,pet_shop,SP,SP,indaiatuba,sao paulo,99.9,11.72,1,86.0627518840283,5.1815625,0.2,0.8,6.134375,8.0,0.1587529334780793,0,2.0849652777777776,-3.096597222222222,5.0,test
499a762fa72fde835e39b03db3b95cbf,7e3f87d16fb353f408d467e74fbd8014,2018-08-25 18:37:04,2018-08-30,computers_accessories,SP,SP,sao paulo,sao paulo,31.0,8.97,1,17.867689164735086,4.224259259259259,0.125,0.875,12.833191024831647,9.0,0.150809674581188,0,4.169675925925926,-0.0545833333333333,4.0,test
2fae52333f99d7baf56f5aa89faa14a6,4869f7a5dfa277a7dca6462dcf3b52b2,2018-03-11 21:06:14,2018-04-06,watches_gifts,MS,SP,cassilandia,guariba,274.9,19.8,1,445.3212607274608,25.120671296296297,0.0870406189555125,0.9129593810444874,15.294414669747114,104.0,0.1550783736992412,0,25.020960648148147,-0.0997106481481481,4.0,validation
f0e3fe1f0a0a04e3e51efb76a536a099,620c87c171fb2a6dd6e8bb4dec959fc6,2018-02-26 17:34:33,2018-03-19,perfumery,MG,RJ,belo horizonte,petropolis,55.9,15.14,1,298.27880665017204,20.26767361111111,0.0534521158129175,0.9465478841870824,12.07515414913801,73.0,0.0719978114483097,1,22.133449074074075,1.865775462962963,4.0,validation
95789d8c645027ebad06866c20ca409d,66922902710d126a0e7d26b0e3805106,2017-09-05 20:18:06,2017-09-22,pet_shop,MG,MG,nova ponte,belo horizonte,110.0,17.25,1,338.70966412627007,16.154097222222223,0.0,1.0,8.687073302469136,7.0,0.0274065371837491,0,9.924155092592592,-6.22994212962963,5.0,train
92295e7114a22f7180b04673e44cda17,4a3ca9315b744ce9f8e9374361493884,2018-01-11 21:09:45,2018-02-01,bed_bath_table,SP,SP,praia grande,ibitinga,422.0,31.74,1,352.6872376952706,20.118229166666666,0.088235294117647,0.9117647058823528,14.312656173132334,77.0,0.1757850559167736,0,12.797951388888889,-7.320277777777778,5.0,validation
7019575db90695209de9c7d983557bac,f8db351d8c4c4c22c6835c19a46f01b0,2017-07-24 14:03:17,2017-08-11,home_appliances,SP,SP,ribeirao preto,salto,32.9,13.37,1,229.02148903975365,17.414386574074076,0.0484581497797356,0.9515418502202644,10.93023698808941,64.0,0.0136733356460076,0,7.40212962962963,-10.012256944444443,5.0,train
b2b7d1ff3ff7568a1cfe9035e488c643,07de60b03d150fb3ea09eab5da5e4c8b,2018-06-13 15:14:46,2018-07-12,bed_bath_table,MG,SP,belo horizonte,ibitinga,71.9,23.3,1,535.0644312099087,28.36474537037037,0.25,0.75,20.16161747685185,3.0,0.1295813117668915,0,7.126354166666666,-21.238391203703703,5.0,test
fcbc14002233ab8843916cedfd45ab33,562fc2f2c2863ab7e79a9e4388a58a14,2018-08-19 18:52:39,2018-08-31,telephony,MG,SP,ouro preto,campinas,29.99,18.31,1,462.454717297714,11.2134375,0.0326530612244898,0.9673469387755104,11.40358904950869,21.0,0.1204731451919421,0,8.007847222222223,-3.2055902777777776,5.0,test
4e16f71b2a5ddc0266f9ddfdfd0bcfba,289cdb325fb7e7f891c38608bf9e0962,2018-07-22 18:58:10,2018-08-06,perfumery,SP,SP,cotia,belo horizonte,118.7,15.93,1,522.7415185646378,14.20960648148148,0.0227272727272727,0.9772727272727272,7.541444654882156,21.0,0.1038898193224491,0,4.908657407407407,-9.300949074074074,5.0,test
ead893b6feb078f2a8f88787db56dcc7,ae45df84722b1d15c5f32b23a095746c,2018-06-19 09:28:14,2018-07-04,health_beauty,SP,SP,sao bernardo do campo,sao paulo,199.89,15.92,2,18.25949533386435,14.605393518518518,0.0,1.0,4.711038773148148,4.0,0.0818575431129212,0,1.3839814814814817,-13.221412037037036,5.0,test
cb418bb4b6115438d20b0141ed5bc9e0,522620dcb18a6b31cd7bdf73665113a9,2018-06-07 13:53:52,2018-07-18,consoles_games,SP,PR,sao paulo,cascavel,3198.0,58.14,2,694.843202549465,40.42092592592593,0.1125,0.8875,15.838548177083336,4.0,0.1088411423414951,0,9.12119212962963,-31.299733796296294,1.0,test
834545a0dc30bbf519e4d9c697eca0a1,955fee9216a65b617aa5c0531780ce60,2018-07-04 18:50:37,2018-07-26,auto,PR,SP,ponta grossa,sao paulo,40.0,19.47,1,382.335922442215,21.21484953703704,0.0768543342269883,0.9231456657730116,11.133650332638272,88.0,0.136690099170987,0,6.077650462962963,-15.137199074074074,3.0,test
bf5099786cc9dcd17a4961c9406fb3f3,f457c46070d02cadd8a68551231220dd,2018-02-19 15:09:51,2018-03-14,computers_accessories,RJ,PR,petropolis,maringa,68.9,16.92,1,892.8319354891956,22.368159722222224,0.0,1.0,12.568931178774932,60.0,0.135839440480295,1,35.33145833333333,12.963298611111112,1.0,validation
c7a01909a06bdf140604711177208036,ff063b022a9a0aab91bad2c9088760b7,2018-08-08 14:47:01,2018-08-28,garden_tools,SC,SP,tubarao,santo andre,119.0,27.13,1,587.7004446884806,19.384016203703705,0.0344827586206896,0.9655172413793104,9.46457521817795,7.0,0.103623444418613,0,12.08300925925926,-7.3010069444444445,3.0,test
d03db25190f9915dd3f9df74b394f63f,4a3ca9315b744ce9f8e9374361493884,2017-07-10 07:59:30,2017-07-28,bed_bath_table,SP,SP,bertioga,ibitinga,94.35,12.16,1,363.228861472392,17.66701388888889,0.0393258426966292,0.9606741573033708,12.70179550951934,101.0,0.026916723775605,0,8.492025462962962,-9.174988425925926,5.0,train
7716937e9e5ce7dbc5b9209c3f30afe1,7ddcbb64b5bc1ef36ca8c151f6ec77df,2017-07-25 12:25:18,2017-08-14,computers_accessories,SP,SP,botucatu,sao paulo,34.99,11.85,1,200.9212089616494,19.48243055555556,0.0,1.0,3.116469907407408,6.0,0.0292765591221622,0,7.334895833333333,-12.147534722222222,5.0,train
814e7ef832adbfc279ff3141fd3a93e0,e9779976487b77c6d4ac45f75ec7afe9,2018-07-04 21:30:59,2018-07-19,sports_leisure,SP,SP,indaiatuba,praia grande,33.49,7.97,1,130.42335484860237,14.103483796296295,0.0764818355640535,0.9235181644359464,10.482875947170886,54.0,0.1025231897179881,0,7.792685185185185,-6.310798611111111,5.0,test
abb6ee8df76cd626afdcf19cec0d62bf,7c67e1448b00f6e969d365cea6b010ab,2018-01-25 21:47:56,2018-03-02,office_furniture,SP,SP,sao paulo,itaquaquecetuba,169.99,35.35,1,15.931579700348578,35.091712962962966,0.1111111111111111,0.8888888888888888,19.66822579966331,68.0,0.1400214525923384,0,21.847546296296297,-13.244166666666668,5.0,validation
d8962b14d78c6bc197f6508354109936,4830e40640734fc1c52cd21127c341d4,2018-04-10 22:12:20,2018-05-02,furniture_decor,SP,SP,sao carlos,sao paulo,29.9,12.79,1,222.20431579879568,21.07476851851852,0.0743801652892562,0.9256198347107438,11.037202900214265,32.0,0.0806327378316102,0,5.791782407407408,-15.28298611111111,5.0,test
b83386c51767724444bf697eb4c64b30,5dceca129747e92ff8ef7a997dc4f8ca,2017-05-06 14:07:21,2017-06-02,luggage_accessories,RS,SP,caseiros,santa barbara d´oeste,109.9,42.76,1,748.3311655144266,26.4115625,0.0,1.0,9.625121328224775,30.0,0.0322402195266603,0,16.95290509259259,-9.458657407407408,4.0,train
934803b43ca04b1cd088ae5e65a5ae76,f8db351d8c4c4c22c6835c19a46f01b0,2017-04-05 23:43:38,2017-04-28,toys,MG,SP,belo horizonte,salto,36.9,14.52,1,507.22004333003815,22.01136574074074,0.0196078431372549,0.9803921568627452,10.155519244734933,30.0,0.0237358996975557,0,12.704502314814814,-9.306863425925926,5.0,train
d5292f531e571c16fcd72df9fc07336d,cca3071e3e9bb7d12640c9fbe2301306,2017-04-26 10:48:55,2017-05-19,bed_bath_table,MS,SP,campo grande,ibitinga,84.9,17.43,1,616.842238476322,22.549363425925925,0.0279329608938547,0.9720670391061452,12.834545636768054,37.0,0.0662535025510979,0,22.06335648148148,-0.4860069444444444,5.0,train
3e0c3cab458e8b3cc8d1d38ecb7e7775,1025f0e2d44d7041d6cf58b6550e0bfa,2018-07-29 10:08:22,2018-08-21,furniture_decor,RJ,SP,rio de janeiro,sao paulo,78.0,27.53,1,337.6335592683165,22.57752314814815,0.1046979865771812,0.8953020134228188,12.894515830847638,94.0,0.1978211086095357,0,16.308483796296297,-6.269039351851852,4.0,test
d4bec1a24c97bd17be18d77297a0f6a0,1025f0e2d44d7041d6cf58b6550e0bfa,2018-08-09 20:31:52,2018-09-03,home_construction,PE,SP,caruaru,sao paulo,266.9,169.03,3,2042.769423346816,24.14453703703704,0.0988735919899874,0.9011264080100124,12.607410637718456,131.0,0.2277874951950184,0,12.889421296296296,-11.255115740740742,2.0,test
62310e6941dd333f0a8bfde5ec77d8c6,e067ad2c1c0b48758eb1b5228bcf7a68,2018-07-07 08:46:56,2018-07-31,pet_shop,DF,SP,brasilia,santos,119.8,37.04,2,928.0327069125228,23.634074074074075,0.0952380952380952,0.9047619047619048,16.00714726631394,7.0,0.1437193368246164,0,10.542997685185185,-13.091076388888888,5.0,test
73b12cfaa8f20bc1ff6b36c9ef17f656,17e34d8224d27a541263c4c64b11a56b,2017-05-10 13:45:36,2017-05-30,perfumery,MG,SP,uberlandia,riberao preto,308.99,17.92,1,257.1398048204966,19.426666666666662,0.0555555555555555,0.9444444444444444,13.71363811728395,11.0,0.0288748684838784,0,8.944918981481482,-10.481747685185184,4.0,train
15857ef312413c5064710f14e7d98e39,edf96ef93ed595084bbcbd9224bd2894,2017-12-16 17:35:16,2018-01-16,electronics,MG,SP,ferros,sao paulo,76.0,15.28,1,612.8924728736772,30.26717592592593,0.0588235294117647,0.9411764705882352,12.549368191721134,1.0,0.0385299701135368,0,9.941319444444444,-20.32585648148148,4.0,train
728b33a8cc080976c038c26fefaf9492,1835b56ce799e6a4dc4eddc053f04066,2018-02-15 20:24:30,2018-03-07,bed_bath_table,SP,SP,sao paulo,ibitinga,69.99,11.99,1,302.9203425312517,19.149652777777774,0.1073446327683615,0.8926553672316384,13.94403961341284,65.0,0.0677382713084335,0,12.160266203703705,-6.989386574074074,5.0,validation
a92ac2f2738d0a4b0add8fe65157d5f5,3340ef1913fb70d28420f6ceb685c339,2017-02-02 11:56:21,2017-03-07,computers_accessories,ES,PR,vila velha,maringa,209.9,22.1,1,1245.5442202698955,32.50253472222222,0.0,1.0,8.875023148148149,3.0,0.036517173985792,0,19.913645833333334,-12.588888888888889,5.0,train
9aa70c8fac4649c143933fedf26730f3,c3cfdc648177fdbbbb35635a37472c53,2017-10-31 17:05:18,2017-11-22,sports_leisure,RJ,PR,rio de janeiro,curitiba,559.8,23.84,2,674.1331393137042,21.28798611111111,0.019108280254777,0.9808917197452228,9.364238175277189,10.0,0.0610762934989035,0,8.190636574074073,-13.097349537037037,1.0,train
f8d323a2702fed37f0229965f7e9f8b3,ea8482cd71df3c1969d7b9473ff13abc,2017-12-09 23:22:15,2018-01-30,telephony,AM,SP,manaus,sao paulo,29.99,21.15,1,2700.787989619541,51.02621527777778,0.025,0.975,9.926390263310182,151.0,0.0940905192038406,0,37.87986111111111,-13.146354166666669,4.0,train
53d617fa54db4fccf68f9b09a553c7ca,febab0275244b9a49a623f0bd613ca2f,2017-05-15 14:40:36,2017-06-08,housewares,ES,SP,nova venecia,pedreira,49.0,17.6,1,810.2334885531072,23.388472222222223,0.0,1.0,7.607562079124578,4.0,0.0278583699350777,0,3.9495138888888888,-19.43895833333333,5.0,train
e33cd806dc139902dbd4f1e2bb2d1775,ec80e49e69745ab6c14f984bf2149423,2018-04-11 18:58:08,2018-05-21,housewares,RJ,SP,rio de janeiro,limeira,288.0,19.9,1,433.0537462434208,39.20962962962963,0.2,0.8,16.2138125,1.0,0.1429495529389051,0,11.815266203703704,-27.394363425925928,5.0,test
dd5e372b1df85452baaadbf338672c6e,cc419e0650a3c5ba77189a1882b7556a,2017-05-22 08:38:31,2017-06-27,perfumery,MA,SP,sao luis,santo andre,56.99,21.2,1,2359.7307754841872,35.63991898148148,0.0,1.0,11.518021797839516,67.0,0.0336444924396259,0,21.0965625,-14.543356481481482,5.0,train
df51cdd0d48077d8cd198c5033b8dff6,b6d44737c043328708f6749c2dbe50bd,2018-07-28 23:19:39,2018-08-10,housewares,SP,SP,laranjal paulista,santo andre,32.0,13.8,1,148.07522562185278,12.028020833333333,0.0545454545454545,0.9454545454545454,8.50054271885522,2.0,0.1080134879059349,0,5.796782407407408,-6.231238425925926,5.0,test
b5f68b1732839c0619cd9997360667b4,2eb70248d66e0e3ef83659f71b244378,2018-05-13 19:01:14,2018-06-08,watches_gifts,RS,SP,porto alegre,campinas,173.9,16.1,1,896.041373875399,25.20747685185185,0.3448275862068966,0.6551724137931034,18.869652378671777,34.0,0.1715617432107851,0,5.902372685185185,-19.305104166666663,4.0,test
0fbfebae9c3d582b0057288e551a8c0e,855668e0971d4dfd7bef1b6a4133b41b,2017-08-22 21:50:40,2017-09-12,baby,SP,SP,olimpia,itatiba,40.0,38.1,1,328.02874621282143,20.08981481481481,0.024390243902439,0.975609756097561,11.941495596205964,21.0,0.0405888592043023,0,6.056689814814815,-14.033125,5.0,train
e9d5fd7f8cef3acbe54ba2b771856038,897060da8b9a21f655304d50fd935913,2017-04-15 17:31:55,2017-05-22,computers_accessories,CE,SP,ico,ribeirao preto,29.9,24.84,1,1902.4237324950209,36.269502314814815,0.0833333333333333,0.9166666666666666,20.605392554012347,1.0,0.0987323978238443,0,24.683761574074072,-11.58574074074074,4.0,train
109f6898323e99a194948043ea99cdd8,36a968b544695394e4e9d7572688598f,2017-06-05 14:30:00,2017-06-19,auto,SP,SP,sao bernardo do campo,santos,24.9,8.27,1,38.60298008272824,13.395833333333334,0.0333333333333333,0.9666666666666668,11.6216774691358,21.0,0.0462838510588404,0,3.780358796296296,-9.615474537037038,4.0,train
f8988b8698570c25c74dc0a6f5cf0a68,966cb4760537b1404caedd472cc610a5,2018-05-21 17:29:36,2018-06-07,watches_gifts,SP,SP,sao paulo,diadema,728.0,13.45,1,14.08381670030571,16.27111111111111,0.0476190476190476,0.9523809523809524,11.066704144620813,13.0,0.1137718652312805,0,3.8715740740740734,-12.399537037037035,5.0,test
c71914b01f0c3167905e81718c53fc84,7a67c85e85bb2ce8582c35f2203ad736,2018-03-18 09:52:22,2018-04-09,baby,SC,SP,balneario camboriu,sao paulo,15.99,22.93,1,436.7043928177277,21.58863425925926,0.0393013100436681,0.960698689956332,10.719738774664403,69.0,0.1181215369751974,0,9.472268518518518,-12.11636574074074,5.0,validation
8220b318fccce9e7dfd00d9894b95189,7142540dd4c91e2237acb7e911c4eba2,2018-05-23 14:51:24,2018-06-18,auto,SP,SP,sao paulo,penapolis,429.9,21.09,1,424.3873234484238,25.380972222222223,0.082437275985663,0.9175627240143368,14.95218803929377,24.0,0.1204751595700131,0,9.035671296296297,-16.345300925925926,5.0,test
0a0cda0a8f1fac8330c16b7a8b38bfb8,870d0118f7a9d85960f29ad89d5d989a,2018-03-07 17:51:50,2018-03-29,housewares,RJ,MG,nova iguacu,pocos de caldas,113.9,19.77,1,433.8627007558771,21.255671296296292,0.0606060606060606,0.9393939393939394,16.204815165544332,1.0,0.1698661466241028,0,14.841886574074074,-6.413784722222222,4.0,validation
ecacec879cf5892cc982fa6415e60371,af4a0e4cfe1d9c26b6712b1be25a72e5,2018-02-26 08:04:52,2018-03-21,computers_accessories,SP,MG,marilia,mateus leme,441.82,34.62,2,620.2916842581559,22.66328703703704,0.0714285714285714,0.9285714285714286,13.3006605489418,3.0,0.0691455224286136,0,7.567638888888889,-15.095648148148149,5.0,validation
4fb3509d3efabb076843cd252a3e5562,88460e8ebdecbfecb5f9601833981930,2018-07-16 19:37:57,2018-08-13,computers_accessories,SP,PR,sao paulo,maringa,120.0,14.18,1,537.3566714983351,27.181979166666668,0.2263157894736842,0.7736842105263158,18.324362816764136,36.0,0.117479199824092,0,3.879490740740741,-23.30248842592593,5.0,test
05fdf5f17c4a8b374e99ed52416d8766,f8db351d8c4c4c22c6835c19a46f01b0,2018-06-27 20:53:18,2018-08-02,housewares,RJ,SP,rio de janeiro,salto,34.9,19.43,1,407.84946182370345,35.12965277777778,0.0491228070175438,0.950877192982456,10.31943187540612,38.0,0.1050652081860274,0,5.794270833333333,-29.33538194444445,4.0,test
56d77d50d54aa1f038e28f269311b4d3,53243585a1d6dc2643021fd1853d8905,2017-11-26 18:20:51,2017-12-20,telephony,SP,BA,sao sebastiao,lauro de freitas,246.62,37.05,1,1424.9471070568472,23.23552083333333,0.0289017341040462,0.9710982658959536,12.640562446478272,40.0,0.1312047887597331,0,9.087650462962962,-14.14787037037037,5.0,train
d88be96a5455ddcd7827994d95774b0d,ceaec5548eefc6e23e6607c5435102e7,2018-05-10 15:24:48,2018-05-29,cool_stuff,SP,SP,jarinu,sao paulo,209.99,16.73,1,49.38618834300813,18.357777777777777,0.0192307692307692,0.9807692307692308,13.090627114494293,42.0,0.1007336100935047,0,11.154849537037038,-7.202928240740741,5.0,test
95c65562cba3f7e4f6714f94ee4bea4e,7c67e1448b00f6e969d365cea6b010ab,2017-11-18 15:06:37,2017-12-13,office_furniture,SP,SP,tarabai,itaquaquecetuba,179.99,59.17,1,547.745549094247,24.37040509259259,0.0603015075376884,0.9396984924623116,17.78889624627769,70.0,0.2039380821984039,0,19.190821759259254,-5.179583333333333,5.0,train
574fe1739f65af76badd0999db300b4f,7c67e1448b00f6e969d365cea6b010ab,2017-03-23 15:10:17,2017-04-24,office_furniture,SC,SP,angelina,itaquaquecetuba,126.99,15.06,1,525.7019963241506,31.367858796296296,0.0,1.0,15.28845847800926,35.0,0.0956349686004669,0,18.79628472222222,-12.571574074074077,4.0,train
fea313ef8be419d678a5eb321aa4dd24,5dceca129747e92ff8ef7a997dc4f8ca,2017-05-16 17:04:02,2017-05-29,luggage_accessories,SP,SP,ferraz de vasconcelos,santa barbara d´oeste,259.9,41.77,1,135.71315028482312,12.28886574074074,0.0277777777777777,0.9722222222222222,10.154582529578184,34.0,0.0839082447011353,0,2.8540972222222223,-9.43476851851852,5.0,train
723ac9c5a1b83772c9e9cdfe4d94f5fc,1f50f920176fa81dab994f9023523100,2017-12-14 11:10:57,2018-01-11,garden_tools,RJ,SP,volta redonda,sao jose do rio preto,59.0,17.66,1,577.1824849482222,27.5340625,0.0507880910683012,0.9492119089316988,14.331420834144144,274.0,0.363531900608225,0,21.384953703703705,-6.1491087962962965,4.0,train
0af905b4a536b95528b4eb5dd2c192da,12b9676b00f60f3b700e83af21824c0e,2018-03-09 13:50:15,2018-05-03,cool_stuff,SC,RS,palhoca,montenegro,199.0,23.9,1,351.43311516808166,54.4234375,0.0101010101010101,0.98989898989899,15.276666199027304,4.0,0.0661112441728421,0,11.08662037037037,-43.33681712962963,5.0,validation
aaca5270899bdea4df5cb9c8d6c23180,fa40cc5b934574b62717c68f3d678b6d,2017-08-06 18:45:06,2017-08-29,toys,MG,SP,belo horizonte,sao paulo,34.9,14.1,1,477.49759766282057,22.218680555555554,0.0472972972972973,0.9527027027027029,10.82151291916917,24.0,0.0089289258219218,0,12.199861111111112,-10.018819444444444,5.0,train
dbec6fd4540dcda2662baf24a0bc8f0f,1f50f920176fa81dab994f9023523100,2017-09-27 00:10:07,2017-10-13,garden_tools,SP,SP,sao jose do rio preto,sao jose do rio preto,59.9,12.48,1,0.0,15.992974537037036,0.021551724137931,0.978448275862069,13.53032457295658,100.0,0.0436423036773088,0,6.849050925925926,-9.143923611111113,5.0,train
ded176f58e62a0b64346e4aed245ccd1,ff1e15b778c700abdd4d239b81ac466d,2018-08-09 15:47:44,2018-08-21,sports_leisure,SP,PR,sao paulo,curitiba,59.9,15.52,1,341.9983631214015,11.341851851851851,0.0780049023413671,0.9219950976586327,12.78039322404871,1.0,0.1053226052417965,0,5.98400462962963,-5.357847222222222,5.0,test
3dcd400ff4301f079012e668f0c7a320,391fc6631aebcf3004804e51b40bcf1e,2018-01-20 19:31:45,2018-02-19,bed_bath_table,SP,SP,mairipora,ibitinga,39.99,11.85,1,288.3338804795533,29.186284722222226,0.0833333333333333,0.9166666666666666,14.73413407439557,33.0,0.0782644921060294,0,9.0490625,-20.13722222222222,3.0,validation
06cc5452c0a830d345b93a5385ee310e,ea00f977a203ff88adf7057cb7806998,2018-07-24 01:06:38,2018-08-01,auto,SP,SP,carapicuiba,santos,7.99,7.39,1,68.03722502460612,7.953726851851852,0.0,1.0,2.549050925925926,4.0,0.1301770068924855,0,3.632256944444445,-4.321469907407407,5.0,test
82c9b75b983ba57c02a16c38ed258c79,972d0f9cf61b499a4812cf0bfa3ad3c4,2018-04-18 13:38:48,2018-05-18,bed_bath_table,MG,SC,sao goncalo do rio preto,brusque,82.69,27.31,1,1166.59096389457,29.43138888888889,0.1147540983606557,0.8852459016393442,18.57095059198544,9.0,0.1248390189679465,0,20.131828703703704,-9.299560185185186,1.0,test
bfd664f7724709fb7bfbb33308a64ccd,620c87c171fb2a6dd6e8bb4dec959fc6,2018-01-05 00:04:11,2018-01-30,perfumery,RJ,RJ,rio de janeiro,petropolis,169.9,10.6,1,41.136938831280354,24.99709490740741,0.0432276657060518,0.956772334293948,11.629081912423944,54.0,0.0723495393130445,0,10.892083333333334,-14.105011574074076,5.0,validation
8299066c13f491b4cf9bdb486d2058c2,daeb5653dd96c1b11860f72209795012,2018-05-14 12:53:23,2018-06-06,housewares,SP,MG,santa barbara d'oeste,belo horizonte,12.9,15.23,1,479.2726692953474,22.46292824074074,0.1153846153846153,0.8846153846153846,12.937037037037037,1.0,0.104515819781189,0,9.353136574074076,-13.109791666666666,5.0,test
048c6b6617c20f59a0ac4e9a348667e9,c826c40d7b19f62a09e2d7c5e7295ee2,2018-01-13 20:02:47,2018-02-07,unknown,MG,SP,belo horizonte,guarulhos,122.99,14.61,1,469.61014904479606,24.164733796296296,0.0543478260869565,0.9456521739130436,11.790068312198066,52.0,0.0599744092368327,0,15.805601851851852,-8.359131944444444,5.0,validation
cf7f0308e07d837de4d5bbc6441634f3,4869f7a5dfa277a7dca6462dcf3b52b2,2018-02-21 15:43:57,2018-03-15,watches_gifts,SP,SP,limeira,guariba,109.9,16.4,1,158.4870848677252,21.344479166666662,0.088659793814433,0.911340206185567,15.261286989308894,84.0,0.0854968868737463,0,15.904618055555556,-5.439861111111111,5.0,validation
2f5e6eaf3119b2864514aa0a2a0cfaff,dee656f0f566ed1aa85bd137c943f08f,2017-10-17 20:22:14,2017-11-08,watches_gifts,RJ,SP,rio de janeiro,cruzeiro,49.99,15.1,1,167.36263023614964,21.15122685185185,0.0392294609184352,0.9607705390815648,12.19617581017717,2.0,0.0593622181349685,0,5.888831018518519,-15.262395833333333,5.0,train
f3a09e33cafe9e30a8c3f9c8b6b2416d,c826c40d7b19f62a09e2d7c5e7295ee2,2017-12-06 22:28:12,2018-01-03,unknown,PR,SP,londrina,guarulhos,122.99,15.61,1,476.3347480062288,27.06375,0.032258064516129,0.967741935483871,10.333301597968935,41.0,0.0495987930067661,0,6.865752314814815,-20.197997685185182,3.0,train
bedae710c15c4eabcfc42f4ea12c680e,8ff1a9df749e454105c55cda13e79143,2017-11-11 12:50:36,2017-12-01,housewares,SP,SP,sao paulo,marilia,99.9,16.33,1,371.6389134232826,19.464861111111112,0.0398111979166666,0.9601888020833332,12.176333328829246,3.0,0.0739455799889359,0,10.550717592592592,-8.914143518518518,5.0,train
4b8f98e50ffa9c1b021c197d39c58bb2,34d1ca11b242c0fee2c834ae8d788566,2017-03-08 15:05:05,2017-04-04,computers_accessories,BA,MG,salvador,congonhas,185.81,20.0,1,1020.1488021409388,26.37146990740741,0.0054507337526205,0.9945492662473796,13.41879813413197,2.0,0.0689329419883479,0,22.99877314814815,-3.3726967592592594,3.0,train
091a28ca837aa39b709aa41c0ca3d24a,87142160b41353c4e5fca2360caf6f92,2017-09-04 19:37:37,2017-09-29,electronics,AL,RS,maceio,porto alegre,79.0,30.08,1,2776.1913739553515,24.18221064814815,0.024,0.976,11.566998703703703,21.0,0.1930632141663329,0,11.892835648148148,-12.289375,5.0,train
048d699adf41881d80ac3ed5f632a3aa,41b39e28db005d9731d9d485a83b4c38,2017-04-24 18:35:48,2017-06-23,bed_bath_table,ES,SP,vitoria,santo andre,169.9,16.89,1,747.1205330084525,59.225138888888885,0.0,1.0,12.798591941550926,11.0,0.0286336783792293,0,13.659907407407408,-45.56523148148148,5.0,train
c0a15de26f8add28b3ebed18a13e6831,95f83f51203c626648c875dd41874c7f,2017-11-25 00:43:00,2017-12-15,furniture_decor,MG,MG,betim,borda da mata,39.9,17.97,1,329.5179784849383,19.97013888888889,0.0404333231614281,0.959566676838572,12.4657406385258,1.0,0.1336291297862971,0,11.567222222222222,-8.402916666666666,2.0,train
b41697d4dc1b083c1d853b7677453fc5,9c690ceacd5c66731bf443ea810195cb,2018-03-04 15:13:34,2018-04-02,garden_tools,SP,MG,santo andre,camanducaia,39.9,12.48,1,107.70389859283634,28.365578703703704,0.0,1.0,11.221759259259258,1.0,0.0419380307323405,0,11.436944444444444,-16.92863425925926,5.0,validation
c93d6b0cbd51a29939f48107e4a7425e,a1043bafd471dff536d0c462352beb48,2018-02-06 12:15:37,2018-03-02,garden_tools,MG,MG,belo horizonte,ilicinea,120.0,26.46,1,230.7858700939656,23.489155092592597,0.0385756676557863,0.9614243323442137,14.32818764424662,78.0,0.0677830316638997,0,13.041168981481482,-10.447986111111112,5.0,validation
52b841d05323dfdaea310461719973cc,7e3f87d16fb353f408d467e74fbd8014,2018-02-08 10:49:42,2018-03-13,computers_accessories,SC,SP,porto uniao,sao paulo,41.9,15.1,1,523.8898834873461,32.54881944444445,0.081081081081081,0.9189189189189187,11.11525807057057,7.0,0.0646616809390349,0,21.38013888888889,-11.168680555555556,4.0,validation
600de99ec627d5804e89a86f8bde241d,44073f8b7e41514de3b7815dd0237f4f,2017-11-18 19:46:57,2017-12-12,toys,RJ,DF,rio de janeiro,brasilia,395.0,70.23,1,935.1896756021952,23.175729166666667,0.01,0.99,12.39771203703704,11.0,0.1456662772169034,0,12.251319444444444,-10.924409722222222,5.0,train
18a157fb5a99a76e5819433e7df0b1a3,33a17d60c64393351ebf1ef860f4e0f2,2018-04-27 14:25:03,2018-06-01,housewares,MG,RS,barao de cocais,porto alegre,129.97,33.42,1,1367.245371118305,34.39927083333333,0.0,1.0,8.872389322916666,5.0,0.0748435912747814,0,7.8961805555555555,-26.503090277777776,4.0,test
e7ebcedbeffde5b87c32cd5fc5c4542a,9b013e03b2ab786505a1d3b5c0756754,2018-04-27 10:47:19,2018-05-11,drinks,SP,SP,sao paulo,vicente de carvalho,11.0,7.87,1,48.903063236270334,13.550474537037037,0.0714285714285714,0.9285714285714286,10.06483424272487,33.0,0.1078111719106028,0,6.329467592592593,-7.2210069444444445,5.0,test
6ad7862e05692cc6d511bc83ee4669d9,4a3ca9315b744ce9f8e9374361493884,2018-06-18 22:24:49,2018-07-13,bed_bath_table,MG,SP,paracatu,ibitinga,52.9,23.17,1,544.1182298330272,24.06609953703704,0.1200519143413367,0.8799480856586632,15.196314284555468,77.0,0.1675085635570411,0,9.901840277777778,-14.16425925925926,5.0,test
2ffc70ec1398e16897e15c034ea5812c,06a2c3af7b3aee5d69171b0e14f0ee87,2018-05-11 08:55:59,2018-06-04,health_beauty,SP,MA,sao paulo,sao luis,129.98,37.42,2,2352.083244998836,23.62778935185185,0.2763157894736842,0.7236842105263157,19.16695921661793,98.0,0.201196396913729,1,24.401689814814816,0.773900462962963,5.0,test
b4b1ec9a9f24d8db544120456a3a2f12,40db9e9aa57f7bb151bcda6b0f9bdbb7,2018-07-27 14:28:20,2018-08-24,auto,BA,PE,jacobina,recife,2258.0,46.68,1,706.4016752390975,27.39699074074074,0.1666666666666666,0.8333333333333334,17.133715277777778,2.0,0.163596447266572,0,14.164039351851851,-13.232951388888887,5.0,test
4e21387c48145e5e07a1d552b1a69776,d3f39f05462b79a4562d35893a28f159,2018-02-06 16:17:58,2018-03-02,perfumery,SP,SP,sao paulo,mococa,47.9,11.85,1,239.8599014189748,23.32085648148148,0.0909090909090909,0.9090909090909092,13.911441498316496,9.0,0.0499806782231149,0,8.174479166666666,-15.146377314814815,5.0,validation
3a754d9436ef0dd5d52e94a0e7ee2f0c,3be634553519fb6536a03e1358e9fdc7,2017-07-31 09:09:01,2017-08-11,housewares,SP,SP,campinas,sao paulo,39.9,9.34,1,94.21834862033914,10.618738425925926,0.0,1.0,5.79204475308642,4.0,0.0367209848902565,0,4.321226851851852,-6.297511574074074,3.0,train
60751e744ac01225d93eb8bd65592ff0,12b9676b00f60f3b700e83af21824c0e,2017-03-16 14:59:52,2017-04-18,cool_stuff,SP,RS,pirassununga,montenegro,199.0,21.71,1,944.607242033628,32.375092592592594,0.0090543259557344,0.9909456740442656,13.505450054887968,5.0,0.0225919791796586,0,13.984814814814817,-18.39027777777778,5.0,train
437222e3fd1b07396f1d9ba8c15fba59,cca3071e3e9bb7d12640c9fbe2301306,2017-03-16 11:36:00,2017-04-28,furniture_decor,AP,SP,macapa,ibitinga,195.8,59.24,2,2435.147948288125,42.516666666666666,0.0,1.0,11.971674003802908,73.0,0.1460661312206982,1,187.2034490740741,144.6867824074074,5.0,train
d4e770b405f1a265106474eaf37ded74,729f06993dac8e860d4f02d7088ca48a,2017-10-04 18:18:28,2017-11-01,housewares,SC,SP,florianopolis,limeira,69.8,41.68,2,558.7845508360865,27.237175925925925,0.0285714285714285,0.9714285714285714,10.766055555555557,7.0,0.0326149781958126,0,8.851747685185185,-18.38542824074074,5.0,train
fe9fc8eb3ad784aaf13c6788561efe59,1025f0e2d44d7041d6cf58b6550e0bfa,2018-08-13 12:31:56,2018-09-05,furniture_decor,SC,SP,chapeco,sao paulo,120.0,74.79,1,727.0676538704479,22.477824074074075,0.0982587064676616,0.9017412935323385,12.571460032015858,144.0,0.1891301003982594,0,10.163020833333333,-12.31480324074074,5.0,test
42df71f66e653cbe9e87913834e59873,f46490624488d3ff7ce78613913a7711,2018-06-23 23:00:04,2018-07-24,health_beauty,BA,SP,salvador,guarulhos,31.9,18.37,1,1450.3025919252073,30.04162037037037,0.0588235294117647,0.9411764705882352,5.791958741830065,25.0,0.1118911472396837,0,11.919629629629627,-18.121990740740745,4.0,test
c6a2bdf8fa25475ae4031f5138c716fc,99a54764c341d5dc80b4a8fac4eba3fb,2018-08-14 17:09:50,2018-08-24,housewares,SP,SP,jundiai,sao paulo,39.8,56.61,1,61.44095131454359,9.284837962962962,0.1891891891891892,0.8108108108108107,8.054230793293293,11.0,0.133050264678386,0,2.9866087962962964,-6.298229166666666,5.0,test
489e6c889dd29088ff5646a8c6d106ad,70eea00b476a314817cefde4aad4f89a,2017-11-19 17:22:28,2017-12-12,garden_tools,SC,SP,blumenau,itatiba,88.9,17.87,1,489.415958656642,22.276064814814816,0.0,1.0,13.095683421516757,4.0,0.142964791547489,0,8.12806712962963,-14.147997685185183,5.0,train
f34fd6ac0a7e90bea64cb88ee0e475c8,c33847515fa6305ce6feb1e818569f13,2018-07-31 19:29:13,2018-08-23,bed_bath_table,RJ,SC,saquarema,brusque,149.0,51.33,1,793.6718491163526,22.18804398148148,0.0,1.0,9.445718081637976,30.0,0.1315120218732353,0,16.89466435185185,-5.29337962962963,5.0,test
cf6908e8b524d8fac0d70a5cc8bd749b,53243585a1d6dc2643021fd1853d8905,2017-08-29 13:58:48,2017-09-20,computers,SP,BA,amparo,lauro de freitas,1100.0,50.11,1,1408.3605293815822,21.4175,0.0360205831903945,0.9639794168096056,12.292421531790929,9.0,0.0552637458153231,0,8.358344907407407,-13.059155092592592,4.0,train
0547cd893959df1f7e54aeaee4368577,b39d7fe263ef469605dbb32608aee0af,2018-05-02 23:31:12,2018-05-23,bed_bath_table,SP,SP,sao paulo,ibitinga,109.9,13.21,1,299.27437188708143,20.02,0.1,0.9,14.074891203703704,2.0,0.1230681402477547,0,7.692523148148148,-12.327476851851852,3.0,test
3fa77b85e1a28c3b3a241c4c59d08112,dbd66278cbfe1aa1000f90a217ca4695,2017-11-30 13:30:05,2017-12-22,electronics,RJ,SP,rio de janeiro,sao paulo,69.5,16.74,1,332.799752328159,21.43744212962963,0.0407624807304636,0.9592375192695364,12.717747808703692,4.0,0.5089602892667108,1,29.13099537037037,7.693553240740741,5.0,train
cfd2fa043913decbf8554ea5ce59d723,52d76513f0c4d97f3b99570e2c94ee31,2018-05-26 21:43:54,2018-06-20,home_appliances_2,RS,RS,porto alegre,novo hamburgo,109.9,7.95,1,40.483134508787394,24.09451388888889,0.0909090909090909,0.9090909090909092,11.130205176767676,6.0,0.0939345669839183,0,2.950775462962963,-21.143738425925925,5.0,test
0e40bd8d75ad8945ea6a9d1427142c49,955fee9216a65b617aa5c0531780ce60,2018-05-08 14:13:22,2018-05-23,furniture_decor,PR,SP,sao jose dos pinhais,sao paulo,139.8,0.0,2,322.05767433294574,14.40738425925926,0.0839506172839506,0.9160493827160494,11.21603156435756,227.0,0.1697270251985993,0,6.263541666666667,-8.143842592592593,5.0,test
9ba1d15b07227b24bacaa5bfc9e39b66,3f9be91358837bff69df67edfa3e42e8,2018-03-31 23:39:52,2018-04-27,pet_shop,SP,PR,itajobi,londrina,45.0,19.32,1,309.5125231813908,26.01398148148148,0.0708143150095918,0.929185684990408,13.924851128931111,1.0,0.1025125090926706,0,8.54076388888889,-17.473217592592594,5.0,validation
2fd0fb45a29d604441578de95e174bb1,7d13fca15225358621be4086e1eb0964,2018-05-11 06:57:08,2018-06-07,watches_gifts,SC,SP,navegantes,ribeirao preto,118.0,10.48,1,635.892846737071,26.710324074074077,0.1682242990654205,0.8317757009345794,17.920888229058505,248.0,0.1555082441576163,0,11.567592592592591,-15.142731481481482,5.0,test
32931b358e8eb9042cf278a4e233321f,9de4643a8dbde634fe55621059d92273,2017-07-02 19:37:07,2017-07-25,housewares,SP,SC,monte mor,joinville,488.99,23.91,1,398.063138791574,22.18255787037037,0.0384615384615384,0.9615384615384616,15.330198985042731,6.0,0.0335144881278228,0,11.806122685185183,-10.376435185185183,5.0,train
d185b3d0bd26a99d5c96601c1fcd2fc7,8581055ce74af1daba164fdbd55a40de,2017-10-18 10:14:50,2017-10-30,auto,SP,SP,osasco,guarulhos,117.3,14.43,1,31.119658846690463,11.573032407407409,0.0434782608695652,0.9565217391304348,11.710437613224636,15.0,0.0620165071051245,0,5.228043981481481,-6.3449884259259255,5.0,train
7cbdd21eaf3b8934a3b11338c0f3aa7f,92eb0f42c21942b6552362b9b114707d,2017-07-22 00:55:46,2017-08-25,telephony,PA,SP,belem,sao paulo,23.98,35.26,2,2470.165492841022,33.961273148148145,0.0410958904109589,0.9589041095890412,13.399777238711316,15.0,0.0655000274873267,0,16.881238425925925,-17.080034722222223,5.0,train
60d2564adbb41181cee729e095b83d0e,d98eec89afa3380e14463da2aabaea72,2018-01-18 12:32:16,2018-02-02,toys,RS,RS,porto alegre,porto alegre,49.99,9.09,1,5.403247639511207,14.477592592592591,0.0,1.0,7.863805576409747,7.0,0.0676348701086799,0,5.420324074074074,-9.05726851851852,5.0,validation
14fa2006700382da7fdadaaf439c2840,34056b8b55c1775a22af2331670a799c,2018-05-16 07:43:42,2018-06-11,auto,PR,SP,pato bragado,penapolis,64.8,23.03,1,553.1211550063693,25.67798611111111,0.1379310344827586,0.8620689655172413,15.395447796934867,16.0,0.118099581194105,0,20.524398148148148,-5.153587962962963,3.0,test
4bca7dd89e0714cc90c42803a348f085,46dc3b2cc0980fb8ec44634e21d2718e,2017-11-20 12:48:09,2017-12-12,toys,SP,RJ,sao lourenco da serra,rio de janeiro,99.99,14.45,1,397.2796411856849,21.4665625,0.0150943396226415,0.9849056603773584,10.19364312543676,44.0,0.0645123083593233,0,14.274386574074072,-7.192175925925926,3.0,train
0a178d660889f4e9ef1087483fd6ce9d,8a32e327fe2c1b3511609d81aaf9f042,2017-03-23 16:34:16,2017-04-11,furniture_decor,SP,SP,sao bernardo do campo,sao paulo,29.99,10.96,1,29.254709716790245,18.309537037037035,0.0714285714285714,0.9285714285714286,10.54364211309524,18.0,0.0400782613270668,0,5.106805555555556,-13.202731481481482,5.0,train
299d2f94a47dbf398c26ad4afed7ba27,fa1c13f2614d7b5c4749cbc52fecda94,2017-12-26 17:12:36,2018-01-15,watches_gifts,SP,SP,sao jose dos campos,sumare,249.8,9.33,1,144.02234572710591,19.282916666666665,0.0489795918367346,0.9510204081632652,11.742742913832195,70.0,0.0557331573594562,0,8.977025462962963,-10.305891203703704,5.0,train
00b5e1c770b1868ec1b6b726be3aa9b9,ef30892870c278497523264be1be2241,2018-01-03 19:13:33,2018-01-26,stationery,SP,SP,itapui,araraquara,47.4,11.85,1,74.10764351249567,22.198923611111116,0.0,1.0,5.431481481481481,5.0,0.0574683439291772,0,7.756273148148148,-14.442650462962964,5.0,validation
d6573c37b3389e591e6b1a8e286eac99,0b35c634521043bf4b47e21547b99ab5,2018-04-19 05:08:09,2018-06-07,construction_tools_construction,RJ,PR,rio de janeiro,teixeira soares,94.0,22.37,1,778.147719540835,48.786006944444445,0.1724137931034483,0.8275862068965517,19.074063298212007,5.0,0.1148849596032319,0,15.755810185185185,-33.03019675925926,5.0,test
4c2c7fcf017b1d438e1d6b7898d34a3a,cc419e0650a3c5ba77189a1882b7556a,2017-05-08 15:26:22,2017-05-22,perfumery,SP,SP,santa barbara d'oeste,santo andre,56.99,8.72,1,132.90240102445375,13.356689814814814,0.0,1.0,11.131310013717425,50.0,0.0718923642134559,0,8.178206018518518,-5.178483796296296,3.0,train
4a3b3a1333c6468be0917515b6253108,1771297ac436903d1dd6b0e9279aa505,2017-08-01 13:37:16,2017-08-23,bed_bath_table,PR,SP,prudentopolis,guarulhos,48.04,20.84,1,489.6471380745842,21.432453703703704,0.0666666666666666,0.9333333333333332,7.982442901234568,1.0,0.0153264970306427,0,9.264050925925924,-12.16840277777778,5.0,train
ceeaf57b8e4f3315fffae525ec8018e0,562fc2f2c2863ab7e79a9e4388a58a14,2018-05-13 15:32:37,2018-06-08,telephony,CE,SP,fortaleza,campinas,29.99,13.33,1,2315.520738085569,25.35234953703704,0.0507246376811594,0.9492753623188406,12.83538102187332,72.0,0.1766676119474384,0,4.043090277777778,-21.30925925925926,4.0,test
7b728dc4326b3d4fd31af03837b573de,1835b56ce799e6a4dc4eddc053f04066,2018-01-17 20:10:48,2018-02-16,bed_bath_table,SP,SP,osasco,ibitinga,239.5,17.0,2,290.72526316953576,29.159166666666668,0.1259842519685039,0.8740157480314961,13.869824019393404,30.0,0.105702730460897,0,9.017847222222224,-20.141319444444445,5.0,validation
d74d166d79f774ff367bfa387478155d,d624126b9206f595fb3fbb6ba03b28a8,2018-01-16 12:38:53,2018-02-07,auto,SC,PR,brusque,curitiba,36.9,14.08,1,191.56916976255184,21.472997685185184,0.0,1.0,12.466703042328044,1.0,0.0937746883574493,0,3.314560185185185,-18.1584375,4.0,validation
c0e7ba8e4333d68153dfe2fbc8f613f7,77530e9772f57a62c906e1c21538ab82,2017-02-09 12:44:35,2017-03-10,furniture_decor,SC,PR,brusque,curitiba,119.0,17.57,1,185.20585907314583,28.46903935185185,0.0,1.0,14.383775077160491,9.0,0.0612015581917164,0,10.887800925925928,-17.581238425925925,5.0,train
07d5adada619115cf4c03f49fc8c5e74,96493fab2fbb13a14d0c0e8772eef5c3,2018-04-30 12:23:27,2018-05-24,computers_accessories,GO,SP,jatai,sao paulo,399.0,21.76,1,819.2140738214101,23.483715277777776,0.0655737704918032,0.9344262295081968,13.30211976320583,2.0,0.1562293852405451,0,11.385555555555555,-12.098159722222222,4.0,test
2ac42594eaf273ef34edd063db0ebdac,6cd68b3ed6d59aaa9fece558ad360c0a,2017-04-05 09:32:45,2017-04-28,luggage_accessories,SP,MG,suzano,belo horizonte,55.9,14.56,1,484.0363622322852,22.602256944444445,0.0476190476190476,0.9523809523809524,11.496689263668433,6.0,0.0387980549356231,0,6.906180555555555,-15.696076388888889,5.0,train
9b93fbe03f143eae32056e9305dfec58,440dd6ab244315c632130ecfb63827b1,2017-04-19 13:52:00,2017-05-15,sports_leisure,ES,SP,vitoria,votuporanga,29.9,16.05,1,1007.4383184314968,25.42222222222222,0.0588235294117647,0.9411764705882352,15.461804193899782,3.0,0.0695055271238914,0,14.195208333333332,-11.227013888888887,4.0,train
51e284ce71f96710652ab6d5da30fc09,37be5a7c751166fbc5f8ccba4119e043,2017-08-02 13:39:43,2017-08-23,bed_bath_table,SP,SP,itapetininga,sao paulo,205.0,18.14,1,141.7256873592017,20.43075231481481,0.0,1.0,8.870312704850868,88.0,0.0085339403365577,0,9.323449074074071,-11.10730324074074,5.0,train
6508ccfd77b6c1684614de32ac787f21,750303a20e9c56b2a6bc45cdce0b897d,2018-07-24 10:17:12,2018-08-10,garden_tools,SP,GO,sao paulo,goiania,25.9,19.09,1,804.8898078833503,16.57138888888889,0.05,0.95,16.064501157407413,4.0,0.1216968644970605,0,6.603923611111111,-9.967465277777778,5.0,test
5213c9e107ccd1c4753c20f7be696c49,6a8b085f816a1f75f92dbac6eb545f8f,2018-02-15 18:45:11,2018-03-07,auto,SP,SP,sao paulo,bebedouro,19.9,11.85,1,349.03853730803405,19.218622685185185,0.0344827586206896,0.9655172413793104,11.834146112707536,20.0,0.0633931403500214,0,17.98846064814815,-1.230162037037037,4.0,validation
209af0f4be00475004ee6a0b9f37ba66,9c0e69c7bf2619675bbadf47b43f655a,2017-05-22 14:59:05,2017-06-14,computers_accessories,RJ,SP,cabo frio,sao jose dos campos,217.91,17.29,1,399.0820418833079,22.375636574074075,0.0,1.0,9.893217592592592,8.0,0.0232597651560147,0,13.836516203703704,-8.53912037037037,5.0,train
b6cf32bbf714e2bc090814145da801db,86ccac0b835037332a596a33b6949ee1,2017-05-24 11:20:34,2017-06-16,watches_gifts,SP,SC,ribeirao preto,blumenau,54.99,15.13,1,649.0562484067758,22.52738425925926,0.0476190476190476,0.9523809523809524,12.932171516754847,17.0,0.029520269172235,0,12.145497685185186,-10.381886574074072,5.0,train
c4c0c97655a014bae49ca6704a0a42a7,a49928bcdf77c55c6d6e05e09a9b4ca5,2017-09-14 10:29:19,2017-10-03,toys,PR,SP,curitiba,sao paulo,79.9,16.81,1,347.38957786255526,18.56297453703704,0.05,0.95,9.985672453703703,16.0,0.0412836465283602,0,11.372037037037035,-7.1909375,5.0,train
34a989b4dcc21e3151e957dfe67df824,ba143b05f0110f0dc71ad71b4466ce92,2018-05-01 12:31:07,2018-05-14,books_technical,SP,SP,sao jose dos campos,sao paulo,57.49,11.15,1,84.40352568394341,12.478391203703705,0.0840722207590788,0.9159277792409212,13.690524680193096,6.0,0.1216587597706393,0,6.223356481481481,-6.255034722222222,4.0,test
4d31272d8cb07c4ab84562c8ae2e0fdb,f021c962aaba8ef6eb527a9c2c8394d1,2017-07-10 17:56:02,2017-08-03,musical_instruments,SP,SC,sao bernardo do campo,itajai,479.9,21.6,1,414.2204763767446,23.252754629629628,0.0,1.0,5.211647376543209,0.0,0.0314797816175824,0,15.064444444444444,-8.188310185185186,5.0,train
148faaf4575a416a7f739d55db63babe,da8622b14eb17ae2831f4ac5b9dab84a,2018-01-13 20:50:15,2018-01-30,bed_bath_table,SP,SP,sao paulo,piracicaba,44.9,9.09,1,144.68183883783183,16.131770833333334,0.0568807339449541,0.9431192660550458,11.983350620115525,134.0,0.0954974524215342,0,9.067141203703704,-7.064629629629629,5.0,validation
c1773baeca3e466698f90611606eadeb,6560211a19b47992c3666cc44a7e94c0,2018-07-15 16:17:19,2018-07-24,watches_gifts,SP,SP,itaquaquecetuba,sao paulo,59.0,7.67,1,43.747633574114246,8.32130787037037,0.0609171800136892,0.9390828199863108,10.148628563325488,140.0,0.1455746285225026,1,28.83965277777778,20.518344907407407,5.0,test
bb94354031a1df0364e66b09e197bb78,8160255418d5aaa7dbdc9f4c64ebda44,2018-04-08 13:04:47,2018-05-02,bed_bath_table,SP,SP,sao paulo,ibitinga,279.9,18.87,1,298.0504988855833,23.455011574074074,0.2252252252252252,0.7747747747747747,18.561238530196864,45.0,0.1516385047271223,0,8.2284375,-15.226574074074074,5.0,test
5494b2ddfe11df2c043ab5a56a2832bd,236585a4ddb5fea9fa40233e2249ed91,2018-08-05 13:36:36,2018-08-17,auto,SP,RS,francisco morato,caxias do sul,69.99,18.59,1,792.3408688396227,11.432916666666667,0.1111111111111111,0.8888888888888888,14.155356224279837,1.0,0.152489685485368,0,4.392905092592593,-7.040011574074074,4.0,test
55d5398213ed7a57e6841a7f436872fd,16090f2ca825584b5a147ab24aa30c86,2017-09-05 22:06:34,2017-09-18,auto,SP,SP,campinas,atibaia,40.0,8.27,1,54.50256916157437,12.078773148148148,0.0769230769230769,0.9230769230769232,11.9948590337132,7.0,0.0578342124197786,0,6.03900462962963,-6.039768518518518,5.0,train
5c6972bc5c283af10fb784b857ce63ff,d2374cbcbb3ca4ab1086534108cc3ab7,2017-07-26 13:28:41,2017-08-31,bed_bath_table,PB,SP,bananeiras,ibitinga,38.8,68.29,2,2189.5788192077703,35.438414351851854,0.0072992700729927,0.9927007299270072,15.504988341443632,47.0,0.0727912888250005,0,20.23332175925926,-15.205092592592592,3.0,train
9ba68602fafba92a21fc48911251ce31,3d871de0142ce09b7081e2b9d1733cb1,2018-01-07 10:16:19,2018-02-16,stationery,RJ,SP,petropolis,campo limpo paulista,89.0,17.87,1,381.1920466878034,39.57200231481482,0.0428571428571428,0.9571428571428572,11.94217210234788,145.0,0.1004861910396297,0,18.282291666666666,-21.289710648148148,5.0,validation
60a0b0a1df29ff83dd9083ffa44b6580,e0eabded302882513ced4ea3eb0c7059,2018-05-06 22:38:53,2018-06-01,consoles_games,PR,SP,curitiba,campinas,79.9,15.44,1,364.3508368786458,25.05633101851852,0.0,1.0,8.26849537037037,2.0,0.0850311305194366,0,8.985914351851852,-16.070416666666667,5.0,test
2d1e8425264efd28cc7993f5a8ab2c63,7142540dd4c91e2237acb7e911c4eba2,2017-12-04 10:50:18,2018-01-04,auto,SC,SP,laurentino,penapolis,389.9,19.98,1,645.1725647331373,30.548402777777778,0.0462962962962962,0.9537037037037036,14.892504501028798,28.0,0.2682610202496395,1,37.51321759259259,6.964814814814815,5.0,train
499f4d2d2bf250a1bb18ca1feab13262,602044f2c16190c2c6e45eb35c2e21cb,2017-11-23 17:58:39,2017-12-13,bed_bath_table,SP,SP,sao paulo,ibitinga,52.99,11.87,1,295.4304376408413,19.2509375,0.0,1.0,9.931976273148148,6.0,0.0496765339277041,0,17.92304398148148,-1.3278935185185186,3.0,train
475681bb16b5cd2f9120136f3ea950e3,00ee68308b45bc5e2660cd833c3f81cc,2018-03-25 21:19:14,2018-04-13,bed_bath_table,DF,SP,brasilia,sao paulo,110.0,18.35,1,870.9316872740421,18.11164351851852,0.0849056603773584,0.9150943396226416,9.517597069357093,12.0,0.1664998716981161,0,17.009525462962962,-1.1021180555555556,5.0,validation
668ad4f50b1378df49d039969a1e906a,ea8482cd71df3c1969d7b9473ff13abc,2018-06-12 11:49:45,2018-07-11,telephony,MG,SP,pirapora,sao paulo,29.99,18.31,1,720.3277844358591,28.507118055555555,0.1108764519535374,0.8891235480464625,14.153327466854408,73.0,0.1197039548958042,0,7.339745370370371,-21.167372685185185,5.0,test
aa698ace16422e85edb8c567ab9a2bf5,4736e9d642ef4257cd7622516931eb51,2018-05-10 11:07:46,2018-06-01,housewares,SP,SP,sao jose dos campos,piracicaba,35.0,15.14,1,186.36394078758065,21.536273148148148,0.0,1.0,6.723201388888889,0.0,0.081091519455948,0,5.280057870370371,-16.256215277777777,5.0,test
76eb969a695f694952f79db129b24c46,a1043bafd471dff536d0c462352beb48,2017-10-09 08:59:59,2017-11-17,garden_tools,PA,MG,belem,ilicinea,99.0,69.4,1,2196.7092557200463,38.62501157407407,0.0329670329670329,0.967032967032967,12.740584299959297,27.0,0.0484786249833654,0,31.568622685185183,-7.056388888888889,5.0,train
4b36c120a0c6045f851737d51653a036,01cf7e3d21494c41fb86034f2e714fa1,2017-04-10 23:40:48,2017-05-04,air_conditioning,SP,PR,sao paulo,francisco beltrao,59.9,15.63,1,711.2455929746311,23.01333333333333,0.0,1.0,9.205363136574071,16.0,0.0369182338221692,0,7.526111111111111,-15.487222222222222,5.0,train
061bf20146d98ef4698d0324dc4392db,0570350b23eda5444f8d1d9544932058,2018-05-16 14:36:43,2018-06-06,health_beauty,MG,SP,uberlandia,sao paulo,39.9,18.23,1,537.9806799565944,20.39116898148148,0.0,1.0,6.901041666666665,1.0,0.0847739824366091,0,4.959664351851852,-15.431504629629629,5.0,test
a16607f4220f0e60ab4c71b915dd380c,e8a85b5f3df47be0984c55fd4064dbb4,2018-08-02 22:50:14,2018-08-23,housewares,SC,DF,blumenau,brasilia,14.0,74.08,2,1234.6250577861276,20.048449074074075,0.0,1.0,8.38517824074074,1.0,0.1325720416812816,1,25.040671296296296,4.992222222222222,5.0,test
ab6c966d2edc2a1f9b49337511fdc87c,cc419e0650a3c5ba77189a1882b7556a,2017-05-31 15:14:10,2017-06-14,perfumery,SP,SP,santo andre,santo andre,113.98,17.44,2,4.012315859485289,13.365162037037036,0.0140845070422535,0.9859154929577464,11.336388481351076,73.0,0.0581610452778909,0,5.975092592592593,-7.390069444444444,5.0,train
fb037b16fa0ee4985e3ad5590d817f62,7ddcbb64b5bc1ef36ca8c151f6ec77df,2017-10-24 12:24:43,2017-11-17,cool_stuff,RJ,SP,belford roxo,sao paulo,146.99,20.52,1,347.5180901514051,23.482835648148143,0.0112359550561797,0.9887640449438202,9.675077377236786,21.0,0.037716782138366,0,7.38,-16.102835648148147,5.0,train
ded777e28f1667b9bdaf988fea71c2fd,955fee9216a65b617aa5c0531780ce60,2018-06-09 10:08:43,2018-07-12,costruction_tools_tools,BA,SP,valenca,sao paulo,250.0,48.58,1,1400.9964444122631,32.577280092592595,0.0769230769230769,0.9230769230769232,11.153353968318369,145.0,0.1412971036776215,0,11.07931712962963,-21.49796296296296,5.0,test
c583699ad331158897d9bf20f1a60004,2138ccb85b11a4ec1e37afbd1c8eda1f,2017-03-28 11:03:13,2017-04-17,auto,SP,SP,sao paulo,sao paulo,27.99,8.72,1,19.650057940423583,19.53943287037037,0.0,1.0,9.54916049382716,51.0,0.0382011375508175,0,6.174409722222222,-13.365023148148149,4.0,train
03681e41ebddb2ca0241b148a40773d0,00ee68308b45bc5e2660cd833c3f81cc,2017-10-23 10:48:50,2017-11-09,bed_bath_table,RJ,SP,rio de janeiro,sao paulo,70.0,16.74,1,348.0858182026027,16.549421296296295,0.0,1.0,4.518532021604939,8.0,0.0499450308497568,0,11.264409722222222,-5.285011574074074,4.0,train
f5534d6b1d3258a7ffec513deeeade95,5a8e7d5003a1f221f9e1d6e411de7c23,2017-08-25 17:43:52,2017-09-08,furniture_decor,SP,SP,mogi-guacu,campinas,59.9,9.74,1,56.39588635140655,13.261203703703703,0.0188679245283018,0.981132075471698,10.263077611809925,4.0,0.0234166142589355,0,4.17650462962963,-9.084699074074074,5.0,train
792295382332f1170f1edc45dfade051,91f0eec23d4a61d7d7caeefa3f0ad1ca,2017-02-08 13:05:17,2017-03-09,auto,SP,SC,guarulhos,tubarao,199.9,19.68,1,610.6571423418492,28.454664351851854,0.0048484848484848,0.9951515151515152,13.611434429541044,0.0,0.0275311882653692,0,6.005833333333333,-22.44883101851852,4.0,train
78d406c93c4c8fcfdc38b4b1b8842b9c,1cbd32d00d01bb8087a5eb088612fd9c,2018-07-21 09:48:28,2018-08-06,stationery,SP,SP,aracatuba,sp / sp,61.97,13.09,1,478.1347452525624,15.591342592592593,0.2,0.8,14.13249074074074,2.0,0.1173301556286107,0,9.298969907407407,-6.292372685185185,5.0,test
2cfad4578fbb3e63a43013da4edcf479,77530e9772f57a62c906e1c21538ab82,2018-06-08 10:17:38,2018-07-12,furniture_decor,SP,PR,sao paulo,curitiba,299.0,43.17,1,345.2632257913699,33.57108796296296,0.1264367816091954,0.8735632183908046,16.3666438732794,13.0,0.1050296113532872,0,11.046585648148149,-22.52450231481481,5.0,test
f4db4affcb95da2a38c0713f619c8313,f45122a9ab94eb4f3f8953578bc0c560,2018-04-20 17:46:12,2018-05-09,musical_instruments,SP,SP,guarulhos,piracicaba,17.99,8.64,1,137.73170951095517,18.25958333333333,0.0792682926829268,0.9207317073170732,12.885382226738932,10.0,0.1036889903526603,0,4.09525462962963,-14.164328703703704,5.0,test
fba03e479515f8c1325bb25a8704418c,1bb2bdb95f4841f1bba2c0d2cd83d3c9,2017-12-14 00:27:33,2018-01-11,books_imported,PR,SP,maringa,sao paulo,77.0,15.29,1,537.6250668475207,27.980868055555558,0.2,0.8,14.674259259259262,6.0,0.0622622987661033,0,13.67693287037037,-14.303935185185184,4.0,train
fad50f5d61cd24d316352c44508b6ef9,955fee9216a65b617aa5c0531780ce60,2018-05-01 20:04:48,2018-05-21,sports_leisure,SP,SP,guaira,sao paulo,350.0,13.55,1,409.68587246771074,19.16333333333333,0.086092715231788,0.913907284768212,11.282129675619318,205.0,0.1405137492816324,0,6.772233796296296,-12.391099537037038,4.0,test
8dbd69de4c9ba7ac0f46c387f0e67ee4,2ff97219cb8622eaf3cd89b7d9c09824,2018-05-14 16:59:30,2018-06-04,housewares,SC,SP,criciuma,salto,16.9,18.23,1,642.9855841752708,20.29201388888889,0.0588235294117647,0.9411764705882352,10.795747208605665,18.0,0.1366534538715222,1,21.023275462962964,0.7312615740740741,5.0,test
27ae4a0be8ab218e05e205f6fcacb88b,cc419e0650a3c5ba77189a1882b7556a,2017-08-14 10:04:37,2017-08-28,health_beauty,SP,SP,mogi das cruzes,santo andre,49.99,11.73,1,30.35865910914163,13.580127314814815,0.009925558312655,0.9900744416873448,10.337058347118823,132.0,0.0353423544229937,0,5.138414351851852,-8.441712962962963,5.0,train
885a0c426d02dfb90c496f1c0a52e687,527801b552d0077ffd170872eb49683b,2018-06-24 20:05:42,2018-07-16,books_general_interest,SP,SP,sao paulo,garca,516.9,17.2,1,335.43209246958867,21.16270833333333,0.0921052631578947,0.9078947368421052,14.24107029727096,1.0,0.1318095017799658,0,7.798634259259259,-13.364074074074074,5.0,test
e015afedfc53ee0d62f972db3149480b,4992e76a42cb3aad7a7047e0d3d7e729,2018-04-26 16:49:42,2018-05-17,housewares,MG,SP,governador valadares,sao paulo,79.8,45.75,2,709.2081156824485,20.298819444444444,0.0294117647058823,0.9705882352941176,7.353848379629632,1.0,0.1056115123158429,0,7.152060185185185,-13.14675925925926,5.0,test
c0671cda25f7253fc814a9d6c9171583,5f26c1408a65b42a7224cd463bdf3292,2018-08-18 20:29:53,2018-09-12,health_beauty,RJ,PR,nova iguacu,arapongas,123.6,22.8,1,820.6191503925445,24.14591435185185,0.0,1.0,6.578814814814815,4.0,0.1228614797160172,0,6.106458333333333,-18.03945601851852,5.0,test
20ffa1dd114d05854717ad7de094930c,44073f8b7e41514de3b7815dd0237f4f,2017-03-14 11:33:55,2017-04-06,health_beauty,RJ,DF,nova iguacu,brasilia,138.9,16.67,1,902.0998976475032,22.518113425925925,0.0,1.0,4.240428240740741,4.0,0.0224882490112496,0,17.069224537037037,-5.448888888888889,3.0,train
123aa2088a801eabe35c3c67444e5fdf,1835b56ce799e6a4dc4eddc053f04066,2018-07-14 00:30:13,2018-07-30,bed_bath_table,SP,SP,irapuru,ibitinga,53.98,13.96,1,261.44817604503385,15.979016203703704,0.1311953352769679,0.8688046647230321,14.15200973841918,26.0,0.1179991119007752,0,11.610150462962965,-4.36886574074074,5.0,test
d245d1728ad7cc2081cb50838d7d6fcb,709e16e2b25c7474d980076c6bfc4806,2018-06-01 08:19:07,2018-07-11,health_beauty,DF,SP,brasilia,birigui,25.9,18.23,1,661.1228053682809,39.653391203703706,0.064516129032258,0.935483870967742,13.834486260454003,1.0,0.0780259507449841,0,4.5519791666666665,-35.10141203703704,5.0,test
25be8e0ff01817a8a96f61605da2e447,85d9eb9ddc5d00ca9336a2219c97bb13,2018-08-17 16:52:19,2018-09-26,computers_accessories,RJ,MG,sao goncalo,belo horizonte,34.9,15.34,1,347.6327966174372,39.29700231481481,0.0380549682875264,0.9619450317124736,14.83235553206484,46.0,0.0781824849068608,0,13.058379629629629,-26.238622685185184,4.0,test
91cc93a882b7f96a25e4a0c32dd6ad36,66922902710d126a0e7d26b0e3805106,2018-07-30 23:54:48,2018-08-10,pet_shop,SP,MG,pirassununga,belo horizonte,69.9,19.68,1,435.8510784411071,10.00361111111111,0.0687022900763358,0.931297709923664,11.779609397087924,13.0,0.1342853736093419,0,8.966597222222223,-1.037013888888889,5.0,test
acf165225c8558f60e21f75d7e1a3c30,e9779976487b77c6d4ac45f75ec7afe9,2018-06-19 04:05:45,2018-07-04,drinks,SP,SP,sao paulo,praia grande,75.0,9.84,1,47.58819503948124,14.829340277777778,0.0794297352342158,0.920570264765784,10.687875980614022,48.0,0.1073260425388292,0,2.570798611111111,-12.258541666666666,1.0,test
46326cfd1e55e365befe43843126f088,77530e9772f57a62c906e1c21538ab82,2018-01-14 19:29:57,2018-02-14,furniture_decor,SP,PR,mococa,curitiba,147.0,45.3,3,500.5502034199341,30.18753472222222,0.1171875,0.8828125,15.554212782118048,19.0,0.0832207357490592,0,11.034652777777778,-19.152881944444445,4.0,validation
03c16ffcf7b8792fa870d8cd7abc4b7f,97512d3fc193b2d1dfcdba0f9d1f0f8a,2018-04-25 14:57:23,2018-05-04,computers_accessories,SP,SP,ribeirao pires,sao paulo,127.98,22.3,2,15.602714645344356,8.376817129629629,0.0,1.0,8.45181712962963,0.0,0.1344881678602202,0,2.260613425925926,-6.116203703703704,5.0,test
d79983d40a8d093d5e2a1b7cdc2d1741,37515688008a7a40ac93e3b2e4ab203f,2017-11-24 22:17:39,2017-12-14,consoles_games,SP,SP,pontal,dracena,24.5,11.85,1,365.9321905982044,19.07107638888889,0.0679611650485436,0.9320388349514565,13.984459052499098,32.0,0.0665698352655465,0,13.711307870370373,-5.359768518518519,4.0,train
42e9af98d600b96e51f57f1cd3d1529d,aba1721a889e04decc910aa13b768ef4,2018-08-08 10:28:22,2018-08-13,stationery,SP,SP,barueri,sao paulo,176.0,8.49,1,21.708445615707124,4.563634259259259,0.08,0.92,9.077223919753086,5.0,0.1615112984317141,1,5.509409722222222,0.945775462962963,5.0,test
dd50addabe54a9c924c82e73c4daac41,0cbcee27c791afa0cdcb08587a2013a8,2018-04-27 01:56:15,2018-05-21,fashion_bags_accessories,SP,MG,sao carlos,tres coracoes,115.0,23.39,1,271.7616008910736,23.91927083333333,0.0833333333333333,0.9166666666666666,12.03799430941358,3.0,0.0878993395766019,0,5.806041666666666,-18.113229166666667,3.0,test
a71763b37d5723556f170c6b45f540ed,a2a41aedb70551d4a85aa04dc2fced48,2017-11-16 13:53:55,2017-11-29,home_appliances,SP,SP,jundiai,sao paulo,23.89,9.34,1,67.14081618374601,12.420891203703704,0.0401256329722453,0.9598743670277546,12.221667948697633,0.0,0.0779510393388588,0,8.231689814814814,-4.189201388888889,3.0,train
cb303a906d3da8596487dc9de116fae8,113e3a788b935f48aad63e1c41dac1bd,2017-12-08 23:55:40,2018-01-16,christmas_supplies,PR,SP,turvo,aparecida,8.1,15.1,1,682.9655772881608,38.00300925925926,0.0,1.0,12.106854423868317,6.0,0.0444157679636685,0,18.161875,-19.84113425925926,5.0,train
ef9c3f4c087b655a9255b0c846640e7c,ac3508719a1d8f5b7614b798f70af136,2017-11-27 07:47:10,2017-12-11,toys,RS,RS,porto alegre,canoas,129.8,24.47,1,31.16698908488076,13.675578703703705,0.0,1.0,9.199293134598014,16.0,0.1319659540421529,0,1.5800578703703705,-12.095520833333332,3.0,train
7e33051b148132bd0c823915b8863e35,620c87c171fb2a6dd6e8bb4dec959fc6,2018-05-03 07:24:46,2018-05-28,health_beauty,SP,RJ,sao paulo,petropolis,159.9,20.09,1,359.3028233407821,24.691134259259258,0.117750439367311,0.8822495606326889,13.799025357189365,21.0,0.1150784145452358,0,5.648657407407407,-19.04247685185185,5.0,test
44aa6cb9b49cd7412acad36a95e32212,e6a69c4a27dfdd98ffe5aa757ad744bc,2017-02-08 19:37:39,2017-03-21,small_appliances,PR,SP,apucarana,sao paulo,59.85,15.63,1,490.6165416442191,40.1821875,0.0,1.0,5.834953703703704,1.0,0.0116112618404909,0,29.69957175925926,-10.48261574074074,5.0,train
eea58982d534991bfd7f844e9ff0e28f,62c50c1af4dfdc4149d25c5222043d39,2017-03-25 22:15:25,2017-04-20,home_construction,DF,SP,brasilia,sao paulo,139.99,17.41,1,912.3765608122744,25.072627314814813,0.0,1.0,10.398234953703705,4.0,0.0313577110093061,0,18.650752314814813,-6.421875,3.0,train
1254db2858a5edb97a4c724409299e13,c70c1b0d8ca86052f45a432a38b73958,2018-08-05 22:14:53,2018-08-13,health_beauty,SP,SP,sao paulo,hortolandia,110.32,8.03,1,91.14996777516454,7.072997685185185,0.0380952380952381,0.961904761904762,7.694092592592595,62.0,0.1596386579378929,1,8.03744212962963,0.9644444444444444,4.0,test
6d76568d08aee5f1128bd0fb92071349,5058e8c1e82653974541e83690655b4a,2018-03-31 08:37:18,2018-04-26,office_furniture,SP,SP,sao paulo,itaquaquecetuba,79.99,15.46,1,29.066643618372535,25.640763888888888,0.0606060606060606,0.9393939393939394,24.42460051907969,5.0,0.1438700217319408,0,19.38461805555556,-6.256145833333333,4.0,validation
bc5f75667672b3ffd7dd4daea8c408ce,1c68394e931a64f90ea236c5ea590300,2017-12-06 22:24:22,2018-01-10,computers_accessories,SP,PR,sao paulo,sarandi,190.32,13.46,1,536.1626902922611,34.06641203703704,0.0,1.0,11.851771336553943,31.0,0.0301752086804526,0,12.891180555555556,-21.17523148148148,5.0,train
8f7c88fa60b5aa1c1c2cff8a775bc4c0,1f50f920176fa81dab994f9023523100,2018-05-04 17:02:02,2018-06-06,garden_tools,SC,SP,timbo,sao jose do rio preto,53.9,16.07,1,669.6020129629442,32.29025462962963,0.1202475685234305,0.8797524314765695,16.551453513360865,112.0,0.1564056638120241,0,7.243391203703704,-25.046863425925928,5.0,test
abf95d8f93963d70ab53ff935297c315,99eaacc9e6046db1c82b163c5f84869f,2017-03-21 15:07:48,2017-04-20,telephony,BA,SP,iguai,franca,299.0,22.54,1,1006.7163876716749,29.36958333333333,0.0,1.0,13.24750578703704,3.0,0.0691901825968141,0,14.772152777777778,-14.597430555555556,2.0,train
f967a36beb9cc4a1c8899db2d4adfacb,5656537e588803a555b8eb41f07a944b,2018-03-29 19:49:55,2018-04-20,electronics,PI,DF,teresina,brasilia,17.89,19.04,1,1323.2087409177475,21.17366898148148,0.050632911392405,0.9493670886075948,11.921157993436475,15.0,0.1551350043873638,1,25.73806712962963,4.564398148148148,1.0,validation
09e6dfb3a40d9c2e75458a76ff06e2d5,8f119a0aee85c0c8fc534629734e94fd,2017-02-11 10:42:55,2017-03-10,toys,SP,SP,sao caetano do sul,barueri,34.9,10.96,1,33.55565199689313,26.55353009259259,0.0,1.0,7.691168981481481,1.0,0.0146454435730444,0,4.851365740740741,-21.70216435185185,5.0,train
215b38acfb4aef3bb0144656bb102421,da7039f29f90ce5b4846ffc0fcc93beb,2018-05-18 01:52:29,2018-06-12,cine_photo,MA,SP,sao luis,santo andre,49.8,22.85,1,2365.3989661052638,24.921886574074072,0.0,1.0,6.49298225308642,7.0,0.1788247701416736,0,19.84149305555556,-5.080393518518519,5.0,test
cb21a02602964e085cb4e31a404a310e,6c7d50c24b3ccd2fd83b44d8bb34e073,2017-08-15 17:03:45,2017-09-15,furniture_decor,BA,SP,barreiras,presidente prudente,37.5,19.59,1,1299.263437858303,30.2890625,0.0,1.0,12.81699074074074,6.0,0.0588182136257818,0,17.145625,-13.1434375,5.0,train
0259b4edb1ee1ebd0263f59bd790a938,2a1348e9addc1af5aaa619b1a3679d6b,2017-09-01 03:12:29,2017-09-20,health_beauty,SP,MG,sao bernardo do campo,belo horizonte,54.9,14.13,1,499.4946114901196,18.86633101851852,0.2068965517241379,0.7931034482758621,17.171265565134096,2.0,0.0534922337270254,0,18.574803240740746,-0.2915277777777778,4.0,train
cb0bbf1c3c3c44727e7374c8ec944154,562fc2f2c2863ab7e79a9e4388a58a14,2018-04-27 21:36:20,2018-05-15,telephony,SP,SP,sao paulo,campinas,29.99,7.39,1,83.09189514461654,17.09976851851852,0.0642201834862385,0.9357798165137614,13.333697863574583,40.0,0.1109192312184998,0,10.83275462962963,-6.267013888888889,4.0,test
73573871323db760fe4f1b0c508ecff0,f680f85bee2d253556ac91be391d2c82,2018-05-17 16:52:37,2018-05-28,baby,SP,SP,sao paulo,carapicuiba,34.99,8.29,1,36.6368872617297,10.296793981481482,0.0,1.0,10.354410403050112,1.0,0.1002005913292603,1,14.777708333333331,4.480914351851852,4.0,test
13e182176ed27f0b257e846501ee38ca,2dee2ce60de9709b1a24083217181a1f,2017-11-13 16:40:24,2017-12-12,perfumery,MG,MT,machado,sinop,143.0,38.55,1,1495.7292742322325,28.30527777777778,0.0,1.0,12.869127918679547,9.0,0.0631384135483091,0,16.217604166666668,-12.08767361111111,5.0,train
f274085054bdfe367afdee18bb4e5555,2f4b0d3b9634b647d4edee577d7ebb7e,2018-02-16 14:13:03,2018-03-05,perfumery,SP,SP,sao paulo,sao paulo,34.9,7.78,1,15.434746821180465,16.407604166666665,0.0,1.0,6.133260030864197,5.0,0.0697904927261794,0,6.106064814814815,-10.301539351851853,5.0,validation
ea07d806c0b64019983aad62a7ee6ba5,8160255418d5aaa7dbdc9f4c64ebda44,2018-01-29 10:43:48,2018-02-20,bed_bath_table,SP,SP,penapolis,ibitinga,119.9,13.86,1,132.8926432467367,21.55291666666667,0.2666666666666666,0.7333333333333334,20.177844810956795,32.0,0.1092164452251809,0,7.543564814814815,-14.009351851851852,5.0,validation
d38165ac0823af98c6668c357fe19b5c,b1fc4f64df5a0e8b6913ab38803c57a9,2017-12-10 13:56:27,2017-12-28,watches_gifts,RJ,RJ,rio de janeiro,sao goncalo,80.0,7.98,1,17.288277086196494,17.419131944444445,0.1724137931034483,0.8275862068965517,16.236817927841635,6.0,0.0982570838208977,0,8.226550925925926,-9.19258101851852,5.0,train
69ffcc06382c0d6b91a0d6a647603a8f,5b67882648febfb6e1225e6ad7164f6b,2017-08-09 12:40:41,2017-08-31,sports_leisure,SP,PR,paulinia,umuarama,45.8,24.96,2,633.9272906619087,21.471747685185186,0.0,1.0,11.00664351851852,2.0,0.0289413078873513,0,8.299930555555555,-13.17181712962963,5.0,train
8ad43a57bb88d52531c6facae014a8ae,dbc22125167c298ef99da25668e1011f,2018-07-04 12:37:38,2018-07-23,fashion_bags_accessories,MG,MG,conselheiro lafaiete,borda da mata,96.8,14.98,1,302.7175400052,18.47386574074074,0.0284090909090909,0.9715909090909092,11.914132043087116,21.0,0.0873512203143063,0,6.478321759259259,-11.99554398148148,4.0,test
b0d1a361bbba5b9253ef15ba8fa7b54a,ceaec5548eefc6e23e6607c5435102e7,2018-04-16 21:32:12,2018-05-09,cool_stuff,SP,SP,hortolandia,sao paulo,269.0,16.79,1,95.77637923451822,22.10263888888889,0.0140845070422535,0.9859154929577464,13.352939488784555,37.0,0.1217734769582929,0,9.150439814814815,-12.952199074074072,3.0,test
88fc6bd429f0b065b3c80ec1e323c890,aba1721a889e04decc910aa13b768ef4,2018-06-09 18:13:31,2018-06-20,stationery,SP,SP,sorocaba,sao paulo,43.0,14.78,2,79.52217599696743,10.240613425925924,0.0769230769230769,0.9230769230769232,9.382482905982904,2.0,0.1053508222119812,0,5.159699074074074,-5.080914351851852,5.0,test
64e24ddb88fc682e81c8c49c6d6600d8,c70c1b0d8ca86052f45a432a38b73958,2018-04-30 09:25:50,2018-05-17,health_beauty,ES,SP,vitoria,hortolandia,110.32,15.65,1,769.5434863838306,16.607060185185187,0.0,1.0,4.152466724537038,25.0,0.1511724555707733,0,14.487916666666669,-2.1191435185185186,5.0,test
9bdf0443f07f3b2fcff74937bf1df6d2,b81e3a6c866a764974fe849821abeebd,2018-07-26 13:19:27,2018-08-09,housewares,SP,SP,penapolis,maua,125.4,24.96,1,450.2638917396159,13.444826388888888,0.0,1.0,8.64699074074074,1.0,0.1444835946450414,0,11.242673611111112,-2.2021527777777776,4.0,test
7c24ba395c0e8eedbf5458052dc2bba3,16090f2ca825584b5a147ab24aa30c86,2017-07-27 12:51:57,2017-08-09,consoles_games,SP,SP,sao paulo,atibaia,332.0,11.07,1,56.77793911679653,12.463923611111111,0.0434782608695652,0.9565217391304348,15.45020531400966,9.0,0.0948426745033236,0,1.1324768518518518,-11.33144675925926,5.0,train
6289102facc42d587c415f1ac8df5b2d,6560211a19b47992c3666cc44a7e94c0,2018-03-19 19:50:09,2018-04-05,watches_gifts,SP,SP,sorocaba,sao paulo,78.9,24.64,2,78.98426074512597,16.173506944444444,0.0539215686274509,0.946078431372549,10.263058324255631,76.0,0.1282868477882336,0,3.943958333333333,-12.229548611111111,1.0,validation
0519649fc6c78b0e228b6ea8e6767095,16090f2ca825584b5a147ab24aa30c86,2018-07-13 12:49:15,2018-08-01,auto,RJ,SP,arraial do cabo,atibaia,29.29,18.31,1,460.98224776101097,18.46579861111111,0.0792079207920792,0.9207920792079208,9.706241138002696,48.0,0.1751907992798874,0,11.241157407407409,-7.224641203703704,5.0,test
81cedc4d2132eb6f512354166e51b187,179d859f51292aac5c10806a356f7af9,2018-07-30 21:02:01,2018-08-09,electronics,SP,SP,cruzeiro,ribeirao pires,17.49,12.79,1,193.4289597601164,9.123599537037038,0.0,1.0,7.091925925925926,9.0,0.1158678196732378,0,7.923402777777778,-1.2001967592592593,1.0,test
b571f972f69a2f91ebd89ed09a6ebf42,ea67327e24487bdfac5fbfa37ea124df,2018-07-03 00:08:08,2018-07-30,bed_bath_table,SP,SP,varzea paulista,ibitinga,159.9,21.76,1,260.2169087904675,26.994351851851853,0.0,1.0,10.15459722222222,9.0,0.0875048033669265,0,7.982395833333333,-19.01195601851852,3.0,test
19a24ba386e8363a6dd9973d015e5410,b9a03475e6447e631b6799ec8274800f,2017-12-04 15:00:42,2018-01-11,art,ES,PR,aracruz,formosa do oeste,49.9,26.89,1,1432.7964620544003,37.37451388888889,0.0,1.0,7.860300925925926,3.0,0.1042116032002872,0,5.005740740740741,-32.36877314814815,5.0,train
3426a8ff7d6108c541c7edd4ede5cf18,cd06602b43d8800bd0afad514919d35c,2017-04-03 15:37:39,2017-04-28,housewares,RS,SP,santo augusto,sao paulo,202.0,38.6,2,857.622272454015,24.348854166666666,0.0,1.0,10.595595619658118,10.0,0.0520640681331255,0,9.069675925925926,-15.27917824074074,1.0,train
7674a39ac1ba0b1ca68a18cfbd151b1b,53e4c6e0f4312d4d2107a8c9cddf45cd,2017-07-28 17:03:33,2017-08-28,housewares,PR,SP,curitiba,pedreira,54.06,30.22,2,385.0091043531784,30.289201388888888,0.0232558139534883,0.9767441860465116,13.535292850990528,16.0,0.0097393193563448,0,9.912407407407407,-20.37679398148148,2.0,train
89ce68f38090867719b22774f8bf5861,cca3071e3e9bb7d12640c9fbe2301306,2017-11-29 23:20:45,2017-12-21,bed_bath_table,SP,SP,guaira,ibitinga,148.93,14.06,1,167.8188952693892,21.02725694444445,0.0405156537753222,0.9594843462246776,13.513436285041935,58.0,0.0922790231833532,0,8.646840277777779,-12.380416666666669,5.0,train
a1fb0092d4374d4f3a232d9fff762b14,a1043bafd471dff536d0c462352beb48,2018-03-20 10:49:06,2018-04-09,computers_accessories,MG,MG,campo belo,ilicinea,139.0,23.83,1,57.53144140737393,19.54923611111111,0.0414746543778801,0.9585253456221198,14.236279788573132,61.0,0.0688676099804101,0,6.609259259259259,-12.939976851851853,5.0,validation
0e559702749c8ecac2272fa97d1624dd,a1043bafd471dff536d0c462352beb48,2017-07-17 13:57:23,2017-08-10,garden_tools,PR,MG,guarapuava,ilicinea,120.0,38.36,1,758.4041259363743,23.418483796296297,0.0185185185185185,0.9814814814814816,12.921053026406035,8.0,0.0380464543232924,0,15.11542824074074,-8.303055555555556,4.0,train
6bc6b07e448bae52d248c4df401d6157,cca3071e3e9bb7d12640c9fbe2301306,2017-01-20 19:44:07,2017-03-03,furniture_decor,SP,SP,sao jose dos campos,ibitinga,39.9,11.74,1,343.44768861799525,41.17769675925926,0.0,1.0,18.863062920875414,28.0,0.0226680040803972,0,5.840034722222223,-35.337662037037035,5.0,train
483e06611c77dee5a2e4b91b489eb95e,ea8482cd71df3c1969d7b9473ff13abc,2017-09-15 15:03:39,2017-10-05,telephony,GO,SP,goiania,sao paulo,59.98,28.2,2,817.2786893996131,19.372465277777778,0.0,1.0,9.400873842592592,25.0,0.0494731124043376,0,17.140555555555554,-2.2319097222222224,5.0,train
cedd898e1a953e9a8f3d763a364f6717,7e3f87d16fb353f408d467e74fbd8014,2017-08-17 17:03:31,2017-09-13,computers_accessories,ES,SP,cachoeiro de itapemirim,sao paulo,28.9,15.1,1,653.7581661756268,26.28922453703704,0.0,1.0,9.001826388888889,4.0,0.0128391032837576,0,8.029004629629629,-18.260219907407407,4.0,train
71ca3bab201007339dfb592df2d185d4,46dc3b2cc0980fb8ec44634e21d2718e,2017-10-23 19:29:00,2017-11-14,sports_leisure,SP,RJ,areiopolis,rio de janeiro,269.99,17.65,1,562.2958074540325,21.188194444444445,0.0179372197309417,0.9820627802690582,9.7853714603056,72.0,0.0244851008456472,0,8.070023148148149,-13.118171296296296,5.0,train
76ee52772850236ff2a3b3a6b32f1cfe,827f8f69dfa529c561901c4f2e0f332f,2017-05-10 22:44:23,2017-05-30,fashion_shoes,SP,PR,ribeirao preto,curitiba,37.9,15.1,1,509.7055704994269,19.052511574074074,0.0,1.0,10.75677925084175,17.0,0.0449431586881184,0,13.349525462962964,-5.702986111111112,5.0,train
e6c31d156f3b4cbe1942da11b01e386f,d03698c2efd04a549382afa6623e27fb,2017-05-19 09:41:53,2017-06-19,computers_accessories,CE,BA,sobral,ilheus,347.42,30.83,1,1241.3831696658983,30.595914351851853,0.0,1.0,19.485015432098766,0.0,0.0676649095710392,0,12.28559027777778,-18.310324074074074,5.0,train
f9fc6b37b2a3a42ef88b609566e731c0,7c67e1448b00f6e969d365cea6b010ab,2017-02-05 09:02:40,2017-03-15,office_furniture,SP,SP,sao paulo,itaquaquecetuba,119.99,11.45,1,42.16560608927114,37.62314814814815,0.0060331825037707,0.9939668174962292,14.192019639414651,17.0,0.0311191540337816,0,23.95916666666667,-13.663981481481482,5.0,train
a24ea9c91abcc9f575f813eec32ef41e,955fee9216a65b617aa5c0531780ce60,2017-11-18 13:37:41,2017-12-04,furniture_decor,SP,SP,ribeirao pires,sao paulo,150.0,26.16,2,30.51207156262001,15.432164351851853,0.0,1.0,8.275657133284598,30.0,0.0766142065141502,0,6.120787037037037,-9.311377314814814,5.0,train
5ade2c3932a0c4836b4eb4e16f4373db,3bdff180c7e1f6551a643b99c265a120,2017-02-20 18:50:57,2017-03-21,computers_accessories,RJ,SP,sao goncalo,sao paulo,76.9,20.62,1,393.08625355679874,28.214618055555555,0.0,1.0,7.997789351851852,5.0,0.0241563462160972,0,16.61875,-11.595868055555556,5.0,train
bd76688da0406f5c377080cc43888b5e,3f995f07c49d0d55a99d5c54957f7d81,2017-06-27 15:34:03,2017-07-19,auto,RJ,SP,nova iguacu,itapecerica da serra,99.0,16.94,1,363.1640191847234,21.351354166666667,0.0,1.0,8.663066358024691,11.0,0.0174102442432583,0,10.15542824074074,-11.195925925925923,5.0,train
3272770f15ff5da42dc4973b1b179552,a1043bafd471dff536d0c462352beb48,2018-06-20 14:44:03,2018-07-24,computers_accessories,RS,MG,porto alegre,ilicinea,156.49,100.56,2,1148.6403058516012,33.38607638888889,0.0590163934426229,0.940983606557377,14.244550470552516,36.0,0.1130347316206825,0,13.081435185185184,-20.304641203703703,5.0,test
191019adbccb0d2a1f8bf25e117c9252,e2aee0892199b1d92530e371abd825bf,2017-07-15 13:18:33,2017-08-10,sports_leisure,RJ,PR,rio de janeiro,rolandia,119.9,155.82,1,786.7086530870054,25.445451388888888,0.0625,0.9375,14.380222077546296,4.0,0.0768638741535534,0,11.216342592592593,-14.229108796296297,5.0,train
5075b9e252eb0b3f1350f282c94a82b0,4a3ca9315b744ce9f8e9374361493884,2017-11-24 08:15:54,2017-12-14,bed_bath_table,SP,SP,mogi das cruzes,ibitinga,59.9,11.92,1,333.9783459537394,19.655625,0.0423031727379553,0.9576968272620446,12.986927280541412,123.0,0.2159428521774722,0,18.25086805555556,-1.4047569444444443,1.0,train
8384cc8291fa3f9512995c77446cf25b,33ac3e28642ab8bda860a2f693000e78,2018-04-07 12:43:39,2018-04-23,sports_leisure,SP,SP,sao paulo,cotia,104.9,9.09,1,24.375217871842228,15.4696875,0.0,1.0,8.70759963768116,2.0,0.0820353249393291,0,4.496585648148148,-10.973101851851853,5.0,test
0c1f5fca68708d9a22f8a9fe30b5c588,80e6699fe29150b372a0c8a1ebf7dcc8,2017-01-22 13:14:39,2017-02-28,sports_leisure,PR,PR,cascavel,pinhais,113.0,20.09,1,433.04095334022855,36.44815972222222,0.0,1.0,8.060460069444444,6.0,0.0117550069201094,0,8.159965277777777,-28.288194444444443,5.0,train
a29c6282a6e4ec30881051cfaa99029c,5670f4db5b62c43d542e1b2d56b0cf7c,2018-06-20 17:18:04,2018-07-17,perfumery,RJ,SP,aperibe,sao paulo,349.97,25.25,1,496.3161960038971,26.27912037037037,0.1,0.9,10.622226851851853,8.0,0.1500834129890351,0,7.02681712962963,-19.25230324074074,5.0,test
989349701595e3faf7560eed7aabc830,850f4f8af5ea87287ac68de36e29107f,2017-07-03 19:24:45,2017-07-21,cool_stuff,SP,SP,osasco,sao paulo,499.9,14.7,1,17.231200901838992,17.191145833333334,0.0,1.0,7.180230709876542,7.0,0.0254883791347147,0,7.061631944444445,-10.129513888888887,5.0,train
1a1ddb5980f9699031296734e1b01187,dd7ddc04e1b6c2c614352b383efe2d36,2018-06-29 19:26:47,2018-07-25,pet_shop,SP,SP,sao paulo,sao paulo,49.9,14.74,1,17.447026054921462,25.18973379629629,0.1782178217821782,0.8217821782178218,14.832262215804915,8.0,0.1194528561107533,0,14.670358796296297,-10.519375,5.0,test
e1cce1b92d11a7a2edd0cbcb4de05aa5,669ae81880e08f269a64487cfb287169,2017-07-04 23:59:54,2017-08-02,sports_leisure,DF,SC,brasilia,rio do sul,65.0,25.73,1,1276.940977960314,28.00006944444445,0.0384615384615384,0.9615384615384616,12.279338942307689,12.0,0.0287569293757941,0,13.456805555555556,-14.54326388888889,4.0,train
a13c2dd333f7fc6e2cc260f2e307ae0e,de722cd6dad950a92b7d4f82673f8833,2018-02-22 15:43:46,2018-03-26,computers_accessories,MG,PE,jaiba,recife,149.9,27.59,1,1243.2882603335038,31.34460648148148,0.0,1.0,12.710365410052916,58.0,0.0466286395555818,0,25.306215277777778,-6.038391203703704,5.0,validation
2fa486d029393f1935691163d018a843,1f50f920176fa81dab994f9023523100,2017-10-21 15:58:43,2017-11-13,garden_tools,MG,SP,belo horizonte,sao jose do rio preto,59.9,17.67,1,577.7238611192836,22.33422453703704,0.0251572327044025,0.9748427672955976,13.856065724726305,94.0,0.0454531440873868,0,13.027835648148148,-9.30638888888889,4.0,train
a006b205e3eb2c6f672a5a4ca2513d6e,198c7ea11960a9844b544d9bcdca860c,2017-07-30 14:52:40,2017-08-28,small_appliances,BA,MG,salvador,jacutinga,16.99,16.79,1,1347.9116695374034,28.380092592592597,0.1666666666666666,0.8333333333333334,15.37603073559671,7.0,0.105615268644192,0,11.126817129629629,-17.253275462962964,5.0,train
104a4ed42832085322a2ef0d1649b284,48162d548f5b1b11b9d29d1e01f75a61,2018-05-10 11:17:51,2018-06-05,electronics,MG,SP,itapecerica,piracicaba,174.0,20.19,1,363.7228185580403,25.52927083333333,0.0357142857142857,0.9642857142857144,12.510075024801589,3.0,0.1005453219640952,0,8.163298611111111,-17.365972222222222,5.0,test
4eb3a441cbc81bd1c7d4449e569ae605,5dceca129747e92ff8ef7a997dc4f8ca,2017-03-05 23:01:56,2017-03-23,luggage_accessories,SP,SP,araraquara,santa barbara d´oeste,109.9,24.05,1,133.4772201302317,17.040324074074075,0.0,1.0,10.309935515873017,7.0,0.0645471056551281,0,9.673587962962962,-7.366736111111111,5.0,train
7a8107927fd13f239a62ba070873fe45,537eb890efff034a88679788b647c564,2018-07-30 00:04:55,2018-08-03,stationery,RJ,RJ,volta redonda,rio de janeiro,19.9,7.56,1,100.59002271536832,3.996585648148148,0.0534351145038167,0.9465648854961832,9.708358513570818,15.0,0.1320502994348342,0,3.0707175925925925,-0.9258680555555556,4.0,test
e6a667b8b4e8787c667b00724e884177,b3e2faf2c1004d674f16a3aa3197f0e1,2017-05-10 10:34:13,2017-05-26,auto,SP,SP,sao paulo,ribeirao preto,24.49,11.85,1,296.1910354372907,15.55957175925926,0.0,1.0,7.200549768518519,0.0,0.0511455433598718,0,5.975300925925926,-9.584270833333331,5.0,train
7f05df42e3ae8f2e28d17d9be08995fb,9674754b5a0cb32b638cec001178f799,2018-02-26 09:52:56,2018-03-16,small_appliances,RJ,SP,rio de janeiro,sao paulo,79.9,15.32,1,369.578589489241,17.58824074074074,0.0,1.0,8.123117223668984,12.0,0.1488204248504728,0,17.51297453703704,-0.0752662037037037,5.0,validation
f481e2c2c039ab1665d048d7e2cf5e00,98dac6635aee4995d501a3972e047414,2018-06-06 16:53:30,2018-07-17,housewares,PR,SP,cascavel,sao paulo,60.45,91.15,5,716.8648012257719,40.29618055555556,0.0958904109589041,0.904109589041096,10.412919996194823,8.0,0.0764192273096676,0,7.163136574074074,-33.13304398148148,1.0,test
076d71b244e240e104ffe5bf5985faa2,aafe36600ce604f205b86b5084d3d767,2017-05-26 15:14:25,2017-06-26,baby,MG,SC,betim,sao jose,69.9,19.03,1,956.582954556488,30.36498842592593,0.0,1.0,13.40279899691358,7.0,0.018464163898081,0,10.974814814814817,-19.390173611111116,5.0,train
d7dea38a19ada84d1329581a16b14f63,dbc22125167c298ef99da25668e1011f,2017-05-17 18:17:20,2017-06-19,luggage_accessories,RS,MG,porto alegre,borda da mata,102.9,29.12,1,1000.6110334045773,32.23796296296296,0.0,1.0,12.786046810699592,12.0,0.0232259555122167,0,11.712754629629629,-20.52520833333333,3.0,train
4e2dd9e20a1cd0b33cb72ff01b8872de,232a6014e7b10cba61c6c2b2ea6bb4b0,2017-12-03 13:15:07,2018-01-02,pet_shop,ES,SP,sao mateus,cafelandia,99.9,21.19,1,1070.898532540368,29.44783564814815,0.0,1.0,12.688481316137564,0.0,0.1898403159486028,0,13.172025462962964,-16.275810185185186,5.0,train
280a1ee261c5b9821daccb1fcdd0f776,669ae81880e08f269a64487cfb287169,2018-08-08 12:55:10,2018-08-20,books_general_interest,SP,SC,serra negra,rio do sul,115.0,18.91,1,590.5438891190653,11.461689814814816,0.0440251572327044,0.9559748427672956,12.252308554623806,2.0,0.1208273690490368,0,8.023969907407407,-3.4377199074074074,5.0,test
fb6f921f7362a60a75e0a4cd6acc5f2e,bd149ed516d4c5d418d5781f8e18919f,2018-08-20 21:21:37,2018-08-24,furniture_decor,SP,SP,indaiatuba,guarulhos,69.0,12.78,1,91.64645878946249,3.109988425925926,0.0,1.0,11.333443287037037,1.0,0.1640077817495987,0,2.160162037037037,-0.9498263888888888,5.0,test
c4af0542c4e80ac8948b90a8e681438a,e5a3438891c0bfdb9394643f95273d8e,2018-03-28 07:16:09,2018-04-10,fashion_bags_accessories,SP,SP,sao paulo,limeira,40.6,15.42,2,147.10583748209714,12.697118055555556,0.1593406593406593,0.8406593406593407,14.956268187830675,26.0,0.151473361233255,0,5.764409722222222,-6.932708333333333,5.0,validation
f59727f72b472d9e3863e4b4b277e1a9,dbd66278cbfe1aa1000f90a217ca4695,2018-01-09 08:26:47,2018-02-05,electronics,RS,SP,carazinho,sao paulo,79.9,21.05,1,800.2361908093538,26.64806712962963,0.0909090909090909,0.9090909090909092,12.382064393939396,6.0,0.0955256013020542,0,8.393472222222222,-18.25459490740741,5.0,validation
da7025e8d32030ef1d9e4a200eb7dcec,06df0c10d34e459d9672bc77388742eb,2018-06-16 19:46:56,2018-07-31,sports_leisure,RJ,PR,rio de janeiro,maringa,349.0,24.37,1,875.369974751332,44.17574074074074,0.1875,0.8125,11.305109230324074,2.0,0.1251912415512509,0,9.237256944444445,-34.938483796296296,5.0,test
c410904a63a021b7cc16816947ea4769,7d13fca15225358621be4086e1eb0964,2018-03-20 14:04:25,2018-04-17,audio,MT,SP,rondonopolis,ribeirao preto,467.0,24.98,1,889.6600759414853,27.41359953703704,0.0,1.0,13.078887731481482,85.0,0.138989169992918,1,27.44128472222222,0.0276851851851851,5.0,validation
2f80e75d1ecbb82164966f64abf451fc,de722cd6dad950a92b7d4f82673f8833,2018-02-23 10:46:06,2018-03-19,computers_accessories,SP,PE,presidente prudente,recife,149.9,36.37,1,2348.9950594732936,23.551319444444445,0.0,1.0,13.243914485398866,60.0,0.1191248352378296,1,25.386180555555555,1.834861111111111,4.0,validation
7910cbbb5ec1350cb4b3c519df4ec404,4830e40640734fc1c52cd21127c341d4,2018-03-03 15:39:36,2018-04-02,housewares,SP,SP,sao paulo,sao paulo,25.0,17.0,1,8.313930281162204,29.3475,0.0533333333333333,0.9466666666666668,10.66319537037037,22.0,0.0516843885652535,0,4.097210648148148,-25.25028935185185,5.0,validation
a197b35f219e5f959cad58cc5a229678,9f505651f4a6abe901a56cdc21508025,2018-01-04 19:02:24,2018-01-30,computers_accessories,DF,SP,brasilia,sao paulo,29.99,16.6,1,873.8499634637841,25.206666666666667,0.0,1.0,7.747376286008231,22.0,0.0789173552270516,0,6.202604166666666,-19.0040625,4.0,validation
f86e32e1a0770b05e7f1b098482cc6f2,6edacfd9f9074789dad6d62ba7950b9c,2017-06-28 11:24:42,2017-07-28,housewares,BA,SP,feira de santana,guarulhos,42.9,16.79,1,1477.5727978375642,29.52451388888889,0.0163934426229508,0.9836065573770492,7.426832688221008,24.0,0.0361917396442781,0,12.248703703703704,-17.275810185185186,4.0,train
edc577111e3237868aec11a4da6611d9,ebd2d60905fb58271facef5596b620d3,2018-07-26 18:54:47,2018-08-13,health_beauty,MG,SP,belo horizonte,lencois paulista,42.09,19.49,1,589.217044889713,17.211956018518517,0.0389610389610389,0.961038961038961,13.25741943241944,2.0,0.1157439651424376,0,5.972951388888889,-11.23900462962963,5.0,test
bd6fa53d62af230d53ede4b80c3b82ce,df0f42bc4c2142eacf0eaf2cffd0cfbb,2018-02-13 17:24:27,2018-03-09,health_beauty,SP,SC,sao paulo,itajai,104.0,15.48,1,420.8021646583046,23.2746875,0.0,1.0,15.402415123456793,1.0,0.0505880766930115,0,11.091666666666669,-12.183020833333334,5.0,validation
c81450deea020167372bd36d6af3073b,e64d65bc8dbec2accda90c58de5d1246,2017-12-07 10:16:49,2017-12-26,health_beauty,SP,SP,sao paulo,rio claro,149.9,12.75,1,162.33736534832082,18.571655092592597,0.0,1.0,5.704861111111112,4.0,0.0255509012942965,0,4.272418981481482,-14.299236111111112,4.0,train
d4868446e3093ed6d2174805c3e64938,1b4c3a6f53068f0b6944d2d005c9fc89,2017-10-17 00:10:56,2017-11-10,telephony,SP,SC,santos,sao ludgero,39.9,15.1,1,562.8699937054163,23.99240740740741,0.0677966101694915,0.9322033898305084,13.996707470182043,3.0,0.0352344139957275,0,7.989710648148148,-16.00269675925926,5.0,train
2454a5f6b258e0f1239d6b193c7f2784,95f83f51203c626648c875dd41874c7f,2018-05-04 15:19:41,2018-05-29,furniture_decor,SP,MG,sao paulo,borda da mata,69.9,28.8,1,153.55983707838138,24.36133101851852,0.0357142857142857,0.9642857142857144,12.120412119708996,9.0,0.0785683314753097,0,8.126898148148149,-16.23443287037037,5.0,test
821502db9b7f3a72036b7459652b46d9,37515688008a7a40ac93e3b2e4ab203f,2017-11-20 14:01:50,2017-12-19,consoles_games,PB,SP,esperanca,dracena,24.5,34.15,1,2328.6109303572816,28.41539351851852,0.06,0.94,13.995607523148143,26.0,0.2368621051325005,0,23.12883101851852,-5.2865625,3.0,train
70d7affe471e6f94c28682a3bd9b5552,6d66611d7c44cc30ce351abc49a68421,2018-08-04 13:59:01,2018-08-10,musical_instruments,SP,SP,sao paulo,sao paulo,33.9,8.99,1,8.464063673174541,5.417349537037037,0.0567375886524822,0.9432624113475178,12.58362900577883,14.0,0.1439890127304901,0,4.106226851851852,-1.3111226851851852,5.0,test
7f03a9c134207b5f149bfc911469608a,cca3071e3e9bb7d12640c9fbe2301306,2017-06-13 14:25:07,2017-07-18,furniture_decor,RS,SP,porto alegre,ibitinga,45.9,16.11,1,953.3945434765558,34.39922453703704,0.0331950207468879,0.966804979253112,13.1317782772399,39.0,0.0376476931193515,0,9.908194444444444,-24.49103009259259,4.0,train
ea41beb1581ec39e1a86554919a543ac,1f50f920176fa81dab994f9023523100,2018-05-31 17:06:58,2018-07-16,garden_tools,BA,SP,feira de santana,sao jose do rio preto,49.9,31.0,1,1461.512989026525,45.286828703703705,0.1168831168831168,0.8831168831168831,16.43290298821552,94.0,0.1198799690028416,0,29.06101851851852,-16.225810185185185,4.0,test
2dacc81722bbde834907930ea0ea3377,7c67e1448b00f6e969d365cea6b010ab,2017-07-27 08:46:34,2017-08-15,office_furniture,SP,SP,sao paulo,itaquaquecetuba,116.6,17.55,1,29.48071906882861,18.634328703703705,0.045,0.955,17.24778721064814,82.0,0.0919567563621892,0,12.424756944444445,-6.209571759259259,5.0,train
7d6dfedeaa48f563f42198ded2435e90,7142540dd4c91e2237acb7e911c4eba2,2018-01-15 18:58:12,2018-02-19,auto,RS,SP,piratini,penapolis,69.9,17.74,1,1153.3556905521175,34.209583333333335,0.0596026490066225,0.9403973509933776,15.2990866445916,12.0,0.095380148968938,0,23.93372685185185,-10.27585648148148,5.0,validation
0be1de7b2e4f05c1dfa7455be69706db,46dc3b2cc0980fb8ec44634e21d2718e,2017-05-25 18:33:47,2017-06-14,toys,RJ,RJ,parati,rio de janeiro,168.99,13.18,1,158.58041649867295,19.22653935185185,0.0,1.0,10.520843892137751,17.0,0.0290827752185422,0,6.840381944444444,-12.386157407407408,4.0,train
bb3b9252816ff94fc9f21944cfa0b6d1,4869f7a5dfa277a7dca6462dcf3b52b2,2018-05-04 16:17:14,2018-06-05,watches_gifts,GO,SP,goiania,guariba,199.0,0.0,1,530.5995139699553,31.32136574074074,0.1544715447154471,0.8455284552845528,16.879309884071052,125.0,0.1386214036532742,0,18.271574074074078,-13.049791666666666,4.0,test
324cf506bc49ac084606d586928ed389,85d9eb9ddc5d00ca9336a2219c97bb13,2017-09-20 17:18:51,2017-10-16,auto,MG,MG,belo horizonte,belo horizonte,56.9,9.09,1,6.8548726968811575,25.27857638888889,0.0198019801980198,0.9801980198019802,11.811748945727906,18.0,0.0267552230377333,0,4.920300925925926,-20.35827546296296,5.0,train
588454faf6ae4ce8b0f387e19b7115a2,4a3ca9315b744ce9f8e9374361493884,2017-01-10 13:58:33,2017-02-28,bed_bath_table,SE,SP,itabaiana,ibitinga,65.9,22.39,1,1729.565763489229,48.41767361111111,0.0149812734082397,0.9850187265917604,18.60142313496249,1.0,0.0634847383500462,0,10.092337962962963,-38.32533564814815,5.0,train
0526ac4e6b594d943d1865fcbbe8047c,4a3ca9315b744ce9f8e9374361493884,2017-07-10 14:55:44,2017-08-03,bed_bath_table,RS,SP,viamao,ibitinga,89.9,15.38,1,951.9613125010358,23.377962962962965,0.0393258426966292,0.9606741573033708,12.70179550951934,100.0,0.0311851152209549,0,21.053715277777776,-2.324247685185185,5.0,train
5496024a18a1ac96915a8a9c7ab37dbb,25e6ffe976bd75618accfe16cefcbd0d,2017-06-30 16:13:27,2017-08-03,toys,PE,SP,pedra,sao paulo,47.88,25.63,1,1971.0129845703625,33.323993055555555,0.0277777777777777,0.9722222222222222,8.646402713477366,6.0,0.0641198128697955,0,20.77949074074074,-12.544502314814816,5.0,train
8560601765c3f16199ac6feb1a8d6e64,cc419e0650a3c5ba77189a1882b7556a,2018-07-20 17:57:42,2018-08-01,perfumery,SP,SP,campinas,santo andre,49.99,7.61,1,112.11940017386866,11.25159722222222,0.0619912335629304,0.9380087664370697,11.73120214551589,32.0,0.1255496156439956,0,4.9438657407407405,-6.307731481481482,5.0,test
67be6410d453784501c125d4f0ecb741,b32be1695eb7ec5f10f72d9610a12527,2018-07-14 18:19:56,2018-08-10,housewares,SP,RS,sao paulo,caxias do sul,699.0,86.2,1,771.6460636853208,26.236157407407408,0.0512820512820512,0.9487179487179488,12.734665242165244,2.0,0.104752769419194,0,6.084710648148148,-20.151446759259255,1.0,test
76098ff18bad7555c2d85340e82b8941,d1c281d3ae149232351cd8c8cc885f0d,2018-03-10 23:44:37,2018-04-03,bed_bath_table,ES,SP,vitoria,ibitinga,17.99,19.32,1,900.3616602751136,23.01068287037037,0.0736196319018405,0.9263803680981596,12.585507058054986,8.0,0.1360509249328236,1,28.68318287037037,5.6725,2.0,validation
cb131e46e2b29aca864751d16e6030af,12b9676b00f60f3b700e83af21824c0e,2017-06-07 13:46:12,2017-07-19,cool_stuff,BA,RS,camacari,montenegro,199.0,30.92,1,2323.806083718289,41.42625,0.0,1.0,17.3970126705653,8.0,0.0581446106070104,0,12.074085648148149,-29.35216435185185,5.0,train
5e88a98f84fa08ba20d93f2f900eb73d,1f50f920176fa81dab994f9023523100,2018-01-24 10:21:58,2018-02-21,garden_tools,RJ,SP,campos dos goytacazes,sao jose do rio preto,49.9,17.6,1,840.6263219691689,27.568078703703705,0.0997442455242966,0.9002557544757033,16.132434433314412,109.0,0.1776565740720289,0,13.451493055555556,-14.116585648148147,5.0,validation
bc41a96f4cf87290c5447020f6ac56ba,2bd05d410a8fd26dc4184a15f4f2f588,2017-03-03 18:53:17,2017-03-28,cool_stuff,MS,MG,campo grande,belo horizonte,1041.0,114.56,1,1114.8549270072356,24.212997685185183,0.0,1.0,7.992033179012346,2.0,0.0832938728595123,0,10.92619212962963,-13.286805555555556,5.0,train
fd7eb2117233aa5ac29e94a28e082077,dfa0c4c6229ab200a4a1336b4d7128ff,2018-07-26 10:34:04,2018-08-16,housewares,SP,SC,santa barbara d'oeste,florianopolis,52.3,30.57,2,551.9637528845916,20.559675925925927,0.0238095238095238,0.9761904761904762,10.43297453703704,10.0,0.0689175801380044,0,4.498854166666667,-16.06082175925926,1.0,test
943980abcbc522eb49346398ee2594b4,f7720c4fa8e3aba4546301ab80ea1f1b,2018-03-23 21:19:37,2018-04-17,furniture_decor,DF,PR,brasilia,curitiba,18.75,19.04,1,1106.1337982046134,24.111377314814813,0.0454545454545454,0.9545454545454546,12.027943497474746,8.0,0.1140364628144538,0,12.756319444444443,-11.35505787037037,5.0,validation
2be4ffd7d4cce421234db66149a7f749,f84a00e60c73a49e7e851c9bdca3a5bb,2017-08-16 16:24:17,2017-08-29,furniture_mattress_and_upholstery,RJ,RJ,rio de janeiro,rio de janeiro,109.4,41.57,1,13.471504390785464,12.316469907407408,0.0,1.0,12.297035879629629,1.0,0.0892960144320003,0,2.8225462962962964,-9.49392361111111,5.0,train
e54fadbb3cef276c1b184ec780d06ae2,318f287a62ab7ac10b703ac37435a231,2017-02-12 21:48:59,2017-03-10,sports_leisure,SP,SP,valinhos,sao paulo,22.5,11.74,1,86.20647888866922,25.090983796296296,0.0039331366764995,0.9960668633235004,13.544914957903314,1.0,0.0199252010531171,0,3.8366782407407407,-21.254305555555558,5.0,train
c477fc53ce47c17b7c9dc786ac9925f0,bccf933e006e9b94a6184af782963e77,2018-08-21 15:13:19,2018-09-10,health_beauty,MG,SP,barroso,assis,157.99,34.87,1,684.9618152747464,19.365752314814817,0.0227272727272727,0.9772727272727272,11.822776988636363,2.0,0.1371225712802346,0,6.210092592592592,-13.155659722222222,5.0,test
e147eb86ed23b0e106ce62cec5c6df6a,d91fb3b7d041e83b64a00a3edfb37e4f,2018-06-03 11:28:20,2018-07-20,home_appliances,PE,SP,carpina,praia grande,96.0,42.73,1,2161.2566864925434,46.52199074074074,0.063400576368876,0.936599423631124,12.081537717472523,39.0,0.0898030461849585,0,16.264155092592592,-30.25783564814815,5.0,test
e549600509a13c599199c6fa86fa836a,fa1c13f2614d7b5c4749cbc52fecda94,2017-07-11 11:03:31,2017-08-02,watches_gifts,RJ,SP,rio de janeiro,sumare,279.9,15.71,1,418.7830417888206,21.53922453703704,0.0285714285714285,0.9714285714285714,11.480644345238096,10.0,0.0280646229057214,0,9.222476851851852,-12.316747685185184,5.0,train
22a6d394ca7d999b417f339db55d2cf8,e5a3438891c0bfdb9394643f95273d8e,2018-01-14 19:54:49,2018-02-16,fashion_bags_accessories,PE,SP,caruaru,limeira,39.9,25.63,1,2004.9433226999288,32.170266203703704,0.1621621621621621,0.8378378378378378,14.631414748081408,28.0,0.1275670340513253,0,21.99605324074074,-10.174212962962963,5.0,validation
929d67c764704d96d97612a7516a1d2c,b1fc4f64df5a0e8b6913ab38803c57a9,2017-12-10 14:06:26,2018-01-05,watches_gifts,SP,RJ,sao paulo,sao goncalo,80.0,14.31,1,359.5463340580506,25.412199074074078,0.1724137931034483,0.8275862068965517,16.236817927841635,7.0,0.045575985473544,0,16.237881944444446,-9.17431712962963,4.0,train
fa292754654f17a208c5436bbfb8e18f,c9c7905cffc4ef9ff9f113554423e671,2017-10-29 20:49:54,2017-11-22,sports_leisure,MG,SP,conselheiro lafaiete,itapecerica da serra,65.0,15.2,1,465.6649515051861,23.13201388888889,0.0588235294117647,0.9411764705882352,9.6749332788671,12.0,0.0119600330542282,0,9.92130787037037,-13.210706018518518,5.0,train
4e53579c0738eca6994241ff0b474dec,5dceca129747e92ff8ef7a997dc4f8ca,2017-05-09 14:38:00,2017-05-17,luggage_accessories,SP,SP,piracicaba,santa barbara d´oeste,139.9,24.54,1,20.790563375415857,7.3902777777777775,0.0,1.0,9.82454633424408,35.0,0.2197123411960727,0,6.101863425925926,-1.2884143518518518,5.0,train
2c953e7c7611317da6160774e2129d64,d91fb3b7d041e83b64a00a3edfb37e4f,2018-06-30 16:08:40,2018-08-01,air_conditioning,BA,SP,itabela,praia grande,31.0,22.15,1,1097.9979981612523,31.327314814814816,0.0612244897959183,0.9387755102040816,11.99431568287038,45.0,0.0887602024415697,0,15.967986111111111,-15.359328703703705,5.0,test
97530dcd3262fcc0ee8a111879549881,412a4720f3e9431b4afa1476a1acddbe,2018-03-24 14:41:51,2018-04-12,housewares,SP,SP,tiete,campinas,29.0,17.26,1,64.2353635757366,18.387604166666662,0.0,1.0,9.49743827160494,1.0,0.0909837927162232,0,5.122719907407407,-13.26488425925926,1.0,validation
5e81354e795eec26aec91548a783b116,febab0275244b9a49a623f0bd613ca2f,2017-05-09 00:18:57,2017-05-30,housewares,SP,SP,ocaucu,pedreira,76.0,13.55,1,312.2084399936344,20.986840277777777,0.0,1.0,5.977811213991769,2.0,0.0193431303842018,0,8.484594907407407,-12.502245370370373,5.0,train
f19584f0d2c7cbccc05621c23dee5cb3,9baf5cb77970f539089d09a38bcec5c3,2017-10-12 11:37:18,2017-11-16,housewares,SP,SP,sao simao,indaiatuba,81.99,12.91,1,182.6755973962485,34.51576388888889,0.0,1.0,12.63564814814815,2.0,0.0219455868507188,0,19.31939814814815,-15.19636574074074,5.0,train
6c936253ed9ab81f5293da5081ba8a9a,37515688008a7a40ac93e3b2e4ab203f,2017-12-15 01:02:45,2018-01-11,consoles_games,RJ,SP,rio de janeiro,dracena,24.5,15.1,1,845.4793143297497,26.956423611111116,0.0606060606060606,0.9393939393939394,14.218129033389443,45.0,0.2468783966574559,0,24.75982638888889,-2.196597222222222,5.0,train
5ec2dfe53f24929b8d1f19d0f118b03b,4da0e408c99d2fdc2126dc9fce518060,2018-02-14 12:06:20,2018-03-09,sports_leisure,PR,PR,sao jose dos pinhais,cornelio procopio,42.9,13.37,1,297.84083087431696,22.49560185185185,0.0,1.0,9.307352017195768,1.0,0.0434031403594922,0,6.482905092592593,-16.01269675925926,4.0,validation
7c5fc2c7ce20f9ea338589aa4fa568b2,37be5a7c751166fbc5f8ccba4119e043,2017-07-21 09:50:18,2017-08-16,bed_bath_table,MG,SP,belo horizonte,sao paulo,205.0,22.27,1,497.4164056974237,25.590069444444445,0.0,1.0,8.464506059368192,79.0,0.0041379847546715,0,8.256400462962963,-17.33366898148148,5.0,train
1a3960b27016b5cb04fb3ad29076edd3,e26901d5ab434ce92fd9b5c256820a4e,2017-04-06 09:53:43,2017-05-02,baby,MG,SP,uberlandia,maua,59.9,14.59,1,559.2434533859979,25.58769675925926,0.0,1.0,9.673478652263377,41.0,0.0106730960361156,0,6.07255787037037,-19.515138888888888,5.0,train
83278a865f8f9c152f76597d22446aa2,3db66a856d18a9cba7c9241fc5221c50,2017-08-17 07:52:58,2017-09-06,auto,MG,MG,nanuque,ponte nova,119.9,14.57,1,391.3311126881106,19.671550925925924,0.0,1.0,15.619346450617284,7.0,0.1023773177984451,1,26.33539351851852,6.663842592592593,1.0,train
638a540852799faabe1c7c5647646c4e,59fb871bf6f4522a87ba567b42dafecf,2017-04-28 12:11:11,2017-05-24,cool_stuff,SC,SP,guaruja do sul,sao paulo,119.99,16.05,1,775.2278622545683,25.492233796296297,0.0256410256410256,0.9743589743589745,10.172172661443495,11.0,0.0737730733284294,0,14.08574074074074,-11.406493055555556,5.0,train
3a554e98b0dc0cef33a8df6e1b687a04,da8622b14eb17ae2831f4ac5b9dab84a,2018-06-07 10:43:15,2018-07-04,bed_bath_table,SP,SP,sao vicente,piracicaba,114.9,11.9,1,192.54709284165423,26.55329861111111,0.075160403299725,0.9248395967002748,11.885438753946424,85.0,0.1016770535555336,0,5.482731481481482,-21.07056712962963,5.0,test
4eb56038347ee86edd66fb4f2abb0aa5,7a67c85e85bb2ce8582c35f2203ad736,2018-02-19 08:15:50,2018-03-13,cool_stuff,SC,SP,sao jose,sao paulo,65.99,16.71,1,497.3504526401365,21.655671296296298,0.0378698224852071,0.9621301775147928,10.400335826210831,67.0,0.1349836413808059,1,35.545891203703704,13.890219907407408,1.0,validation
da6c1b5c9a1106ebca4a15148d062c0f,da8622b14eb17ae2831f4ac5b9dab84a,2018-01-25 15:32:04,2018-02-09,bed_bath_table,SP,SP,sao paulo,piracicaba,219.8,24.94,2,140.25775735859511,14.35273148148148,0.0619765494137353,0.9380234505862648,11.992789642657732,137.0,0.1099443990710982,0,6.121643518518519,-8.231087962962963,5.0,validation
843c4657d0e36a64ee5819729168339d,7ddcbb64b5bc1ef36ca8c151f6ec77df,2017-11-03 21:08:04,2017-12-11,cool_stuff,PA,SP,castanhal,sao paulo,146.99,33.48,1,2492.464975120761,37.11939814814815,0.0093457943925233,0.9906542056074766,9.169607995846311,42.0,0.0782697074619116,0,24.11454861111111,-13.004849537037035,5.0,train
82a9e8fe2ac3a3bba14bf07d4c56813a,fa1c13f2614d7b5c4749cbc52fecda94,2017-11-05 10:58:05,2017-11-24,watches_gifts,SP,SP,piedade,sumare,314.9,13.7,1,100.46798855752591,18.542997685185185,0.0246913580246913,0.9753086419753086,11.49234903692272,34.0,0.0318944665638274,0,12.347800925925926,-6.195196759259259,5.0,train
38bf8e12131a605a38265416150b4888,cfb1a033743668a192316f3c6d1d2671,2017-02-11 19:23:50,2017-03-17,bed_bath_table,PR,SP,curitiba,votorantim,59.2,31.12,2,274.70762502413345,33.19178240740741,0.0,1.0,7.866354166666666,4.0,0.0233044624265982,0,10.805590277777778,-22.38619212962963,5.0,train
205fc1dde4304cae4a504a6fa594a318,3bb548e3cb7f70f28e3f11ee9dce0e59,2018-08-09 12:13:17,2018-09-19,computers_accessories,SP,PR,sao paulo,maringa,75.0,13.87,1,538.9466750185711,40.490775462962965,0.0,1.0,11.201405544263777,0.0,0.0528564755574559,0,14.234895833333333,-26.25587962962963,4.0,test
405ab8184e07bfa663f7627527c96049,1025f0e2d44d7041d6cf58b6550e0bfa,2018-08-07 23:51:28,2018-08-28,furniture_decor,MG,SP,sao joao nepomuceno,sao paulo,35.0,19.44,1,430.1682111479716,20.00592592592593,0.098984771573604,0.901015228426396,12.677607662389558,119.0,0.1368303954096123,0,12.998217592592592,-7.007708333333333,5.0,test
0ec20e561e76d49aa3ca434872643de2,cc419e0650a3c5ba77189a1882b7556a,2017-10-24 10:24:30,2017-11-09,health_beauty,SP,SP,sao paulo,santo andre,23.99,7.78,1,30.54474914510388,15.566319444444444,0.0234806629834254,0.9765193370165746,10.40852588819828,130.0,0.0256079193957705,0,3.2310185185185185,-12.335300925925926,3.0,train
23e117ca8f65562000f29a26f19f1a3b,4c2b230173bb36f9b240f2b8ac11786e,2018-05-07 20:46:53,2018-05-29,sports_leisure,MG,SP,governador valadares,sao paulo,49.9,12.76,1,702.7900719170643,21.134108796296296,0.1076233183856502,0.8923766816143498,12.88264662223883,11.0,0.1208813960701718,0,7.908576388888889,-13.225532407407409,5.0,test
f23bef5ff346873476747ab073a43877,afe0067131b73e40875c9b6c10bd2e21,2017-05-05 20:20:18,2017-06-05,perfumery,SC,MG,palhoca,lagoa da prata,129.9,25.09,1,903.8098473601729,30.152569444444445,0.0,1.0,14.956851851851852,0.0,0.0606243034266448,0,26.76953703703704,-3.3830324074074074,3.0,train
483b20142703235aad52bdf6033346fc,4a3ca9315b744ce9f8e9374361493884,2017-07-14 08:46:50,2017-08-03,bed_bath_table,SP,SP,sorocaba,ibitinga,89.9,12.13,1,238.4665976582839,19.63414351851852,0.0374331550802139,0.962566844919786,12.625768778470976,107.0,0.0142777384837539,0,13.292395833333334,-6.341747685185185,1.0,train
736fa605c3ae7ebfa61d3fc8caa49b47,7adbd3210a7b3cc2235e225eef33574d,2018-06-30 21:39:57,2018-08-06,housewares,MT,SP,gaucha do norte,sao paulo,26.5,27.14,1,1340.698223277435,36.097256944444446,0.0825573196527997,0.9174426803472002,13.18824977691522,0.0,0.0910613919946097,0,12.047037037037038,-24.050219907407406,4.0,test
bdaf7db41d38e3478e18b7ba3bad26f9,282f23a9769b2690c5dda22e316f9941,2017-12-14 21:00:03,2018-01-15,garden_tools,BA,MG,salobro,belo horizonte,72.2,16.95,1,915.7800929173584,31.12496527777778,0.0,1.0,9.32359623015873,15.0,0.0772151686258,0,20.78953703703704,-10.33542824074074,5.0,train
78278e87bcd17ccb24ec5c720a19c073,f8db351d8c4c4c22c6835c19a46f01b0,2017-08-23 11:04:06,2017-09-08,housewares,SP,SP,sao paulo,salto,24.9,9.27,1,76.32260277001602,15.538819444444444,0.0422535211267605,0.9577464788732396,10.671218578834113,42.0,0.0140873789196915,0,1.2808796296296296,-14.257939814814817,4.0,train
3cad2aa3b180252c0393e89cd3a7d449,8648b1e89e9b349e32d3741b30ec737e,2018-02-04 17:12:46,2018-03-06,construction_tools_construction,MG,SP,felixlandia,jacarei,75.0,15.28,1,508.8371259958687,29.28280092592593,0.0526315789473684,0.9473684210526316,9.825632919103311,6.0,0.0437299336831045,0,10.094618055555555,-19.18818287037037,4.0,validation
f7349245e9113689913c5cac61b378ea,3d8fa2f5b647373c8620330c4e077a9f,2018-07-27 07:36:23,2018-08-10,health_beauty,MG,SP,teofilo otoni,sao paulo,110.0,23.57,1,823.2645051360271,13.68306712962963,0.0344827586206896,0.9655172413793104,9.621660280970625,11.0,0.1525194428713358,0,6.5615046296296295,-7.1215625,5.0,test
551dc720414dea175fabed81e4ada2c0,cc419e0650a3c5ba77189a1882b7556a,2017-05-30 15:12:14,2017-06-16,health_beauty,SP,SP,osasco,santo andre,19.99,7.78,1,31.62554106350339,16.36650462962963,0.0141843971631205,0.9858156028368794,11.363713636065148,69.0,0.034807334663923,0,5.991539351851852,-10.374965277777775,4.0,train
0035e6b7ade84b3f5b86bd49814793df,537eb890efff034a88679788b647c564,2018-02-21 02:46:23,2018-03-13,furniture_decor,SP,RJ,sao paulo,rio de janeiro,19.9,14.1,1,354.61302677371447,19.88445601851852,0.046875,0.953125,10.20214518229167,12.0,0.0801358343196471,0,5.585173611111111,-14.299282407407407,5.0,validation
a61574f3d74d4d3cec6528240b2017ae,e9bc59e7b60fc3063eb2290deda4cced,2018-03-03 22:19:30,2018-03-29,computers_accessories,RJ,PR,cabo frio,maringa,81.0,18.14,1,1016.4750136886736,25.069791666666667,0.0329670329670329,0.967032967032967,11.922622608872611,17.0,0.1313243620547736,0,16.977511574074075,-8.092280092592592,5.0,validation
bb54e9bf4bdb6c6391a7c6b517748b9f,213b25e6f54661939f11710a6fddb871,2018-05-27 11:41:32,2018-07-04,home_construction,MG,SP,matias barbosa,salto,113.85,11.07,1,433.4797523877413,37.51282407407408,0.131578947368421,0.868421052631579,14.541617933723195,16.0,0.0844543371978584,0,30.26560185185185,-7.247222222222222,3.0,test
22450223e273df456844f57a97288177,080102cd0a76b09e0dcf55fcacc60e05,2017-12-28 00:10:55,2018-01-31,computers_accessories,PB,MG,joao pessoa,belo horizonte,53.99,21.18,1,1717.5706928438094,33.99241898148148,0.0,1.0,7.317446581196582,7.0,0.0464540275055778,0,12.73554398148148,-21.256875,3.0,train
c093b337defb1739af5d4d2925cc9e00,05730013efda596306417c3b09302475,2018-08-20 23:07:47,2018-09-04,furniture_decor,PR,SC,curitiba,criciuma,238.0,62.65,1,350.415222657982,14.036261574074071,0.0,1.0,10.93560763888889,1.0,0.1190797728503503,0,7.840902777777778,-6.195358796296296,5.0,test
b8b5d715b21f52ff405e5045a9c32eb2,10076e5788b8ee532724bcd460baf762,2017-09-11 10:49:19,2017-09-27,cool_stuff,SP,SP,itu,batatais,24.0,11.85,1,266.3253872030665,15.549085648148148,0.2,0.8,12.463416666666664,0.0,0.062070188456107,0,7.509606481481481,-8.039479166666666,4.0,train
0ecf0978216edaeca677433db9480a7c,cee48807215b30a12ca2ca10ffb5f250,2017-08-04 15:34:27,2017-09-11,auto,DF,SP,brasilia,guaruja,199.9,21.89,1,921.629745776672,37.35107638888889,0.0374028402781836,0.9625971597218164,12.48328665133825,0.0,0.0301608293547494,0,17.118310185185184,-20.232766203703704,4.0,train
c6f52d94c1f44ee12e0fecf4b347bdc6,7ddcbb64b5bc1ef36ca8c151f6ec77df,2017-11-05 14:13:02,2017-11-27,cool_stuff,RJ,SP,duque de caxias,sao paulo,146.99,20.52,1,357.1845577691333,21.40761574074074,0.0093457943925233,0.9906542056074766,9.169607995846311,47.0,0.0930703779518353,1,33.1484375,11.74082175925926,3.0,train
b018fec2173b0642a742be5fd3a76683,634964b17796e64304cadf1ad3050fb7,2018-02-26 10:59:43,2018-03-23,watches_gifts,ES,RJ,barra de sao francisco,rio de janeiro,108.0,16.52,1,530.9783221320605,24.541863425925925,0.0555555555555555,0.9444444444444444,14.81822032536008,34.0,0.1139065388168477,0,23.27988425925926,-1.2619791666666669,5.0,validation
10f78992cb35d73641d587e75921cf7c,955fee9216a65b617aa5c0531780ce60,2018-04-15 18:15:47,2018-05-15,health_beauty,GO,SP,fazenda nova,sao paulo,120.0,34.38,1,937.6536719598956,29.23903935185185,0.0838414634146341,0.9161585365853658,11.220910840814131,151.0,0.1332701967725484,0,12.20369212962963,-17.03534722222222,4.0,test
f5cf1e80b882f8dea8efe57b398c7e38,669ae81880e08f269a64487cfb287169,2018-03-09 14:24:40,2018-04-05,sports_leisure,MG,SC,manhuacu,rio do sul,45.0,22.06,1,1093.6123412704892,26.39953703703704,0.0341880341880341,0.9658119658119658,12.260755876068371,17.0,0.0552257777100063,0,26.318726851851853,-0.0808101851851851,5.0,validation
66d8a3a22419ac03fa5c0219f3db61a0,4a3ca9315b744ce9f8e9374361493884,2018-02-28 10:44:53,2018-03-28,bed_bath_table,PE,SP,jaboatao dos guararapes,ibitinga,159.9,26.4,1,2119.143675872121,27.55216435185185,0.0896265560165975,0.9103734439834024,14.640607201859536,120.0,0.2270905364226186,1,29.429953703703703,1.877789351851852,5.0,validation
0a84b71d2fd93eeae49d3149a3e08003,391fc6631aebcf3004804e51b40bcf1e,2017-11-28 21:47:50,2017-12-19,furniture_decor,RJ,SP,rio de janeiro,ibitinga,149.98,25.89,1,592.3250225311866,20.091782407407408,0.0604651162790697,0.9395348837209302,13.37803951335056,49.0,0.6048725819853471,1,41.86178240740741,21.77,1.0,train
ab75125adb0d56e4a58e073b90b7b6c6,2138ccb85b11a4ec1e37afbd1c8eda1f,2018-07-12 18:40:28,2018-07-23,telephony,SP,SP,mogi das cruzes,sao paulo,24.9,7.43,1,26.086066250938064,10.221898148148147,0.0527777777777777,0.9472222222222222,11.6356127186214,10.0,0.1109245280749854,1,41.22412037037037,31.002222222222223,3.0,test
4e9b0a2da6a5959b8df944a25604792e,34a557286ead8fe75c989e0afcf7d98c,2018-08-18 00:12:08,2018-09-06,health_beauty,SP,SP,mogi-guacu,franca,185.0,13.96,1,209.7841331142833,18.991574074074077,0.0,1.0,7.394965277777779,1.0,0.0850951824809455,0,10.893263888888889,-8.098310185185186,5.0,test
20ad5d37ddb2c604b7c1a87d90b83729,de23c3b98a88888289c6f5cc1209054a,2018-04-06 12:12:14,2018-04-19,perfumery,SP,SP,embu das artes,sao paulo,129.99,11.53,1,13.58348814967317,12.49150462962963,0.089430894308943,0.9105691056910568,10.825513117283949,10.0,0.1113090752989011,0,5.270069444444444,-7.221435185185185,4.0,test
31de08106fdb0607f8a9b688d4b85597,1f50f920176fa81dab994f9023523100,2017-11-25 11:55:41,2017-12-20,garden_tools,MG,SP,ipatinga,sao jose do rio preto,49.0,17.64,1,727.8337134907148,24.502997685185186,0.0336538461538461,0.966346153846154,14.080230452056636,216.0,0.1336555129868512,0,16.369224537037038,-8.133773148148148,4.0,train
488a3468338d9c4c6caa95bb4b536b90,b2ba3715d723d245138f291a6fe42594,2017-02-04 22:36:29,2017-03-08,stationery,SP,SP,campinas,sao paulo,164.9,12.54,1,94.57173782371672,31.057997685185185,0.0,1.0,14.844682870370368,7.0,0.0255699881862106,0,7.248067129629629,-23.80993055555556,5.0,train
6022868452d819974c3e98f769a70944,cca3071e3e9bb7d12640c9fbe2301306,2017-08-15 12:43:02,2017-09-06,furniture_decor,MG,SP,caiana,ibitinga,51.92,16.12,1,725.4990029819943,21.47011574074074,0.0256410256410256,0.9743589743589745,12.922841880341874,71.0,0.0352692317792237,0,14.31244212962963,-7.157673611111111,3.0,train
b8fa6b82124d10ce03fca71fba70a4db,1025f0e2d44d7041d6cf58b6550e0bfa,2018-04-08 21:18:56,2018-05-16,furniture_decor,RJ,SP,rio de janeiro,sao paulo,105.0,45.54,3,346.6508983757229,37.11185185185185,0.1397849462365591,0.8602150537634409,14.046829668209869,71.0,0.1406684821733279,0,11.897511574074072,-25.21434027777778,2.0,test
0e8f35f2fcf52b21069856048a64a929,17e34d8224d27a541263c4c64b11a56b,2018-07-03 14:07:10,2018-07-31,garden_tools,MG,SP,belo horizonte,riberao preto,97.5,23.48,1,419.7013604414665,27.41168981481481,0.0963302752293578,0.9036697247706422,14.943032407407406,7.0,0.1127116252353663,0,6.225868055555556,-21.18582175925926,4.0,test
1fc4c658ba7a1f8edf3492ce534944ee,66922902710d126a0e7d26b0e3805106,2017-08-28 10:29:48,2017-09-15,pet_shop,SP,MG,lencois paulista,belo horizonte,60.0,16.18,1,590.9722195053447,17.562638888888888,0.0,1.0,8.044197180134681,8.0,0.0171102858291059,0,9.523958333333333,-8.038680555555555,4.0,train
e2ea01f68f92f0c55b08ca739af834b6,f7496d659ca9fdaf323c0aae84176632,2016-10-08 10:55:44,2017-01-11,furniture_decor,CE,SP,fortaleza,sao paulo,119.99,29.4,1,2371.839082640852,94.54462962962964,0.0228215767634854,0.9771784232365144,21.545790335025885,0.0,0.0372903790601318,0,19.00197916666667,-75.54265046296297,5.0,train
4883042a7a5f22fee4e519f15da7f9e2,669ae81880e08f269a64487cfb287169,2017-09-14 21:37:50,2017-10-04,books_general_interest,SP,SC,osasco,rio do sul,115.0,15.56,1,500.38895411739134,19.09872685185185,0.0240963855421686,0.9759036144578314,11.71364931950022,9.0,0.0405716789165316,0,6.768368055555555,-12.330358796296297,1.0,train
6e49a3d8325755bd3e9d84d84bd8dbf2,602044f2c16190c2c6e45eb35c2e21cb,2018-03-25 17:33:17,2018-04-27,bed_bath_table,RJ,SP,rio de janeiro,ibitinga,105.98,38.68,2,588.882420590509,32.268553240740744,0.1739130434782608,0.8260869565217391,14.764815821256036,8.0,0.1489082724711907,1,38.92565972222222,6.657106481481481,1.0,validation
5b7906a5a90957b0020ae90b2d7caf1b,1da3aeb70d7989d1e6d9b0e887f97c23,2017-12-06 17:02:24,2017-12-29,cool_stuff,MG,SP,belo horizonte,sao paulo,59.95,70.48,5,489.4947089649482,22.29,0.0098039215686274,0.9901960784313726,7.617035902323897,20.0,0.0443750972128734,0,5.938113425925926,-16.351886574074076,5.0,train
33c2860be7125d5f79547239ef5a8721,6cf476a4ca74498db55cbccdaa9dcfb6,2017-03-17 12:03:40,2017-04-07,fashion_underwear_beach,RJ,SP,rio de janeiro,sao paulo,24.99,14.11,1,356.39545836746004,20.497453703703705,0.3333333333333333,0.6666666666666667,44.044718364197536,0.0,0.1523808446149142,1,21.089571759259258,0.5921180555555555,2.0,train
fef34b6fb683748342c85724a3fddfd3,a1043bafd471dff536d0c462352beb48,2018-08-01 13:19:12,2018-08-16,garden_tools,RJ,MG,belford roxo,ilicinea,139.0,60.2,1,324.0428439293746,14.445,0.0588235294117647,0.9411764705882352,13.96999380272052,26.0,0.182159463568474,0,8.33525462962963,-6.10974537037037,4.0,test
0401f33945d6292657d6a4d951191570,391fc6631aebcf3004804e51b40bcf1e,2017-04-11 07:49:41,2017-05-03,furniture_decor,SP,SP,araraquara,ibitinga,44.55,11.74,1,65.22588762200782,21.67383101851852,0.0465116279069767,0.9534883720930232,13.366279877260975,23.0,0.0372187901476829,0,8.145046296296297,-13.528784722222222,4.0,train
e47bfd40dd32463a27120cccaaf5aad9,c0563dd588b775f2e37747ef6ad6c92c,2017-12-12 17:48:18,2017-12-29,cool_stuff,SP,SP,sao paulo,santo andre,139.9,9.79,1,16.57010104892623,16.258125,0.0625,0.9375,8.031396122685186,2.0,0.0223236460746454,0,6.833703703703704,-9.424421296296297,4.0,train
25b5682781766b4b351cc1475a5caf30,daeb5653dd96c1b11860f72209795012,2018-06-24 16:56:46,2018-07-18,housewares,SP,MG,ribeirao preto,belo horizonte,13.9,18.23,1,423.8685442785907,23.293912037037035,0.09375,0.90625,12.457071397569443,5.0,0.1011288288998991,0,5.338159722222223,-17.955752314814816,5.0,test
aed7beed304c01b44079208c0d9c16d2,9de4643a8dbde634fe55621059d92273,2017-06-05 15:51:51,2017-06-28,housewares,SP,SC,fernandopolis,joinville,167.99,16.94,1,679.4497363145152,22.338993055555555,0.0,1.0,13.27644521604938,9.0,0.0316746718570338,0,14.204027777777778,-8.134965277777777,5.0,train
e9a94acfe5f03efa28ff033a79fefe8b,4869f7a5dfa277a7dca6462dcf3b52b2,2017-06-09 21:19:59,2017-07-04,watches_gifts,RJ,SP,sao joao de meriti,guariba,188.0,16.07,1,524.1717806884132,24.111122685185187,0.0,1.0,13.376516203703703,4.0,0.0842508319337866,0,16.776296296296298,-7.334826388888889,4.0,train
01f67ca8027e959060afd840aa06f465,f7ba60f8c3f99e7ee4042fdef03b70c4,2018-04-30 16:19:48,2018-05-24,health_beauty,CE,SP,fortaleza,sao bernardo do campo,330.0,14.7,1,2376.5436707900703,23.31958333333333,0.1544715447154471,0.8455284552845528,13.739851324902135,24.0,0.2173497011689232,1,65.10274305555555,41.78315972222222,1.0,test
4336f383d6d1f9c9d968406c7a920fd3,a416b6a846a11724393025641d4edd5e,2018-02-12 19:12:37,2018-02-26,health_beauty,SP,SP,sao paulo,sao paulo,52.28,23.46,2,10.788571891077492,13.19957175925926,0.1063829787234042,0.8936170212765957,12.966217494089832,16.0,0.0853966386131703,0,9.705787037037036,-3.4937847222222222,5.0,validation
ca042978ccc1c2a3d1d9b04e4ba80b9d,ea8482cd71df3c1969d7b9473ff13abc,2018-05-16 21:38:53,2018-06-04,telephony,SP,SP,lins,sao paulo,24.99,12.79,1,388.9746727072499,18.097997685185184,0.1137123745819397,0.8862876254180602,14.34452254686405,79.0,0.1367557606079542,0,5.8741666666666665,-12.22383101851852,4.0,test
2c6909e9d8d1f642b6c8126f985146d0,8581055ce74af1daba164fdbd55a40de,2017-09-15 13:26:45,2017-10-11,auto,AL,SP,maceio,guarulhos,117.3,32.26,1,1925.2537248318808,25.439756944444444,0.04,0.96,11.790080357142854,12.0,0.2835766037149057,1,33.4119212962963,7.972164351851852,1.0,train
4f902f639aad5f00c8e814b248e3b4b3,fa40cc5b934574b62717c68f3d678b6d,2017-03-23 20:13:43,2017-04-13,toys,RJ,SP,niteroi,sao paulo,42.99,14.52,1,366.529573594697,20.157141203703706,0.0,1.0,10.111673538773148,17.0,0.043659142734968,0,6.855914351851852,-13.301226851851853,5.0,train
2f3adad02b8b0314fd094fac9fe907b7,048c2757535328e0d7dac690ad3c0aae,2018-04-29 15:10:08,2018-05-25,fashion_shoes,GO,SP,goiania,franca,157.9,23.69,1,474.7475118714072,25.367962962962963,0.1764705882352941,0.8235294117647058,20.554800857843137,5.0,0.148918286598977,0,12.04769675925926,-13.320266203703705,1.0,test
10758901b602fdec377ba3f189e531f5,cca3071e3e9bb7d12640c9fbe2301306,2017-11-21 16:40:43,2017-12-07,furniture_decor,SP,SP,guaruja,ibitinga,49.9,11.85,1,355.82067248380275,15.305057870370373,0.0397727272727272,0.9602272727272728,13.460752095608854,42.0,0.160474508901393,1,20.352824074074075,5.047766203703704,2.0,train
2780bd2c2ec051df9919aa3841b9d049,1025f0e2d44d7041d6cf58b6550e0bfa,2018-05-10 21:07:18,2018-05-28,furniture_decor,SP,SP,pederneiras,sao paulo,105.0,21.81,3,266.67260486925824,17.119930555555555,0.1289640591966173,0.8710359408033826,13.575869890768136,105.0,0.1384696106152017,0,6.712106481481482,-10.407824074074076,5.0,test
00a0116ff15ff973ea16bee881208ae7,a1043bafd471dff536d0c462352beb48,2018-02-18 16:22:23,2018-03-15,computers_accessories,MS,MG,campo grande,ilicinea,149.0,45.12,1,915.1779876628524,24.31778935185185,0.03485254691689,0.96514745308311,14.23228074421606,85.0,0.100596817934621,0,12.344756944444445,-11.973032407407407,5.0,validation
246840373d06acdce224acc218f73c66,9140bd1d9de28b197dce077bdd687438,2018-07-17 23:05:11,2018-07-31,sports_leisure,SP,SP,sao paulo,amparo,42.9,12.96,1,101.15572215014356,13.03806712962963,0.0,1.0,5.542025462962964,1.0,0.0918177491166556,0,5.702604166666666,-7.335462962962963,5.0,test
aa2fcb1050e5d80ce4c759f8a7491e42,2a261b5b644fa05f4f2700eb93544f2c,2018-03-06 10:45:08,2018-03-29,furniture_decor,SC,SP,icara,porto ferreira,135.0,27.03,1,783.3427993675315,22.55199074074074,0.1428571428571428,0.8571428571428572,15.759212962962962,10.0,0.1553673493008163,0,9.456261574074071,-13.095729166666668,4.0,validation
6dabb450123d01750d1b176ea59026a1,7d76b645482be4a332374e8223836592,2017-11-24 07:24:10,2017-12-19,telephony,CE,SP,fortaleza,sao paulo,21.99,17.63,1,2370.3548110037605,24.691550925925927,0.05,0.95,10.774588155864196,22.0,0.3762839174849404,1,25.45633101851852,0.7647800925925926,3.0,train
fca2aaefc989d1a8eddc4cb03b160eca,7c67e1448b00f6e969d365cea6b010ab,2018-03-13 11:29:18,2018-04-10,furniture_decor,SP,SP,limeira,itaquaquecetuba,79.98,17.37,1,149.53541822299786,27.521319444444444,0.0953177257525083,0.9046822742474916,21.133960055896203,90.0,0.1416852878763895,0,16.283796296296295,-11.237523148148147,5.0,validation
491be78d50927ad70bd11d0d0ece3560,b1fc4f64df5a0e8b6913ab38803c57a9,2018-01-06 22:19:31,2018-02-05,watches_gifts,SE,RJ,nossa senhora do socorro,sao goncalo,59.99,17.7,1,1472.9352609824432,29.06978009259259,0.1282051282051282,0.8717948717948718,15.63588615859449,16.0,0.151730014764431,0,16.94244212962963,-12.127337962962963,5.0,validation
978564f73dadc05775f6347d1a508e12,7a67c85e85bb2ce8582c35f2203ad736,2017-10-06 21:24:49,2017-11-01,cool_stuff,MA,SP,sao luis,sao paulo,129.99,25.46,1,2348.3630591957626,25.107766203703704,0.0389830508474576,0.9610169491525424,10.366700466886382,63.0,0.1819293830455193,1,39.08118055555556,13.973414351851853,1.0,train
cc5161712eb3121670b819908ada7032,3df020b72d3d44b3af9d110fa3940b65,2018-02-25 16:28:44,2018-03-19,furniture_decor,SP,SP,adamantina,jales,99.8,25.38,2,165.3673871341299,21.31337962962963,0.1612903225806451,0.8387096774193549,16.105158676821983,2.0,0.0890071630767716,0,5.263668981481482,-16.04971064814815,1.0,validation
9b7d6205af920c44be164e65895c4262,de722cd6dad950a92b7d4f82673f8833,2018-02-05 12:16:57,2018-03-08,computers_accessories,ES,PE,vitoria,recife,40.0,15.79,1,1472.6304131709503,30.488229166666667,0.0,1.0,12.890527263374487,38.0,0.0869070022463388,0,10.95861111111111,-19.52961805555556,4.0,validation
c8584f2a0bdbf0ac38e859a8f7744039,6560211a19b47992c3666cc44a7e94c0,2017-08-29 08:24:09,2017-09-20,watches_gifts,MG,SP,rio piracicaba,sao paulo,56.0,15.14,1,555.8332447835139,21.64989583333333,0.033434650455927,0.9665653495440728,9.558701979905443,78.0,0.0050196450572544,0,7.431608796296296,-14.218287037037037,5.0,train
4d9266a6417c11bd5a749b0e87301826,522620dcb18a6b31cd7bdf73665113a9,2018-05-07 09:25:17,2018-06-01,watches_gifts,SP,PR,osasco,cascavel,599.0,22.07,1,694.2746439518055,24.60744212962963,0.1088435374149659,0.891156462585034,15.590962537792896,17.0,0.1290547109035589,0,8.558020833333334,-16.049421296296295,5.0,test
2e79e51b96cf9b836ce81f55548d018e,e9d99831abad74458942f21e16f33f92,2017-10-07 13:04:01,2017-11-13,computers_accessories,CE,SP,lagoa do mato,sao paulo,35.99,25.63,1,2289.384251294042,36.45554398148148,0.0517241379310344,0.9482758620689656,10.997015086206895,7.0,0.0416876764457396,0,31.31520833333333,-5.140335648148148,5.0,train
0de4d95a869f06b9c637cb46e463d261,da8622b14eb17ae2831f4ac5b9dab84a,2018-05-23 15:57:28,2018-06-21,bed_bath_table,PR,SP,londrina,piracicaba,159.9,27.2,1,362.0989544299408,28.33509259259259,0.0749525616698292,0.9250474383301708,11.896719331998028,95.0,0.1320229134676891,0,13.164699074074074,-15.170393518518518,5.0,test
79628bec05987a8b38465bfb42775c11,004c9cd9d87a3c30c522c48c4fc07416,2017-09-20 00:01:18,2017-10-09,bed_bath_table,RJ,SP,rio de janeiro,ibitinga,117.99,21.32,1,584.0814658873916,18.999097222222225,0.0357142857142857,0.9642857142857144,12.711253306878303,17.0,0.0644247155430933,0,12.87712962962963,-6.1219675925925925,4.0,train
84f721afdc3f131a097e0b9627de1d71,710e3548e02bc1d2831dfc4f1b5b14d4,2017-09-05 08:03:15,2017-10-16,watches_gifts,RJ,PR,marica,rolandia,149.99,18.62,1,866.7660111993642,40.664409722222224,0.0816326530612244,0.9183673469387756,15.148170823885108,7.0,0.0317420464219617,0,14.557453703703704,-26.10695601851852,4.0,train
d1a26dc0c31e929049044b86a868c08e,e9779976487b77c6d4ac45f75ec7afe9,2018-02-14 13:26:11,2018-03-06,sports_leisure,SP,SP,sertaozinho,praia grande,39.49,11.85,1,359.5974844641755,19.44015046296296,0.0498220640569395,0.9501779359430604,9.82420896764202,44.0,0.0585596715754667,0,12.210173611111111,-7.229976851851852,5.0,validation
d0854383bd7f07269443ac3d3251b20e,8a32e327fe2c1b3511609d81aaf9f042,2017-04-24 20:23:35,2017-05-11,furniture_decor,SP,SP,guarulhos,sao paulo,49.99,11.74,1,21.4633147787454,16.150289351851853,0.081081081081081,0.9189189189189187,10.146668230730732,5.0,0.0801533715947761,0,9.772881944444444,-6.377407407407407,5.0,train
d3d3517767529dd0eb9e27a460be3497,dbc22125167c298ef99da25668e1011f,2017-07-11 10:06:44,2017-08-02,luggage_accessories,ES,MG,sao mateus,borda da mata,114.9,20.04,1,766.7530851010831,21.57865740740741,0.0192307692307692,0.9807692307692308,13.595134659900284,36.0,0.0591651093551078,0,14.44326388888889,-7.135393518518518,2.0,train
6726395519c13e15034fb6bfb4fcd904,955fee9216a65b617aa5c0531780ce60,2018-04-09 16:28:27,2018-05-10,furniture_decor,RS,SP,bage,sao paulo,69.9,24.71,1,1115.5408039423014,30.31357638888889,0.0739549839228295,0.9260450160771704,11.016551763278542,140.0,0.1175339857658814,0,14.22511574074074,-16.08846064814815,5.0,test
102dff93d9ff9180027b57feff2f34cc,0432ead42b6c8a0bdf68154add917fdf,2017-07-13 03:15:21,2017-07-26,toys,SP,SP,paulinia,maua,39.9,7.78,1,123.267083015099,12.864340277777778,0.0333333333333333,0.9666666666666668,8.268596450617286,5.0,0.0276233937691015,0,1.542662037037037,-11.32167824074074,5.0,train
1d03e29afa208b835f77145e0348170e,001cca7ae9ae17fb1caed9dfb1094831,2017-07-15 14:22:57,2017-08-08,garden_tools,MG,ES,prata,cariacica,89.0,41.01,1,896.9077737395471,23.400729166666668,0.0263157894736842,0.9736842105263158,10.95702043737817,21.0,0.0177318363183804,0,13.22212962962963,-10.178599537037035,4.0,train
b8eddc75e14deb94310c124b0458c626,6560211a19b47992c3666cc44a7e94c0,2018-07-02 13:07:15,2018-07-16,fashion_bags_accessories,SP,SP,sao paulo,sao paulo,69.0,7.74,1,4.3790351805446655,13.45329861111111,0.0639367816091954,0.9360632183908046,10.3165834114916,154.0,0.1219074921757038,0,2.285509259259259,-11.167789351851852,5.0,test
a92da206ef6383c3faea2be21c673e5d,d2374cbcbb3ca4ab1086534108cc3ab7,2017-09-14 18:50:07,2017-10-27,auto,RS,SP,rosario do sul,ibitinga,29.9,16.11,1,1123.4180370062154,42.21519675925926,0.005,0.995,14.898775115740744,22.0,0.0422325371030653,0,26.967997685185185,-15.247199074074071,5.0,train
bc9a4a9c385277a723b04b122fe58e0c,c33847515fa6305ce6feb1e818569f13,2018-07-14 18:14:12,2018-08-20,bed_bath_table,RJ,SC,rio de janeiro,brusque,149.0,51.33,1,744.1194215289686,36.240138888888886,0.0,1.0,9.447856562703056,34.0,0.0923392460169414,0,8.989305555555555,-27.250833333333333,5.0,test
330c4c1c971ff97dc8128ca0f61f21c6,7e93a43ef30c4f03f38b393420bc753a,2017-03-28 19:36:58,2017-04-20,watches_gifts,SP,SP,oriente,barueri,883.57,16.79,1,354.52567499568414,22.18266203703704,0.0333333333333333,0.9666666666666668,12.368479166666669,21.0,0.0594246502609614,0,5.90349537037037,-16.279166666666665,5.0,train
ba02d5b151d67c38d57577ab9a934828,f84a00e60c73a49e7e851c9bdca3a5bb,2018-05-01 18:46:33,2018-05-28,health_beauty,SP,RJ,vinhedo,rio de janeiro,9.8,15.23,1,369.36330633028575,26.21767361111111,0.1014492753623188,0.8985507246376812,11.897886976650565,9.0,0.0938363534525096,0,6.168101851851852,-20.04957175925926,4.0,test
3a3c98aede7994faf4c5a37cf27877d4,9bcdfa7b615b3abb9461d9e3ad9886ae,2017-01-31 21:14:52,2017-02-27,sports_leisure,SC,SC,florianopolis,blumenau,359.9,17.63,1,98.4241814769177,26.114675925925926,0.0072727272727272,0.9927272727272728,14.508477717331576,0.0,0.0688052550995133,0,12.736331018518518,-13.378344907407408,5.0,train
562baadf62ec31ef06e54f4a324aeb26,9f505651f4a6abe901a56cdc21508025,2018-03-25 15:12:04,2018-04-20,computers_accessories,RS,SP,porto alegre,sao paulo,23.99,15.23,1,849.0341494533931,25.36662037037037,0.0341880341880341,0.9658119658119658,9.792175728078512,27.0,0.0957899007598813,0,15.11287037037037,-10.25375,4.0,validation
982477fb4aaaa4ce97851852d2a28e90,080199a181c46c657dc5aa235411be3b,2017-12-16 22:40:37,2018-01-12,auto,RJ,SP,sao goncalo,osasco,120.49,14.59,1,391.1313171897029,26.05512731481481,0.0,1.0,6.90727237654321,9.0,0.256541099564553,1,60.90836805555556,34.85324074074074,5.0,train
e2c195168dcfb7f5465c1b342ac094ee,2fdde51ad3e12f297da656d4fbd5d0b5,2017-10-03 12:18:28,2017-11-07,auto,MS,SC,campo grande,joinville,1490.0,115.14,1,883.0051952776103,34.487175925925925,0.0,1.0,16.568002645502645,0.0,0.0504276415859467,0,7.284594907407407,-27.20258101851852,4.0,train
f2bba1addbdc9530839fcde7c33c596e,7e93a43ef30c4f03f38b393420bc753a,2017-11-13 20:44:33,2017-12-01,watches_gifts,SP,SP,batatais,barueri,719.99,68.13,1,295.9989345149191,17.135729166666668,0.0344827586206896,0.9655172413793104,10.614828434307157,38.0,0.0739783309806564,0,8.953576388888889,-8.182152777777778,4.0,train
7423b365e39a6b080541c58ce5978e0c,850f4f8af5ea87287ac68de36e29107f,2018-04-28 01:01:52,2018-05-23,toys,SP,SP,candido mota,sao paulo,59.99,12.86,1,393.0831192189687,24.95703703703704,0.0606060606060606,0.9393939393939394,9.95777083333334,8.0,0.073664508147723,1,26.44914351851852,1.4921064814814815,5.0,test
fdfd424dfca9dd4e5e8a895e20bc97e3,bccf933e006e9b94a6184af782963e77,2017-10-09 12:15:42,2017-11-01,health_beauty,GO,SP,goiania,assis,139.86,18.23,1,680.7885292413018,22.489097222222224,0.0382960579867436,0.9617039420132564,12.207976492012149,1.0,0.0476443614711476,0,9.2846875,-13.204409722222222,5.0,train
2e947480a69010d3f969b8a9be70d399,7e93a43ef30c4f03f38b393420bc753a,2017-11-23 11:40:04,2017-12-13,watches_gifts,MG,SP,tres coracoes,barueri,318.0,31.14,2,264.7770719789463,19.513842592592592,0.0371900826446281,0.962809917355372,10.673585667278854,30.0,0.0924921511402151,0,19.46017361111111,-0.0536689814814814,5.0,train
e871719502deacb16343832ef4623a07,57e632711dec9ec14ca7546769483e7e,2017-06-27 22:45:09,2017-07-19,health_beauty,RS,SC,passo fundo,navegantes,104.0,15.48,1,402.6905918943392,21.051979166666666,0.0,1.0,9.972217881944443,3.0,0.0166285508912965,0,14.88849537037037,-6.163483796296297,4.0,train
c713e92621de8e6880f8de2b10923243,955fee9216a65b617aa5c0531780ce60,2018-04-26 14:56:52,2018-05-23,garden_tools,PR,SP,guaraniacu,sao paulo,22.99,12.76,1,643.5970118154507,26.37717592592593,0.0857538035961272,0.9142461964038728,11.213072380385215,171.0,0.1249227796357614,0,11.30267361111111,-15.074502314814817,5.0,test
efcd8852328a37fca811747c09c6fb69,520b493b57809f446cb0a233bb3e25c7,2017-05-21 08:01:40,2017-06-02,bed_bath_table,SP,SP,embu-guacu,santos,40.0,19.88,2,50.21744501366262,11.66550925925926,0.0,1.0,7.551753472222223,7.0,0.0433188117439013,0,3.2945486111111117,-8.370960648148149,5.0,train
4aa3affa1cabce4defa1f592b369baba,7df1fc11cc5cbc518b39faa60cf5d67c,2018-06-18 13:46:05,2018-07-13,auto,DF,MS,brasilia,campo grande,185.9,25.17,1,881.4396926544638,24.42633101851852,0.0,1.0,7.709565972222222,0.0,0.0923818849989755,0,7.233368055555555,-17.192962962962962,5.0,test
003edccf16bc5ec447f592913b3df2b4,ef506c96320abeedfb894c34db06f478,2018-07-07 09:02:51,2018-08-03,telephony,MA,SP,vitoria do mearim,sao paulo,14.0,50.85,1,2237.1454340426308,26.62302083333333,0.0909090909090909,0.9090909090909092,13.718492603504178,10.0,0.2167485499855246,0,26.586597222222224,-0.0364236111111111,5.0,test
6ace1bf55cd8feeb61cdff8069becf87,5dceca129747e92ff8ef7a997dc4f8ca,2017-04-20 19:01:06,2017-05-12,luggage_accessories,RJ,SP,itaborai,santa barbara d´oeste,259.9,68.52,1,466.0497397041138,21.207569444444445,0.0,1.0,9.213859830575256,30.0,0.088907797003852,0,12.849606481481482,-8.357962962962963,5.0,train
c892dec5d74e3ba28920ec30498fd00f,53e4c6e0f4312d4d2107a8c9cddf45cd,2018-07-16 18:10:36,2018-08-01,housewares,DF,SP,brasilia,pedreira,19.0,15.23,1,772.7933575677481,15.242638888888887,0.0509708737864077,0.9490291262135924,12.75004994830996,18.0,0.1394834888130616,0,6.988923611111111,-8.253715277777777,5.0,test
7a648e7b0dcf4e65e1348e16a245eca7,1b8356dabde1d35e17cef975c3f82730,2017-08-05 11:04:40,2017-08-18,sports_leisure,SP,SP,sao paulo,sao paulo,59.99,9.34,1,32.67364062083833,12.538425925925926,0.0,1.0,10.372695057189544,4.0,0.0308957062107018,0,5.284988425925926,-7.2534375,4.0,train
46513a6be6229688ac9b3144f995f95a,955fee9216a65b617aa5c0531780ce60,2018-06-08 09:55:19,2018-06-26,housewares,SP,SP,sao paulo,sao paulo,130.0,11.53,1,7.4676691296855795,17.586585648148148,0.076771653543307,0.9232283464566928,11.10149629082823,151.0,0.1398006966188228,0,5.398229166666667,-12.18835648148148,5.0,test
53c13f6010b84ebe8ee418785dd62890,f76a3b1349b6df1ee875d1f3fa4340f0,2018-01-24 10:45:38,2018-02-16,housewares,SP,SP,marilia,sao paulo,194.0,34.63,1,381.8921747745249,22.55164351851852,0.0600218340611353,0.9399781659388646,13.14625673393384,5.0,0.1004194341604765,0,13.27513888888889,-9.27650462962963,5.0,validation
4aba2130d53fd001fc18322c94b58105,e9779976487b77c6d4ac45f75ec7afe9,2017-07-28 11:09:49,2017-08-10,sports_leisure,SP,SP,sao paulo,praia grande,130.0,8.65,1,58.90501629259205,12.534849537037037,0.04,0.96,8.757193981481484,20.0,0.0256488621646014,0,3.185787037037037,-9.3490625,5.0,train
d4668cd8ef48b78df597195703c95da2,8c16d1f32a54d92897cc437244442e1b,2017-08-10 13:01:54,2017-09-01,art,RS,SC,novo hamburgo,blumenau,44.9,15.1,1,366.0697471603324,21.457013888888888,0.0476190476190476,0.9523809523809524,10.821380621693123,1.0,0.0255802278167641,0,11.028483796296296,-10.428530092592592,5.0,train
ea1c943b92b11b5d15ba43481b4e3ab8,516e7738bd8f735ac19a010ee5450d8d,2018-05-15 12:10:21,2018-06-01,health_beauty,MG,RJ,uberaba,rio de janeiro,53.8,36.46,2,606.5847431632826,16.4928125,0.0836040538664445,0.9163959461335556,13.53416056102476,3.0,0.1305153884170474,0,6.351712962962963,-10.141099537037038,5.0,test
2aaec06a05dcae79035bc3b85c53d817,48fb026ed7455a42f5d3e9390ed5088e,2017-08-19 22:53:38,2017-09-13,auto,MG,RJ,juiz de fora,barra mansa,47.99,12.35,1,119.9955265252899,24.046087962962964,0.0,1.0,12.0682137345679,2.0,0.0221957414078723,0,8.836331018518518,-15.209756944444443,4.0,train
c6c76014b61dcf511dd9db142760ae34,391fc6631aebcf3004804e51b40bcf1e,2018-01-13 18:35:08,2018-02-21,bed_bath_table,RJ,SP,marica,ibitinga,39.99,15.1,1,631.5118652881931,38.22560185185185,0.0827338129496402,0.9172661870503596,14.79258955335731,25.0,0.1154981305994561,0,13.187881944444444,-25.037719907407407,5.0,validation
b4c86abf900a8e53f4b9622532c87ea4,eb72802c83dc7547529c9546d1a9b8ef,2018-06-21 09:46:27,2018-07-04,health_beauty,SP,SP,barueri,rio claro,259.99,10.33,1,146.16609216748236,12.592743055555555,0.0,1.0,7.237399691358024,2.0,0.0966209317807369,0,2.1166435185185186,-10.476099537037037,5.0,test
50ef0803caecc37cffe206f09dbc70b3,4830e40640734fc1c52cd21127c341d4,2018-07-16 23:53:40,2018-08-14,sports_leisure,RJ,SP,rio de janeiro,sao paulo,69.99,15.59,1,323.8062847780637,28.004398148148148,0.0674157303370786,0.9325842696629214,10.50777797284644,8.0,0.1318494293190956,0,6.84099537037037,-21.163402777777776,5.0,test
6a6b5f5c1957d008772dc54c84a0980f,8d956fec2e4337affcb520f56fd8cbfd,2018-04-05 12:39:41,2018-04-20,telephony,SP,SP,sao paulo,sao bernardo do campo,46.99,7.39,1,16.728727678136018,14.472442129629629,0.0333333333333333,0.9666666666666668,9.914389467592594,39.0,0.0861218169437698,0,4.050787037037037,-10.421655092592593,5.0,test
6b7eb46185e1e6f0df3c97ed2b16a563,955fee9216a65b617aa5c0531780ce60,2018-03-26 10:06:54,2018-04-12,garden_tools,SP,SP,sao carlos,sao paulo,500.0,15.94,1,222.50253692048923,16.578541666666666,0.0609981515711645,0.9390018484288356,10.94367574193879,150.0,0.1657828525669184,0,14.461516203703704,-2.117025462962963,5.0,validation
2df92600294b6acc114b86b79dfff0f3,6560211a19b47992c3666cc44a7e94c0,2018-03-08 16:01:39,2018-04-10,watches_gifts,RJ,SP,rio de janeiro,sao paulo,29.0,15.23,1,341.5745401754436,32.3321875,0.0541082164328657,0.9458917835671344,10.20020497012544,78.0,0.117134249940899,1,43.20630787037037,10.87412037037037,1.0,validation
eaaee645b1c3232e02feea76ef993a9e,8931a84a914b3fe9b1ddaa4d704947ca,2017-05-10 18:13:04,2017-05-30,perfumery,MG,SP,coroaci,sao paulo,69.9,15.24,1,696.2174489765478,19.240925925925925,0.0,1.0,8.460667438271605,2.0,0.0187693262806977,0,11.85054398148148,-7.390381944444444,5.0,train
b29f546b1ce275afb2a0c39f0ade6bcc,f8db351d8c4c4c22c6835c19a46f01b0,2017-11-22 02:11:35,2017-12-20,stationery,PE,SP,santa cruz do capibaribe,salto,141.9,29.39,1,2068.9377316358937,27.908622685185183,0.0362116991643454,0.9637883008356546,10.36231055916641,19.0,0.208814395948909,0,24.36476851851852,-3.5438541666666667,5.0,train
3510562077978706f02985af10562837,04308b1ee57b6625f47df1d56f00eedf,2018-03-07 14:33:33,2018-04-05,health_beauty,MG,SC,belo horizonte,bombinhas,529.9,25.42,1,927.2783735780456,28.393368055555555,0.0,1.0,17.029315843621397,19.0,0.093087574461608,1,29.365266203703705,0.971898148148148,4.0,validation
e8782ab91b5bd339a3250f9564b4b168,48436dade18ac8b2bce089ec2a041202,2017-04-30 08:23:52,2017-06-02,cool_stuff,PE,SP,brejo da madre de deus,volta redonda,45.9,22.28,1,1802.0615148834297,32.65009259259259,0.0,1.0,8.659930555555556,5.0,0.064213045642637,0,14.858425925925928,-17.791666666666668,3.0,train
c4a28e8e313a4ec9ad2af047a0e564f7,ba6b68b55fe8704377a7d43c8e5c0185,2017-05-06 19:15:33,2017-05-31,unknown,RJ,MG,belford roxo,belo horizonte,209.9,17.72,1,318.0201757586605,24.197534722222223,0.0291101055806938,0.9708898944193062,13.820705765548825,1.0,0.0513907302304455,0,9.630706018518518,-14.566828703703704,4.0,train
425f411da928aab32cbb846990839737,c826c40d7b19f62a09e2d7c5e7295ee2,2018-01-17 21:39:29,2018-02-14,unknown,SC,SP,blumenau,guarulhos,159.77,16.88,1,457.5828870618668,27.09758101851852,0.0594059405940594,0.9405940594059404,12.160590392372573,57.0,0.1083563297546411,1,43.18725694444444,16.089675925925928,1.0,validation
c1fad8c885084c5b05f3bd5e2dd56218,37be5a7c751166fbc5f8ccba4119e043,2017-09-21 09:31:51,2017-10-20,bed_bath_table,MG,SP,belo vale,sao paulo,148.0,25.88,1,443.9053622282389,28.602881944444444,0.0093457943925233,0.9906542056074766,9.826999935098648,59.0,0.0073726330691203,0,6.3990625,-22.203819444444445,5.0,train
47d3b12983a4e86dee49b220a689f1c7,ececbfcff9804a2d6b40f589df8eef2b,2018-07-27 13:32:23,2018-08-20,health_beauty,BA,SP,andorinha,franca,59.5,22.35,1,1390.5167816747862,23.435844907407407,0.0921052631578947,0.9078947368421052,13.920214272660814,11.0,0.2073592030929326,0,12.10599537037037,-11.329849537037036,4.0,test
bbeb3a35e986d6a0f87217b567c99cd0,411f3b52d857390502ee4e4d5ceabc2d,2018-04-17 20:00:49,2018-05-04,construction_tools_construction,SP,SP,sertaozinho,ribeirao pires,172.04,13.64,1,328.9675965865559,16.166099537037038,0.0806697342300056,0.9193302657699944,13.802025595038977,1.0,0.1153510487632343,0,5.838796296296296,-10.32730324074074,5.0,test
69c7a1e070c1759e15f7a5fd24c36e5b,a3a38f4affed601eb87a97788c949667,2017-03-06 18:34:35,2017-04-04,toys,BA,SC,conceicao da feira,joinville,104.99,29.77,1,1848.3244352968416,28.225983796296298,0.0,1.0,11.687413019079685,27.0,0.1847435528189786,1,83.63065972222222,55.40467592592593,4.0,train
b135bf23f8815a4a1a3d92cbee94b3f8,cc419e0650a3c5ba77189a1882b7556a,2017-10-31 18:43:32,2017-11-13,perfumery,SP,SP,piracicaba,santo andre,56.99,8.72,1,159.24429953411314,12.21976851851852,0.0251989389920424,0.9748010610079576,10.368241201247663,118.0,0.0698943635406328,0,6.139444444444444,-6.080324074074074,3.0,train
0f72cb4b59a055ff45e334ecfe7cfee1,0ebd97a106433a45a4aebe57c1799778,2017-10-25 23:38:10,2017-11-13,fashion_bags_accessories,SP,MG,sao paulo,contagem,118.9,22.01,2,474.7017485693549,18.01516203703704,0.0,1.0,7.33585122053872,1.0,0.0317814643850656,0,1.838703703703704,-16.176458333333333,1.0,train
4e000d94b48474ed259893d52b57d357,53e4c6e0f4312d4d2107a8c9cddf45cd,2018-06-18 15:43:44,2018-07-17,housewares,PR,SP,curitiba,pedreira,78.0,34.63,1,392.1285288941036,28.34462962962963,0.0534351145038167,0.9465648854961832,13.074017794034493,21.0,0.108504380013088,0,6.978564814814815,-21.366064814814816,5.0,test
c32aa6c419d45714f23c9df96f217cc9,53e4c6e0f4312d4d2107a8c9cddf45cd,2017-10-05 22:52:23,2017-11-07,housewares,RJ,SP,rio de janeiro,pedreira,24.98,16.6,1,371.7291159439407,32.04695601851852,0.0217391304347826,0.9782608695652174,12.140778314546427,33.0,0.0318899591138434,0,10.963680555555555,-21.083275462962963,5.0,train
8fac4937d08ac74197a48a70c5bc1245,25e6ffe976bd75618accfe16cefcbd0d,2017-05-01 11:00:59,2017-05-25,toys,RJ,SP,natividade,sao paulo,270.0,17.1,1,562.2690028663529,23.540983796296292,0.0,1.0,10.003315329218108,2.0,0.0399032797514161,0,7.919513888888889,-15.621469907407407,5.0,train
964937fd838e5fb7488cf417d7b60747,cca3071e3e9bb7d12640c9fbe2301306,2017-03-10 17:55:34,2017-04-06,furniture_decor,SP,SP,barueri,ibitinga,59.9,13.0,1,280.86765196103926,26.253078703703704,0.0,1.0,11.94142966360856,68.0,0.0313699022013437,0,10.880532407407408,-15.372546296296296,5.0,train
3cc1a0fb96625b337cdc5abdc7383a88,0ea22c1cfbdc755f86b9b54b39c16043,2018-01-10 21:39:13,2018-02-06,fashion_bags_accessories,MS,MG,tres lagoas,sete lagoas,24.9,16.79,1,793.6951363401284,26.097766203703703,0.0060975609756097,0.9939024390243902,10.781031715785916,19.0,0.0410459039660263,0,14.009236111111113,-12.088530092592592,5.0,validation
79fc134b916a8831d03be5a38144e016,63b464dbf392c7b80d12d932fa7cafed,2017-10-03 10:12:01,2017-10-26,furniture_decor,SP,SP,mogi das cruzes,sao paulo,179.0,17.99,1,40.7791674432472,22.574988425925927,0.0,1.0,12.337303883744855,0.0,0.0375488769742125,0,3.4315046296296297,-19.143483796296294,3.0,train
cf851a3ce6ce940823fdfb5b0a8eb337,9261d76c62caaf0b24677c2ceb7f8f20,2018-07-16 13:15:57,2018-08-21,housewares,RJ,SC,rio de janeiro,palhoca,144.98,26.53,1,748.2803248149285,35.44725694444445,0.0,1.0,6.183877314814815,2.0,0.1106954628410563,0,12.325335648148148,-23.121921296296296,3.0,test
3eb18430be4502566fc9ac46bdce44b1,7c67e1448b00f6e969d365cea6b010ab,2018-03-07 14:46:20,2018-04-10,office_furniture,SP,SP,bauru,itaquaquecetuba,186.99,40.17,1,303.48525568835345,33.38449074074074,0.096938775510204,0.903061224489796,21.005652832892423,81.0,0.1221554002038444,0,26.89585648148148,-6.48863425925926,5.0,validation
13bb866b92de8268d5c90acb92caa6ad,17e34d8224d27a541263c4c64b11a56b,2017-08-09 12:24:22,2017-08-29,sports_leisure,SP,SP,ipigua,riberao preto,62.34,11.94,1,174.49942331595088,19.483078703703704,0.028169014084507,0.971830985915493,13.156878912363068,20.0,0.0112206848738908,0,7.224606481481482,-12.258472222222222,5.0,train
ab37728868ab54d404aeb0398696940d,0dd184061fb0eaa7ca37932c68ab91c5,2018-04-04 22:18:33,2018-04-30,industry_commerce_and_business,BA,SP,valente,guarulhos,142.0,67.88,2,1538.4760507313504,25.070451388888888,0.125,0.875,12.714295428240742,34.0,0.1984998718051874,0,12.74607638888889,-12.324375,5.0,test
3ab06142761c8a779015c0f3ec16c276,33ac3e28642ab8bda860a2f693000e78,2017-10-12 14:49:04,2017-10-31,sports_leisure,RJ,SP,rio de janeiro,cotia,104.9,15.49,1,348.8589664484409,18.38259259259259,0.0,1.0,8.530983024691357,2.0,0.0388574375878861,0,11.132685185185183,-7.249907407407408,3.0,train
bb0053cdec4b5850b4682e029eb3347f,391fc6631aebcf3004804e51b40bcf1e,2017-07-30 09:14:52,2017-08-18,furniture_decor,SP,SP,cotia,ibitinga,206.05,39.81,3,284.17341586737183,18.614675925925926,0.0495867768595041,0.9504132231404958,13.01090182124273,33.0,0.0287316037265743,0,8.51474537037037,-10.099930555555556,1.0,train
3ff74df75d244d7b291dc5a16004b2f0,3bb548e3cb7f70f28e3f11ee9dce0e59,2018-07-04 12:22:03,2018-08-07,computers_accessories,SP,PR,santo andre,maringa,124.85,14.21,1,551.0828412198722,33.4846875,0.0,1.0,11.836275077160492,8.0,0.0590154657879551,0,7.344942129629629,-26.13974537037037,5.0,test
01235dc626dcf13283207ba7f36a959a,855668e0971d4dfd7bef1b6a4133b41b,2018-07-24 09:57:43,2018-08-09,baby,SP,SP,sao paulo,itatiba,51.98,14.88,2,66.03660207133139,15.58491898148148,0.1408450704225352,0.8591549295774648,16.20652761476265,10.0,0.1425177132825173,0,13.20832175925926,-2.3765972222222222,5.0,test
c1ddb9a2ec3bae0156fed0df64910447,609e1a9a6c2539919b8205cf7c4e6ff0,2018-03-19 18:21:19,2018-04-13,bed_bath_table,SP,SC,sao jose do rio preto,brusque,147.8,46.2,2,707.4110013219937,24.23519675925926,0.0,1.0,8.848726851851852,5.0,0.0796697292555272,0,9.057847222222222,-15.177349537037037,4.0,validation
31b2fdf38a3bfdf9a67d997242c65ed8,897060da8b9a21f655304d50fd935913,2018-02-12 12:07:43,2018-03-08,computers_accessories,PR,SP,pato branco,ribeirao preto,56.0,16.15,1,750.943661088468,23.494641203703704,0.0619047619047619,0.938095238095238,13.769837301587293,24.0,0.0840024473276818,1,24.160972222222224,0.6663310185185185,5.0,validation
47f0a1c1bead9d28898e70cb26300fc2,620c87c171fb2a6dd6e8bb4dec959fc6,2017-05-23 21:41:59,2017-06-14,perfumery,SP,RJ,embu das artes,petropolis,159.9,15.87,1,394.0591191889583,21.095844907407407,0.0441988950276243,0.9558011049723756,12.273440377532228,5.0,0.0913816542997661,1,23.45228009259259,2.356435185185185,3.0,train
d4b4b8d55b203dc85ccad823014fbb34,32b8764b4ef628b53608fc34011fcc13,2018-07-24 10:04:11,2018-08-28,housewares,RJ,SC,rio de janeiro,lages,195.0,67.9,1,886.8643550360578,34.580428240740744,0.074074074074074,0.925925925925926,12.013023405349797,3.0,0.1155812475003781,0,9.408043981481482,-25.17238425925926,4.0,test
82dbc38acc657c34ab7bf74c7b70858a,6560211a19b47992c3666cc44a7e94c0,2017-11-14 16:43:15,2017-11-28,watches_gifts,SP,SP,sao paulo,sao paulo,79.0,7.81,1,6.940220183979888,13.303298611111112,0.0352112676056338,0.9647887323943662,9.268135534852632,122.0,0.0311002909664591,0,2.8669212962962964,-10.436377314814814,5.0,train
f74a92993942e72d5f55c192272b02e0,5f5b43b2bffa8656e4bc6efeb13cc649,2017-12-11 08:39:08,2017-12-28,stationery,SP,SP,diadema,sao paulo,179.9,12.46,1,15.429994705600723,16.63949074074074,0.0,1.0,9.805405092592592,2.0,0.0378296004102311,0,4.5690625,-12.07042824074074,5.0,train
9277d9d48b3a4ca5a90e365f38d095e9,5160d23075764e18e07c1f4a87fad743,2017-10-10 17:04:13,2017-11-01,toys,MG,SP,oliveira,sao bernardo do campo,35.0,15.1,1,379.6789876541518,21.288738425925924,0.0,1.0,9.199160434472931,12.0,0.0236675193549126,0,14.130451388888888,-7.158287037037037,5.0,train
0c6829c9d92a6bb545d7bf1734d094c6,c003204e1ab016dfa150abc119207b24,2017-11-23 11:33:08,2017-12-05,electronics,SP,SP,sao paulo,cajamar,135.9,19.42,1,40.70893468996064,11.518657407407408,0.0,1.0,7.612835648148148,3.0,0.0722819450625742,0,2.148553240740741,-9.370104166666666,5.0,train
a0ba767f45d100f0a10b9c7c5ffe077e,6c177e38df6d3f34182b1f1d427231bf,2017-05-30 20:32:45,2017-06-26,telephony,MG,PR,lavras,curitiba,135.0,17.39,1,638.7067584678756,26.143923611111116,0.0,1.0,13.278999228395064,7.0,0.0151520733201063,0,14.875775462962965,-11.268148148148148,4.0,train
aa13f22ba1dbf5360989f7480c1e099c,8b321bb669392f5163d04c59e235e066,2018-05-24 09:32:10,2018-06-12,electronics,SP,SP,sao bernardo do campo,sao paulo,15.0,8.29,1,24.26497580030628,18.60266203703704,0.1174934725848564,0.8825065274151436,13.240971421405083,95.0,0.1219095058719502,0,1.5002546296296295,-17.10240740740741,5.0,test
a2d72ff17d07bd4f05cfaa40c6c8e2a2,59b22a78efb79a4797979612b885db36,2018-08-20 20:44:14,2018-09-03,construction_tools_construction,RJ,MG,nova iguacu,uberlandia,289.0,21.21,1,664.0457356758776,13.135949074074071,0.1304347826086956,0.8695652173913043,12.645784621578098,9.0,0.211539922523772,0,6.912731481481481,-6.223217592592593,5.0,test
0794929f95ad2d3371bf525e22a2603f,25c5c91f63607446a97b143d2d535d31,2017-11-06 12:28:08,2017-12-04,computers_accessories,RN,MG,natal,itauna,134.0,47.47,1,1877.5580868913048,27.480462962962964,0.0533333333333333,0.9466666666666668,13.625680864197532,23.0,0.0957481295602304,0,15.435891203703704,-12.04457175925926,5.0,train
e3654d3f8136f013ad09af28b1585e24,2745f798279e0ed033addcc1474776d7,2018-03-03 23:51:06,2018-03-27,sports_leisure,RJ,SP,marica,sao paulo,89.9,15.39,1,380.8692041162813,23.00618055555556,0.0952380952380952,0.9047619047619048,14.186735559964724,2.0,0.1855286255485939,0,17.970659722222223,-5.035520833333333,3.0,validation
6ab534505fb57203e69d50a39a28603f,1025f0e2d44d7041d6cf58b6550e0bfa,2017-09-20 08:29:08,2017-10-11,furniture_decor,SP,SP,mairinque,sao paulo,250.0,35.02,1,64.4597334330182,20.646435185185187,0.0185185185185185,0.9814814814814816,8.874599837105626,47.0,0.032673102833683,0,9.277280092592592,-11.369155092592592,5.0,train
4c405d4709e91c1a881d8e70a74d9dbe,9e6229250fedbe05838fef417b74e7fb,2018-08-10 19:53:07,2018-08-29,baby,SP,SP,barra bonita,mirandopolis,169.9,19.49,1,302.66351471185965,18.171446759259258,0.0338983050847457,0.9661016949152542,12.034368526365345,15.0,0.107159481331272,0,12.30601851851852,-5.865428240740741,3.0,test
eaab44d4e74c7fffbef5ea53e34068a1,2eb70248d66e0e3ef83659f71b244378,2018-05-16 23:35:50,2018-06-04,computers_accessories,SP,SP,sao jose dos campos,campinas,79.9,7.74,1,121.0378453869645,18.01678240740741,0.3055555555555556,0.6944444444444444,17.902835969650212,53.0,0.1357808618564017,0,13.75974537037037,-4.257037037037037,5.0,test
51dbf092f04368fda17fb25eb2d75eca,44073f8b7e41514de3b7815dd0237f4f,2018-02-09 13:47:58,2018-03-08,health_beauty,MA,DF,sao luis,brasilia,128.3,23.22,1,1531.8318621812582,26.42502314814815,0.0307692307692307,0.9692307692307692,13.050116185897432,5.0,0.1390977786212346,0,18.312361111111112,-8.112662037037037,5.0,validation
8bf042f3248ba31efd190930bd406ea0,c66dccfb3f109511246da627dd5a2498,2018-04-26 17:28:49,2018-05-17,watches_gifts,SP,SP,piracicaba,registro,128.75,13.31,1,199.2504142385949,20.271655092592592,0.0666666666666666,0.9333333333333332,15.243775462962962,4.0,0.1183553684553992,0,8.290104166666667,-11.981550925925928,5.0,test
a67e0ff4ee0edd2ef3973d90080cb0dc,33a6f4b1e7cdc205511e76ba1b6e0186,2018-04-19 08:57:33,2018-05-29,bed_bath_table,RJ,SP,rio de janeiro,guarulhos,79.99,16.53,1,347.0631866073192,39.62670138888889,0.027027027027027,0.972972972972973,9.950609672172176,21.0,0.0943146371643881,0,5.673009259259259,-33.95369212962963,5.0,test
eafef0e6c44f121531569a69a318c3b3,855668e0971d4dfd7bef1b6a4133b41b,2017-11-29 13:03:33,2017-12-27,cool_stuff,RS,SP,porto alegre,itatiba,65.99,15.22,1,894.6772267660909,27.455868055555555,0.0709219858156028,0.9290780141843972,12.084056179406362,39.0,0.316336308904585,1,41.145,13.689131944444444,,train
ed2ea4498bcd56d90d461a23fa47ac56,cca3071e3e9bb7d12640c9fbe2301306,2017-01-14 23:05:01,2017-02-24,furniture_decor,SP,SP,sao paulo,ibitinga,29.9,10.96,1,312.51510126190925,40.03818287037037,0.0,1.0,23.493324652777776,8.0,0.0283803895449523,0,9.613032407407408,-30.425150462962964,3.0,train
67f30bce3a2dd23c894bae87e6391987,d05ae8f7a5bd1d2a690a44cd079e4e27,2018-06-02 18:24:18,2018-07-11,sports_leisure,SP,RJ,sao paulo,rio de janeiro,252.0,16.64,1,340.87923455900017,38.233125,0.0972222222222222,0.9027777777777778,11.52456661522634,5.0,0.0902822990128291,0,5.996226851851852,-32.23689814814815,4.0,test
75e6eea3103ed05319ebfb5947e94b02,8b321bb669392f5163d04c59e235e066,2018-07-05 21:40:47,2018-08-02,electronics,PE,SP,camaragibe,sao paulo,13.65,19.04,1,2125.8563616275164,27.09667824074074,0.1065292096219931,0.8934707903780069,12.93575297770565,67.0,0.1941737837519361,0,22.910208333333333,-4.186469907407408,4.0,test
66bc614bb924869b79b65d7f8077a385,6560211a19b47992c3666cc44a7e94c0,2018-01-29 17:47:27,2018-03-01,watches_gifts,RS,SP,porto alegre,sao paulo,101.0,28.24,2,838.1173787681172,30.258715277777775,0.0532879818594104,0.9467120181405896,9.982175820945663,100.0,0.1089233213909526,1,36.15359953703704,5.89488425925926,1.0,validation
832e0a03685bfc20477ea18436e023a2,229c3efbfb0ea2058de4ccdfbc3d784a,2017-05-26 16:43:10,2017-06-20,computers_accessories,SP,MG,miguelopolis,belo horizonte,97.0,15.43,1,427.2989517131052,24.303356481481483,0.0,1.0,8.918573028673837,28.0,0.015143549848328,0,11.821458333333334,-12.481898148148147,4.0,train
e9cd104dfc8837e084c067292c013b0a,25e6ffe976bd75618accfe16cefcbd0d,2017-01-26 21:33:43,2017-03-02,toys,SP,SP,valinhos,sao paulo,36.75,10.96,1,74.94139499399614,34.101585648148145,0.0,1.0,11.95599537037037,0.0,0.0300159552125941,0,6.6587962962962965,-27.44278935185185,4.0,train
096577992f6aef252ccc5ae7da09be09,f61c63d13f7cd800549d5acdd390ae72,2018-01-06 11:33:27,2018-01-31,housewares,SP,SP,praia grande,pilar do sul,30.5,11.85,1,132.49966869981046,24.5184375,0.0,1.0,11.724354423868313,1.0,0.0577972658283659,0,21.20077546296296,-3.317662037037037,5.0,validation
c5b31150f4307952a53f840287f03759,4d6d651bd7684af3fffabd5f08d12e5a,2018-02-13 15:26:25,2018-03-28,sports_leisure,SP,SP,itapira,jau,298.0,13.59,1,178.6922506019075,42.35665509259259,0.0375,0.9625,12.177649088541669,44.0,0.0598795018750021,0,22.14059027777778,-20.21606481481481,5.0,validation
8ea7aebc18842332aad5f41ca74b334c,59417c56835dd8e2e72f91f809cd4092,2017-04-01 15:58:41,2017-05-09,small_appliances,RJ,SP,araruama,limeira,2589.0,32.29,1,522.242312863649,37.33424768518518,0.0,1.0,7.633315972222222,2.0,0.1188650739581058,0,15.942847222222222,-21.391400462962963,5.0,train
163dbb9a9e122705518ab2735e1c6008,391fc6631aebcf3004804e51b40bcf1e,2018-04-15 14:14:01,2018-05-14,bed_bath_table,SP,SP,sao paulo,ibitinga,45.95,12.79,1,293.6670435586443,28.40693287037037,0.0994764397905759,0.9005235602094241,15.167530207727358,36.0,0.0953875766021318,0,5.422256944444444,-22.984675925925927,5.0,test
d684607dd5f758bea02fedbfbbb9d37e,7d76b645482be4a332374e8223836592,2017-09-29 01:43:43,2017-10-27,telephony,SC,SP,abelardo luz,sao paulo,29.9,15.1,1,663.432122781259,27.92797453703704,0.0434782608695652,0.9565217391304348,8.735116747181964,19.0,0.0220335616069229,0,14.545289351851851,-13.382685185185183,4.0,train
07b21e603088925f04bb9034954fe5fa,b8555308bfdb4ca1ed54325a58da9a97,2018-05-09 08:56:03,2018-06-07,office_furniture,MT,SP,primavera do leste,sao bernardo do campo,94.9,31.31,1,1216.2816234482732,28.627743055555555,0.0769230769230769,0.9230769230769232,11.715120192307692,3.0,0.1108930910705607,0,15.381388888888887,-13.246354166666666,5.0,test
03d3db2eb72705d4b4dd30987cf610f8,431af27f296bc6519d890aa5a05fdb11,2018-04-09 22:18:02,2018-05-07,health_beauty,MG,SP,caete,ribeirao preto,135.9,21.88,1,458.1045660031659,27.070810185185184,0.1485148514851485,0.8514851485148515,17.121886001100112,4.0,0.1276883084861365,0,14.580266203703705,-12.490543981481482,5.0,test
c6b504c2796cc68a698cd95f0b68d569,70a12e78e608ac31179aea7f8422044b,2018-02-09 16:31:38,2018-03-08,telephony,MS,SP,dourados,jacarei,245.0,16.46,1,913.6130930419166,26.31136574074074,0.0786026200873362,0.9213973799126638,14.014047539624766,14.0,0.12303096697576,1,33.32667824074074,7.0153125,1.0,validation
a2b98e0d4c46ef327bb78d902bfaf7b3,b335c59ab742f751a85db9c411a86739,2017-07-08 17:12:00,2017-08-07,housewares,SP,MG,sao jose dos campos,araguari,76.99,16.3,1,563.92867903518,29.28333333333333,0.125,0.875,23.771882233796298,0.0,0.047272971108491,0,13.024872685185183,-16.258460648148148,4.0,train
7fa33625c8f2f1261457912cf60077ad,7142540dd4c91e2237acb7e911c4eba2,2018-04-01 15:17:56,2018-04-23,auto,PR,SP,curitiba,penapolis,59.9,23.0,1,451.71995481748286,21.362546296296298,0.0533333333333333,0.9466666666666668,14.51734130658436,32.0,0.1376026851583472,0,8.388657407407408,-12.973888888888888,5.0,test
c9658b7487e1dbbf57f82493f398ed15,3d871de0142ce09b7081e2b9d1733cb1,2017-08-13 15:39:54,2017-09-01,toys,SP,SP,sao jose do rio preto,campo limpo paulista,79.0,12.05,1,378.1332240061661,18.347291666666667,0.0114942528735632,0.9885057471264368,9.178354020327795,63.0,0.0080065104607729,0,8.071331018518519,-10.275960648148148,5.0,train
a58d2e45e365fdb3ee3cdac17e1be44a,06a2c3af7b3aee5d69171b0e14f0ee87,2018-07-18 23:58:18,2018-08-13,health_beauty,RN,MA,natal,sao luis,66.99,19.38,1,1068.516468950476,25.00118055555556,0.2205323193916349,0.779467680608365,18.62463746303338,104.0,0.1651403238880952,0,22.784814814814816,-2.216365740740741,5.0,test
a9949021920356d13455f9cfdf3cba62,6b243f80ed07b10f0e8aa0f21a205f3c,2018-06-25 16:29:21,2018-07-20,sports_leisure,RJ,PR,niteroi,curitiba,64.9,17.38,1,692.6047290708342,24.312951388888887,0.0333333333333333,0.9666666666666668,11.861975694444446,7.0,0.1239882611422378,0,4.092256944444444,-20.220694444444444,5.0,test
bdc11cf6acd11917b9ea3d91b95e1395,cc419e0650a3c5ba77189a1882b7556a,2018-03-28 23:09:36,2018-04-25,perfumery,RJ,SP,marica,santo andre,49.99,15.23,1,385.7315542274747,27.035,0.049680624556423,0.950319375443577,11.586544091554291,92.0,0.1293998499833834,1,28.57295138888889,1.537951388888889,2.0,validation
7ece8c3c916bb0366f54e22a77936af4,9e6229250fedbe05838fef417b74e7fb,2018-01-19 20:48:28,2018-02-19,bed_bath_table,RJ,SP,niteroi,mirandopolis,359.8,43.5,2,848.8754128214446,30.13300925925926,0.0,1.0,14.319101080246917,3.0,0.1427573088773445,0,17.8265625,-12.30644675925926,5.0,validation
cb9eeca1d9d3a0487a015a69bf5715ab,4a3ca9315b744ce9f8e9374361493884,2017-12-02 00:48:09,2018-01-08,bed_bath_table,AL,SP,maceio,ibitinga,99.0,38.24,1,1943.9957565497807,36.9665625,0.0456100342075256,0.9543899657924744,13.04570372217999,171.0,0.1995674375116875,0,22.670532407407407,-14.296030092592591,4.0,train
90c6e60786251825a184d18d6a4718bb,7d7d2b7a51328016102d4528c411d630,2018-08-18 08:17:21,2018-09-11,bed_bath_table,RS,SP,porto alegre,ibitinga,175.0,19.33,1,949.1461376446032,23.65461805555556,0.0,1.0,9.329944444444443,2.0,0.1148311191422857,0,9.308761574074074,-14.345856481481482,5.0,test
15d78ce10f27fd7ff33a22928455e29e,cab85505710c7cb9b720bceb52b01cee,2017-12-03 15:20:42,2018-01-10,fashion_bags_accessories,RJ,SP,duque de caxias,sao paulo,49.9,14.1,1,343.3537599508108,37.360625,0.0,1.0,10.317414694787375,8.0,0.1572632416761145,0,18.009502314814814,-19.351122685185185,5.0,train
7db3c476a7eed0f931dfe7e69deeb54e,0df3984f9dfb3d49ac6366acbd3bbb85,2017-07-18 00:54:08,2017-08-09,health_beauty,SP,MG,sao paulo,betim,129.9,14.66,1,478.43087068633736,21.962407407407408,0.0,1.0,6.886426917989416,4.0,0.0108851065905872,0,10.639097222222222,-11.323310185185186,5.0,train
48355743de20d2abaed10440296594e5,099095b050cfe8eb1ddff5317587e96e,2018-04-15 20:41:10,2018-04-27,kitchen_dining_laundry_garden_furniture,SP,SP,sao paulo,sao paulo,265.99,96.82,1,8.84283472779387,11.138078703703703,0.5,0.5,25.76164351851852,3.0,0.2000578955330335,0,3.067638888888889,-8.070439814814815,3.0,test
17f97d000b0ebd36b6dbdf154b0a3d7f,b17b679f4f5ce2e03ce6968c62648246,2018-04-01 07:56:54,2018-04-26,health_beauty,BA,SP,cicero dantas,ribeirao preto,67.97,23.41,1,1547.0737572568614,24.668819444444445,0.0975609756097561,0.902439024390244,17.260311935411018,3.0,0.2091898487500079,1,31.20954861111111,6.540729166666667,1.0,test
32bde441c2a8669167988229bcafe2d7,955fee9216a65b617aa5c0531780ce60,2018-05-26 09:27:50,2018-07-03,furniture_decor,GO,SP,goiania,sao paulo,69.9,0.0,1,820.149801875123,37.60567129629629,0.0726895119418483,0.9273104880581516,11.006250636994729,229.0,0.1122438751169436,0,21.195173611111112,-16.410497685185184,5.0,test
e282c4391c744da1e194f6c322f1255f,abcd2cb37d46c2c8fb1bf071c859fc5b,2018-01-30 12:40:44,2018-03-13,health_beauty,RO,MT,porto velho,cuiaba,121.0,38.52,2,1135.9173088920904,41.47171296296296,0.0,1.0,11.905266884531589,9.0,0.0426685615274002,0,17.38300925925926,-24.088703703703704,4.0,validation
9142e38d4f7b7cf458a1eb8ee2b52157,06a2c3af7b3aee5d69171b0e14f0ee87,2018-07-03 23:00:59,2018-08-01,health_beauty,RJ,MA,resende,sao luis,122.99,63.11,1,2221.7909870631747,28.040983796296292,0.2532751091703056,0.7467248908296944,19.63368692382339,87.0,0.2124877330982455,0,8.694953703703703,-19.346030092592592,5.0,test
29182856a24c6eeb1d7b81ba1fe63190,da8622b14eb17ae2831f4ac5b9dab84a,2017-07-20 16:52:06,2017-08-11,bed_bath_table,RJ,SP,rio de janeiro,piracicaba,99.9,17.95,1,452.3331986761788,21.29715277777778,0.0352112676056338,0.9647887323943662,13.61428909102765,38.0,0.02949483857395,0,8.92537037037037,-12.371782407407409,3.0,train
719bb3a1ecca0dc38551f11cd181cca6,17ca9b9e9b9ef8fdb529001b49ebb50f,2018-01-16 23:17:22,2018-02-09,bed_bath_table,SP,MG,andradina,betim,71.96,26.94,2,764.8096786077605,23.02960648148148,0.0256410256410256,0.9743589743589745,10.571661028015198,15.0,0.0762085821909043,0,8.688530092592593,-14.341076388888888,5.0,validation
000f25f4d72195062c040b12dce9a18a,7c67e1448b00f6e969d365cea6b010ab,2018-03-07 10:33:13,2018-04-11,office_furniture,RJ,SP,volta redonda,itaquaquecetuba,119.99,44.4,1,257.2729243218968,34.560266203703705,0.0971039182282793,0.9028960817717206,21.0276811628494,79.0,0.1712664160241319,0,15.262951388888888,-19.29731481481481,4.0,validation
800447e795f2bcf1009e0b2a88d05bbe,d9a84e1403de8da0c3aa531d6d108ba6,2018-05-16 17:20:12,2018-05-24,baby,SP,SP,santos,sao paulo,23.6,29.56,4,52.784404625189154,7.277638888888889,0.0769230769230769,0.9230769230769232,9.646444978632475,11.0,0.1506303136070977,0,4.9073263888888885,-2.3703125,5.0,test
d64d6b004a4ffd419003fc0a128c1c50,23d7c96d4a1160db1c726b248601b25a,2018-07-25 17:11:06,2018-08-17,cool_stuff,PR,SP,curitiba,capivari,209.9,24.27,1,326.19904963886216,22.28395833333333,0.1428571428571428,0.8571428571428572,14.354659115961203,2.0,0.1461398513647513,0,4.737071759259259,-17.546886574074072,5.0,test
fd3a02bb749359b9e6a4126cd8a50822,92eb0f42c21942b6552362b9b114707d,2018-07-01 17:43:58,2018-08-01,electronics,MG,SP,timoteo,sao paulo,11.97,18.23,1,596.820908658644,30.261134259259254,0.0756013745704467,0.9243986254295532,13.686369718085786,10.0,0.0953273185991014,0,12.164930555555555,-18.096203703703704,4.0,test
7b49220cf93758de83b2e9adefaca923,d98eec89afa3380e14463da2aabaea72,2017-12-14 14:02:34,2018-01-19,toys,MG,RS,machado,porto alegre,49.99,16.79,1,1069.6587197992262,35.41488425925926,0.0,1.0,7.826868386243389,21.0,0.0260501771189512,0,12.287835648148148,-23.12704861111111,5.0,train
505bf01f1db6a65a3696e66ed7d44500,fcb5ace8bcc92f75707dc0f01a27d269,2018-02-04 14:43:48,2018-03-12,electronics,RN,SP,parnamirim,guarulhos,31.9,21.15,1,2305.375735555319,35.38625,0.0625,0.9375,8.171742621527777,3.0,0.0929876829746597,0,28.830046296296292,-6.556203703703703,5.0,validation
b8f8c719c986f46a4324ebb983d70e98,59b22a78efb79a4797979612b885db36,2017-08-07 10:26:28,2017-08-29,housewares,SP,MG,diadema,uberlandia,59.0,15.16,1,560.3283627853675,21.564953703703704,0.0,1.0,7.189453703703703,8.0,0.0088786242138863,0,4.26800925925926,-17.296944444444446,5.0,train
c6d80ef64d3bab44528b4f5b30b257fb,8f2ce03f928b567e3d56181ae20ae952,2018-07-03 21:32:18,2018-08-06,sports_leisure,PE,SP,petrolandia,pirituba,99.9,38.97,1,1850.395423956552,33.10256944444444,0.1693548387096774,0.8306451612903226,15.08764532930108,10.0,0.1531123845087307,0,8.192604166666667,-24.90996527777778,5.0,test
aa2d83efdc462b55b35559de37a04787,116ccb1a1604bc88e4d234a8c23f33de,2018-07-28 00:55:09,2018-08-02,auto,SP,SP,sao paulo,sao bernardo do campo,14.0,8.29,1,24.337157375009465,4.961701388888889,0.0196078431372549,0.9803921568627452,9.276240922294845,3.0,0.1437115153561825,0,3.89818287037037,-1.0635185185185183,4.0,test
3a02f2abd527b2a2b0504aa48bc1b7c2,1835b56ce799e6a4dc4eddc053f04066,2018-02-15 11:13:05,2018-03-15,bed_bath_table,RS,SP,canoas,ibitinga,56.99,16.16,1,939.1531329277238,27.53258101851852,0.1079545454545454,0.8920454545454546,13.93030125473484,62.0,0.1285491390885768,1,35.326701388888885,7.79412037037037,1.0,validation
3912b0f176edb52c40f760e27d055456,4869f7a5dfa277a7dca6462dcf3b52b2,2018-08-01 11:20:20,2018-08-13,watches_gifts,SP,SP,suzano,guariba,102.9,13.38,1,311.74817529682633,11.527546296296295,0.1245059288537549,0.8754940711462451,15.69892136949201,49.0,0.171334305284306,0,7.3696875,-4.1578587962962965,3.0,test
f5d6fb800f654ebb36a1fc03bed3fcc7,34d1ca11b242c0fee2c834ae8d788566,2017-10-02 22:01:33,2017-10-27,computers_accessories,RJ,MG,rio de janeiro,congonhas,580.27,19.82,1,276.0182517003821,24.082256944444445,0.0,1.0,11.465545910493828,6.0,0.0354712560303752,0,13.883391203703704,-10.19886574074074,5.0,train
35f1c7a905180687002390a212d166be,4a3ca9315b744ce9f8e9374361493884,2018-04-02 21:48:56,2018-04-18,bed_bath_table,SP,SP,sorocaba,ibitinga,65.9,13.82,1,230.4717419701889,15.09101851851852,0.110602593440122,0.889397406559878,14.951862110489584,102.0,0.1654223079102407,0,13.84710648148148,-1.2439120370370371,4.0,test
1e0d311945858b3394e3b6860838c9f7,eeb6de78f79159600292e314a77cbd18,2017-04-20 19:08:42,2017-05-26,garden_tools,SP,SC,sao paulo,lages,689.0,20.03,1,611.654634252805,35.20229166666667,0.0,1.0,8.971587301587302,6.0,0.0498026930639473,0,11.941377314814815,-23.26091435185185,4.0,train
c4980a38f3fc3aaa233e01aad10e6bc8,82bd0703a4aefd6b599e5bfdaed378fb,2017-05-10 21:04:57,2017-05-30,health_beauty,RJ,SP,campos dos goytacazes,marilia,199.9,17.16,1,890.095452788722,19.1215625,0.0,1.0,12.025810185185186,0.0,0.0861941682932034,0,13.666909722222222,-5.454652777777778,4.0,train
f384f4edb05c390598d9010ea97f7f4e,fa40cc5b934574b62717c68f3d678b6d,2018-04-20 14:45:57,2018-05-16,toys,SP,SP,matao,sao paulo,78.89,32.1,2,275.666662195701,25.384756944444444,0.0565371024734982,0.9434628975265018,10.921630881101954,8.0,0.0920698258778446,0,9.935208333333334,-15.449548611111112,5.0,test
6c44f75ed9c6c59ab4d2e30076330768,cc419e0650a3c5ba77189a1882b7556a,2018-03-05 18:12:15,2018-03-19,perfumery,SP,SP,americana,santo andre,79.99,10.12,1,131.7046364500385,13.241493055555557,0.0437735849056603,0.9562264150943396,11.409000803633822,98.0,0.0957579565226959,0,4.057939814814815,-9.18355324074074,5.0,validation
7a4caa019e7bb13e8a2c00696be65ec5,138dbe45fc62f1e244378131a6801526,2018-06-06 22:58:31,2018-07-03,perfumery,ES,SP,vitoria,sao paulo,6.9,15.23,1,740.8236974417853,26.042696759259258,0.0769230769230769,0.9230769230769232,6.952036146723646,13.0,0.1171291699723137,0,13.968368055555556,-12.074328703703705,5.0,test
2f98fa03385c6020590b479aa12b8073,4869f7a5dfa277a7dca6462dcf3b52b2,2018-08-19 02:22:53,2018-09-05,sports_leisure,GO,SP,aparecida de goiania,guariba,169.0,19.28,1,524.8008189910273,16.90077546296296,0.1182495344506517,0.8817504655493482,15.28131762319814,99.0,0.1872652778860264,0,8.891018518518518,-8.009756944444444,5.0,test
938ae4cc3e41fb0e80467cbd9b3b0b32,5cf13accae3222c70a9cac40818ae839,2018-04-08 20:38:47,2018-04-30,pet_shop,BA,MG,salvador,patos de minas,99.9,23.63,1,1074.421952952859,21.139733796296294,0.0129870129870129,0.987012987012987,11.148397366522367,10.0,0.127125790435189,1,38.11025462962963,16.97052083333333,1.0,test
bcbc8a3ecee336fb4246953d88479a9a,955fee9216a65b617aa5c0531780ce60,2018-04-30 15:44:22,2018-05-18,health_beauty,MG,SP,belo horizonte,sao paulo,100.0,21.78,1,514.9132689173857,17.344189814814815,0.087719298245614,0.912280701754386,11.326716727270446,199.0,0.1724770446453025,0,8.054467592592593,-9.289722222222222,5.0,test
f2b12679297e36967f32d0f6d776a23c,cea729054f157f5870bdd321a958d994,2018-05-09 12:03:11,2018-05-28,sports_leisure,SP,SP,bauru,sao paulo,95.8,25.58,2,290.413473260969,18.497789351851853,0.0,1.0,10.23043287037037,4.0,0.1041039040042557,0,8.116689814814816,-10.381099537037038,5.0,test
8389e56bf17964405109e56799563a03,a3a38f4affed601eb87a97788c949667,2017-02-16 21:51:20,2017-03-17,furniture_decor,SP,SC,sao paulo,joinville,99.9,15.91,1,369.0305470027672,28.08935185185185,0.0,1.0,12.017100999025343,27.0,0.0215569568768359,0,6.433715277777778,-21.655636574074077,5.0,train
c1fbc7155ea9f5c6249e998ab25708a6,430315b7bb4b6e4b3c978f9dfa9b0558,2018-04-14 16:02:47,2018-05-07,housewares,SP,SP,lorena,sao paulo,99.5,14.06,1,197.6646666218057,22.331400462962964,0.0833333333333333,0.9166666666666666,17.441164158950617,0.0,0.1198764912222323,0,6.135983796296296,-16.195416666666667,5.0,test
e4dfcaf56a2c7a993710bbc5d10a3d06,1f50f920176fa81dab994f9023523100,2017-12-31 14:54:13,2018-01-24,garden_tools,SP,SP,cruzeiro,sao jose do rio preto,49.9,13.43,1,497.77725481000346,23.379016203703703,0.0747800586510264,0.9252199413489736,15.245448334147945,117.0,0.0693327068345716,0,10.25769675925926,-13.121319444444444,5.0,train
fb66173878dcc988e4e3e1151901b298,1d8dbc4f32378d715c717c1c1fc57bae,2018-01-25 23:02:11,2018-02-22,baby,RS,PR,cachoeirinha,arapongas,109.9,18.02,1,725.1436172676813,27.040150462962963,0.0508474576271186,0.9491525423728814,14.457028994036406,9.0,0.1185125102757687,1,33.95896990740741,6.918819444444445,1.0,validation
fcb6bb55e888419b146e0bd3c612a373,d2374cbcbb3ca4ab1086534108cc3ab7,2017-06-28 09:44:09,2017-08-01,bed_bath_table,SP,SP,presidente venceslau,ibitinga,24.9,11.85,1,311.5329423199293,33.594340277777775,0.0,1.0,15.079879585113956,24.0,0.0243450159516702,0,15.416180555555556,-18.178159722222222,3.0,train
43a69fdb52ebe93245fde3ca5e67e7ef,8f2ce03f928b567e3d56181ae20ae952,2018-02-25 10:46:57,2018-03-19,sports_leisure,ES,SP,cachoeiro de itapemirim,pirituba,99.9,21.19,1,649.1620086323076,21.550729166666667,0.081081081081081,0.9189189189189187,13.417508758758755,22.0,0.1610702497606845,1,22.27054398148148,0.7198148148148148,4.0,validation
abd3a8a610f747206145a94c4ce5e0f0,7aa4334be125fcdd2ba64b3180029f14,2017-11-29 23:07:24,2017-12-21,toys,SP,SP,sao paulo,laranjal paulista,70.97,13.52,1,124.63672971710884,21.036527777777778,0.0289855072463768,0.9710144927536232,11.52311988392378,27.0,0.0997834630194922,0,15.58898148148148,-5.447546296296296,5.0,train
61d430273ff1e88f2944acb53e99eab5,7ddcbb64b5bc1ef36ca8c151f6ec77df,2018-05-06 09:48:42,2018-06-06,cool_stuff,BA,SP,itamari,sao paulo,169.99,22.29,1,1321.9209497527406,30.59118055555556,0.0857142857142857,0.9142857142857144,12.721567533803638,9.0,0.1312832123020305,0,30.098020833333333,-0.4931597222222222,4.0,test
3bcc12f1de0b8f1a83703545794e5d28,729f06993dac8e860d4f02d7088ca48a,2017-11-24 15:22:54,2017-12-18,housewares,SP,SP,botucatu,limeira,359.9,69.39,1,110.7463109991289,23.35909722222222,0.024390243902439,0.975609756097561,10.721146115627825,5.0,0.1388914212381614,0,7.214872685185185,-16.144224537037037,5.0,train
12019ed87b97cee3add615b1f8c9e9b0,7c67e1448b00f6e969d365cea6b010ab,2018-07-24 12:01:12,2018-08-16,office_furniture,SP,SP,santana de parnaiba,itaquaquecetuba,149.98,23.76,1,49.605346553793886,22.499166666666667,0.0985915492957746,0.9014084507042254,22.23020320462664,40.0,0.1987457861609169,1,24.493391203703705,1.994224537037037,,test
a0325a9eb3a1eb5e4a83facd8937ebbe,238fac594e170b59c6d228f5a4f4f1d9,2018-07-01 23:32:48,2018-07-25,pet_shop,SP,SP,santa barbara d'oeste,dois corregos,59.0,22.23,1,111.72692828515414,23.01888888888889,0.1153846153846153,0.8846153846153846,12.842083778490029,2.0,0.1092997417786864,0,4.802615740740741,-18.216273148148147,2.0,test
780bb1875afb8783be7fab39382d8eee,282f23a9769b2690c5dda22e316f9941,2017-07-19 10:37:51,2017-08-01,garden_tools,MG,MG,santa luzia,belo horizonte,27.8,9.74,1,15.084358006827498,12.557048611111112,0.0385906040268456,0.9614093959731544,12.66776519802637,1.0,0.0554229818070262,0,5.489756944444444,-7.067291666666667,5.0,train
eea61355af8b855cb3b052efc66b588c,788e857f317e53de488d393e65a80f45,2018-08-07 16:28:00,2018-08-14,stationery,SP,SP,sorocaba,sao paulo,110.0,14.07,1,98.29451151410672,6.313888888888889,0.0,1.0,13.288449074074077,1.0,0.1691693127168853,0,2.8741203703703704,-3.4397685185185187,5.0,test
b2250cc556e74e210e38451b309e63e6,91f848e9f4be368f4318775aac733370,2017-06-08 23:48:09,2017-07-03,housewares,MG,SP,belo horizonte,sao paulo,94.9,16.91,1,485.1883217592437,24.008229166666663,0.0,1.0,9.853771105664489,16.0,0.0076204141444043,0,12.677280092592593,-11.330949074074072,2.0,train
1e2751c3d3ccebf99f0de90d7fd2b279,bc302730ea8cf49b5c74f579febb5bbf,2018-05-08 20:28:49,2018-05-25,telephony,ES,SP,vitoria,campinas,21.99,15.23,1,755.1810819662068,16.146655092592592,0.1111111111111111,0.8888888888888888,12.848573816872427,1.0,0.1465582461398178,0,2.859513888888889,-13.287141203703705,2.0,test
f88c3f1ac28fc3ba05c46d0e7f2ed8b9,a49928bcdf77c55c6d6e05e09a9b4ca5,2017-09-26 23:16:07,2017-10-11,toys,SP,SP,sao paulo,sao paulo,79.9,11.76,1,24.79320665110469,14.030474537037035,0.0384615384615384,0.9615384615384616,10.403099180911685,19.0,0.0335513249357807,0,13.697488425925926,-0.3329861111111111,5.0,train
c15a3ce7617aeffb3bfed1f6340d66e7,ea8482cd71df3c1969d7b9473ff13abc,2018-04-08 19:09:35,2018-04-24,telephony,SP,SP,sao paulo,sao paulo,24.99,7.39,1,8.568135285955073,15.20167824074074,0.0950468540829986,0.9049531459170014,14.02542080358472,135.0,0.1293123618755464,0,5.780393518518519,-9.421284722222222,4.0,test
fa10306616d50d14bc0545758727f936,00ee68308b45bc5e2660cd833c3f81cc,2018-01-23 16:31:38,2018-02-07,bed_bath_table,SP,SP,sao paulo,sao paulo,414.0,36.51,3,5.478546528519309,14.31136574074074,0.0327868852459016,0.9672131147540984,7.11366196114147,36.0,0.0848728116874708,0,1.9472685185185183,-12.364097222222222,5.0,validation
8d053738b817a245da596c4aac057923,cab85505710c7cb9b720bceb52b01cee,2017-02-11 12:25:50,2017-03-24,fashion_bags_accessories,MG,SP,campo belo,sao paulo,49.9,14.52,1,317.6207557556967,40.48206018518518,0.0,1.0,13.371697530864196,5.0,0.016249487342779,0,13.01537037037037,-27.466689814814814,4.0,train
7bf262f298d3a3e62a691b4bcb82916d,dee656f0f566ed1aa85bd137c943f08f,2018-07-18 23:13:33,2018-08-09,toys,BA,SP,itabuna,cruzeiro,149.99,28.0,1,1052.3565509601465,21.032256944444445,0.0609756097560975,0.9390243902439024,13.151666525519415,11.0,0.1855547827648776,0,8.596516203703704,-12.43574074074074,5.0,test
320f8045f186a371da49b2360c152bff,fa1c13f2614d7b5c4749cbc52fecda94,2017-11-12 16:36:51,2017-11-27,watches_gifts,SP,SP,sao paulo,sumare,348.8,9.7,1,109.83286085957069,14.307743055555555,0.029585798816568,0.970414201183432,11.47411345332018,32.0,0.0628375362976733,0,5.192997685185185,-9.11474537037037,5.0,train
691c30273e86d88ab9be2ac45e25d516,6061155addc1e54b4cfb51c1c2a32ad8,2018-08-08 10:47:10,2018-08-20,pet_shop,SP,SP,caraguatatuba,campinas,735.0,19.46,1,181.33737627725796,11.550578703703705,0.0,1.0,6.425303240740741,11.0,0.1126607241707609,0,6.18875,-5.361828703703703,5.0,test
082390c0275d73d20f55fec91903bbd7,08633c14ef2db992c11f840f04fad4cd,2018-05-11 14:39:15,2018-06-05,sports_leisure,BA,SP,valenca,ribeirao pires,191.9,38.24,2,1390.0338957622798,24.389409722222226,0.0588235294117647,0.9411764705882352,11.491663943355118,11.0,0.1719484000845649,0,21.196261574074075,-3.1931481481481483,3.0,test
d054d1dbbf0ebf14005e7cdedf8dc96d,1025f0e2d44d7041d6cf58b6550e0bfa,2018-04-12 10:48:18,2018-05-14,furniture_decor,GO,SP,ouvidor,sao paulo,345.0,56.07000000000001,3,610.7980839124768,31.549791666666668,0.1465968586387434,0.8534031413612566,14.158645560645711,79.0,0.1329810014035092,0,13.311273148148148,-18.23851851851852,1.0,test
800527a0973637e539fec69236ce5938,6df688df543f90e9b38f4319e75a9d88,2017-02-05 13:38:41,2017-03-08,health_beauty,MG,MG,uniao de minas,belo horizonte,14.89,10.96,1,668.8244596316172,30.431469907407408,0.0060331825037707,0.9939668174962292,14.155701359998844,1.0,0.0280576364652299,0,7.699421296296296,-22.73204861111111,5.0,train
14b5c4cd4b8db87b8c7582add54038c5,3d871de0142ce09b7081e2b9d1733cb1,2018-04-26 09:11:49,2018-05-23,stationery,MG,SP,belo horizonte,campo limpo paulista,79.0,23.13,1,461.402186148171,26.61679398148148,0.0620842572062084,0.9379157427937916,14.092366410548571,47.0,0.1324112253078499,0,6.556018518518519,-20.06077546296296,5.0,test
106f773cca522fe33c40267418112669,1f50f920176fa81dab994f9023523100,2018-02-02 21:32:55,2018-02-26,garden_tools,SP,SP,tanabi,sao jose do rio preto,99.8,26.74,2,34.08748031219758,23.102141203703702,0.0989010989010989,0.9010989010989012,16.194823901664204,104.0,0.0902869284235329,0,12.923564814814815,-10.178576388888889,4.0,validation
fb845e7ec3f9c9eec92c1f2b163a7895,4869f7a5dfa277a7dca6462dcf3b52b2,2017-09-30 12:57:50,2017-10-26,watches_gifts,SP,SP,ribeirao preto,guariba,159.9,12.62,1,49.62101527728938,25.45983796296296,0.0601503759398496,0.9398496240601504,13.3813798384851,72.0,0.0204835314352734,0,3.453912037037037,-22.00592592592593,5.0,train
1515cf99add38d4baa19a14346e25b31,c826c40d7b19f62a09e2d7c5e7295ee2,2018-01-16 14:12:13,2018-02-06,unknown,RJ,SP,rio de janeiro,guarulhos,122.99,14.61,1,345.5078663362784,20.40818287037037,0.0526315789473684,0.9473684210526316,11.80612512183236,51.0,0.1729698575897089,0,9.226087962962962,-11.182094907407407,5.0,validation
50229fec371aedaedb230fa801638cfc,7d76b645482be4a332374e8223836592,2018-01-22 20:41:50,2018-02-16,telephony,PR,SP,maringa,sao paulo,19.9,15.1,1,541.6543212751067,24.137615740740745,0.1170212765957446,0.8829787234042553,13.274891770094564,12.0,0.0897122346965343,0,14.035625,-10.10199074074074,5.0,validation
e70216ba107820e5ae3a74bae559bc6a,25c5c91f63607446a97b143d2d535d31,2017-09-22 08:21:04,2017-10-10,computers_accessories,MG,MG,nova serrana,itauna,149.89,10.46,1,48.55215202070562,17.652037037037037,0.074074074074074,0.925925925925926,15.208937757201648,10.0,0.0485173546618101,0,7.356041666666667,-10.29599537037037,4.0,train
115b0af09e238258e470c0ca6350fb3b,ac3508719a1d8f5b7614b798f70af136,2017-08-05 21:44:48,2017-09-13,toys,PI,RS,teresina,canoas,129.9,37.08,1,2899.768853164669,38.09388888888889,0.0,1.0,7.382830687830688,7.0,0.0430113996633532,0,16.925,-21.16888888888889,4.0,train
cb6ecdef708b4c17e5c71daeecc74ae6,128639473a139ac0f3e5f5ade55873a5,2018-08-13 15:44:56,2018-08-30,electronics,PR,PR,francisco beltrao,maringa,22.9,13.5,1,316.12315919814546,16.343796296296297,0.0634615384615384,0.9365384615384617,14.424587918447296,14.0,0.1089026316929581,0,4.066770833333333,-12.277025462962962,5.0,test
543dd9462e7d92ef58df34eea3ba7db5,da8622b14eb17ae2831f4ac5b9dab84a,2017-12-20 14:29:02,2018-01-22,bed_bath_table,PR,SP,cornelio procopio,piracicaba,64.9,16.21,1,310.12161859922963,32.39650462962963,0.0290556900726392,0.9709443099273608,11.21296994103668,145.0,0.0302577865373499,0,15.256724537037035,-17.13978009259259,5.0,train
1e613bb0c5a8b4b9a311d131c2564731,13074f016982ff2bd6c58ced8682f000,2017-11-19 12:13:56,2017-12-11,kitchen_dining_laundry_garden_furniture,PR,RS,curitiba,bento goncalves,109.0,27.08,1,466.6163093705671,21.490324074074078,0.0,1.0,14.947627314814817,3.0,0.113365850878602,0,4.388877314814815,-17.10144675925926,5.0,train
9f68a07289d60a3f9f253ff96529ca70,0241d4d5d36f10f80c644447315af0bd,2018-04-08 23:54:56,2018-05-09,furniture_decor,RJ,PR,pinheiral,curitiba,295.0,48.9,1,630.8753353345677,30.00351851851852,0.0786516853932584,0.9213483146067416,13.232373465459837,13.0,0.167263042494819,0,10.090185185185184,-19.91333333333333,5.0,test
d0b00b87c4e240a8c84a2cf01548439f,8160255418d5aaa7dbdc9f4c64ebda44,2018-02-10 18:28:45,2018-03-06,bed_bath_table,SP,SP,guarulhos,ibitinga,79.9,12.9,1,308.94078581730184,23.23003472222222,0.2340425531914893,0.7659574468085106,19.27746527777778,41.0,0.0856856489287085,0,11.916875,-11.313159722222222,5.0,validation
426cb887d39c423e83e61bcc40e6c973,128639473a139ac0f3e5f5ade55873a5,2018-05-02 22:06:43,2018-06-11,air_conditioning,RJ,PR,rio de janeiro,maringa,34.9,22.06,1,893.1414450135826,39.078668981481485,0.0662100456621004,0.9337899543378996,14.616582820691695,34.0,0.1123401677636276,0,8.902719907407407,-30.175949074074072,5.0,test
3e01e667dc4b025af8c5eb4f606cc7a1,522620dcb18a6b31cd7bdf73665113a9,2017-02-03 21:22:15,2017-03-06,consoles_games,MG,PR,belo horizonte,cascavel,398.0,18.49,1,1124.946359987665,30.109548611111112,0.0,1.0,11.613096064814814,15.0,0.0382698502045721,0,8.549826388888889,-21.559722222222224,1.0,train
eeed74d6d3ce08beef12a41652dfc03d,4a3ca9315b744ce9f8e9374361493884,2017-10-07 17:11:22,2017-11-06,bed_bath_table,MG,SP,claudio,ibitinga,153.0,18.32,1,446.76889659906567,29.28377314814815,0.0353982300884955,0.9646017699115044,13.021101961105655,94.0,0.0087574023248875,0,10.271574074074074,-19.01219907407408,1.0,train
1093c8304c7a003280dd34598194913d,2a7dc43cecabf23403078e2188437d1d,2017-11-16 19:29:02,2017-12-08,unknown,MG,SP,timoteo,sao paulo,19.9,16.11,1,609.2925411292339,21.188171296296296,1.0,0.0,13.675439814814816,3.0,0.1153155061126669,0,10.719143518518518,-10.469027777777775,3.0,train
14476cba4d3587039214504002fd09ab,7c67e1448b00f6e969d365cea6b010ab,2017-10-26 13:29:49,2017-11-14,office_furniture,SP,SP,sao paulo,itaquaquecetuba,119.99,21.49,1,41.44609387364632,18.43762731481481,0.0679886685552408,0.9320113314447592,17.803519731665098,51.0,0.1737672694473543,1,27.158981481481483,8.721354166666666,1.0,train
d035bb29ea5accfdb6e0c4b6925651cb,54583ab379489add547fe47b628db589,2018-07-29 18:45:40,2018-08-15,baby,RN,SP,natal,sao bernardo do campo,250.0,26.1,1,2330.0059685401966,16.218287037037037,0.0,1.0,2.8306828703703704,2.0,0.1770207987847205,0,7.695069444444444,-8.523217592592593,5.0,test
7799fe2d11ea5199a87e247eab4abcd2,c31eff8334d6b3047ed34bebd4d62c36,2018-04-14 17:51:24,2018-05-16,furniture_decor,MA,SP,imperatriz,salto,169.0,57.73,1,1965.697837761562,31.255972222222223,0.0714285714285714,0.9285714285714286,13.878328373015872,10.0,0.1705651644382704,0,27.8478125,-3.4081597222222224,3.0,test
4dcfdc517f6df36a4704bfb8e33688d7,8b321bb669392f5163d04c59e235e066,2017-12-27 21:33:57,2018-01-23,electronics,PR,SP,araucaria,sao paulo,13.65,14.1,1,359.9566095481993,26.101423611111112,0.0961538461538461,0.903846153846154,12.07123987268518,98.0,0.0644227269730251,0,7.947881944444444,-18.153541666666666,5.0,train
260ae6dba7f42f9c5e74b4e76a922f08,c9c7905cffc4ef9ff9f113554423e671,2017-09-12 06:22:08,2017-09-28,sports_leisure,SP,SP,piratininga,itapecerica da serra,319.98,26.92,2,275.192309111472,15.73462962962963,0.125,0.875,10.655260416666666,2.0,0.0750597286741418,0,6.621782407407407,-9.11284722222222,3.0,train
54f17a6fb99f59adc37b22166a7f1871,48436dade18ac8b2bce089ec2a041202,2018-06-24 06:58:28,2018-07-20,toys,SP,SP,analandia,volta redonda,185.03,20.49,1,365.9741859845179,25.709398148148143,0.0769230769230769,0.9230769230769232,14.590681623931625,0.0,0.1204755984104244,0,9.671342592592593,-16.038055555555555,4.0,test
bccfadd194f448325ed18465d140440f,5d3bb11474a06bdc23fb9e89f1164ee0,2017-12-13 17:00:56,2018-01-08,housewares,SP,SP,olimpia,assis,99.8,13.04,1,266.00861495990176,25.29101851851852,0.0,1.0,9.164472853535353,1.0,0.0144997900300637,0,15.17851851851852,-10.1125,5.0,train
c79fcf430e3532739c1344bdc0a021db,0db783cfcd3b73998abc6e10e59a102f,2017-02-02 17:22:31,2017-03-17,tablets_printing_image,BA,SP,salvador,santos,99.0,21.14,1,1470.705410370422,42.27603009259259,0.0,1.0,11.650613425925926,1.0,0.0543338152864756,0,14.86574074074074,-27.41028935185185,4.0,train
4ac359198f4d710af51b6c3083465d63,0432ead42b6c8a0bdf68154add917fdf,2017-09-23 03:28:35,2017-10-25,toys,AL,SP,maceio,maua,109.9,21.57,1,1926.4007512361363,31.855150462962964,0.0222222222222222,0.9777777777777776,8.026084876543209,7.0,0.1716528424095478,0,27.77166666666667,-4.083483796296297,4.0,train
01c4766d43d50d892132f7bb04d97300,3361277dc30b7cccdb0c286b24219756,2018-03-22 23:11:17,2018-04-19,costruction_tools_garden,SP,PR,itobi,maringa,35.89,18.23,1,545.475341045285,27.03383101851852,0.0476190476190476,0.9523809523809524,12.854916776895942,0.0,0.0852878792532947,0,12.90392361111111,-14.129907407407408,5.0,validation
81323de20fc0eae4b399b3ac667b87d4,9c068d10aca38e85c50202e17b4a7e88,2018-01-30 14:42:31,2018-03-01,auto,RJ,MS,rio de janeiro,coxim,70.0,16.93,1,1285.054771537027,29.387141203703703,0.0,1.0,11.943564814814817,2.0,0.1039433759351459,0,20.245011574074077,-9.142129629629627,5.0,validation
c14cb154425639c9d91bd601bd5afe89,70a12e78e608ac31179aea7f8422044b,2017-07-13 10:36:40,2017-08-02,audio,SP,SP,jundiai,jacarei,75.0,12.03,1,93.72729621266625,19.55787037037037,0.0684931506849315,0.9315068493150684,14.24401049594114,14.0,0.0222485612923209,0,9.206041666666666,-10.351828703703704,3.0,train
6a7dad3734ef2c19df2e8739e4ba0e77,2f74af7a0ee5636f12c2336f9fffed47,2017-09-14 14:38:04,2017-09-26,sports_leisure,SP,SP,hortolandia,sao paulo,57.9,9.34,1,88.05016975391436,11.390231481481482,0.0,1.0,6.451006944444444,0.0,0.0326292710613186,0,11.31949074074074,-0.0707407407407407,5.0,train
f3da9dfd7e7fc1da0f3a6b4455969c04,f97e2b0650c2068227e1d366140eb62f,2017-07-05 16:31:01,2017-08-10,pet_shop,MG,SP,sao joao del rei,santo antonio de posse,162.0,86.29,1,323.9441209102018,35.31179398148148,0.0,1.0,13.840289351851853,2.0,0.0486988227382331,0,28.087997685185183,-7.223796296296296,5.0,train
4842e50a8232595b4c4e16ea1d7b0775,080199a181c46c657dc5aa235411be3b,2017-11-28 22:14:05,2017-12-19,auto,DF,SP,brasilia,osasco,179.49,15.01,1,864.784918996603,20.07355324074074,0.0,1.0,7.306202160493827,6.0,0.1729443570225303,0,8.685810185185185,-11.387743055555555,5.0,train
b392178525db3323c13bd67d9dee38ff,f27e33c6d29b5138fa9967bcd445b6d5,2017-11-03 23:11:29,2017-11-24,cool_stuff,RJ,SP,nova iguacu,sao paulo,59.9,16.67,1,337.5823099788792,20.033692129629628,0.0909090909090909,0.9090909090909092,11.61804363075196,15.0,0.0789584825640061,0,9.898113425925926,-10.135578703703704,5.0,train
0e4d9bad6fdffcf00307782a4200ec64,7178f9f4dd81dcef02f62acdf8151e01,2017-10-27 12:47:03,2017-11-16,health_beauty,SC,SC,joinville,videira,89.9,12.88,1,242.00419139984763,19.46732638888889,0.0147058823529411,0.9852941176470588,13.032860498366013,15.0,0.0555612506975597,0,18.22962962962963,-1.2376967592592591,5.0,train
ae18621f85e75782d4a05232abe00cba,4371b634e0efc0e22b09b52907d9d469,2018-02-13 22:39:27,2018-03-13,sports_leisure,BA,SP,feira de santana,sao paulo,200.0,17.84,1,1490.5025846312565,27.0559375,0.073170731707317,0.926829268292683,10.841602021228546,7.0,0.1332571000102725,1,30.870185185185186,3.814247685185185,1.0,validation
c92364460bae25c97369caca38250639,c826c40d7b19f62a09e2d7c5e7295ee2,2017-12-11 10:51:42,2018-01-04,unknown,SP,SP,santa rita d'oeste,guarulhos,49.77,11.85,1,576.9724445952863,23.547430555555557,0.0277777777777777,0.9722222222222222,10.520666795267491,52.0,0.0362262131684043,0,10.44226851851852,-13.105162037037037,4.0,train
0435e97505a412ee97a24d62beb81cf0,1025f0e2d44d7041d6cf58b6550e0bfa,2018-05-17 18:35:23,2018-06-12,home_construction,RS,SP,lajeado,sao paulo,225.0,20.72,1,842.6186039127559,25.22542824074074,0.123015873015873,0.876984126984127,13.359687637786584,127.0,0.1573914718710914,0,22.02172453703704,-3.203703703703704,5.0,test
079f35f555387ba548cf2a98cca8c43e,0df3984f9dfb3d49ac6366acbd3bbb85,2018-04-13 01:07:11,2018-05-04,health_beauty,SP,MG,sao paulo,betim,129.9,15.79,1,488.7063616310064,20.95334490740741,0.0131578947368421,0.986842105263158,9.230870035331384,8.0,0.0820878691050396,0,13.134328703703703,-7.819016203703704,5.0,test
1e190338f1e670011b0002daba8025a8,da8622b14eb17ae2831f4ac5b9dab84a,2018-04-26 23:09:19,2018-05-22,health_beauty,MG,SP,belo horizonte,piracicaba,29.9,12.76,1,485.5268242212048,25.03519675925926,0.0731452455590386,0.9268547544409612,11.971089692422302,116.0,0.1286833914214365,0,8.059826388888888,-16.97537037037037,4.0,test
bf7035d2beda25b2a6b98c676ad04895,ead2bab70821ea148476ae9bc08548ac,2018-07-22 22:47:43,2018-08-20,fashion_bags_accessories,RJ,MG,rio de janeiro,belo horizonte,62.9,15.54,1,354.7752240973888,28.050196759259254,0.0,1.0,5.962511574074074,0.0,0.0904690040267963,0,3.8748263888888888,-24.17537037037037,5.0,test
9b027054a981a89fca1af6a5341e81e2,a673821011d0cec28146ea42f5ab767f,2018-08-18 13:49:02,2018-08-24,bed_bath_table,SP,SP,sao caetano do sul,sao paulo,199.99,10.15,1,16.062669433763954,5.424282407407407,0.1101694915254237,0.8898305084745762,13.36221015772128,7.0,0.1727238111227284,0,4.040011574074074,-1.3842708333333331,5.0,test
bd11d8a02c0645efcce377e63362cbf2,04308b1ee57b6625f47df1d56f00eedf,2018-08-01 17:22:24,2018-08-28,health_beauty,PE,SC,jaboatao dos guararapes,bombinhas,527.9,63.98,1,2547.1007192868465,26.27611111111111,0.0952380952380952,0.9047619047619048,18.324067827748376,28.0,0.2356614179482352,0,11.877766203703704,-14.398344907407408,5.0,test
5052e182aee58daae49fec8b9caad0c9,c3f5668699a1b04c0fa61ecea1e2bff6,2018-08-02 20:20:53,2018-08-15,perfumery,SP,PR,sao bento do sapucai,apucarana,140.75,59.07,1,593.957975022853,12.152164351851852,0.0,1.0,14.31240162037037,0.0,0.1401392035195089,0,7.761111111111111,-4.3910532407407405,5.0,test
1683815c34e20076a6b3a8b1fd3d8809,4a1f694197d05fe70026b016a7316b41,2018-05-29 18:09:04,2018-07-05,furniture_decor,DF,SP,brasilia,pedreira,90.97,48.39,3,793.4575916205159,36.2437037037037,0.0,1.0,9.58636863425926,3.0,0.0771902991527743,0,13.003101851851852,-23.240601851851853,5.0,test
74d77b51e4f28bc2b7a17ec496e2dff6,2e1a7d075abe038c1b2743005fe42ff1,2017-08-25 15:24:46,2017-09-27,health_beauty,MT,SP,rondonopolis,sao paulo,67.9,19.72,1,1156.1108736888962,32.35780092592593,0.0362806101967081,0.963719389803292,12.323198099415205,0.0,0.0283741520307935,0,19.235300925925927,-13.1225,5.0,train
f690cb26ababaf40550a4623359c3298,2138ccb85b11a4ec1e37afbd1c8eda1f,2017-07-24 22:20:59,2017-08-23,telephony,BA,SP,salvador,sao paulo,26.99,15.79,1,1452.4655405998556,29.068761574074077,0.0409090909090909,0.9590909090909092,10.974973747895628,19.0,0.0622554757532116,0,7.678113425925926,-21.39064814814815,5.0,train
afd40c7db09c18759908ed9d6c66fa2a,670c26e0f1bf8d0576271d5cfaec6d2b,2018-05-07 14:06:43,2018-05-23,sports_leisure,PR,PR,telemaco borba,maringa,63.8,13.57,1,168.966035170215,15.412002314814815,0.0307692307692307,0.9692307692307692,13.29013853276353,4.0,0.0869484914814781,0,7.257673611111111,-8.154328703703703,3.0,test
4509ce51e5c9ab113add9aac39e97512,7722b1df1b0e383e000397b2c11e3e19,2017-07-04 10:56:11,2017-07-27,housewares,RJ,SP,rio de janeiro,sao bernardo do campo,13.99,14.1,1,347.75552778539173,22.54431712962963,0.06,0.94,8.909549305555558,11.0,0.0219029996470841,0,6.320405092592592,-16.22391203703704,5.0,train
7449c171d08772e5bcbde94f39411d36,080199a181c46c657dc5aa235411be3b,2018-02-04 22:50:16,2018-02-21,auto,SP,SP,osasco,osasco,179.49,9.45,1,1.4213374014537208,16.048425925925926,0.0,1.0,6.446657282282284,14.0,0.0577959859194674,0,2.9603935185185186,-13.088032407407407,5.0,validation
741c75a2bee4e666de0415b10cd0cad7,2199e7fe213c16213bf5d6a7eadc9a5d,2018-06-04 22:07:21,2018-07-05,bed_bath_table,SP,SP,sao paulo,registro,152.0,29.24,2,149.43031319411304,30.078229166666667,0.05,0.95,11.959605324074076,2.0,0.0834117572658024,0,4.854988425925926,-25.223240740740746,5.0,test
616f3163d12cbaf681d34413542802bd,eed78ac17f7f795a19a709745f00cd4e,2017-08-08 10:40:16,2017-08-28,furniture_decor,SP,SP,itapira,botucatu,175.8,12.73,1,174.82645513568175,19.55537037037037,0.0368697839259174,0.9631302160740826,12.466402723481602,1.0,0.0234705200664361,0,7.482754629629629,-12.07261574074074,5.0,train
8739393fd79da12b068ac63a98eea9e0,de722cd6dad950a92b7d4f82673f8833,2018-01-12 18:19:18,2018-02-06,computers_accessories,GO,PE,goiania,recife,149.9,23.37,1,1824.8349907614231,24.236597222222223,0.0580787735088971,0.9419212264911028,13.107710038641304,4.0,0.1588651904286279,0,18.048136574074075,-6.188460648148149,5.0,validation
a173a87bc70963a0ab33b92dd6f193dd,1da3aeb70d7989d1e6d9b0e887f97c23,2017-07-12 13:27:14,2017-08-11,sports_leisure,BA,SP,salvador,sao paulo,59.99,16.99,1,1456.626517286674,29.439421296296292,0.0,1.0,7.2949185363247855,10.0,0.0393851233345363,0,12.303171296296297,-17.13625,5.0,train
dd2213aace9f8e664ae43060775f86a2,562f8cfc51f265411f487d07e9c40e7f,2017-12-13 10:18:24,2018-01-12,cool_stuff,BA,MG,paulo afonso,belo horizonte,69.9,16.93,1,1327.680850468257,29.570555555555558,0.0,1.0,10.785526620370373,5.0,0.1005697912725445,0,8.391539351851852,-21.179016203703704,5.0,train
ef8ad84adcf1d4c437f165f437e238f6,2d42ebcda99fd55f6f4bc2f1ca035d50,2018-08-05 22:17:22,2018-08-29,home_appliances,SP,GO,suzano,uruacu,85.5,38.87,1,1047.686307627319,23.071273148148148,0.0,1.0,9.546964285714283,4.0,0.0782449698979615,0,11.683275462962962,-11.387997685185184,5.0,test
f3a2cb6bc4577a27c9e494b14710aafe,6a8a889bde935bafa76d7848782dfaf9,2018-04-25 20:08:04,2018-05-17,small_appliances,SP,SP,lencois paulista,sao paulo,30.49,12.79,1,238.1818144082612,21.16106481481481,0.0,1.0,5.422668788580247,13.0,0.0841303149211655,0,4.843078703703704,-16.31798611111111,5.0,test
daa4b4ce7bfba46a0325467bc139ee66,9f505651f4a6abe901a56cdc21508025,2018-04-23 18:09:44,2018-05-21,computers_accessories,PE,SP,recife,sao paulo,19.99,19.04,1,2132.318807428868,27.24324074074074,0.0416666666666666,0.9583333333333334,9.48072900591564,28.0,0.1371268939227285,0,14.181956018518518,-13.061284722222222,5.0,test
34d9e89f7b783901742e22fdbd182a59,8ed8ea9a57c862f2c18c2fe41f601d56,2018-05-09 19:00:46,2018-06-04,cool_stuff,MG,SC,ipatinga,blumenau,199.0,32.79,1,1060.7337484700088,25.207800925925927,0.0,1.0,7.478270833333333,13.0,0.0888174421433375,0,8.033344907407407,-17.17445601851852,4.0,test
6a7509b21939697564bb0b5aac2c8187,4a3ca9315b744ce9f8e9374361493884,2017-11-24 20:30:47,2017-12-15,bed_bath_table,RJ,SP,rio de janeiro,ibitinga,89.9,21.12,1,585.3362372773295,20.14528935185185,0.0434272300469483,0.9565727699530516,13.010241316727528,141.0,0.5727390289889899,0,12.216203703703703,-7.929085648148148,5.0,train
5c36bfa841c242e151f81825303d9591,cc419e0650a3c5ba77189a1882b7556a,2018-01-17 15:38:10,2018-02-16,perfumery,MS,SP,ladario,santo andre,53.99,15.13,1,1258.140350349138,29.34849537037037,0.0443886097152428,0.9556113902847572,11.265726694816673,114.0,0.0997142300475769,0,13.106736111111111,-16.241759259259258,4.0,validation
16388d0b6852174384f06c9f1509d10c,2075d8cd4dd63ff12df0749a5866bb06,2018-08-10 00:10:24,2018-08-23,bed_bath_table,SP,PR,sao paulo,curitiba,64.9,18.25,1,337.58654168165174,12.992777777777778,0.0780641592920354,0.9219358407079646,12.775213343304904,2.0,0.1169883891263867,0,5.807152777777778,-7.185625,5.0,test
7182a10886eba11ded33e2656379e6d1,634964b17796e64304cadf1ad3050fb7,2018-03-26 08:30:55,2018-04-13,watches_gifts,SP,RJ,sao joao da boa vista,rio de janeiro,399.0,20.67,1,357.3857649968168,17.64519675925926,0.0576923076923076,0.9423076923076924,14.549030003561256,36.0,0.1542483368897471,0,15.300393518518518,-2.344803240740741,5.0,validation
69662b80ad8ace7ce3c7b9df1e29efd1,87142160b41353c4e5fca2360caf6f92,2017-06-28 17:57:05,2017-07-11,furniture_decor,RS,RS,sapucaia do sul,porto alegre,79.9,9.77,1,20.51473862444925,12.252025462962964,0.0379746835443038,0.9620253164556962,13.204857887951244,16.0,0.0583837105089334,0,1.9366087962962963,-10.315416666666666,5.0,train
4c3b6c754171bf551e80d903a426b8c6,ea8482cd71df3c1969d7b9473ff13abc,2017-08-19 22:31:07,2017-09-01,auto,SP,SP,praia grande,sao paulo,48.9,7.78,1,47.72735263481018,12.061724537037035,0.0361924686192468,0.9638075313807531,12.376573667926952,1.0,0.0493797299887042,0,4.8293634259259255,-7.232361111111111,5.0,train
316c1fa727d9048a98c36aefbfd84e19,1da3aeb70d7989d1e6d9b0e887f97c23,2017-04-03 13:52:26,2017-05-09,furniture_decor,AM,SP,manaus,sao paulo,17.99,24.35,1,2692.642897620722,35.4219212962963,0.0,1.0,11.96582175925926,1.0,0.1078105771863791,0,25.04185185185185,-10.380069444444445,5.0,train
d95c7210ba7d2249083e45536f2d0a27,8a32e327fe2c1b3511609d81aaf9f042,2017-11-09 16:05:47,2017-12-05,bed_bath_table,SP,SP,guarulhos,sao paulo,85.99,11.81,1,27.54367647054132,25.32931712962963,0.0380952380952381,0.961904761904762,8.927756944444445,6.0,0.0284794024153219,0,17.04951388888889,-8.27980324074074,3.0,train
b19b043b39624f9f3c32b26aed8bedf1,cc419e0650a3c5ba77189a1882b7556a,2018-04-06 16:39:56,2018-04-30,perfumery,MG,SP,belo horizonte,santo andre,79.99,15.38,1,491.3506016231466,23.30560185185185,0.0545957152729785,0.9454042847270214,11.727910283728788,88.0,0.1209074713890375,0,11.97125,-11.334351851851851,5.0,test
bc3f00ad0efe370a931d034fedaecf61,fa40cc5b934574b62717c68f3d678b6d,2017-04-10 20:28:34,2017-05-04,toys,RJ,SP,rio de janeiro,sao paulo,42.99,14.11,1,354.766854639865,23.146828703703704,0.0,1.0,10.489640101410938,22.0,0.0282572236677907,0,6.714976851851852,-16.431851851851853,5.0,train
7ec1b2259b08869d945fd8fd76e8ee2f,4869f7a5dfa277a7dca6462dcf3b52b2,2018-04-09 11:56:14,2018-05-02,audio,SP,SP,osasco,guariba,169.9,13.63,1,283.91239975604714,22.50261574074074,0.135048231511254,0.864951768488746,16.374008797784914,109.0,0.1351322600746288,0,4.2673958333333335,-18.23521990740741,5.0,test
8796f3e2ab6a3baee74225a78c550c0a,c6381d2d013342748761e906d45aff76,2018-03-13 12:44:35,2018-04-13,housewares,SP,RS,sao paulo,portao,176.0,36.4,2,808.3402382323416,30.46903935185185,0.0,1.0,18.99755015432099,0.0,0.0633705564027176,0,24.338530092592592,-6.130509259259259,2.0,validation
083c350532e95d46b3c25b7c41b1ad63,688756f717c462a206ad854c5027a64a,2018-05-28 18:20:49,2018-06-13,housewares,SP,SP,franco da rocha,guarulhos,79.0,13.46,1,22.657427363790973,15.23554398148148,0.0384615384615384,0.9615384615384616,9.299958155270655,14.0,0.1070633593045252,0,4.091400462962963,-11.144143518518518,5.0,test
baff178d792fd40014fd024031a90fff,ea8482cd71df3c1969d7b9473ff13abc,2018-03-07 00:26:12,2018-03-19,telephony,SP,SP,campinas,sao paulo,24.99,8.4,1,100.66243202215108,11.981805555555557,0.0773109243697479,0.9226890756302522,13.712474848272656,144.0,0.1112160853244389,0,7.026226851851852,-4.955578703703703,5.0,validation
c97c5a964e8d8032ce2da2cbf89d2183,da8622b14eb17ae2831f4ac5b9dab84a,2018-08-07 22:13:41,2018-08-14,health_beauty,SP,SP,sao bernardo do campo,piracicaba,29.9,7.47,1,159.31690893986163,6.073831018518519,0.0726978998384491,0.9273021001615508,11.306734260007175,69.0,0.1754386845790515,1,7.867974537037037,1.7941435185185186,5.0,test
f1084769a9d3a8c88ae9aa1ceb9c63f6,bccf933e006e9b94a6184af782963e77,2018-01-12 18:07:00,2018-02-09,health_beauty,PR,SP,floresta,assis,49.99,17.6,1,200.19314875030733,27.24513888888889,0.0416666666666666,0.9583333333333334,13.522580054012346,3.0,0.0606207340689585,0,9.925833333333332,-17.319305555555555,5.0,validation
ebd0eab2867a20cb181ae2222a511546,897060da8b9a21f655304d50fd935913,2017-06-19 09:30:32,2017-07-13,computers_accessories,RS,SP,arroio do tigre,ribeirao preto,155.0,15.84,1,1047.83321767029,23.60379629629629,0.1142857142857142,0.8857142857142857,16.26839814814815,17.0,0.0924355299892152,0,18.4090625,-5.194733796296297,4.0,train
2a743fc30067036b7910663ced5a0b7b,ed4acab38528488b65a9a9c603ff024a,2018-06-11 08:27:04,2018-06-25,computers_accessories,SP,SP,sao paulo,sao paulo,129.99,9.26,1,21.651670719921334,13.64787037037037,0.0384615384615384,0.9615384615384616,10.171216613247864,2.0,0.0931480968103921,0,2.4317592592592594,-11.216111111111111,2.0,test
76733b53268aeb701189fb974dde101f,6560211a19b47992c3666cc44a7e94c0,2017-10-24 23:43:17,2017-11-10,watches_gifts,RJ,SP,rio de janeiro,sao paulo,99.0,14.44,1,363.751599306519,16.011608796296297,0.0337301587301587,0.9662698412698412,9.375291097148734,84.0,0.0792504604871034,0,12.634340277777778,-3.3772685185185187,5.0,train
a604a2a16f8f4829f66b913199557243,ef506c96320abeedfb894c34db06f478,2018-02-18 09:36:01,2018-03-22,telephony,RS,SP,cangucu,sao paulo,39.99,15.1,1,1064.8256821967016,31.599988425925925,0.0756972111553784,0.9243027888446216,13.416022484137525,13.0,0.0979528853775383,0,24.316979166666663,-7.283009259259259,3.0,validation
c765682ebe69c1034eba583189350fa7,05f51e13da97139648b8125c31e5f51b,2017-11-02 23:24:09,2017-11-23,baby,SP,MG,sao paulo,belo horizonte,47.9,14.1,1,495.2210921923975,20.02489583333333,0.025,0.975,9.93218547453704,9.0,0.0263866772965889,0,6.850462962962963,-13.17443287037037,5.0,train
113a61c584df74eef5d2f6e449d2890e,7040e82f899a04d1b434b795a43b4617,2017-11-23 18:39:31,2017-12-20,audio,RS,SP,novo hamburgo,sao paulo,19.9,14.1,1,815.852975024177,26.22255787037037,0.0681818181818181,0.931818181818182,9.795817024410772,14.0,0.1519106584515159,0,11.88076388888889,-14.341793981481482,3.0,train
a1284e7f7544a4215fb48331c04fd83a,1771297ac436903d1dd6b0e9279aa505,2017-02-08 11:59:07,2017-03-07,baby,SP,SP,santos,guarulhos,40.0,10.96,1,60.98994696463983,26.500613425925927,0.0,1.0,5.706149691358025,4.0,0.010733136499675,0,1.9421527777777776,-24.55846064814815,5.0,train
69796e4e03edbf9c0f49c76d4ebadb77,88460e8ebdecbfecb5f9601833981930,2018-03-02 20:51:35,2018-03-29,computers_accessories,MG,PR,varginha,maringa,76.25,16.97,1,698.7182446873202,26.130844907407408,0.1,0.9,17.737670524691357,72.0,0.077643371653738,1,34.104305555555555,7.973460648148148,,validation
04584330f2068c5aa42306130a5ae0e5,562fc2f2c2863ab7e79a9e4388a58a14,2018-01-28 20:31:51,2018-02-14,telephony,SP,SP,sao paulo,campinas,29.99,7.78,1,81.20762541548272,16.144548611111112,0.0,1.0,3.26087962962963,13.0,0.0695567065896678,0,2.9531828703703704,-13.19136574074074,5.0,validation
31c8528678f80f4491b0e2634ae8940e,2eb70248d66e0e3ef83659f71b244378,2018-04-19 07:55:23,2018-05-15,computers_accessories,GO,SP,goiania,campinas,79.9,15.44,1,733.949396856669,25.669872685185187,0.4,0.6,19.101376157407408,21.0,0.1320101658234329,1,29.45795138888889,3.788078703703704,2.0,test
9fdcbf4559fdbe106a9d0a99db753858,a1043bafd471dff536d0c462352beb48,2017-10-26 21:55:59,2017-11-14,garden_tools,MG,MG,patos de minas,ilicinea,179.99,26.88,1,270.15934518551614,18.086122685185185,0.0275229357798165,0.9724770642201834,12.939611153584773,38.0,0.0436424601288941,0,11.1346875,-6.951435185185185,5.0,train
37c3eefe09fbbf5fd314de9cbc9e07a4,03a2a6dcbe45d639c4dc2a0d24769c40,2018-03-13 08:11:07,2018-04-02,garden_tools,RJ,SP,niteroi,maua,178.44,22.33,1,348.0847304186482,19.65894675925926,0.0608860037095163,0.9391139962904836,13.862292035912745,0.0,0.2020414094070885,1,30.671828703703703,11.012881944444445,3.0,validation
101cabeec1a36f2968ceaa2690b80807,1e8b33f18b4f7598d87f5cbee2282cc2,2017-12-16 15:50:09,2018-01-15,bed_bath_table,PR,SP,londrina,sao paulo,75.5,17.78,1,468.0567162318396,29.340173611111112,0.0,1.0,6.495997685185185,5.0,0.0538645951433654,0,13.161388888888888,-16.178784722222222,4.0,train
97fe6393705790dc4895bc1e7da3b3ec,5a8e7d5003a1f221f9e1d6e411de7c23,2017-08-05 18:24:49,2017-08-30,furniture_decor,RJ,SP,rio de janeiro,campinas,69.9,15.25,1,367.6793177426738,24.232766203703704,0.0196078431372549,0.9803921568627452,9.701973493100946,6.0,0.0096503135473612,0,17.303622685185186,-6.929143518518519,2.0,train
a854d06f865577c1a097985385896d42,ea67327e24487bdfac5fbfa37ea124df,2018-06-20 13:09:20,2018-07-18,bed_bath_table,SP,SP,adamantina,ibitinga,228.0,25.68,1,232.17987143262184,27.451851851851853,0.0,1.0,10.218161651234569,6.0,0.0870139041020384,0,6.991226851851851,-20.460625,2.0,test
f2295bca86e6c4a2a1c211330a5c5779,fa1c13f2614d7b5c4749cbc52fecda94,2017-12-02 10:43:56,2018-01-03,watches_gifts,RJ,SP,marica,sumare,299.9,15.85,1,454.6440830637288,31.552824074074078,0.0358974358974358,0.964102564102564,11.59229724596391,53.0,0.4365371291388904,1,47.515289351851855,15.962465277777778,1.0,train
80ce1db8f4e1070972c60581450bd2b7,dbc22125167c298ef99da25668e1011f,2017-06-14 13:07:00,2017-07-07,stationery,DF,MG,brasilia,borda da mata,51.9,16.12,1,433.8627007558771,22.45347222222222,0.0357142857142857,0.9642857142857144,13.628868220899472,26.0,0.0309656315460272,0,16.072800925925925,-6.380671296296296,5.0,train
7adcb3fbea63cc564e4cab47e33354b4,2138ccb85b11a4ec1e37afbd1c8eda1f,2017-08-07 21:58:34,2017-08-18,telephony,SP,SP,campinas,sao paulo,15.99,7.78,1,98.37809536571996,10.084328703703704,0.0478260869565217,0.9521739130434784,11.158538848631244,22.0,0.0610381306278194,0,7.013414351851852,-3.070914351851852,3.0,train
e8aae0a8c069453ead56360bfdf31d76,53e4c6e0f4312d4d2107a8c9cddf45cd,2018-02-23 10:21:19,2018-03-23,housewares,RJ,SP,rio de janeiro,pedreira,19.36,15.11,1,380.2539468753115,27.568530092592592,0.0398550724637681,0.960144927536232,12.937651637144391,37.0,0.122433107529361,1,56.52939814814815,28.960868055555554,1.0,validation
7c3fe5194219d774a7d238f80d4c9919,e067ad2c1c0b48758eb1b5228bcf7a68,2018-04-10 11:10:46,2018-04-26,pet_shop,SP,SP,sorocaba,santos,152.0,16.6,2,127.72218225758908,15.534189814814814,0.1034482758620689,0.896551724137931,17.373374042145596,3.0,0.1306220291898179,0,9.46375,-6.070439814814815,5.0,test
b0e2da4433a10c624a9f71b187e93915,a416b6a846a11724393025641d4edd5e,2017-05-06 21:55:41,2017-05-19,health_beauty,SP,SP,sao paulo,sao paulo,99.9,9.51,1,1.2225751199327024,12.086331018518518,0.0434782608695652,0.9565217391304348,14.124837962962962,9.0,0.0997703095241096,0,5.622569444444444,-6.463761574074074,5.0,train
ef412fa088f7e0c67215be59670059f7,31da954dc0855f2495c6310f70a2f931,2018-03-09 08:52:48,2018-03-27,health_beauty,SP,SP,herculandia,araras,109.0,14.85,1,311.4412922988485,17.63,0.0,1.0,8.573783895502645,1.0,0.060319010519691,0,5.385879629629629,-12.24412037037037,4.0,validation
eca1c60d914e6b6b936a63727aaffe7f,8bdd8e3fd58bafa48af76b2c5fd71974,2018-07-04 22:37:56,2018-07-26,toys,MG,SP,tres coracoes,sao paulo,188.99,24.12,1,250.51741071028803,21.05699074074074,0.1666666666666666,0.8333333333333334,13.30879050925926,0.0,0.1247683528389865,0,6.055868055555556,-15.001122685185186,5.0,test
514a25ad1f240dd40ca9f02d1cb60a91,06a2c3af7b3aee5d69171b0e14f0ee87,2018-08-06 21:56:11,2018-09-05,health_beauty,SC,MA,florianopolis,sao luis,129.98,55.48,2,2825.5072626813544,29.085983796296297,0.2195945945945946,0.7804054054054054,18.62197177646397,57.0,0.2127595268774193,0,10.892233796296296,-18.19375,5.0,test
1f97eb43070457cfac15e2d29e13e855,de23c3b98a88888289c6f5cc1209054a,2018-01-11 10:29:59,2018-01-30,toys,SP,SP,sao paulo,sao paulo,309.99,13.37,1,8.529407234650373,18.562511574074072,0.0625,0.9375,9.53647605613426,24.0,0.0772862167857471,0,5.52568287037037,-13.036828703703703,5.0,validation
b14a1c7ea024e1b7299a4904ef1eeb4a,ceaec5548eefc6e23e6607c5435102e7,2018-03-01 14:52:12,2018-03-28,cool_stuff,MG,SP,sao goncalo do sapucai,sao paulo,389.0,27.56,1,211.16717682093116,26.380416666666665,0.0,1.0,14.08159895833333,24.0,0.0663259882246343,0,15.16753472222222,-11.212881944444444,5.0,validation
4ce4fb772277f3a13a61a93b7f19d62e,00fc707aaaad2d31347cf883cd2dfe10,2018-06-13 16:19:00,2018-07-05,computers_accessories,SP,PR,sao paulo,maringa,150.9,20.11,1,538.1420695812261,21.320138888888888,0.05,0.95,15.348088078703702,0.0,0.1034160424813466,0,9.090023148148148,-12.23011574074074,4.0,test
e681b9d741ce6a1913e86b6351105a55,dd7ddc04e1b6c2c614352b383efe2d36,2018-07-21 19:47:08,2018-08-24,pet_shop,RS,SP,porto alegre,sao paulo,99.8,49.4,2,855.7919286541104,33.17560185185185,0.1698113207547169,0.8301886792452831,14.826643409329142,11.0,0.1139148359373743,0,19.929618055555554,-13.245983796296295,5.0,test
22eed40bee218240dc8862ed7fcf4bb5,3078096983cf766a32a06257648502d1,2017-06-07 21:56:03,2017-06-30,toys,MG,SP,teofilo otoni,scao jose do rio pardo,76.89,16.3,1,704.1638116560678,22.086076388888888,0.0,1.0,7.042656249999999,2.0,0.0156640856489322,0,11.985717592592591,-10.100358796296296,4.0,train
e81d8a5a53ef4c96396e5aa7115cafe8,c8467937e403e76a8ee9f0ab13f6f5ef,2017-09-21 15:17:42,2017-10-19,costruction_tools_tools,ES,MG,cariacica,pocos de caldas,19.99,16.79,1,662.2965145296017,27.36270833333333,0.0374978766774248,0.9625021233225752,12.227726904724138,0.0,0.0266219762511435,0,12.273472222222225,-15.089236111111113,4.0,train
9028ef4088169735678d41597586d167,7ea5bfa6c340f58f8e71fc1f0412b0d6,2017-11-22 21:20:07,2017-12-12,baby,PR,MG,curitiba,belo horizonte,129.99,17.48,1,833.4801434916069,19.111030092592596,0.040613550270136,0.959386449729864,12.273523834533249,1.0,0.1270396246893308,0,7.906087962962963,-11.204942129629629,5.0,train
501682cc04eeadf3d0bc64b399d78b5d,be8e909810184b9b19e886129149d8e5,2017-10-29 09:30:23,2017-11-10,consoles_games,SP,SP,sao caetano do sul,piracicaba,19.99,8.11,1,148.70426333689346,11.603900462962963,0.0,1.0,4.126273148148148,1.0,0.050651639462691,0,2.300972222222222,-9.30292824074074,4.0,train
dd8b565021d8781e5b1a93e85ec5aba4,f45122a9ab94eb4f3f8953578bc0c560,2017-06-19 17:51:40,2017-07-07,pet_shop,SP,SP,marilia,piracicaba,99.99,13.72,1,241.9237426254228,17.255787037037038,0.106060606060606,0.8939393939393939,13.763132014590344,10.0,0.0444617458466832,0,8.18457175925926,-9.071215277777778,4.0,train
3af81bc8825a617ec4180b4f4a52e510,1c68394e931a64f90ea236c5ea590300,2018-03-03 20:46:37,2018-04-03,computers_accessories,SP,PR,guarulhos,sarandi,67.9,12.61,1,548.5064109763849,30.13429398148148,0.0,1.0,14.767683697089948,40.0,0.0457785529474322,0,15.698958333333334,-14.435335648148149,5.0,validation
f750e148543e798460383fda407de8be,1c40343cc5d18c2d8248ac2f3366de34,2018-06-03 23:55:46,2018-06-20,perfumery,SP,SP,sao paulo,limeira,116.5,8.0,1,124.73075447824112,16.002939814814816,0.0,1.0,4.767604166666667,4.0,0.1053408433711699,0,2.86931712962963,-13.133622685185186,5.0,test
f64c7fd99793f1416dea0acbf3d9892f,7c67e1448b00f6e969d365cea6b010ab,2018-01-23 20:22:31,2018-03-20,office_furniture,SP,SP,sao paulo,itaquaquecetuba,159.94,21.77,1,29.9277303811945,55.15103009259259,0.1075050709939148,0.8924949290060852,19.5597549019608,64.0,0.130892434077873,0,22.050891203703703,-33.100138888888885,1.0,validation
55ef1695189508c09b58080d53d2b32e,522620dcb18a6b31cd7bdf73665113a9,2018-07-02 20:59:40,2018-08-01,consoles_games,RS,PR,caxias do sul,cascavel,599.0,22.29,1,520.3998062907244,29.12523148148148,0.1111111111111111,0.8888888888888888,15.85495006001372,1.0,0.1318708363504691,0,7.8558564814814815,-21.269375,4.0,test
c1712cb5d91f5d05267fea1773f3aec9,54a1852d1b8f10312c55e906355666ee,2018-04-03 20:56:56,2018-04-18,sports_leisure,SP,SP,sao paulo,santa barbara d'oeste,74.99,11.15,1,128.1824483478686,14.12712962962963,0.0588235294117647,0.9411764705882352,11.098161861967013,23.0,0.1013320098486517,0,8.858472222222222,-5.268657407407408,3.0,test
a67107548e2d070d55fcea8860b1ac65,b8114f2f589a6804810f04f99b36b498,2018-05-06 00:30:19,2018-05-23,housewares,MG,SP,belo horizonte,sao bernardo do campo,161.42,22.21,1,489.0743581940031,16.97894675925926,0.0,1.0,2.9005324074074075,0.0,0.1098597538437645,0,6.674814814814815,-10.304131944444444,5.0,test
65b8cbd6d0ad97befea844cc40817ccb,cc419e0650a3c5ba77189a1882b7556a,2017-05-10 16:48:50,2017-06-02,health_beauty,RJ,SP,nova iguacu,santo andre,64.99,14.2,1,324.6917220921182,22.29942129629629,0.0,1.0,11.186341381352284,54.0,0.0282623905873832,0,12.151006944444443,-10.148414351851851,3.0,train
05c3b5a011d47cd6cd88d4c5d6c15b90,b1ac6ea7895bc3dd6f0f6f4abbdd2821,2017-07-03 16:21:43,2017-07-26,sports_leisure,PR,RS,jandaia do sul,canoas,99.0,17.94,1,704.178993523027,22.318252314814814,0.0,1.0,13.178320794753086,8.0,0.0263984553694328,0,3.93724537037037,-18.381006944444444,5.0,train
1d003e03109b335cad4355041e8bb032,7f152321c60a266edc53af1925ef96c1,2018-04-26 18:28:38,2018-06-01,sports_leisure,MG,SC,inhapim,criciuma,159.99,16.84,1,1253.4639165426686,35.23011574074074,0.4,0.6,26.291103009259263,2.0,0.1252480885107982,0,15.053344907407409,-20.17677083333333,5.0,test
152743f188270e1ffdf65348aa6f205c,dc317f341ab0e22f39acbd9dbf9b4a1f,2017-08-24 14:25:27,2017-09-26,cool_stuff,MG,RS,nova lima,cachoeirinha,249.9,97.16,1,1325.8036447575798,32.39899305555556,0.0714285714285714,0.9285714285714286,14.375419973544972,7.0,0.0297985326910769,0,12.29113425925926,-20.10785879629629,4.0,train
2388959a19bd21ca9ce8639defeb9789,38102b031c2a15e54623d711bfc753d3,2017-04-05 21:26:56,2017-05-15,furniture_decor,SC,CE,tijucas,mucambo,35.0,29.55,1,2726.512734036723,39.10629629629629,0.0,1.0,21.015868055555558,0.0,0.1182436511569453,0,30.425520833333334,-8.680775462962963,5.0,train
e2ae0065226927a2f9a53f2f05b12c72,beadbee30901a7f61d031b6b686095ad,2018-07-02 20:31:39,2018-07-27,health_beauty,MG,SP,uberlandia,guarulhos,70.0,18.59,1,533.0196869459334,24.1446875,0.0,1.0,6.105049857549859,36.0,0.0821952923528416,0,21.159872685185185,-2.984814814814815,5.0,test
d02366be68b26b954269321e475a79fe,e6a69c4a27dfdd98ffe5aa757ad744bc,2017-08-27 15:29:59,2017-09-13,housewares,SP,SP,jandira,sao paulo,43.3,17.44,2,30.44923162578286,16.35417824074074,0.0,1.0,17.89652199074074,0.0,0.0725536648487351,0,3.111354166666666,-13.242824074074074,5.0,train
341fd75c5d23b024ba2c98c53b491adb,e1b12447a7563944843191754aeb5562,2017-11-24 09:35:26,2017-12-21,telephony,RS,SP,porto alegre,guarulhos,29.5,14.1,1,874.4541687087648,26.60039351851852,0.0,1.0,16.245185185185186,0.0,0.1850293760198982,0,10.586493055555556,-16.01390046296296,5.0,train
19d4c970e6cc7d33e2669b256238e307,cbd996ad3c1b7dc71fd0e5f5df9087e2,2017-10-30 00:38:27,2017-11-27,sports_leisure,RJ,SP,natividade,sao jose do rio preto,43.2,15.1,1,767.4373590134411,27.97329861111111,0.0862068965517241,0.9137931034482758,12.221039671136657,12.0,0.0429894751967497,0,9.829594907407408,-18.143703703703704,5.0,train
b0aa6adc10b3bd14eae812d2f50cd2f1,004c9cd9d87a3c30c522c48c4fc07416,2017-11-24 17:54:35,2017-12-21,unknown,MG,SP,monte verde,ibitinga,195.2,86.53,1,312.7828966395812,26.253761574074076,0.0588235294117647,0.9411764705882352,13.160196759259255,9.0,0.2222062999248747,1,33.76706018518519,7.513298611111111,5.0,train
2d8c6a0636c9a72f13e97543097ed1cf,fcb5ace8bcc92f75707dc0f01a27d269,2018-08-09 23:10:26,2018-08-29,cool_stuff,DF,SP,brasilia,guarulhos,138.6,16.07,1,872.9641523660537,19.034421296296298,0.0192307692307692,0.9807692307692308,9.51119836182336,8.0,0.1265974144277942,0,11.942592592592591,-7.091828703703704,4.0,test
3f78779b80392a363a1763306be163b1,8160255418d5aaa7dbdc9f4c64ebda44,2018-01-23 18:19:38,2018-02-19,bed_bath_table,ES,SP,vitoria,ibitinga,122.9,16.62,1,900.691594506907,26.23636574074074,0.2743362831858407,0.7256637168141593,20.28455547361521,32.0,0.181636516213972,0,9.233703703703704,-17.002662037037037,5.0,validation
ca5e507d8621f833ffba625f3303dbf4,0db783cfcd3b73998abc6e10e59a102f,2017-05-14 11:01:33,2017-05-24,telephony,SP,SP,indaiatuba,santos,49.0,9.27,1,128.77236819479143,9.540590277777778,0.0512820512820512,0.9487179487179488,14.298788580246915,14.0,0.1016843838788622,0,6.057800925925926,-3.482789351851852,4.0,train
afcfdb7d1228a7f2886408f63eaa2647,0c7533c71df861ec58ad7ff999ed0e8d,2017-10-21 13:42:49,2017-11-03,perfumery,SP,SP,sao paulo,valinhos,69.9,8.72,1,86.67164491165163,12.428599537037035,0.0,1.0,8.602671296296297,6.0,0.0220524904743532,0,4.963240740740741,-7.465358796296297,5.0,train
81c684bc700b0e67cd0461f8f1216b0b,cc419e0650a3c5ba77189a1882b7556a,2017-03-24 10:34:50,2017-05-02,health_beauty,BA,SP,ilheus,santo andre,64.99,20.9,1,1259.807368146639,38.55914351851852,0.0,1.0,10.274187431917213,43.0,0.0496565754596759,0,18.086458333333333,-20.472685185185185,5.0,train
e710c7377f2f29b3d369420d354b5abb,7c67e1448b00f6e969d365cea6b010ab,2017-08-02 16:29:21,2017-08-30,office_furniture,RJ,SP,rio de janeiro,itaquaquecetuba,159.94,33.51,1,331.6369339005546,27.312951388888887,0.0488888888888888,0.9511111111111112,17.031330504115218,90.0,0.0317795536350329,0,19.18454861111111,-8.128402777777778,1.0,train
892d14cfe4157476879d57275df6615f,0d4c8269e7f0401201794deef160edd6,2017-10-17 22:36:32,2017-11-16,auto,AL,SP,arapiraca,ribeirao preto,381.49,70.26,2,1740.1195658443462,29.057962962962964,0.0392612253926122,0.9607387746073878,12.19635781314465,0.0,0.1658008703944312,0,22.967453703703704,-6.090509259259259,5.0,train
f9938fc84bc7f6ce7d868a41dace1777,4a3ca9315b744ce9f8e9374361493884,2017-08-12 09:44:54,2017-09-01,furniture_decor,SP,SP,sao jose do rio preto,ibitinga,99.9,12.2,1,121.28472998379692,19.59381944444445,0.0346232179226069,0.9653767820773932,12.688078232254648,110.0,0.0288813905333019,0,5.344189814814815,-14.249629629629627,3.0,train
67fe9f5e9c411829a15755a4c9f56663,0241d4d5d36f10f80c644447315af0bd,2018-06-05 15:56:49,2018-07-19,furniture_decor,RS,PR,tres passos,curitiba,99.9,34.24,1,510.611897580889,43.33554398148148,0.0757575757575757,0.9242424242424242,12.830287685886642,29.0,0.0786000063981438,0,6.2209259259259255,-37.11461805555555,5.0,test
16a50f1f11876372829112e48b471e3e,32b8764b4ef628b53608fc34011fcc13,2018-04-20 17:19:12,2018-05-15,housewares,SP,SC,sao paulo,lages,119.0,44.41,1,606.5051086688151,24.27833333333333,0.2,0.8,17.022599537037035,7.0,0.1448747559829774,0,12.753773148148149,-11.524560185185186,3.0,test
f77a966a5b4d9d5e7bbf4f70d3d57a65,59fb871bf6f4522a87ba567b42dafecf,2017-03-29 20:17:57,2017-04-18,small_appliances,SP,SP,taubate,sao paulo,349.99,13.06,1,106.66816090931636,19.15420138888889,0.0344827586206896,0.9655172413793104,10.225820961047251,9.0,0.0551565420263314,0,8.693287037037036,-10.460914351851851,5.0,train
02a065131a2d2b72b45e2c63135606ad,1025f0e2d44d7041d6cf58b6550e0bfa,2018-04-24 20:08:37,2018-05-18,furniture_decor,PR,SP,pato branco,sao paulo,625.0,134.75,5,681.6853297025835,23.16068287037037,0.1435406698564593,0.8564593301435407,13.955110729000529,93.0,0.1804719251416242,0,9.630729166666669,-13.529953703703704,5.0,test
9e0d5f27a7557c8c59cb7dafa6a060e3,96f7c797de9ca20efbe14545bed63eec,2018-04-10 21:46:56,2018-04-26,perfumery,SP,SP,sao paulo,cravinhos,138.60000000000002,38.37,3,275.03096086533554,15.092407407407409,0.0771472927161549,0.922852707283845,13.852817175018837,0.0,0.1196488479252682,0,1.946226851851852,-13.146180555555556,1.0,test
5a9f638cae9fc9cd16c2f1e748da4c77,9f505651f4a6abe901a56cdc21508025,2018-02-24 22:09:07,2018-03-16,consoles_games,RJ,SP,rio de janeiro,sao paulo,17.99,14.1,1,348.894246539605,19.077002314814816,0.0326086956521739,0.967391304347826,9.853644701086958,25.0,0.1481503395648374,0,12.91287037037037,-6.164131944444445,5.0,validation
84725ed03be12141b53a435b57fbd336,92d14edfb62ee5ae7fdff70b0f4e7233,2017-09-11 16:51:05,2017-09-28,food_drink,SP,SP,jundiai,sao bernardo do campo,39.0,7.78,1,73.4319366576062,16.297858796296296,0.0356603341725795,0.9643396658274204,12.23856024095559,0.0,0.0416027165220679,0,7.200613425925926,-9.09724537037037,3.0,train
31a200fac55455bb8b28d747b21cfb83,e9c2dc0dd4ac38448289be644ac94f42,2018-07-03 23:37:11,2018-07-25,furniture_decor,SP,SC,sao paulo,joinville,69.9,19.68,1,385.4170224642105,21.01584490740741,0.0820665757096458,0.917933424290354,13.151053639081802,0.0,0.1022375836430405,0,3.4716435185185186,-17.54420138888889,5.0,test
608423eb49f078b0c2095dbdbe03c210,4d6d651bd7684af3fffabd5f08d12e5a,2018-04-16 15:28:06,2018-05-11,sports_leisure,MG,SP,belo horizonte,jau,179.0,19.13,1,541.9341333979696,24.355486111111112,0.0461538461538461,0.9538461538461538,13.39839618945868,33.0,0.1156500544463642,0,8.280381944444445,-16.075104166666666,1.0,test
55b653f93de6e994b6dda90f615c7a8f,d566c37fa119d5e66c4e9052e83ee4ea,2018-04-30 13:05:23,2018-05-21,sports_leisure,PR,SP,curitiba,sao paulo,35.9,15.23,1,337.7525839037245,20.454594907407408,0.0,1.0,5.620189814814816,22.0,0.1106944653639425,0,4.207175925925926,-16.24741898148148,5.0,test
75f959697b81c9b9eeddb7499941ecaa,ceaec5548eefc6e23e6607c5435102e7,2018-08-04 10:03:25,2018-08-15,cool_stuff,SP,SP,sao paulo,sao paulo,259.99,26.8,1,16.833680216914285,10.580960648148148,0.0552486187845303,0.9447513812154696,13.020737735318182,22.0,0.1518993189277255,0,4.392511574074074,-6.188449074074074,5.0,test
1182df110fbf0a14dfb08dd06c560836,92eb0f42c21942b6552362b9b114707d,2017-03-11 21:26:56,2017-04-17,telephony,CE,SP,caucaia,sao paulo,25.0,24.84,1,2357.6773108937086,36.10629629629629,0.0,1.0,10.417486772486772,7.0,0.1175326587938649,0,15.671041666666667,-20.43525462962963,4.0,train
360d163a85ba5960c9c1f0880fcac099,53e4c6e0f4312d4d2107a8c9cddf45cd,2017-05-08 12:20:41,2017-05-26,housewares,SP,SP,sao paulo,pedreira,19.99,9.34,1,101.31926425289858,17.485636574074075,0.0526315789473684,0.9473684210526316,13.856752558479537,24.0,0.0426524125113192,0,8.893888888888888,-8.591747685185185,5.0,train
b687f81e0e59c1153eaa197ad1c1d043,f76a3b1349b6df1ee875d1f3fa4340f0,2018-02-28 19:46:26,2018-03-15,housewares,SP,SP,sao paulo,sao paulo,186.0,14.91,1,21.84672739021252,14.176087962962963,0.5,0.5,20.733221064814817,7.0,0.1927392249091808,1,19.166655092592592,4.990567129629629,1.0,validation
59d7a8119bf89c6444ae76a6cf2f9479,8c16d1f32a54d92897cc437244442e1b,2018-08-24 11:44:39,2018-09-05,signaling_and_security,SP,SC,sao paulo,blumenau,124.98,37.08,2,448.51588679677474,11.510659722222222,0.0094339622641509,0.9905660377358492,11.11992804419986,2.0,0.1012407360378363,0,5.328981481481481,-6.181678240740741,5.0,test
b43889e8181d41782f7b8489b1500fef,6560211a19b47992c3666cc44a7e94c0,2018-08-02 22:07:34,2018-08-13,watches_gifts,PR,SP,curitiba,sao paulo,49.0,15.44,1,328.74007974089443,10.078078703703705,0.0582278481012658,0.9417721518987342,9.943234594760913,195.0,0.1606336905741589,0,6.909733796296297,-3.1683449074074077,1.0,test
102b81e48c621d25f4c7ccb27af0ffc6,d13e50eaa47b4cbe9eb81465865d8cfc,2018-08-18 16:22:29,2018-08-23,food,SP,SP,jacarei,santo andre,81.9,8.73,1,70.91638656183142,4.317719907407407,0.0526315789473684,0.9473684210526316,4.061042275828459,37.0,0.1440587705786313,0,4.030798611111111,-0.2869212962962963,5.0,test
108d1dab6908b5fcb9c922549a9c2265,7dc8c42cc750eeafea6c85712ffee9bf,2017-12-04 00:00:35,2018-01-04,housewares,PB,SP,joao pessoa,sao paulo,189.99,41.77,1,2224.669743704362,30.99959490740741,0.0,1.0,9.472887426900586,1.0,0.2989313184063486,1,37.75706018518518,6.7574652777777775,1.0,train
9f2fe2350791b5e9e62610331d125843,382229d1e840115ffe3dbf5ff460e417,2018-05-03 22:21:53,2018-05-23,perfumery,SP,RJ,sao caetano do sul,rio de janeiro,119.8,32.78,2,319.92418839812666,19.068136574074074,0.0,1.0,7.962640542328041,15.0,0.0831027330684112,0,6.616018518518518,-12.452118055555555,5.0,test
99c0817d6ecd5fe55d21540917f1f5f9,8a32e327fe2c1b3511609d81aaf9f042,2017-01-26 11:51:38,2017-03-06,furniture_decor,MG,SP,belo horizonte,sao paulo,49.99,14.11,1,472.38296635660936,38.50581018518518,0.0,1.0,20.624895833333333,6.0,0.0355903158995078,0,6.0156481481481485,-32.49016203703704,1.0,train
b3a32621fc0c7dc8cc99ac717fc61b92,562fc2f2c2863ab7e79a9e4388a58a14,2018-06-10 18:18:26,2018-06-20,telephony,SP,SP,sao paulo,campinas,39.99,7.39,1,96.04648324541763,9.237199074074072,0.0412371134020618,0.9587628865979382,12.158598105192825,33.0,0.1202533015381459,0,4.217326388888889,-5.019872685185185,5.0,test
d71bc96c14d72c5f5b76bd286d6304f9,e9779976487b77c6d4ac45f75ec7afe9,2018-01-19 00:32:29,2018-02-05,health_beauty,SP,SP,sao vicente,praia grande,97.49,12.64,1,7.02017987939284,16.97744212962963,0.0460251046025104,0.9539748953974896,9.334231268402297,52.0,0.0909202287657159,0,13.773715277777775,-3.203726851851852,5.0,validation
21c3341507027110a7485509b9fb63a4,e5a3438891c0bfdb9394643f95273d8e,2017-09-27 19:27:54,2017-10-13,fashion_bags_accessories,SP,SP,sao jose dos campos,limeira,20.3,8.11,1,176.11862018296367,15.188958333333334,0.0344827586206896,0.9655172413793104,11.873269077266924,14.0,0.0370229230876963,0,6.197905092592593,-8.99105324074074,5.0,train
f0f8ddca6e245aed05b58e2ad7986a0d,0241d4d5d36f10f80c644447315af0bd,2017-11-24 02:48:07,2017-12-21,furniture_decor,SP,PR,itapolis,curitiba,29.9,16.11,1,433.9088403461987,26.88325231481481,0.0,1.0,16.74416087962963,4.0,0.0850330263246788,0,10.531909722222222,-16.35134259259259,5.0,train
d83268beec893067aeef7a062622d721,b2479f944e1b90cf8a5de1bbfde284d6,2018-07-26 13:21:49,2018-08-13,bed_bath_table,SP,SP,santos,ibitinga,54.99,14.7,1,353.76444072827456,17.44318287037037,0.1686746987951807,0.8313253012048193,16.960636852967426,3.0,0.1361162302913898,0,7.407627314814815,-10.035555555555556,5.0,test
e0f9722525043b60edddacd46709fea1,7722b1df1b0e383e000397b2c11e3e19,2017-05-11 22:41:40,2017-05-31,furniture_decor,PR,SP,guarapuava,sao bernardo do campo,67.9,15.23,1,531.4447373137583,19.05439814814815,0.0434782608695652,0.9565217391304348,9.395722121578098,9.0,0.0322755010348056,0,7.411932870370371,-11.642465277777776,5.0,train
3de337ef9b7afb31444752b9b6383b1f,7d13fca15225358621be4086e1eb0964,2018-04-26 08:52:17,2018-05-18,watches_gifts,SP,SP,sao paulo,ribeirao preto,99.9,0.0,1,288.37073660363257,21.630358796296296,0.2180451127819548,0.7819548872180451,19.801502628098028,85.0,0.1519976132860415,0,8.170439814814815,-13.45991898148148,4.0,test
f4b984332e7956371b352bb4edae2cac,37be5a7c751166fbc5f8ccba4119e043,2017-08-07 10:25:15,2017-08-22,bed_bath_table,SP,SP,sao paulo,sao paulo,200.0,15.01,1,6.968512057797136,14.565798611111113,0.0,1.0,8.900415316358023,89.0,0.0162060826462362,0,1.4527662037037037,-13.113032407407408,5.0,train
4cd9b9d1035b07b0439d6d3e934a75b7,6d66611d7c44cc30ce351abc49a68421,2017-06-25 13:24:01,2017-07-14,musical_instruments,SP,SP,pirassununga,sao paulo,79.9,12.06,1,197.70103935680777,18.441655092592597,0.0,1.0,12.8812144510582,7.0,0.0219123698529341,0,18.198483796296298,-0.2431712962962963,4.0,train
294f94df7d2ec239123fdca1a458e0ff,de722cd6dad950a92b7d4f82673f8833,2018-05-23 13:31:25,2018-06-27,computers_accessories,BA,PE,ribeira do pombal,recife,149.9,12.71,1,497.6387206688907,34.436516203703704,0.0478468899521531,0.9521531100478468,13.31352178584086,67.0,0.0837557379441034,0,15.835601851851852,-18.60091435185185,5.0,test
056703c10dcbf4f451315bb1c0c0d7f8,76d5af76d0271110f9af36c92573f765,2018-03-24 18:33:52,2018-04-06,sports_leisure,SP,SP,osasco,sao paulo,78.0,7.41,1,24.107970486872727,12.226481481481482,0.0891089108910891,0.9108910891089108,11.959040383204991,4.0,0.1293938197898205,0,4.161689814814815,-8.064791666666666,5.0,validation
d10be1718c45ae0bd50cbfb5b3814089,37515688008a7a40ac93e3b2e4ab203f,2017-11-19 10:55:19,2017-12-07,consoles_games,SP,SP,barueri,dracena,24.5,11.85,1,528.9485629205305,17.54491898148148,0.06,0.94,13.995607523148143,25.0,0.0722546926863415,0,4.4238888888888885,-13.121030092592592,4.0,train
81e8c09d522d219a0cd01783458d450a,8b321bb669392f5163d04c59e235e066,2018-06-09 09:00:27,2018-06-20,electronics,SP,SP,sao paulo,sao paulo,14.99,7.39,1,4.295627373341713,10.6246875,0.1156716417910447,0.8843283582089552,13.327990861663896,71.0,0.1452590915012069,0,3.4416319444444445,-7.183055555555556,4.0,test
3e8a5d7a9c694f157149b42fcba7a059,f1fd5ab1181f827ffad998c1a5de7d74,2017-11-16 13:58:07,2017-12-06,luggage_accessories,SP,PR,sao paulo,curitiba,799.0,73.95,1,349.6572452261225,19.41797453703704,0.0401256329722453,0.9598743670277546,12.221065679360755,0.0,0.1291573720755624,0,11.236180555555556,-8.181793981481482,4.0,train
1473319e2ff85803b7e969a788740cda,e58a5b390e28abc0b216cfb0e07d27d7,2018-07-10 23:41:08,2018-07-30,sports_leisure,SP,RJ,taiuva,rio de janeiro,69.9,18.59,1,566.6681300381409,19.01310185185185,0.0,1.0,7.321041666666666,0.0,0.07512673814443,0,5.616284722222222,-13.39681712962963,5.0,test
3f6f765394f0d4babeaadf8e125418fd,37be5a7c751166fbc5f8ccba4119e043,2017-06-02 18:37:17,2017-06-27,bed_bath_table,SP,SP,mirassol,sao paulo,225.0,13.07,1,431.77337323660726,24.224108796296296,0.0,1.0,7.299010416666668,8.0,0.0294088435040273,0,9.741886574074076,-14.482222222222225,5.0,train
503f675df334896d388f06d20d5dc540,8a130737016f838139d31878787a39c9,2018-07-12 21:50:47,2018-08-01,home_construction,RJ,SP,belford roxo,sao paulo,105.95,18.54,1,337.70190755079665,19.089733796296297,0.0784313725490196,0.9215686274509804,10.038332198620186,7.0,0.1715175221608652,0,15.933287037037037,-3.1564467592592598,4.0,test
e46e94a05d2d44bd56759d2e056649ea,00ee68308b45bc5e2660cd833c3f81cc,2018-01-12 12:00:48,2018-02-06,bed_bath_table,SP,SP,sao carlos,sao paulo,254.0,27.82,2,218.01096288199125,24.49944444444445,0.0425531914893617,0.9574468085106383,7.000203161938536,29.0,0.0723546830017325,0,10.116782407407408,-14.382662037037036,1.0,validation
17db3c7c3dc64b6f036bbe554a3520b1,f8db351d8c4c4c22c6835c19a46f01b0,2018-06-03 11:27:29,2018-07-05,pet_shop,SP,SP,ubatuba,salto,49.9,14.44,1,227.8716373882771,31.52258101851852,0.05,0.95,10.52319253686558,45.0,0.0680229486144512,0,12.403796296296296,-19.118784722222223,4.0,test
8a2799788d56c3c7d19006780c3e1bf6,4371b634e0efc0e22b09b52907d9d469,2017-08-02 15:05:04,2017-08-17,sports_leisure,SP,SP,sao roque,sao paulo,90.0,8.82,1,52.67960205984904,14.371481481481482,0.3333333333333333,0.6666666666666667,14.74318672839506,1.0,0.0852904321434584,0,2.2619560185185184,-12.109525462962964,5.0,train
1cbc4baabac9832d53b29dc25766d494,e9779976487b77c6d4ac45f75ec7afe9,2017-08-23 12:04:33,2017-09-05,sports_leisure,SP,SP,osasco,praia grande,17.0,9.94,1,68.7168322664369,12.496840277777778,0.0444444444444444,0.9555555555555556,8.560985725308646,14.0,0.0298595388633124,0,2.2334490740740742,-10.263391203703703,5.0,train
df88a8395fa16611947484e283503cb3,5acd070dd3fe441bbb2ec1f1ede515ee,2017-11-24 16:24:26,2017-12-14,unknown,RJ,SP,rio de janeiro,jundiai,22.49,14.1,1,376.5873504908017,19.31636574074074,0.0405820235756385,0.9594179764243616,12.391097530281396,0.0,0.4009237812654723,0,12.12400462962963,-7.192361111111111,5.0,train
568360f5a6800365ddcbe2fcf69fdbbe,6c7d50c24b3ccd2fd83b44d8bb34e073,2017-11-23 18:42:22,2017-12-14,furniture_decor,RJ,SP,rio de janeiro,presidente prudente,118.5,27.15,1,850.3966255032054,20.220578703703705,0.0,1.0,11.988832561728392,19.0,0.3615385589535481,0,19.10575231481481,-1.114826388888889,5.0,train
dbc01c2664181f1d91a6e30ec814ad57,9d5604a1f112324ad6b2aa552122e0fb,2018-02-18 20:03:20,2018-03-13,home_construction,SP,SP,sao paulo,florianopolis,10.5,14.1,1,496.13611753830224,22.16435185185185,0.0,1.0,7.46281635802469,3.0,0.0619709728664058,0,18.95818287037037,-3.2061689814814813,5.0,validation
93d147479c3e9f1a3e43febcbef654f6,4a3ca9315b744ce9f8e9374361493884,2017-08-18 22:16:14,2017-09-08,furniture_decor,SP,SP,osasco,ibitinga,48.9,11.85,1,287.0107346794825,20.072060185185187,0.033009708737864,0.966990291262136,12.620830456670255,105.0,0.0315456046055447,0,10.86851851851852,-9.203541666666666,5.0,train
e0b6e95c36638b633c19b0aa5ce47516,c864036feaab8c1659f65ea4faebe1da,2017-12-11 12:17:03,2018-01-08,sports_leisure,SP,PR,sao bernardo do campo,campo largo,149.9,21.89,1,361.287317001118,27.48815972222222,0.0,1.0,12.61400341130604,10.0,0.0361341722020559,0,11.446319444444445,-16.041840277777776,5.0,train
9b9c3840374552c853105b583849a4f9,99eaacc9e6046db1c82b163c5f84869f,2017-04-23 17:25:48,2017-05-11,telephony,SP,SP,sao bernardo do campo,franca,110.0,11.38,1,361.4959550048779,17.27375,0.0,1.0,11.446062644675926,10.0,0.0775988027252388,0,8.839930555555556,-8.433819444444444,5.0,train
75aed426d187c5f1099af12729834732,7299e27ed73d2ad986de7f7c77d919fa,2017-09-14 14:28:18,2017-10-04,consoles_games,SP,MG,campinas,araguari,500.0,20.75,1,488.7946192926438,19.39701388888889,0.0423728813559322,0.9576271186440678,11.913189540175772,20.0,0.0459428008157718,0,6.253032407407408,-13.14398148148148,3.0,train
dc2098287a90d976b893165c71dfa020,b2c97074649f92197d9387d9033dda5f,2018-08-14 13:27:56,2018-08-22,health_beauty,SP,SP,sao paulo,botucatu,29.8,12.87,1,201.5882073661465,7.438935185185185,0.1428571428571428,0.8571428571428572,13.111903108465608,4.0,0.1450704256120756,0,6.307407407407408,-1.1315277777777777,5.0,test
faaebc7c108d02eb661c909dea827370,4869f7a5dfa277a7dca6462dcf3b52b2,2018-06-11 09:56:38,2018-07-11,watches_gifts,RJ,SP,duque de caxias,guariba,102.9,18.6,1,531.3759200868727,29.585671296296297,0.1373439273552781,0.8626560726447219,16.48884368299909,67.0,0.1837832497623781,0,8.400601851851851,-21.185069444444444,5.0,test
42560dfc8d7863a190293678f01f6bbd,f181738b150df1f37cb0bd72e705b193,2017-10-22 01:39:47,2017-11-06,housewares,SP,SP,sao paulo,carapicuiba,29.8,15.56,2,15.802369126311156,14.93070601851852,0.0,1.0,7.206707175925925,1.0,0.0328110775404589,0,2.645567129629629,-12.28513888888889,5.0,train
a7087dc75317cad3db08ed7830b09723,bf100ecb7997df312b285358fb32f92c,2017-08-28 10:37:55,2017-09-19,cool_stuff,SC,PR,guabiruba,sao jose dos pinhais,149.9,18.3,1,174.99724928544654,21.557002314814813,0.0,1.0,9.532075892857142,1.0,0.026130428344971,0,8.301435185185186,-13.255567129629627,5.0,train
4fe68e1b224989d596e61f2fcf892012,e9511df20ccd82658a30c37b7fb343af,2018-04-07 17:35:00,2018-04-27,construction_tools_construction,SP,SP,ubatuba,bauru,16.5,13.71,1,424.90003328415935,19.26736111111111,0.0,1.0,13.313647486772489,1.0,0.1067747787619568,0,5.926261574074074,-13.341099537037037,5.0,test
4636e6ea585a0b807447a165874cddd9,620c87c171fb2a6dd6e8bb4dec959fc6,2017-11-15 11:07:01,2017-12-06,perfumery,SP,RJ,sao jose dos campos,petropolis,169.9,16.95,1,288.0272728119852,20.53679398148148,0.047808764940239,0.952191235059761,11.434335666592885,30.0,0.0535736065662451,0,9.378425925925926,-11.158368055555556,5.0,train
4c7ef39af59d31fa247f85d10ed414f6,4869f7a5dfa277a7dca6462dcf3b52b2,2018-07-14 23:54:09,2018-08-14,watches_gifts,RN,SP,parnamirim,guariba,179.9,51.98,1,2212.6158208664915,30.0040625,0.1276595744680851,0.8723404255319149,15.856858289710672,69.0,0.1928393366346353,0,11.669965277777775,-18.334097222222223,5.0,test
f5bce854828285b05f16143027a664c6,6560211a19b47992c3666cc44a7e94c0,2018-08-09 08:22:11,2018-08-14,watches_gifts,SP,SP,sao paulo,sao paulo,78.0,7.81,1,13.888549274413888,4.651261574074074,0.0574572127139364,0.9425427872860636,9.841943036595596,226.0,0.1721927609054326,0,1.122488425925926,-3.528773148148148,5.0,test
52984a3dc9ffd08f55fe620d03675067,cd68562d3f44870c08922d380acae552,2017-11-24 23:26:26,2017-12-14,sports_leisure,SP,SP,adolfo,ribeirao preto,204.0,12.93,1,188.69541067381468,19.023310185185185,0.0975609756097561,0.902439024390244,13.885148628048782,7.0,0.0845580113217387,0,14.045625,-4.9776851851851855,5.0,train
3a162137f82297cdaf8349d510549616,e49c26c3edfa46d227d5121a6b6e4d37,2017-08-22 13:30:45,2017-09-22,consoles_games,BA,PE,salvador,brejao,39.8,33.57,2,477.771337659614,30.436979166666667,0.0,1.0,12.629237329434696,3.0,0.0460035981530566,0,7.302662037037037,-23.13431712962963,3.0,train
67f3b828f1f998df84200e854c3119e1,2eb70248d66e0e3ef83659f71b244378,2018-05-13 19:47:19,2018-06-13,baby,MG,SP,nova serrana,campinas,607.95,22.14,1,397.829452156633,30.17547453703704,0.3448275862068966,0.6551724137931034,18.869652378671777,37.0,0.1362362767699921,0,25.91283564814815,-4.262638888888889,3.0,test
20073b5a4f4e82bae239dda7b336ca5e,7e1fb0a3ebfb01ffb3a7dae98bf3238d,2017-08-01 19:09:47,2017-08-23,health_beauty,MG,SP,barbacena,franca,169.0,15.93,1,383.8810275294571,21.201539351851853,0.0357142857142857,0.9642857142857144,12.818558201058195,3.0,0.0212570220458649,0,9.977708333333334,-11.22383101851852,5.0,train
1d8747e28d2a17848780cacc9b445280,897060da8b9a21f655304d50fd935913,2017-07-13 20:16:58,2017-08-04,computers_accessories,RJ,SP,nova iguacu,ribeirao preto,205.0,17.19,1,478.5519702195248,21.15488425925926,0.0925925925925925,0.9074074074074074,16.014130872770924,13.0,0.0743982469578917,0,17.923472222222223,-3.231412037037037,5.0,train
a081d126973c9d0ea499b22774b035c5,85cc55e048b6bcc90c75afe7f0e72f72,2018-06-20 11:17:13,2018-07-13,toys,SP,RJ,poa,barra mansa,11.49,18.23,1,248.19889150180504,22.529710648148143,0.3333333333333333,0.6666666666666667,12.28029320987654,1.0,0.1074030027346128,0,8.144155092592593,-14.385555555555555,5.0,test
4ee69609938fb96f9c99db9382d6069b,e9779976487b77c6d4ac45f75ec7afe9,2018-07-25 20:12:29,2018-08-10,food,DF,SP,brasilia,praia grande,54.49,34.14,1,901.5456457844824,15.157997685185183,0.0723327305605786,0.9276672694394212,10.284040209965848,49.0,0.1862228978496168,0,6.19869212962963,-8.959305555555556,5.0,test
6e5fc24bede0e47389f2042dc5f8473f,d1c281d3ae149232351cd8c8cc885f0d,2018-04-25 23:43:18,2018-05-28,bed_bath_table,BA,SP,candeal,ibitinga,144.99,31.66,1,1512.9435682612248,32.01159722222222,0.095505617977528,0.904494382022472,13.04033272211818,6.0,0.1364575629893493,0,22.55670138888889,-9.454895833333332,1.0,test
2bcf195f4b476e9e1a4bd6d139db37ea,d91fb3b7d041e83b64a00a3edfb37e4f,2018-05-18 16:58:03,2018-06-07,home_appliances,PR,SP,curitiba,praia grande,33.6,19.32,1,328.3141784848241,19.293020833333333,0.0640243902439024,0.9359756097560976,12.356479011404703,48.0,0.1204268995559413,0,19.157337962962963,-0.1356828703703703,4.0,test
781558df49ad78a40698dc8cb5c739d1,56642bcb79900e777d68e91915cb4267,2017-12-18 17:07:28,2018-01-05,health_beauty,SP,SP,sao paulo,sao paulo,88.0,11.82,1,20.678614311845788,17.28648148148148,0.0,1.0,10.005808899176952,5.0,0.0126659541306123,0,9.05369212962963,-8.232789351851851,1.0,train
ef53b712516162ba8b15881e62f9b67e,de722cd6dad950a92b7d4f82673f8833,2018-05-02 04:15:27,2018-05-29,computers_accessories,GO,PE,cocalzinho de goias,recife,149.9,53.18,1,1724.1613491632745,26.822604166666668,0.0588235294117647,0.9411764705882352,14.304965482026136,43.0,0.1476497856940486,0,7.662013888888889,-19.16059027777778,5.0,test
2ba9cedfe4113e91c29c82f4be24687d,e84ad2127668df3aafc6b73531a0beb8,2018-07-08 18:12:48,2018-08-06,cool_stuff,PA,SP,ananindeua,sao paulo,65.0,19.37,1,2481.5400483840144,28.24111111111111,0.0,1.0,8.257494212962962,0.0,0.1520124880580959,0,23.86945601851852,-4.371655092592593,5.0,test
e3d8160bbec52fde1232633f278d8626,79ebd9a61bac3eaf882805ed4ecfa12a,2018-06-24 09:25:23,2018-08-09,furniture_decor,RJ,PR,rio de janeiro,cascavel,134.9,47.89,1,1051.3339082452535,45.60737268518518,0.0842105263157894,0.9157894736842104,16.55349622319688,7.0,0.1125085592582171,0,12.285358796296295,-33.32201388888889,5.0,test
7c1874537dafaf7092ff655e2d8f3ef7,066a6914e1ebf3ea95a216c73a986b91,2018-02-06 02:46:48,2018-03-16,sports_leisure,MG,PR,sete lagoas,foz do iguacu,159.99,23.99,1,1255.9413670627273,37.884166666666665,0.024390243902439,0.975609756097561,13.662495765582657,2.0,0.0458277325502888,0,21.50828703703704,-16.37587962962963,1.0,validation
4277d961a6e74ff894d817d0f781c1c2,1f1bb1f0859883505541bdd6606193e5,2018-03-02 14:38:52,2018-03-26,fashion_bags_accessories,SC,SP,palhoca,sao paulo,269.99,15.64,1,515.2452275378624,23.389675925925925,0.0666666666666666,0.9333333333333332,14.919440586419752,3.0,0.1470022954723199,1,25.27337962962963,1.883703703703704,2.0,validation
40753325f836f577dd8bab3f0e5807e6,c3cfdc648177fdbbbb35635a37472c53,2018-08-16 20:34:10,2018-08-27,sports_leisure,SP,PR,sorocaba,curitiba,139.9,19.08,1,289.28376487673586,10.142939814814817,0.0263157894736842,0.9736842105263158,9.927691929476474,14.0,0.0999388547358071,0,6.151377314814815,-3.9915625,2.0,test
b738a048f0968575318e1a5fc8974fba,e9d99831abad74458942f21e16f33f92,2017-06-22 20:08:24,2017-07-05,computers_accessories,SP,SP,sao paulo,sao paulo,35.99,8.72,1,22.81634132489324,12.160833333333333,0.064516129032258,0.935483870967742,12.359169653524493,8.0,0.0357321434733373,0,5.777314814814815,-6.383518518518518,5.0,train
c61f24b4d04a247a7b8f182d3bdb7e18,004c9cd9d87a3c30c522c48c4fc07416,2017-04-04 13:47:15,2017-04-27,bed_bath_table,MG,SP,conceicao do mato dentro,ibitinga,210.0,38.02,2,640.1262063052448,22.425520833333334,0.0416666666666666,0.9583333333333334,10.97401909722222,5.0,0.0241543562893046,0,8.067453703703704,-14.35806712962963,5.0,train
6ef662a8188539a6881080ef916fddf0,cc419e0650a3c5ba77189a1882b7556a,2018-05-15 16:39:20,2018-05-30,health_beauty,ES,SP,colatina,santo andre,79.99,10.94,1,763.8155375522169,14.30601851851852,0.0571992110453648,0.9428007889546351,11.841438845362449,47.0,0.1927873966550277,1,19.84202546296296,5.536006944444445,4.0,test
116499c6f5aa0822fcfa4f8aa8b194b4,9853a239ab7b7ebbdc3a21248d5b8e1f,2017-11-28 15:32:25,2017-12-20,housewares,RS,PR,canoas,campo largo,65.0,15.21,1,520.2798754512232,21.352488425925927,0.0,1.0,14.217268518518518,0.0,0.1995937265355572,1,29.18050925925926,7.828020833333333,1.0,train
4b7597bd96f89b605623a55db1471b1d,70a12e78e608ac31179aea7f8422044b,2018-03-16 16:08:04,2018-04-09,computers_accessories,ES,SP,vila velha,jacarei,149.0,18.92,1,672.1082515165227,23.32773148148148,0.0873015873015873,0.9126984126984128,14.35528411596119,21.0,0.1620345914070725,1,34.33599537037037,11.008263888888887,1.0,validation
3710f61b45bb40db596e352722b6937e,53243585a1d6dc2643021fd1853d8905,2017-09-07 18:43:07,2017-10-09,computers,MT,BA,rondonopolis,lauro de freitas,1549.99,53.26,1,1796.4172507841236,31.22005787037037,0.0,1.0,6.669846866096866,74.0,0.066536927975454,0,20.04129629629629,-11.178761574074072,5.0,train
b3219f865b978d4397a10c20e399ecef,cc419e0650a3c5ba77189a1882b7556a,2018-05-04 19:16:41,2018-05-24,health_beauty,SP,SP,francisco morato,santo andre,23.99,7.39,1,46.91175220715024,19.196747685185183,0.0565535595475715,0.9434464404524284,11.776491831152503,49.0,0.0991568225254279,0,5.743090277777778,-13.453657407407407,4.0,test
fa09bf06f137e4496f69f730fd93dcaf,72c38a04bd6a1c3dbc5298425a0db86d,2018-06-12 19:03:16,2018-07-26,electronics,RJ,PR,rio de janeiro,cascavel,92.0,22.57,1,1065.44134042512,43.206064814814816,0.0,1.0,8.822986111111112,1.0,0.0902238906555732,0,13.982731481481482,-29.223333333333333,1.0,test
c06778fe7190305b40c98b8cab8c2686,5bffbafbb22daf6d3bfc216a46db8708,2017-03-31 12:11:02,2017-04-25,food,SP,RJ,jaguariuna,nilopolis,20.99,14.52,1,365.2444136387221,24.492337962962964,0.0,1.0,8.443101851851853,4.0,0.0358637695514893,0,6.071354166666667,-18.420983796296294,4.0,train
b9189dcba2f5219bc348356dce47d124,a1043bafd471dff536d0c462352beb48,2017-12-08 09:53:46,2018-01-17,garden_tools,MT,MG,conquista d'oeste,ilicinea,89.99,64.05,1,1614.8171157345869,39.58766203703704,0.0157068062827225,0.9842931937172776,12.42785322134961,90.0,0.1259003871560953,0,31.371122685185185,-8.216539351851852,5.0,train
263282727ab0aad6f73aa81e70ba88c4,7dc8c42cc750eeafea6c85712ffee9bf,2018-01-13 14:25:15,2018-02-01,housewares,SP,SP,campinas,sao paulo,189.99,17.03,1,86.96109188517272,18.399131944444445,0.05,0.95,10.887096064814816,1.0,0.0946304066311922,0,18.177905092592592,-0.2212268518518518,4.0,validation
11cf686bd51e6060001abd7c3eb9b05c,8581055ce74af1daba164fdbd55a40de,2018-01-16 06:25:36,2018-02-07,auto,ES,SP,cachoeiro de itapemirim,guarulhos,143.8,31.76,1,628.2257727868529,21.732222222222223,0.070110701107011,0.929889298892989,12.0899209033757,27.0,0.1534869259637933,0,10.824467592592592,-10.907754629629627,2.0,validation
9b81934297f0b5aab6474d8eb7fb2b4e,ea8482cd71df3c1969d7b9473ff13abc,2017-10-17 23:15:45,2017-10-27,telephony,SP,SP,santo andre,sao paulo,27.99,7.78,1,13.31694593723206,9.030729166666667,0.0526315789473684,0.9473684210526316,11.120737694931774,17.0,0.06554969424383,0,6.790497685185185,-2.240231481481481,5.0,train
344be4c763894534b87cb01ee46cd64f,c33847515fa6305ce6feb1e818569f13,2018-07-11 13:33:30,2018-08-02,bed_bath_table,RJ,SC,volta redonda,brusque,149.0,51.33,1,716.3184249298153,21.435069444444444,0.0,1.0,9.196941981875494,35.0,0.1492300917598794,0,11.979525462962965,-9.45554398148148,5.0,test
fa98ac229e1905528d35a47acfe95733,cfb1a033743668a192316f3c6d1d2671,2017-11-29 10:29:48,2017-12-22,bed_bath_table,MG,SP,varzea da palma,votorantim,88.9,17.87,1,718.6410573765305,22.562638888888888,0.0519480519480519,0.948051948051948,11.320176917989416,9.0,0.1861350390559144,0,21.44274305555556,-1.119895833333333,4.0,train
7c32a0c8814b54f798f9359f20699633,73a63f72308aa20a46f4b1632018f196,2018-07-14 14:47:19,2018-08-09,garden_tools,BA,PR,candeias,curitiba,139.0,37.56,1,1805.5050059605016,25.38380787037037,0.0,1.0,12.389796075837742,0.0,0.1750688205448349,0,11.14800925925926,-14.235798611111113,5.0,test
2abced8dfd803bbf4dc2347d1123cd6a,75a4764c108403a7a0575140cb22287c,2018-02-19 11:20:04,2018-03-16,housewares,ES,RS,colatina,caxias do sul,279.56,108.12,4,1508.741985808333,24.52773148148148,0.0,1.0,2.530219907407407,2.0,0.1131169231079975,0,10.048333333333334,-14.479398148148148,5.0,validation
fbc769defaa6da4bbabdbbb7c93feccf,7c67e1448b00f6e969d365cea6b010ab,2017-07-22 13:57:25,2017-08-10,office_furniture,SP,SP,sao paulo,itaquaquecetuba,119.94,18.55,1,48.59886816022997,18.418460648148148,0.0476190476190476,0.9523809523809524,17.27764623750734,78.0,0.077697467203547,0,12.115,-6.303460648148148,4.0,train
57e24e99080124f19065793442fd6a5b,7a67c85e85bb2ce8582c35f2203ad736,2017-06-29 17:01:16,2017-07-12,cool_stuff,SP,SP,franco da rocha,sao paulo,99.99,11.9,1,30.508646466076808,12.290787037037036,0.040625,0.959375,10.28313364438657,97.0,0.0753196361009976,0,3.923576388888889,-8.367210648148149,5.0,train
110002a2f7cc77699dcd81a24423cfc1,bfd27a966d91cfaafdb25d076585f0da,2018-01-07 16:45:22,2018-01-31,toys,SP,SP,jundiai,serra negra,45.0,12.69,1,68.09187671023031,23.301828703703706,0.0428571428571428,0.9571428571428572,12.424396660052906,12.0,0.0576288265334954,0,3.003587962962963,-20.29824074074074,3.0,validation
c1d5e085a762461d171190ab5fe8cdc9,c6bda72e4dbf5c5866b13cb1810c6d03,2018-01-25 10:20:21,2018-02-23,baby,PR,SP,dois vizinhos,sao paulo,109.9,18.02,1,701.067701633573,28.56920138888889,0.0454545454545454,0.9545454545454546,10.727960332491584,10.0,0.0580353926734961,0,20.38792824074074,-8.181273148148149,5.0,validation
f92937847b9a6c663b94b2fb3a8f42e8,8581055ce74af1daba164fdbd55a40de,2017-12-03 19:40:10,2017-12-27,auto,SP,SP,paraibuna,guarulhos,140.5,18.87,1,87.67412793693556,23.18043981481481,0.0511627906976744,0.9488372093023256,11.836423611111114,38.0,0.0658321051692591,0,22.88414351851852,-0.2962962962962963,2.0,train
432aaf21d85167c2c86ec9448c4e42cc,0bae85eb84b9fb3bd773911e89288d54,2018-03-01 14:14:28,2018-03-21,toys,SP,SP,sao paulo,itajai,38.25,16.11,1,430.1442013474257,19.40662037037037,0.010752688172043,0.989247311827957,10.55263863998407,9.0,0.0542718520168163,0,11.390254629629627,-8.01636574074074,4.0,validation
d07177bc097beb1a6d82f01bdc6d6eec,2eb70248d66e0e3ef83659f71b244378,2018-07-14 01:09:22,2018-08-13,watches_gifts,RJ,SP,mesquita,campinas,155.97,16.19,1,367.3238218625351,29.951828703703704,0.1889763779527559,0.8110236220472441,18.888567184310297,34.0,0.184475670264285,0,13.794537037037037,-16.157291666666666,1.0,test
4620cc7c4473f6f872e2f2b278f1c6cd,7d13fca15225358621be4086e1eb0964,2018-05-16 06:35:28,2018-06-04,watches_gifts,SP,SP,sao carlos,ribeirao preto,140.0,13.42,1,91.12054795007138,18.72537037037037,0.1439393939393939,0.8560606060606061,17.11653146043771,268.0,0.1260817307494774,0,9.395752314814814,-9.329618055555557,5.0,test
fb58bfd81a8521707b1bc039498f79fa,e7d5b006eb624f13074497221eb37807,2017-11-13 13:05:04,2017-12-04,computers_accessories,RJ,SP,nilopolis,santo andre,129.9,14.66,1,330.66872841118266,20.454814814814814,0.0,1.0,12.266704282407408,0.0,0.0768893325784847,0,14.397650462962964,-6.057164351851852,5.0,train
f4829d4aec1e7ce6d1f88c4eb8086c3e,f7ba60f8c3f99e7ee4042fdef03b70c4,2018-08-21 14:41:32,2018-09-26,health_beauty,MG,SP,extrema,sao bernardo do campo,330.0,19.99,1,93.02808133829556,35.387824074074075,0.1592039800995024,0.8407960199004976,13.824286783674228,31.0,0.105191914166903,0,6.331157407407408,-29.05666666666667,5.0,test
86ffd26cba13b7ba4ca88e5a993f5f4b,b1fc4f64df5a0e8b6913ab38803c57a9,2018-04-03 20:22:01,2018-05-07,watches_gifts,MT,RJ,barra do garcas,sao goncalo,54.99,34.48,1,1237.2171415751088,33.151377314814816,0.1363636363636363,0.8636363636363636,15.955379664702576,17.0,0.1164697655531179,0,13.905150462962965,-19.24622685185185,5.0,test
1e2c9c8656ce0a547546849a9383ec0b,edb1ef5e36e0c8cd84eb3c9b003e486d,2018-01-04 12:48:56,2018-01-30,health_beauty,MG,RJ,belo horizonte,teresopolis,97.65,15.43,1,293.77325370600266,25.46601851851852,0.0285714285714285,0.9714285714285714,13.215667658730156,14.0,0.0411262530265317,1,27.207453703703703,1.7414351851851853,5.0,validation
3ea7135b7064169abacfc10aa72f2e3a,01fdefa7697d26ad920e9e0346d4bd1b,2018-08-12 13:21:59,2018-09-12,health_beauty,RS,PR,santa maria,londrina,64.9,19.64,1,752.5724526273149,30.44306712962963,0.054054054054054,0.945945945945946,11.17029331414748,10.0,0.0737250646030458,0,9.329560185185183,-21.113506944444445,5.0,test
26aa7fd8593cb211c78df356f45b4cbb,48162d548f5b1b11b9d29d1e01f75a61,2018-01-19 14:33:57,2018-02-09,home_construction,SP,SP,teodoro sampaio,piracicaba,74.0,13.54,1,462.29585235821753,20.393090277777777,0.0217391304347826,0.9782608695652174,12.178336101046702,2.0,0.076840979225569,0,10.820219907407408,-9.57287037037037,4.0,validation
157ea8293c9bb4a4fbdc68be5e4ac5dd,1025f0e2d44d7041d6cf58b6550e0bfa,2018-06-22 22:28:48,2018-07-12,furniture_decor,SP,SP,santos,sao paulo,150.0,16.35,1,50.61325108119942,19.063333333333333,0.1191222570532915,0.8808777429467085,13.377685711279453,85.0,0.151858258815746,0,6.0046875,-13.058645833333332,5.0,test
6ccac061be472c84db514aca9acd26e0,8b321bb669392f5163d04c59e235e066,2017-12-11 07:50:11,2017-12-28,electronics,SP,SP,sao paulo,sao paulo,13.65,7.78,1,10.580791816567343,16.673483796296296,0.0,1.0,8.916918066322134,86.0,0.0276788879860144,0,3.3623842592592594,-13.311099537037038,4.0,train
b8cddbe53f3a227da27064bc722cffa3,1a3df491d1c4f1589fc2b934ada68bf2,2017-09-03 10:58:40,2017-09-27,bed_bath_table,RJ,SC,rio de janeiro,joinville,159.0,23.98,1,643.1892446423478,23.54259259259259,0.0,1.0,12.979468201754388,14.0,0.0261500682069907,0,19.315266203703704,-4.227326388888889,5.0,train
43eeba2441814ee8348a64e79749a290,53e4c6e0f4312d4d2107a8c9cddf45cd,2018-02-20 16:03:09,2018-03-13,housewares,SP,SP,maua,pedreira,85.71,11.8,1,114.89879660752128,20.33114583333333,0.0404411764705882,0.9595588235294118,12.892412598720044,42.0,0.0691463737000264,0,6.1986689814814815,-14.132476851851852,5.0,validation
b7dc42271c71663ceed71350d60a5559,dd7ddc04e1b6c2c614352b383efe2d36,2017-07-12 13:00:15,2017-08-09,pet_shop,GO,SP,goiania,sao paulo,45.9,19.84,1,814.2215184453161,27.458159722222224,0.1666666666666666,0.8333333333333334,11.423604359567898,5.0,0.0327009904026073,0,13.504328703703704,-13.95383101851852,5.0,train
ff65c06d9d1fcec5dfefe1dbeb606e5f,77530e9772f57a62c906e1c21538ab82,2017-11-02 18:53:27,2017-12-01,furniture_decor,MA,PR,sao jose de ribamar,curitiba,119.0,30.36,1,2606.354118451247,28.212881944444444,0.0625,0.9375,13.854253906249998,12.0,0.2394100642826267,1,29.058587962962964,0.8457060185185186,5.0,train
9eb20359fd4673317b09e18e7c96476e,522620dcb18a6b31cd7bdf73665113a9,2018-02-20 20:54:49,2018-03-21,computers_accessories,GO,PR,goiania,cascavel,149.0,48.48,1,1016.4056397407024,28.12859953703704,0.1011235955056179,0.898876404494382,14.777993783811905,17.0,0.1184866523880724,0,23.095347222222223,-5.033252314814815,5.0,validation
a567a2572a97a9731794566e93368a06,0ebd97a106433a45a4aebe57c1799778,2018-04-02 11:25:45,2018-04-18,fashion_bags_accessories,SP,MG,sao paulo,contagem,79.9,14.36,1,478.5133500313699,15.523784722222222,0.0,1.0,9.163789983164982,2.0,0.0986757385775439,0,4.3215509259259255,-11.202233796296296,5.0,test
fa86f95c2bce5958b1d9236da9f96926,8b321bb669392f5163d04c59e235e066,2018-02-25 20:29:29,2018-03-16,electronics,RJ,SP,rio de janeiro,sao paulo,23.7,14.1,1,321.3934938936085,18.14619212962963,0.0566037735849056,0.9433962264150944,12.363978736148551,159.0,0.2036520944971815,1,43.13150462962963,24.9853125,1.0,validation
cc2d9c1811f602978ee856e76bff969a,7d76b645482be4a332374e8223836592,2018-01-05 23:45:20,2018-01-31,telephony,MG,SP,teofilo otoni,sao paulo,41.8,30.2,2,827.6410836890967,25.010185185185183,0.1208791208791208,0.8791208791208791,13.33887884106634,4.0,0.0806401469162565,0,10.966145833333334,-14.044039351851852,4.0,validation
5762393dbc8a827e3c4e95b9f2252329,cca3071e3e9bb7d12640c9fbe2301306,2017-08-14 10:27:59,2017-09-05,bed_bath_table,RJ,SP,nilopolis,ibitinga,143.54,21.49,1,569.9384654859075,21.56390046296296,0.0257879656160458,0.9742120343839542,12.935990329512888,70.0,0.0327697242327322,0,14.32232638888889,-7.241574074074074,5.0,train
460ef4237e6579e9b59b6b313f96b825,f45122a9ab94eb4f3f8953578bc0c560,2017-03-19 22:22:35,2017-04-24,pet_shop,RO,SP,vilhena,piracicaba,95.99,25.16,1,1727.3177974755083,35.067650462962966,0.0,1.0,11.595136959876545,11.0,0.0575394709974552,0,30.68179398148148,-4.385856481481482,1.0,train
188c1ef63c6dd2e06120da3ca750e86c,7299e27ed73d2ad986de7f7c77d919fa,2017-09-29 10:07:19,2017-10-25,housewares,SP,MG,avare,araguari,105.0,21.22,1,500.5980017367554,25.57825231481481,0.04,0.96,11.75331740740741,14.0,0.0073368648933649,0,11.357893518518518,-14.220358796296296,5.0,train
9ea90710803e4139de8c55d6d4f9accb,14a08204d03bb6b6bde8029f801ae0eb,2018-05-15 12:47:25,2018-06-11,electronics,MG,SP,ipatinga,sao paulo,300.0,115.0,5,616.6536413958733,26.46707175925926,0.0,1.0,12.154421296296292,1.0,0.1011165116330281,0,4.000763888888889,-22.46630787037037,5.0,test
3f2b4c236891942b9cb9f73c490a47b8,391fc6631aebcf3004804e51b40bcf1e,2018-06-17 14:13:51,2018-07-12,bed_bath_table,SP,SP,vargem grande paulista,ibitinga,49.95,13.01,1,278.85456176712887,24.40704861111111,0.116331096196868,0.883668903803132,15.014568134269616,21.0,0.0970026350996859,0,8.213796296296296,-16.193252314814814,5.0,test
b6d8afcbedd981f81cd58c1ecf289add,2d50d6282f8aa2257819a77bfaa0efe0,2017-10-29 17:50:56,2017-11-24,bed_bath_table,SC,SP,sao bento do sul,ibitinga,98.9,15.44,1,502.6375219750949,25.25629629629629,0.0,1.0,10.318265993265994,5.0,0.0451162572385397,0,14.991701388888888,-10.264594907407409,4.0,train
316206d46dccc0cc43780adbcaa5de1e,85d9eb9ddc5d00ca9336a2219c97bb13,2018-03-17 18:59:33,2018-04-17,computers_accessories,PR,MG,curitiba,belo horizonte,38.9,17.06,1,826.721117593056,30.20864583333333,0.0207715133531157,0.9792284866468842,13.930382974777448,41.0,0.0641492056089725,0,17.121747685185184,-13.086898148148148,5.0,validation
76705ff9a7f4bf78bb4f8918c2dc564f,e99e927c81e3f51739c94fcdfca9f10f,2017-10-30 10:48:59,2017-11-17,garden_tools,SP,MG,jaboticabal,uberlandia,104.53,21.22,1,260.67088377746865,17.549317129629628,0.0714285714285714,0.9285714285714286,14.103535879629632,1.0,0.0672050147635274,0,7.444085648148148,-10.105231481481482,3.0,train
ad4f45ebcf8664ef5e1bb5073359f9f1,1f50f920176fa81dab994f9023523100,2017-07-19 14:44:05,2017-08-17,garden_tools,MG,SP,manhumirim,sao jose do rio preto,59.9,17.67,1,775.3114076145922,28.38605324074074,0.074074074074074,0.925925925925926,17.44105452674897,30.0,0.0396434095682273,0,13.17241898148148,-15.213634259259258,1.0,train
046100ad996b1c80d13e7e90fccd0560,cc419e0650a3c5ba77189a1882b7556a,2017-08-07 17:35:03,2017-08-28,health_beauty,SP,SP,louveira,santo andre,49.99,11.85,1,77.81689042790592,20.26732638888889,0.0105540897097625,0.9894459102902374,10.321445537721091,130.0,0.0188954393843956,0,8.071273148148148,-12.19605324074074,4.0,train
9149cd995e116bfe5be90e2659e468a0,4e5725ba188db8252977a4f0227bd462,2018-03-23 11:21:24,2018-04-11,computers_accessories,SP,SP,sao paulo,ribeirao preto,119.0,25.71,2,294.00742332351723,18.526805555555555,0.0,1.0,7.684247685185187,13.0,0.1183785210175277,0,10.469618055555555,-8.0571875,5.0,validation
fdc45e6c7555e6cb3cc0daca2557dbe1,54aa8463e87776b5612f4bdc4bd5d4de,2017-02-07 15:49:16,2017-03-24,auto,MT,MG,sinop,belo horizonte,89.9,22.56,1,1526.1161700323016,44.34078703703704,0.0,1.0,20.07204861111111,1.0,0.0423354611019372,0,14.872083333333334,-29.468703703703703,5.0,train
0e7a304b49a353318a2ea193bfb5523e,db4350fd57ae30082dec7acbaacc17f9,2017-06-25 14:23:27,2017-07-21,telephony,SP,SP,bauru,sao paulo,14.99,11.85,1,290.2087794497833,25.400381944444444,0.0,1.0,10.14219699667616,11.0,0.0180438468397118,0,4.115532407407407,-21.28484953703704,5.0,train
bde485bef13be8b3bd38071e027e954f,96493fab2fbb13a14d0c0e8772eef5c3,2017-05-10 11:43:18,2017-06-09,computers_accessories,CE,SP,tiangua,sao paulo,349.0,28.98,1,2292.900234716796,29.51159722222222,0.0,1.0,10.551901455026456,4.0,0.0653872699020389,0,20.841354166666665,-8.670243055555556,5.0,train
71b17a1dca06f13bc0c69595e244d3e7,1b45169b635ef59425637e9a33eb5fb3,2018-02-13 13:27:43,2018-03-13,auto,SP,PR,sao bernardo do campo,maringa,16.5,12.48,1,547.2405623227,27.439085648148147,0.0589119929417898,0.9410880070582102,13.361791364911468,0.0,0.070451439201627,0,10.434131944444443,-17.004953703703702,2.0,validation
7d0408fa5d2829c175c99499e5aeb226,dd4d95ba2d15c071e6c695e2ef6ce169,2018-07-31 12:22:41,2018-08-08,stationery,ES,ES,santa teresa,cachoeiro de itapemirim,437.0,28.69,1,115.67028700606512,7.484247685185185,0.0,1.0,16.02255787037037,1.0,0.1764553385461231,1,17.225162037037038,9.740914351851853,4.0,test
78219cc6b17d2b84d847bbf8b470316c,4a3ca9315b744ce9f8e9374361493884,2018-07-13 20:08:35,2018-07-27,bed_bath_table,SP,SP,votorantim,ibitinga,69.9,14.8,1,245.6435166794669,13.16070601851852,0.1150497512437811,0.8849502487562189,15.00249052768563,62.0,0.1583545469956449,0,6.913136574074074,-6.247569444444444,5.0,test
2e34c4ee86e4ace97b31109afa1f2bb0,9d4db00d65d7760644ac0c14edb5fd86,2018-05-23 14:58:24,2018-06-08,toys,SP,SP,sao paulo,sorocaba,106.8,9.66,1,69.66136019878435,15.376111111111111,0.0392156862745098,0.9607843137254902,9.384823211692089,20.0,0.0877142508335686,0,5.3604976851851855,-10.015613425925926,4.0,test
4427d18955f1dabba9ad7503aeed2886,fa1c13f2614d7b5c4749cbc52fecda94,2017-11-11 21:55:06,2017-11-27,watches_gifts,SP,SP,osasco,sumare,198.9,8.65,1,95.50442172320842,15.086736111111112,0.029585798816568,0.970414201183432,11.47411345332018,30.0,0.0590492209030951,0,5.92818287037037,-9.15855324074074,5.0,train
d043a3bb843a11bb2f3a826771849ec4,8e6cc767478edae941d9bd9eb778d77a,2017-04-26 22:29:41,2017-06-02,housewares,SP,MG,sao pedro do turvo,araguari,39.9,15.56,1,478.7313835792032,36.062719907407406,0.1111111111111111,0.8888888888888888,15.47034786522634,1.0,0.0519919293539143,0,18.405543981481483,-17.657175925925927,3.0,train
1b4f6e77a7bfc8aaecb66219bac6b9eb,c31eff8334d6b3047ed34bebd4d62c36,2018-07-16 22:59:19,2018-08-22,art,PA,SP,vila dos cabanos,salto,99.99,42.98,1,3470.99280061452,36.04214120370371,0.108695652173913,0.8913043478260869,12.698833786231882,21.0,0.1216500233700796,0,21.727303240740746,-14.314837962962963,3.0,test
fb7e7ba8f47d0f1f90ef27989696d503,0dd184061fb0eaa7ca37932c68ab91c5,2018-05-11 12:59:18,2018-06-01,housewares,SC,SP,sao jose,guarulhos,120.0,15.9,1,503.04611818008055,20.458819444444444,0.1388888888888889,0.8611111111111112,12.985071159122093,28.0,0.1552278069773292,0,6.23025462962963,-14.228564814814815,5.0,test
8c855550908247a7eff50281b92167a8,dd55f1bb788714a40e7954c3be6df745,2018-05-22 13:36:02,2018-06-29,telephony,RJ,SP,rio de janeiro,sao paulo,47.9,15.23,1,355.1733793532196,37.43331018518519,0.15625,0.84375,17.937094184027774,4.0,0.1231331747907903,0,17.185752314814813,-20.24755787037037,4.0,test
d0843f8d9dcf8320e48984dd4a52d652,259f7b5e6e482c230e5bfaa670b6bb8f,2017-07-30 19:15:21,2017-08-18,bed_bath_table,SP,SP,valinhos,poa,54.9,13.08,1,90.90752772229644,18.19767361111111,0.0,1.0,9.052619598765432,7.0,0.0105677931462383,0,1.7682986111111112,-16.429375,5.0,train
93bed0379e664bd3651c25c95358787b,c003204e1ab016dfa150abc119207b24,2018-04-12 22:21:56,2018-05-09,auto,MG,SP,araxa,cajamar,109.9,34.31,1,419.7871209277096,26.068101851851853,0.0439560439560439,0.956043956043956,10.113946504884003,27.0,0.0983524465537778,0,8.100613425925927,-17.967488425925925,5.0,test
282160d8e83b257c5105cac8f3ba2b63,c826c40d7b19f62a09e2d7c5e7295ee2,2017-12-03 17:37:52,2017-12-28,unknown,RJ,SP,volta redonda,guarulhos,122.99,15.61,1,267.5504681814687,24.26537037037037,0.04,0.96,10.613038425925929,33.0,0.4298448161689795,1,24.66289351851852,0.3975231481481481,3.0,train
c0aa0e99afe6f6dac845326a854690fd,c3867b4666c7d76867627c2f7fb22e21,2017-07-24 17:19:00,2017-08-11,sports_leisure,SP,SP,guarulhos,guara,119.0,12.33,1,362.06526523857,17.278472222222224,0.0,1.0,10.58844313063063,15.0,0.0205384443809475,0,14.908784722222222,-2.3696875,3.0,train
30189c9fc2174b8677dd06fda47c097a,17306570e772e7718c92a562d33f5f1d,2017-11-30 10:56:14,2017-12-22,bed_bath_table,SP,SP,mogi-guacu,bariri,219.9,17.17,1,186.8153038431813,21.544282407407408,0.0,1.0,11.257115384615386,6.0,0.1040760314761979,0,15.550474537037037,-5.993807870370371,5.0,train
2dc82d1bd19ac194b91db9b17adc5a62,6860153b69cc696d5dcfe1cdaaafcf62,2018-08-17 22:06:01,2018-09-05,construction_tools_construction,RJ,SP,guapimirim,capivari,199.99,45.2,1,467.1308807316863,18.079155092592597,0.1147540983606557,0.8852459016393442,10.848174521857922,21.0,0.195600445164708,0,6.759525462962963,-11.31962962962963,5.0,test
b7a13b515d99de69fe4db49507b7c1ec,4a3ca9315b744ce9f8e9374361493884,2018-02-27 12:51:29,2018-03-19,bed_bath_table,SP,SP,sao paulo,ibitinga,92.0,13.66,1,317.7296443161415,19.464247685185185,0.0897755610972568,0.9102244389027432,14.64699256873249,118.0,0.1332852513597514,1,30.39130787037037,10.927060185185184,1.0,validation
c2fd626797fb5ca566e69305eebca31a,128639473a139ac0f3e5f5ade55873a5,2018-03-13 16:58:02,2018-04-18,electronics,MG,PR,santo antonio do jacinto,maringa,19.9,19.95,1,1444.6146633938638,35.29303240740741,0.0412087912087912,0.9587912087912088,14.10259609025234,59.0,0.076034668808607,0,21.99337962962963,-13.299652777777778,1.0,validation
89126186f0b78662f15170c9e65ee9bb,1354d51653f645349064725ed204e85e,2018-02-14 19:09:14,2018-03-19,furniture_decor,PA,SP,belem,sao paulo,120.0,19.38,1,2462.7200120799057,32.2019212962963,0.0,1.0,8.573346193415638,1.0,0.0963181540996665,0,28.24832175925926,-3.953599537037037,3.0,validation
a4163ebff79ff34a631c57d5350215ae,d2e753bb80b7d4faa77483ed00edc8ca,2018-03-30 20:27:16,2018-04-27,fashion_bags_accessories,PR,BA,maringa,porto seguro,97.0,51.18,1,1551.8613546525874,27.147731481481483,0.0,1.0,11.865545634920634,4.0,0.1217956738711081,0,11.20298611111111,-15.94474537037037,5.0,validation
11edf2e8e2e689ab25e609f6a45b5b7a,cca3071e3e9bb7d12640c9fbe2301306,2017-06-26 15:01:51,2017-07-20,bed_bath_table,MG,SP,itajuba,ibitinga,119.9,18.09,1,355.6348683226105,23.373715277777777,0.0316205533596837,0.9683794466403162,13.117388010540193,34.0,0.0122944195214942,0,16.126064814814814,-7.247650462962963,5.0,train
55f3c870c1e40785268450603096ec90,de722cd6dad950a92b7d4f82673f8833,2018-03-10 14:07:19,2018-04-11,computers_accessories,RJ,PE,conceicao de macabu,recife,149.9,39.1,1,1719.7930391012894,31.411585648148147,0.0,1.0,12.911389167782248,68.0,0.1153154355382957,0,27.38328703703704,-4.028298611111111,4.0,validation
01ac6cbac1cda667c97d35046b75668f,36a968b544695394e4e9d7572688598f,2017-09-14 18:37:16,2017-09-26,computers_accessories,SP,SP,sao paulo,santos,12.88,8.27,1,56.6359137198141,11.22412037037037,0.0461538461538461,0.9538461538461538,12.708142450142452,5.0,0.0584900440721009,0,3.813993055555556,-7.410127314814815,4.0,train
5180f5ceec20f3f7d4c082c81a07926f,d91fb3b7d041e83b64a00a3edfb37e4f,2017-12-07 09:31:40,2018-01-16,home_appliances,SP,SP,lorena,praia grande,45.0,11.85,1,201.0718682397166,39.60300925925926,0.0359712230215827,0.9640287769784172,11.336115524247274,18.0,0.035110899275336,0,27.51107638888889,-12.091932870370371,5.0,train
3f8dc90a470531b954d9b654e20c58af,da8622b14eb17ae2831f4ac5b9dab84a,2018-04-20 01:06:47,2018-05-30,bed_bath_table,RJ,SP,rio de janeiro,piracicaba,74.9,23.1,1,451.116955973328,39.95362268518519,0.0695652173913043,0.9304347826086956,11.89233301882044,114.0,0.1256882651426334,0,4.651111111111111,-35.302511574074074,5.0,test
7217572256d0fb150b86021f70d421fe,70bf57d811208f8923b41bbd499a67a4,2018-08-03 16:54:39,2018-08-23,cool_stuff,MG,SP,brumadinho,franco da rocha,95.4,18.47,1,438.101889733573,19.295381944444443,0.0,1.0,2.422141203703704,2.0,0.1049504335126773,0,10.151400462962965,-9.14398148148148,5.0,test
4e72ed892eda314d6c577450f3213a14,8d956fec2e4337affcb520f56fd8cbfd,2018-07-25 23:29:16,2018-08-02,telephony,SP,SP,sao paulo,sao bernardo do campo,83.96,15.1,2,17.734380868251986,7.0213425925925925,0.0807453416149068,0.9192546583850932,9.834202682884747,25.0,0.1502627035874534,0,1.765601851851852,-5.255740740740741,5.0,test
035da499656c96f8f1cf920dd57ddc49,2138ccb85b11a4ec1e37afbd1c8eda1f,2017-04-06 13:02:52,2017-05-02,telephony,RJ,SP,rio das ostras,sao paulo,37.98,29.04,2,476.0591766585077,25.45634259259259,0.0126582278481012,0.9873417721518988,9.672594643694326,50.0,0.0305212806510935,0,12.120810185185183,-13.335532407407408,3.0,train
43a111fcb003d002a300aa191914d51d,897060da8b9a21f655304d50fd935913,2017-05-14 20:16:03,2017-06-06,computers_accessories,ES,SP,vila velha,ribeirao preto,196.0,16.12,1,783.1337444595719,22.15552083333333,0.0588235294117647,0.9411764705882352,18.923105936819173,16.0,0.0751472555118619,0,14.862337962962965,-7.29318287037037,5.0,train
d8541096e0d84a41ea8e5761296a7ab9,1f50f920176fa81dab994f9023523100,2017-07-18 15:53:31,2017-08-16,garden_tools,MG,SP,santa luzia,sao jose do rio preto,59.9,17.67,1,581.7576263235835,28.337835648148147,0.074074074074074,0.925925925925926,17.44105452674897,17.0,0.0692779501245241,1,31.04320601851852,2.70537037037037,2.0,train
8440ebc9a2a4aaa712d4064c35e52995,ea8482cd71df3c1969d7b9473ff13abc,2017-12-05 21:30:15,2018-01-03,telephony,MG,SP,sao joao nepomuceno,sao paulo,16.99,15.1,1,436.4509101950248,28.10399305555556,0.0223880597014925,0.9776119402985076,9.565391013681593,153.0,0.0470718100581058,0,5.885150462962963,-22.218842592592598,1.0,train
93fe3d332271d38d6974bec644168f57,a1043bafd471dff536d0c462352beb48,2017-09-30 19:56:40,2017-10-25,garden_tools,MG,MG,januaria,ilicinea,99.0,22.83,1,625.7503425760381,24.16898148148148,0.0375,0.9625,13.054800925925926,21.0,0.0134668542174181,0,6.111226851851852,-18.05775462962963,5.0,train
b79ad0abdee66423cbdc69a208d69a68,7d76b645482be4a332374e8223836592,2017-11-05 20:07:15,2017-11-24,telephony,SP,SP,sao joao da boa vista,sao paulo,28.9,11.85,1,176.58582056787077,18.161631944444444,0.0217391304347826,0.9782608695652174,9.32467617753623,21.0,0.0178223953187754,0,8.202222222222222,-9.959409722222222,5.0,train
c8b73d9b612b087c59a7ef061b1f9e7b,d2374cbcbb3ca4ab1086534108cc3ab7,2017-07-26 12:25:40,2017-08-23,bed_bath_table,RS,SP,gravatai,ibitinga,24.9,15.1,1,935.2759261690654,27.48217592592593,0.0072992700729927,0.9927007299270072,15.504988341443632,46.0,0.0329304461290336,0,26.329050925925927,-1.153125,5.0,train
b69baf52ffd3819be034752ff929ec1e,2be17df1c49978426251562096c3cc09,2017-04-17 22:53:43,2017-05-10,fashion_bags_accessories,PR,SC,iguatu,tubarao,137.9,15.14,1,582.3545353290579,22.04603009259259,0.2,0.8,13.137472222222224,1.0,0.076793293886143,0,9.300173611111113,-12.745856481481482,5.0,train
e114923f818130cb74183d70a5d22371,01fdefa7697d26ad920e9e0346d4bd1b,2018-01-17 06:39:49,2018-02-16,health_beauty,MG,PR,barbacena,londrina,118.9,20.07,1,798.839474157982,29.72234953703704,0.0298507462686567,0.9701492537313432,10.565671296296298,10.0,0.032775421853801,0,14.73607638888889,-14.986273148148149,5.0,validation
26de0ad903879b7f28b74d5f60426198,e9779976487b77c6d4ac45f75ec7afe9,2017-03-01 09:25:31,2017-03-30,health_beauty,BA,SP,salvador,praia grande,29.0,20.8,1,1494.7401702474542,28.607280092592596,0.003647733194372,0.996352266805628,13.67062263856079,0.0,0.0989322527740049,0,10.951747685185186,-17.655532407407406,5.0,train
9dd2fd0bc65b8d4b92ff4ab91cab5b28,d94a40fd42351c259927028d163af842,2017-12-13 19:20:31,2018-01-11,housewares,SP,MG,sao paulo,baependi,129.0,21.39,1,268.1564558692108,28.19408564814815,0.0,1.0,10.447445175438595,16.0,0.0296868659838797,0,26.768067129629628,-1.4260185185185186,5.0,train
ca7e19e74d65b16d67b264b37172cb1a,8b321bb669392f5163d04c59e235e066,2018-05-11 14:48:08,2018-06-01,electronics,SP,SP,tatui,sao paulo,14.4,12.79,1,127.43433274284791,20.383240740740742,0.1191780821917808,0.8808219178082192,13.233730244799592,93.0,0.1132775533994931,0,11.392233796296296,-8.991006944444445,4.0,test
ca3a17e05aaef4739aa16cc63be8a117,01fdefa7697d26ad920e9e0346d4bd1b,2017-08-01 23:30:24,2017-08-21,health_beauty,PR,PR,curitiba,londrina,439.0,33.41,1,306.03246913270107,19.02055555555556,0.0,1.0,9.801164215686276,9.0,0.0232001822448658,0,2.8773032407407406,-16.143252314814816,4.0,train
e6f4dcae8f74d19df7183854d1276023,fe2032dab1a61af8794248c8196565c9,2017-06-19 13:32:38,2017-06-30,perfumery,SP,SP,sao paulo,campinas,139.9,9.17,1,90.92897563675568,10.435671296296295,0.0,1.0,8.275153801638176,42.0,0.0460830357407548,0,2.14193287037037,-8.293738425925927,5.0,train
a62e5e820da4b79811ca945d941fff8b,d650b663c3b5f6fb392b6326366efa9a,2018-05-02 21:13:29,2018-05-16,watches_gifts,SP,SP,maua,cotia,269.0,8.75,1,40.43299856917641,13.115636574074074,0.1153846153846153,0.8846153846153846,11.3672792022792,11.0,0.1259766149135742,0,2.91,-10.205636574074074,5.0,test
1c790cabe9e75245d8ecda194566be2f,6039e27294dc75811c0d8a39069f52c0,2017-02-27 16:01:28,2017-03-20,market_place,SP,SP,sao paulo,osasco,359.8,37.1,2,13.180157792893391,20.33231481481481,0.0031578947368421,0.996842105263158,13.635218046810303,0.0,0.0509549090103873,0,6.961689814814815,-13.370625,5.0,train
ca4eb4e29e846ee17d6d1b96b28acabc,7722b1df1b0e383e000397b2c11e3e19,2018-02-28 18:33:55,2018-03-13,housewares,SP,SP,sao paulo,sao bernardo do campo,35.9,9.34,1,14.445537642944007,12.22644675925926,0.0306122448979591,0.9693877551020408,8.55273230820106,4.0,0.0614630110465388,0,5.03125,-7.195196759259259,1.0,validation
b69246cbe19ece82f41f3343cb25999c,cc419e0650a3c5ba77189a1882b7556a,2017-11-05 13:52:08,2017-11-23,health_beauty,SP,SP,sao paulo,santo andre,23.99,7.78,1,28.88628337854115,17.42212962962963,0.0246433203631647,0.9753566796368353,10.356098110918955,117.0,0.022622990834055,0,3.115833333333333,-14.306296296296296,3.0,train
184cb3de27ca20b3641aeb65c7c429b6,f45122a9ab94eb4f3f8953578bc0c560,2018-01-31 01:00:56,2018-03-08,baby,MT,SP,castanheira,piracicaba,59.99,17.99,1,1736.7686969229114,35.957685185185184,0.0652173913043478,0.9347826086956522,12.413269592055824,16.0,0.0912366629286988,0,22.765208333333334,-13.192476851851852,5.0,validation
57e0ef9b41be8a4b90a17f09290d6d47,25e6ffe976bd75618accfe16cefcbd0d,2018-01-10 10:03:06,2018-02-06,toys,MA,SP,imperatriz,sao paulo,285.97,35.8,1,2008.039115754124,26.581180555555555,0.0632911392405063,0.9367088607594936,10.196460091420532,9.0,0.156520033537521,0,14.408912037037036,-12.172268518518518,5.0,validation
66f943fd426ac8716ef6b6b97ace8bd8,d91fb3b7d041e83b64a00a3edfb37e4f,2018-04-19 08:26:03,2018-05-09,home_appliances,DF,SP,brasilia,praia grande,52.0,22.94,1,924.2868331851196,19.648576388888888,0.0386100386100386,0.9613899613899614,12.12235597204348,78.0,0.1334411532731334,0,15.475729166666667,-4.172847222222222,4.0,test
36b99cb18912a8b79b8b49685d71503a,16090f2ca825584b5a147ab24aa30c86,2018-05-14 19:26:30,2018-06-01,food,MG,SP,itabira,atibaia,27.9,12.94,1,518.6128644251697,17.189930555555556,0.0970873786407767,0.9029126213592232,10.910573534699752,58.0,0.1241206696898028,0,6.80912037037037,-10.380810185185185,3.0,test
37eba161f3994d1eec4b755ba3565003,440dd6ab244315c632130ecfb63827b1,2018-02-06 13:07:55,2018-03-06,sports_leisure,MG,SP,betim,votuporanga,170.0,18.44,1,605.488478786312,27.45283564814815,0.0327868852459016,0.9672131147540984,14.503857581967212,3.0,0.0473330738960617,0,16.394305555555555,-11.058530092592592,5.0,validation
bec23d0357e57ab1fccb9e62aafc0147,4869f7a5dfa277a7dca6462dcf3b52b2,2018-03-21 21:51:20,2018-04-09,watches_gifts,SP,SP,sao paulo,guariba,151.9,17.97,1,304.13867411684123,18.08935185185185,0.1027522935779816,0.8972477064220183,15.583264271151885,128.0,0.1611501647150545,0,7.837337962962963,-10.25201388888889,5.0,validation
ee85f19387464b0c9f70dfb6f5005a18,6560211a19b47992c3666cc44a7e94c0,2017-08-14 06:48:13,2017-08-25,watches_gifts,SP,SP,mogi das cruzes,sao paulo,58.0,15.56,2,52.72238409729761,10.716516203703703,0.0348432055749128,0.9651567944250872,9.50131916214996,80.0,0.0302165873359797,0,2.3644328703703703,-8.352083333333333,5.0,train
4048b8311e92aa983ee72f0b5f1e8ce5,116ccb1a1604bc88e4d234a8c23f33de,2017-12-13 17:39:57,2018-01-12,auto,BA,SP,feira de santana,sao bernardo do campo,16.0,16.79,1,1508.412931958865,29.26392361111111,0.0,1.0,6.067955246913581,12.0,0.1075931644056354,0,21.870439814814816,-7.393483796296296,4.0,train
99b76e435a17f555aaa82df563fff797,aafe36600ce604f205b86b5084d3d767,2017-08-28 09:18:28,2017-09-19,baby,PI,SC,teresina,sao jose,59.9,27.27,1,2573.119180891679,21.612175925925925,0.0,1.0,11.15283399470899,10.0,0.0785874180615816,0,21.53693287037037,-0.0752430555555555,4.0,train
7e7aa7dd23657ca98b6b94fa4ad4c576,f1ed6bd0a9b11b581f16c851c6a5a527,2017-08-22 20:12:47,2017-09-25,perfumery,RJ,RS,volta redonda,porto alegre,54.47,26.92,1,1093.408592989686,33.157789351851854,0.0,1.0,18.655743634259256,1.0,0.0426012424692211,0,28.83767361111111,-4.320115740740741,4.0,train
73e6a8e83085aff9674ff4cf65247118,f45122a9ab94eb4f3f8953578bc0c560,2017-05-01 16:56:37,2017-05-23,baby,SP,SP,sao paulo,piracicaba,59.99,13.0,1,137.80450817594632,21.294016203703706,0.0689655172413793,0.9310344827586208,12.236144636015329,12.0,0.0432292732875773,0,14.214050925925926,-7.079965277777778,4.0,train
f8332e57ea462615c306d9c51333b744,0bae85eb84b9fb3bd773911e89288d54,2017-11-29 16:42:47,2017-12-22,housewares,SP,SP,botucatu,itajai,86.36,17.85,1,447.59384845381385,22.303622685185186,0.0,1.0,9.293015260631002,12.0,0.0532309348449922,0,13.349479166666669,-8.954143518518519,3.0,train
479715da59efdc67c1722f985a94d18c,85d9eb9ddc5d00ca9336a2219c97bb13,2017-09-03 23:44:26,2017-09-22,computers_accessories,RJ,MG,nova iguacu,belo horizonte,27.9,14.1,1,324.4290131245379,18.010810185185186,0.0213903743315508,0.9786096256684492,11.614690594672211,22.0,0.0421791767180779,0,7.721388888888889,-10.289421296296297,5.0,train
1d63bc71f05d7d540663b4314f166b92,85d9eb9ddc5d00ca9336a2219c97bb13,2018-04-20 12:24:23,2018-05-18,computers_accessories,SP,MG,sao paulo,belo horizonte,31.9,15.23,1,487.3058403913958,27.483067129629628,0.0357142857142857,0.9642857142857144,14.863896392958887,9.0,0.094225630181175,0,10.038483796296296,-17.444583333333334,4.0,test
ea3925cbd40537018367b46fe65ee75c,da8622b14eb17ae2831f4ac5b9dab84a,2018-05-22 10:26:33,2018-05-30,health_beauty,SP,SP,sao paulo,piracicaba,59.8,16.35,2,140.48682231583317,7.564895833333333,0.0750950570342205,0.9249049429657794,11.908241103805798,99.0,0.1563175984723844,0,3.3014930555555555,-4.263402777777777,5.0,test
2ed33375a2cee6fc56528d1753af71de,d1c7fa84e48cfa21a0e595167c1c500e,2018-06-19 05:18:25,2018-08-01,garden_tools,RJ,RS,rio de janeiro,jacutinga,169.0,23.11,1,1056.9552730285195,42.778877314814814,0.0,1.0,13.214551917989416,0.0,0.0950840421710153,0,16.51818287037037,-26.260694444444443,5.0,test
1388a23b57206bf7673819fd3a30d4de,06a2c3af7b3aee5d69171b0e14f0ee87,2018-06-11 11:06:11,2018-07-16,health_beauty,MG,MA,belo horizonte,sao luis,66.99,22.97,1,1942.5822563990528,34.53737268518518,0.2876712328767123,0.7123287671232876,20.765915858066972,43.0,0.1585252175877064,0,10.267881944444444,-24.26949074074074,5.0,test
27a7ac440630f9de788e4d66e72c6424,9de4643a8dbde634fe55621059d92273,2017-04-21 21:38:07,2017-05-15,housewares,RS,SC,santa cruz do sul,joinville,169.99,16.4,1,526.637209931716,23.098530092592597,0.0,1.0,12.47519097222222,4.0,0.0458811097105656,0,10.719756944444445,-12.378773148148149,4.0,train
b40456ac26df93f73f7cac7e9d87de5a,cac4c8e7b1ca6252d8f20b2fc1a2e4af,2017-07-02 19:26:25,2017-08-01,furniture_decor,MG,SP,papagaios,indaiatuba,59.99,25.26,1,483.8466133848726,29.189988425925925,0.1428571428571428,0.8571428571428572,16.994065806878307,3.0,0.0281146781648864,0,11.986863425925923,-17.203125,4.0,train
c6ee046b85d59deed2e71242e970d437,c6bda72e4dbf5c5866b13cb1810c6d03,2018-02-18 22:03:31,2018-03-06,baby,SP,SP,araras,sao paulo,109.9,9.58,1,155.22455234338503,15.080891203703704,0.03125,0.96875,10.504492549189814,12.0,0.0528857120693086,0,6.641064814814815,-8.43982638888889,5.0,validation
fe489200f721ffaeee9f708dae591569,3b872fd4747f01cc56206f2934198618,2018-01-19 21:59:11,2018-02-16,bed_bath_table,RJ,SP,quatis,ibitinga,99.99,49.23,1,476.25854336649377,27.08390046296296,0.0,1.0,17.07236111111111,0.0,0.1689299734603234,0,17.91951388888889,-9.164386574074074,5.0,validation
d318b798f415b925411c4b1158c2ca9a,640e21a7d01df7614a3b4923e990d40c,2018-06-13 19:05:30,2018-07-04,bed_bath_table,SP,SP,sao paulo,ibitinga,62.0,14.74,1,290.7397380780315,20.20451388888889,0.0277777777777777,0.9722222222222222,10.620203832304528,14.0,0.0962390998127356,0,6.986261574074074,-13.218252314814816,4.0,test
42746b2bd175a9a00d415b3bb3393067,e9779976487b77c6d4ac45f75ec7afe9,2018-06-08 13:58:30,2018-07-04,drinks,PR,SP,maringa,praia grande,29.49,19.32,1,566.1327709896578,25.417708333333334,0.0805084745762711,0.9194915254237288,10.751871003021035,58.0,0.0948805292068351,0,10.312407407407408,-15.105300925925926,5.0,test
0cc14454cb400b7b154e0a45ffd5c2f9,31da954dc0855f2495c6310f70a2f931,2017-12-17 17:24:50,2018-01-05,health_beauty,SP,SP,franco da rocha,araras,49.0,8.11,1,127.31243623959035,18.274421296296296,0.0,1.0,6.613433641975309,3.0,0.0108510650524189,0,2.9186921296296298,-15.355729166666666,3.0,train
1f1c7f4a61de956eb59c80c6d1f73a2a,b8bc237ba3788b23da09c0f1f3a3288c,2018-05-09 00:09:44,2018-05-28,housewares,PR,SC,curitiba,itajai,320.99,22.71,1,174.87172037185888,18.99324074074074,0.0285714285714285,0.9714285714285714,12.049007605820108,11.0,0.1016700377063946,0,6.4627083333333335,-12.530532407407408,4.0,test
4bd17c85bd06ed500f1619f6692ea8af,1900267e848ceeba8fa32d80c1a5f5a8,2018-07-20 17:46:35,2018-08-03,bed_bath_table,SP,SP,sao paulo,ibitinga,38.0,13.85,1,313.9023777766017,13.259317129629627,0.113564668769716,0.886435331230284,14.393975858745174,18.0,0.1319847104075598,0,11.121840277777778,-2.137476851851852,1.0,test
ff8fa4002efe1dc72ea0343487e7b6c6,1835b56ce799e6a4dc4eddc053f04066,2018-01-29 20:17:19,2018-02-20,bed_bath_table,SP,SP,sao paulo,ibitinga,34.99,11.85,1,296.442315923468,21.154641203703704,0.1232876712328767,0.8767123287671232,14.237794108320644,44.0,0.0796338155425641,0,7.11863425925926,-14.036006944444445,5.0,validation
ec1ddc5ed60d1e3c7a4e0635c316aed3,8b9d6eec4a7eb7d0f9d579ce0b38324d,2018-08-08 11:27:26,2018-08-14,furniture_living_room,RJ,RJ,itaguai,mesquita,99.0,18.27,1,37.48449207196932,5.522615740740741,0.03125,0.96875,9.54363787615741,23.0,0.1393722784520632,1,6.119039351851852,0.5964236111111111,4.0,test
b779a9b1774b12944ab77d39b831f151,fe87f472055fbcf1d7e691c00b1560dc,2018-08-19 20:53:28,2018-08-24,housewares,SP,SP,santos,campinas,64.9,9.2,1,154.72596160120997,4.1295370370370375,0.0,1.0,2.964027777777778,0.0,0.1400482202074948,1,15.191168981481482,11.061631944444445,3.0,test
aa8315492e537030e29f1bc252d26cb1,e26901d5ab434ce92fd9b5c256820a4e,2017-02-16 13:37:14,2017-03-20,garden_tools,SP,SP,jundiai,maua,39.9,10.96,1,75.61267501229318,31.43247685185185,0.0,1.0,8.980150462962962,4.0,0.010168820913887,0,8.68923611111111,-22.74324074074074,3.0,train
928c456c589166bf1f6a77a4ec6a8165,50c9975695009e5e6473912e83a6d1da,2018-01-26 12:27:45,2018-02-22,sports_leisure,SP,MG,jacarei,claudio,37.8,33.71,1,344.52694369880385,26.480729166666663,0.1142857142857142,0.8857142857142857,15.752545634920637,3.0,0.0894501378784761,0,11.375833333333333,-15.104895833333334,4.0,validation
69461f29dab0cf81b5f953ae062a767c,cc419e0650a3c5ba77189a1882b7556a,2017-07-14 17:35:06,2017-08-01,health_beauty,SP,SP,sao paulo,santo andre,19.99,7.78,1,18.50839414698191,17.267291666666665,0.0141843971631205,0.9858156028368794,10.946597304307844,95.0,0.0081583669477265,0,5.994340277777778,-11.272951388888888,4.0,train
157ce7659b9b7262b5f2676b198356eb,fa40cc5b934574b62717c68f3d678b6d,2017-10-29 10:05:43,2017-11-10,toys,SP,SP,sao jose dos campos,sao paulo,49.9,7.78,1,77.00531673023066,11.579363425925926,0.0355329949238578,0.964467005076142,10.374113848937773,18.0,0.0416205542223479,0,2.345254629629629,-9.234108796296296,5.0,train
ba4ddff2b9082f079de9a84d7a5605fd,a416b6a846a11724393025641d4edd5e,2018-01-18 09:30:54,2018-02-02,health_beauty,SP,SP,sao paulo,sao paulo,52.39,13.08,1,25.51972304627503,14.603541666666668,0.1204819277108433,0.8795180722891567,13.816022562472108,2.0,0.0965694676453648,0,2.3512731481481484,-12.252268518518518,5.0,validation
0c7c52a4d8b572ef9b01e3cdd38288e6,f214d28e8d8e3ef068748498ccc2f813,2018-06-28 18:52:47,2018-07-23,fashion_bags_accessories,PR,SP,piraquara,sao paulo,69.98,30.7,2,340.42039930888694,24.213344907407407,0.0952380952380952,0.9047619047619048,11.031534391534386,10.0,0.1035065416199565,0,11.141597222222222,-13.071747685185183,4.0,test
0711b9c575a5235790c3f863179c3267,955fee9216a65b617aa5c0531780ce60,2018-06-01 08:21:03,2018-07-12,housewares,MG,SP,sao joao nepomuceno,sao paulo,390.0,70.47,3,448.231361715326,40.65204861111111,0.0717213114754098,0.9282786885245902,10.965629020093347,180.0,0.1230662678594337,0,11.658125,-28.99392361111111,1.0,test
1588b79ef6078fb4a06549ed42ae7fd3,725c32fa80c2faacc4fc88450d27314e,2017-09-16 10:33:11,2017-10-10,toys,PR,SP,marmeleiro,sao paulo,44.95,15.1,1,713.4625217754884,23.560289351851853,0.0333333333333333,0.9666666666666668,9.147402006172838,4.0,0.0138397729443987,0,11.343622685185183,-12.216666666666669,5.0,train
204d4d908a640f0b6f4f0d306dc97fab,cc419e0650a3c5ba77189a1882b7556a,2017-07-14 20:06:12,2017-08-07,perfumery,SP,SP,tupa,santo andre,84.99,12.09,1,450.530378219899,23.16236111111111,0.0141342756183745,0.9858657243816256,10.922980262727382,95.0,0.0096140553504571,0,7.084293981481482,-16.07806712962963,5.0,train
d07f143b702491d2a1cd6ed093f2cdee,0241d4d5d36f10f80c644447315af0bd,2018-02-11 17:27:31,2018-03-13,furniture_decor,MG,PR,tres coracoes,curitiba,99.9,23.57,1,588.5463207268815,29.27255787037037,0.0425531914893617,0.9574468085106383,12.3381865642238,22.0,0.0425595879212666,0,11.91792824074074,-17.35462962962963,4.0,validation
a7a401ab772a43f6b5467c96c0d8466f,5656537e588803a555b8eb41f07a944b,2017-06-15 11:06:14,2017-07-17,telephony,RJ,DF,rio de janeiro,brasilia,41.78,31.58,2,935.979804114599,31.53733796296296,0.0,1.0,7.690671296296297,4.0,0.0325507494033004,0,7.194421296296296,-24.342916666666667,4.0,train
e398683c47bda1cf86be8772a50b4579,955fee9216a65b617aa5c0531780ce60,2017-11-24 00:35:38,2017-12-08,sports_leisure,SP,SP,sao paulo,sao paulo,49.99,8.72,1,7.535748558347848,13.97525462962963,0.0,1.0,8.197473636831274,36.0,0.1083101445100246,1,20.90775462962963,6.9325,3.0,train
1477de0726169d2ad17e417783d332e7,643214e62b870443ccbe55ab29a4dccf,2018-01-08 11:30:09,2018-02-05,fashion_bags_accessories,PE,SP,camaragibe,sao paulo,23.99,17.63,1,2119.0312861484717,27.520729166666666,0.0,1.0,7.778348992374727,5.0,0.1219312264930126,0,13.31857638888889,-14.202152777777778,4.0,validation
0e8a50eedd19fc32a3537ab8ea559f33,ebd2d60905fb58271facef5596b620d3,2017-04-07 00:52:06,2017-05-03,health_beauty,MG,SP,belo horizonte,lencois paulista,169.9,22.66,1,583.1104852547342,25.963819444444443,0.0,1.0,9.990317841880342,8.0,0.0188672697605423,0,10.741469907407408,-15.222349537037037,1.0,train
baaa695d9615743d39f6a5843ee0a4b6,33576ec5412fb5905d876f12f33bfde6,2018-06-03 23:09:33,2018-07-23,fashion_bags_accessories,SP,PR,santo andre,curitiba,89.0,15.5,1,338.6262653543014,49.03503472222222,0.0344827586206896,0.9655172413793104,14.64008421136654,2.0,0.0563977110093069,0,16.668576388888887,-32.366458333333334,4.0,test
37e1410b5454961bcf08c55ba72613e7,7a67c85e85bb2ce8582c35f2203ad736,2017-06-05 13:54:42,2017-06-28,cool_stuff,RJ,SP,sao goncalo,sao paulo,59.99,16.67,1,366.09617079186097,22.420347222222222,0.0512820512820512,0.9487179487179488,10.364705009496674,131.0,0.0215928541355783,0,8.139976851851852,-14.28037037037037,5.0,train
d57ee317a5cd7f23d06b203ebdc2621f,1f50f920176fa81dab994f9023523100,2017-10-29 23:07:30,2017-11-17,garden_tools,SP,SP,campinas,sao jose do rio preto,59.9,13.44,1,333.89184295079224,18.03645833333333,0.023598820058997,0.976401179941003,13.785153296733318,94.0,0.0451980703814983,0,10.935023148148147,-7.101435185185185,5.0,train
1db212a53e1922f5a77f524426250b8b,da8622b14eb17ae2831f4ac5b9dab84a,2018-04-19 19:41:46,2018-05-18,bed_bath_table,PR,SP,marechal candido rondon,piracicaba,149.9,23.63,1,682.8193502098454,28.179328703703703,0.0696409140369967,0.9303590859630032,11.900940913029448,114.0,0.1346580253353627,0,14.271458333333332,-13.90787037037037,5.0,test
df3960b25c473ba593162240539f09cf,9646c3513289980f17226a2fc4720dbd,2017-04-11 16:05:15,2017-05-04,computers_accessories,SP,SP,sao jose dos campos,sao jose dos campos,29.9,10.96,1,4.647065385586361,22.3296875,0.0,1.0,10.6672123015873,12.0,0.0400017192620199,0,6.885625,-15.4440625,5.0,train
0aa31b21d8142ae99420dec2c667e869,955fee9216a65b617aa5c0531780ce60,2018-03-14 12:19:11,2018-04-02,health_beauty,SP,SP,catanduva,sao paulo,120.0,18.92,1,368.7292447097409,18.48667824074074,0.041407867494824,0.958592132505176,10.64464949486235,126.0,0.1114923884133917,0,8.415532407407408,-10.071145833333333,5.0,validation
671368711001bb0c49c6d8c1ec82cde3,16090f2ca825584b5a147ab24aa30c86,2018-07-29 11:59:53,2018-08-09,auto,SP,SP,piraju,atibaia,59.49,13.08,1,289.4631574433008,10.500081018518518,0.073394495412844,0.926605504587156,9.446997855079855,56.0,0.1265891192877956,0,4.286469907407407,-6.213611111111111,5.0,test
f789a918deafa2b5038816382156c930,6edacfd9f9074789dad6d62ba7950b9c,2017-06-30 11:58:27,2017-07-24,housewares,MG,SP,muriae,guarulhos,31.9,16.11,1,496.9082024643247,23.50107638888889,0.0161290322580645,0.9838709677419356,7.332606033452808,22.0,0.0046265221200433,0,10.26142361111111,-13.239652777777778,5.0,train
26be48cb41c2beb9e712f1563fefac0a,1e8b33f18b4f7598d87f5cbee2282cc2,2018-05-11 16:07:14,2018-06-11,bed_bath_table,RJ,SP,rio de janeiro,sao paulo,217.98,36.68,2,349.3970922466219,30.328310185185185,0.028169014084507,0.971830985915493,8.094776017214398,22.0,0.121546380670345,0,5.917719907407408,-24.41059027777778,1.0,test
6267698d4c51c2ba30ffcea3adb00e95,da8622b14eb17ae2831f4ac5b9dab84a,2017-03-30 16:07:31,2017-04-25,bed_bath_table,SC,SP,florianopolis,piracicaba,24.9,14.52,1,536.8442925896286,25.328113425925928,0.0,1.0,13.441993772045857,33.0,0.1005865579393465,0,20.715300925925927,-4.6128125,4.0,train
35b0513eaf7a477cdb93469b7b4a3d6c,7040e82f899a04d1b434b795a43b4617,2018-04-18 14:26:43,2018-05-11,housewares,PI,SP,teresina,sao paulo,339.8,55.48,2,2095.200088349012,22.398113425925924,0.1290322580645161,0.8709677419354839,11.846685521206693,12.0,0.2222456181479264,0,12.127060185185185,-10.27105324074074,1.0,test
c53752e8e385c6e3148ba930288daf49,99002261c568a84cce14d43fcffb43ea,2018-04-15 08:45:56,2018-05-11,baby,MG,MT,belo horizonte,cuiaba,120.0,27.39,1,1360.6256528444978,25.63476851851852,0.0714285714285714,0.9285714285714286,17.305319113756614,8.0,0.1560228338137763,0,12.512650462962965,-13.122118055555555,5.0,test
d8893f2dcbccd15e2dd6d29ef69636ae,542917da124346b47ea1ac79a93ce454,2017-07-19 20:35:27,2017-08-01,health_beauty,PR,PR,colombo,curitiba,30.0,8.11,1,6.39906229660526,12.142048611111113,0.0,1.0,12.833763503086416,5.0,0.0864541821391295,0,1.984976851851852,-10.15707175925926,5.0,train
c36bc89cd9897bf2c8a62efef58f3181,33a6f4b1e7cdc205511e76ba1b6e0186,2018-01-29 13:24:42,2018-02-16,bed_bath_table,SP,SP,jaguariuna,guarulhos,159.98,17.5,2,93.12413835187606,17.441180555555555,0.0596323419518756,0.9403676580481244,13.18175455598504,2.0,0.0934328338578678,0,3.245185185185185,-14.19599537037037,5.0,validation
39a0eaa2a980c810beaf68d76e52fa96,7ddcbb64b5bc1ef36ca8c151f6ec77df,2018-03-07 17:53:30,2018-03-23,cool_stuff,SP,SP,avanhandava,sao paulo,179.99,18.17,1,417.3230336168307,15.254513888888887,0.0685920577617328,0.9314079422382672,12.11916992579222,19.0,0.0867241878766183,0,7.0384375,-8.216076388888888,4.0,validation
8307cd7e144f9c61c639d115ee673bd3,0adac9fbd9a2b63cccaac4f8756c1ca8,2017-05-24 16:10:03,2017-06-16,housewares,RJ,SP,rio de janeiro,louveira,109.9,16.53,1,367.16383529825606,22.32635416666667,0.0,1.0,11.357424463937624,7.0,0.0164009568676825,0,11.902731481481482,-10.423622685185183,5.0,train
2d5f1dc93c565d00ce25e43b11b48596,751bdc4d83a466c7206cd42e8f426b03,2017-05-18 11:36:28,2017-05-31,sports_leisure,SP,SP,sao paulo,ribeirao pires,79.99,7.81,1,19.88916297376689,12.516342592592592,0.0366641809594829,0.963335819040517,13.41406494883041,0.0,0.1375697272812469,1,41.12039351851852,28.604050925925925,,train
0849ccbfff0e8fd7168be6a62ca74a0d,7d13fca15225358621be4086e1eb0964,2018-05-08 14:38:21,2018-05-30,watches_gifts,RJ,SP,cordeiro,ribeirao preto,99.9,0.0,1,572.1312986129827,21.39003472222222,0.1798941798941798,0.8201058201058201,18.24318660591809,201.0,0.2140053284872693,0,8.030868055555555,-13.359166666666669,4.0,test
d26bc24224fef3d3b81a759802c26434,002100f778ceb8431b7a1020ff7ab48f,2017-10-22 18:07:06,2017-11-09,furniture_decor,SP,SP,araras,franca,17.9,11.85,1,201.0077272639233,17.245069444444443,0.0,1.0,8.77471064814815,5.0,0.0323432223829938,0,12.107974537037038,-5.137094907407407,5.0,train
7ea99d68cb579648ac731e90414707f0,4a3ca9315b744ce9f8e9374361493884,2017-06-17 13:09:55,2017-07-13,bed_bath_table,RS,SP,osorio,ibitinga,69.9,16.25,1,916.0874376207444,25.45144675925926,0.0383275261324041,0.9616724738675958,12.630535794941284,110.0,0.0248711043166461,0,12.989513888888888,-12.46193287037037,5.0,train
e9cab75516e866c8b7aba5ab87a7024b,ea8482cd71df3c1969d7b9473ff13abc,2017-08-22 13:54:36,2017-09-18,telephony,RS,SP,porto alegre,sao paulo,17.99,14.1,1,847.090105047684,26.420416666666668,0.0360891370663357,0.9639108629336642,12.34100643320848,5.0,0.0436225690496543,0,17.081863425925928,-9.33855324074074,5.0,train
a70ff61f0d853a260f33d7a6cda42e8e,d93844a9c55ba7ce353388bcf849ea56,2017-11-01 14:10:32,2017-12-12,furniture_decor,PA,PR,conceicao do araguaia,curitiba,179.9,99.34,1,1906.524543445552,40.40935185185185,0.1111111111111111,0.8888888888888888,16.026557355967082,1.0,0.085938888169098,0,29.304421296296297,-11.104930555555557,5.0,train
d207cc272675637bfed0062edffd0818,cca3071e3e9bb7d12640c9fbe2301306,2016-10-03 22:06:03,2016-11-23,furniture_decor,SP,SP,hortolandia,ibitinga,119.9,13.56,1,212.0148652277309,50.07913194444444,0.0228215767634854,0.9771784232365144,33.15550347222222,0.0,0.0584999180757919,0,27.5428125,-22.536319444444445,1.0,train
673f22f1a5f0f4bc22143d42b7c60fbb,04aba03279157f6d4e0fe8ccaf21963c,2017-10-21 17:23:00,2017-11-09,health_beauty,RJ,RJ,rio de janeiro,santo antonio de padua,118.0,14.42,1,181.95892750839823,18.275694444444444,0.0,1.0,7.8613541666666675,0.0,0.0491256300279257,0,4.027893518518519,-14.247800925925926,4.0,train
a9029e5bd9332bbe973f3680152fb397,87142160b41353c4e5fca2360caf6f92,2018-08-14 15:32:22,2018-08-22,computers_accessories,RS,RS,santiago,porto alegre,85.0,15.67,1,366.0356773602499,7.352523148148149,0.0477815699658703,0.9522184300341296,11.047540845025914,21.0,0.1448963716555912,1,10.954351851851852,3.601828703703704,4.0,test
5925c7ecb7ba1b4c276101af9718cdb3,d2374cbcbb3ca4ab1086534108cc3ab7,2017-03-31 12:51:56,2017-05-16,bed_bath_table,GO,SP,aguas lindas de goias,ibitinga,42.9,17.78,1,683.0093529660526,45.46393518518519,0.0,1.0,12.246565586419752,26.0,0.0244651541726433,0,13.023726851851851,-32.44020833333333,5.0,train
5fdc1bf5ee308d53a4d93be57828c888,4aba391bc3b88717ce08eb11e44937b2,2017-02-13 20:21:07,2017-03-20,sports_leisure,RJ,BA,rio de janeiro,arraial d'ajuda (porto seguro),279.0,19.38,1,857.2549870675177,34.152002314814816,0.0,1.0,10.768929398148147,2.0,0.0309728454777942,0,4.002094907407408,-30.149907407407408,5.0,train
0a461e390d6d2280c86fa9a76b3a0e68,93dc87703c046b603023e75222018b45,2018-06-08 19:14:02,2018-07-27,watches_gifts,RS,MG,porto alegre,belo horizonte,179.0,20.22,1,1337.0911397680215,48.19858796296296,0.08,0.92,16.331869444444443,8.0,0.0937411376393667,0,17.95454861111111,-30.244039351851853,4.0,test
2b745ccd6f667dcd824b9ab05352b0dc,3b15288545f8928d3e65a8f949a28291,2017-09-02 22:37:02,2017-09-26,bed_bath_table,RJ,SP,rio de janeiro,ibitinga,106.99,18.0,1,595.4536774062043,23.05761574074074,0.0,1.0,12.885155767746914,8.0,0.0282067147254238,0,11.015891203703704,-12.041724537037036,5.0,train
387d999316bb3a42822318138fb1b0e0,431af27f296bc6519d890aa5a05fdb11,2018-05-03 16:52:15,2018-05-24,health_beauty,SP,SP,conchal,ribeirao preto,135.9,10.53,1,137.79099460824776,20.297048611111112,0.1523809523809524,0.8476190476190476,16.990642636684306,5.0,0.118960516322553,0,6.22875,-14.06829861111111,5.0,test
d90f70746b61ed0bb476ddaae181afd8,09bad886111255c5b5030314fc7f1a4a,2018-08-25 01:54:44,2018-08-31,art,SP,SP,sao paulo,sao paulo,97.5,9.43,1,10.138878005894243,5.920324074074074,0.0,1.0,6.507609953703703,3.0,0.1347560770765836,0,4.436099537037037,-1.484224537037037,5.0,test
5fd4cc6625fe077304f6fd2ffd3681d9,e333046ce6517bd8bb510291d44f0130,2017-10-31 11:33:08,2017-11-16,housewares,SP,SP,taguai,ipaussu,35.0,13.37,1,49.75244736655468,15.518657407407408,0.0555555555555555,0.9444444444444444,9.475364583333333,2.0,0.0442062134349403,0,6.323252314814815,-9.195405092592592,5.0,train
f9e86e23af5d5243b44d1eebaacc32be,c31eff8334d6b3047ed34bebd4d62c36,2018-04-28 14:16:36,2018-05-11,art,SP,SP,sao paulo,salto,99.99,12.03,1,84.73424758570218,12.405138888888889,0.0571428571428571,0.9428571428571428,13.359371693121693,20.0,0.1399503698840813,0,6.293263888888889,-6.111875,5.0,test
722472fb65236469ae8a7934269a980f,001cca7ae9ae17fb1caed9dfb1094831,2017-07-19 21:31:19,2017-08-10,garden_tools,MG,ES,belo horizonte,cariacica,99.0,32.02,1,375.5096783123285,21.103252314814814,0.0256410256410256,0.9743589743589745,10.907854493114913,22.0,0.0186501634898052,0,11.837731481481482,-9.265520833333332,2.0,train
5060197f7c574e4528d505af5308c386,679769a98cfcc6da877c8486ff1c13f3,2018-06-28 12:47:58,2018-07-23,health_beauty,SP,MG,sao paulo,ipatinga,349.0,20.54,1,629.6579049745949,24.466689814814814,0.0,1.0,10.15169458061002,0.0,0.0762532471851556,0,4.625868055555555,-19.84082175925926,4.0,test
c5f2a2829db09bd21fbbb46215b74a2c,004c9cd9d87a3c30c522c48c4fc07416,2017-07-16 20:52:43,2017-08-18,bed_bath_table,BA,SP,salvador,ibitinga,143.99,23.88,1,1477.0499913709457,32.13005787037037,0.0408163265306122,0.9591836734693876,12.27880716175359,9.0,0.0415785818139291,0,18.914490740740742,-13.21556712962963,5.0,train
eb2eaefa4195b7025954852dd88844a1,7e1fb0a3ebfb01ffb3a7dae98bf3238d,2018-02-06 17:06:54,2018-03-02,health_beauty,SP,SP,itaquaquecetuba,franca,150.0,12.55,1,342.62582743096215,23.286875,0.0853658536585365,0.9146341463414634,13.951104194896116,23.0,0.0575012442402115,0,8.914479166666666,-14.372395833333334,4.0,validation
a700a71ce6a78eecc8bd76f967f63f2c,da8622b14eb17ae2831f4ac5b9dab84a,2017-12-03 13:07:59,2017-12-27,bed_bath_table,MG,SP,pouso alegre,piracicaba,199.8,27.44,2,194.0693287928869,23.45278935185185,0.0280898876404494,0.9719101123595506,11.264010676758229,115.0,0.0952384060688548,0,16.339618055555555,-7.113171296296296,4.0,train
93cae495607755570d9b4c0c2d0474e6,0241d4d5d36f10f80c644447315af0bd,2018-03-18 09:34:24,2018-04-12,furniture_decor,SP,PR,marilia,curitiba,99.9,26.78,1,366.1605207782777,24.601111111111116,0.04,0.96,12.702302777777774,24.0,0.0890762132914463,0,16.59113425925926,-8.009976851851851,5.0,validation
21733cca729d55bc70908258a2e90984,04aba03279157f6d4e0fe8ccaf21963c,2018-04-10 21:18:14,2018-05-07,health_beauty,RJ,RJ,belford roxo,santo antonio de padua,198.0,14.38,1,181.9687977636949,26.112337962962965,0.0,1.0,9.43483699845679,1.0,0.0770029471233136,0,9.822557870370373,-16.289780092592594,5.0,test
681b8fe190dea1a0fcb73637796862c5,c4fb51fb1c5b7c07bc5e67be6e7e8f6e,2018-02-02 20:29:04,2018-03-02,housewares,SP,PR,jundiai,curitiba,57.0,22.72,1,346.67461041424247,27.14648148148148,0.0909090909090909,0.9090909090909092,16.788999368686866,1.0,0.0700230252077041,1,31.01773148148148,3.87125,1.0,validation
7e6d0e5b8f1f04ddb5b183f33aec691e,1b1ae47a313a825a7ccceb8e2e30fa9d,2017-10-04 21:39:30,2017-11-01,toys,SC,PR,florianopolis,bocaiuva do sul,199.9,17.65,1,270.66730771477535,27.09756944444445,0.0374985213516817,0.9625014786483184,12.192951548306674,0.0,0.0444431058884566,0,5.814618055555556,-21.28295138888889,5.0,train
4f484a232ce76de5a28249a74faceffc,85d9eb9ddc5d00ca9336a2219c97bb13,2018-07-24 01:02:45,2018-08-10,computers_accessories,MG,MG,sarzedo,belo horizonte,22.32,7.74,1,27.173868247817985,16.956423611111113,0.0387243735763098,0.9612756264236902,14.972364433054924,37.0,0.0902489221133618,0,9.794930555555556,-7.161493055555556,5.0,test
fe6e968e3b98fa04e72cc16d58b9c498,de722cd6dad950a92b7d4f82673f8833,2018-08-08 18:23:18,2018-08-27,computers_accessories,MG,PE,jeceaba,recife,179.9,39.53,1,1687.543228179849,18.23381944444445,0.047923322683706,0.952076677316294,12.980188180392856,36.0,0.174030520710164,0,8.200497685185185,-10.03332175925926,5.0,test
0d370d75f8fb57f4a7a8c9fc64d2a855,f8db351d8c4c4c22c6835c19a46f01b0,2018-01-12 21:10:46,2018-02-09,garden_tools,RJ,SP,sao goncalo,salto,20.9,15.1,1,441.0997615889067,27.11752314814815,0.0404040404040404,0.9595959595959596,10.40640171974374,14.0,0.1144052599648377,1,37.93469907407408,10.817175925925929,1.0,validation
8864fa647f9775d125c8a17ec0e33789,3d871de0142ce09b7081e2b9d1733cb1,2018-04-13 16:58:34,2018-05-11,toys,ES,SP,serra,campo limpo paulista,69.9,19.46,1,751.7954513291431,27.29266203703704,0.0603644646924829,0.9396355353075172,14.058314944001518,43.0,0.1512081483157965,0,17.208680555555556,-10.083981481481482,1.0,test
afaa845a7a044d65051e77109d5b6ac2,6560211a19b47992c3666cc44a7e94c0,2018-08-04 04:46:48,2018-08-17,fashion_bags_accessories,MG,SP,nova serrana,sao paulo,69.0,18.58,1,458.0973437503436,12.800833333333332,0.057788944723618,0.942211055276382,9.913438379687806,204.0,0.1538139266715373,0,6.656898148148148,-6.143935185185185,5.0,test
a837f579a39778e37f946ab3a520a814,92eb0f42c21942b6552362b9b114707d,2017-05-03 18:50:08,2017-05-26,telephony,RJ,SP,rio de janeiro,sao paulo,17.89,14.11,1,301.7434855473916,22.215185185185184,0.0,1.0,10.43735626614987,36.0,0.0363418498990542,0,11.586006944444444,-10.62917824074074,5.0,train
12c860cdab62139623897892199fea4f,53243585a1d6dc2643021fd1853d8905,2018-04-17 08:43:25,2018-05-11,computers,RJ,BA,sao goncalo,lauro de freitas,849.99,34.21,1,1215.9163607907958,23.636516203703703,0.0355731225296442,0.9644268774703556,13.97130841933831,5.0,0.1771260697589096,0,21.40493055555556,-2.231585648148148,4.0,test
5751393707f2a02613754fb5d13c8925,17e34d8224d27a541263c4c64b11a56b,2017-05-17 22:26:06,2017-06-19,perfumery,BA,SP,ibirapua,riberao preto,122.99,18.43,1,894.1606048230751,32.06520833333333,0.0869565217391304,0.9130434782608696,14.179468095813204,14.0,0.048976709103785,0,13.310960648148148,-18.754247685185184,5.0,train
4ca7011605c977cd69c1e1706625e98b,6973a06f484aacf400ece213dbf3d946,2018-03-26 15:27:43,2018-04-09,computers_accessories,SP,SP,sao paulo,sao jose dos campos,83.49,7.93,1,80.2154403341938,13.355752314814817,0.2608695652173913,0.7391304347826086,18.47853235708535,13.0,0.1757881140123072,0,8.249131944444445,-5.10662037037037,4.0,validation
557e4ef52fd0e240cbb18bcee0cbaddd,85d9eb9ddc5d00ca9336a2219c97bb13,2017-11-27 16:33:31,2018-01-08,computers_accessories,RS,MG,passo fundo,belo horizonte,38.9,25.63,1,1266.3273246979008,41.31005787037037,0.0244897959183673,0.9755102040816328,11.921106245275883,41.0,0.0763757951127958,0,29.18957175925926,-12.120486111111113,4.0,train
6453f61ca0e3788daed375fb4ebadbde,e067ad2c1c0b48758eb1b5228bcf7a68,2017-12-03 16:05:43,2017-12-20,pet_shop,SP,SP,embu das artes,santos,47.9,9.27,1,63.664078392786976,16.329363425925926,0.1875,0.8125,19.37418475115741,1.0,0.0798485440378454,0,4.196770833333333,-12.132592592592593,5.0,train
a2d83fe753c66711172a6b99df1bafcd,dd7ddc04e1b6c2c614352b383efe2d36,2017-05-03 20:15:16,2017-05-30,pet_shop,DF,SP,brasilia,sao paulo,46.9,23.58,1,877.4476535118232,26.156064814814812,0.0282900906533291,0.9717099093466708,13.848496449434748,2.0,0.0411279719218032,0,12.58664351851852,-13.569421296296296,5.0,train
47f05ae89d6bcb551be15cba2f14352f,808d4348b916efa08e766ebad39f61eb,2018-07-07 19:45:17,2018-07-19,perfumery,SP,SP,praia grande,sao paulo,54.9,8.54,1,62.02785934367235,11.176886574074071,0.0814141100261739,0.918585889973826,13.118235259844004,0.0,0.1227021773507401,0,5.12050925925926,-6.056377314814815,5.0,test
2ae5260ce606b477a55abe5a13cd5cad,ff69aa92bb6b1bf9b8b7a51c2ed9cf8b,2017-12-11 19:39:39,2018-01-04,baby,SP,SP,pacaembu,sao paulo,1009.0,22.69,1,544.4405139729112,23.18079861111111,0.0,1.0,4.768958333333333,1.0,0.1031388272548293,0,7.971331018518518,-15.209467592592592,5.0,train
4b0c84473bd3be3ee00dba465265e79d,df560393f3a51e74553ab94004ba5c87,2018-02-14 13:34:53,2018-03-14,garden_tools,RS,PR,porto alegre,loanda,209.9,27.79,1,812.2830753076855,27.434108796296297,0.0476190476190476,0.9523809523809524,16.881006393298055,3.0,0.1260994625092219,0,13.26675925925926,-14.167349537037037,3.0,validation
236cf69a971925717236c958ba368c58,b4ffb71f0cb1b1c3d63fad021ecf93e1,2018-05-18 13:05:34,2018-06-13,auto,RJ,SP,volta redonda,sao paulo,20.4,18.23,1,269.2857436495919,25.454467592592597,0.0178571428571428,0.9821428571428572,10.540437644675922,13.0,0.1067565733422839,0,18.165694444444444,-7.288773148148148,3.0,test
3cfdba1b62960f88fd96c20a56989a95,5cf13accae3222c70a9cac40818ae839,2018-05-13 15:34:25,2018-06-13,pet_shop,RJ,MG,rio de janeiro,patos de minas,94.9,19.63,1,580.5688325914713,30.35109953703704,0.0106382978723404,0.9893617021276596,11.248434668045707,17.0,0.0824063657862334,0,12.0765625,-18.27453703703704,5.0,test
b16e956bda09e0aea31977bec8585ba6,085f6f7e049c996695fb2074fe38d45e,2018-04-18 12:23:41,2018-05-11,sports_leisure,SP,SP,diadema,taubate,140.9,13.43,1,130.94545662772347,22.48355324074074,0.0,1.0,11.09429398148148,3.0,0.0885161497673647,0,5.3158564814814815,-17.167696759259258,5.0,test
37af0498017bcfbffca8855bdc9ecc6b,4a3ca9315b744ce9f8e9374361493884,2018-02-16 17:30:56,2018-03-13,bed_bath_table,MG,SP,divinopolis,ibitinga,153.0,18.32,1,447.2499143251521,24.270185185185184,0.0918454935622317,0.9081545064377684,14.625892793276108,93.0,0.1058189108454455,0,21.12810185185185,-3.1420833333333333,5.0,validation
fd9b8ed51e5ffedf7a56bea36cc5b6f9,fa1a9dec3a9940c072684a46728bf1fc,2018-03-30 23:11:40,2018-04-27,pet_shop,SP,SC,assis,icara,119.9,23.42,1,681.9824173190315,27.033564814814813,0.0,1.0,15.424850983796304,3.0,0.106040909826335,0,19.78618055555556,-7.24738425925926,5.0,validation
5ea6aff99c981e1b3a33743cbad8d546,a6fe7de3d16f6149ffe280349a8535a0,2017-09-13 17:36:07,2017-09-29,fashion_underwear_beach,SP,SP,sao paulo,franca,59.9,11.92,1,339.3913186707349,15.266585648148148,0.0,1.0,8.484085648148149,5.0,0.0221481973924594,0,9.029097222222225,-6.237488425925926,5.0,train
df5f436b9325e3e1716be74b6c5ce828,bd23da7354813347129d751591d1a6e2,2017-10-05 16:03:35,2017-10-30,furniture_decor,SP,SP,barretos,sao paulo,89.9,12.97,1,399.8042409165768,24.330844907407407,0.0,1.0,10.359585905349796,11.0,0.0182047248590082,0,11.284733796296296,-13.046111111111111,5.0,train
7497d2863817fe3cacbf2190af7accf6,9f505651f4a6abe901a56cdc21508025,2017-12-05 15:44:26,2017-12-21,consoles_games,SP,SP,sorocaba,sao paulo,17.99,7.78,1,84.76460725569423,15.344143518518518,0.0,1.0,7.648722222222221,19.0,0.0350516374762307,0,6.093460648148148,-9.25068287037037,5.0,train
5928d420527d13a50a884bc80c6ea676,8c16d1f32a54d92897cc437244442e1b,2018-07-03 15:26:45,2018-07-30,computers_accessories,RS,SC,passo fundo,blumenau,48.0,18.44,1,359.39245736266747,26.35642361111111,0.0099009900990099,0.99009900990099,11.397047121378804,4.0,0.0773102694813438,0,6.028263888888889,-20.32815972222222,5.0,test
4ac122e6ce71a07175e5bf2551f02c40,8f2ce03f928b567e3d56181ae20ae952,2018-07-22 21:23:58,2018-08-02,sports_leisure,SP,SP,sao paulo,pirituba,85.9,11.62,1,21.10515303213222,10.10835648148148,0.1640625,0.8359375,15.001301902488429,11.0,0.1499057926729966,0,3.1105555555555555,-6.997800925925926,5.0,test
43efdc225443ada11da1258aa555c24f,5b925e1d006e9476d738aa200751b73b,2018-01-20 10:05:09,2018-02-20,sports_leisure,PR,SP,jacarezinho,sao paulo,69.0,17.73,1,339.22291205382066,30.579756944444444,0.0,1.0,9.850506558641976,10.0,0.0504906521226426,0,12.584039351851851,-17.99571759259259,5.0,validation
c046779e1ef14c11e325b9b9a46d610d,e9e446d01bd10a97a8ffcfc4a3a20cb2,2018-06-05 19:53:27,2018-06-21,perfumery,SP,SP,itaquaquecetuba,sao paulo,19.9,7.39,1,20.55911804525288,15.171215277777778,0.0834108567759856,0.9165891432240144,13.463096941464906,0.0,0.1078348485448765,0,4.006759259259259,-11.164456018518518,3.0,test
7b9e7ccb0670a2b422f9cc382a87f86d,1025f0e2d44d7041d6cf58b6550e0bfa,2018-05-11 01:59:58,2018-06-01,furniture_decor,RJ,SP,campos dos goytacazes,sao paulo,75.0,17.83,1,574.9021063706435,20.916689814814816,0.1286919831223628,0.8713080168776371,13.553834730035932,106.0,0.2238594600691798,0,18.683842592592597,-2.2328472222222224,5.0,test
24a6cba94937d6908dec93e82249d67e,46dc3b2cc0980fb8ec44634e21d2718e,2017-12-12 20:44:45,2018-01-08,toys,MG,RJ,betim,rio de janeiro,399.99,27.55,1,347.95361645073194,26.135590277777776,0.0198300283286118,0.980169971671388,10.241571418266712,162.0,0.1638759923674014,1,31.671863425925928,5.536273148148148,3.0,train
2a30d0183924e9ef95a30acaaa8b8d3e,9d5a9018aee56acb367ba9c3f05d1d6a,2017-04-22 22:39:05,2017-05-19,luggage_accessories,SP,GO,sao paulo,aparecida de goiania,110.9,18.21,1,801.4039950453931,26.05619212962963,0.0,1.0,13.352011959876544,7.0,0.0431749779106536,0,14.492164351851851,-11.564027777777778,4.0,train
6f20f9a24b084da22b90cb7a0950e43b,2a84855fd20af891be03bc5924d2b453,2018-06-04 21:46:21,2018-07-05,housewares,SP,MG,campinas,belo horizonte,18.9,15.23,1,468.9578875292672,30.0928125,0.03125,0.96875,9.641877531828705,19.0,0.0730544373826273,0,4.813981481481481,-25.27883101851852,3.0,test
56030114e560e8093abc06e38626e871,054694fa03fe82cec4b7551487331d74,2017-10-17 20:46:55,2017-11-23,home_appliances_2,ES,SP,serra,itajobi,497.0,28.32,1,919.4700120813332,36.13408564814815,0.2,0.8,30.09401697530864,0.0,0.2095578775245784,1,44.01188657407408,7.877800925925926,2.0,train
8dae11cb6c1305e2756cef677ac2f4dc,48436dade18ac8b2bce089ec2a041202,2017-07-19 12:26:42,2017-08-10,cool_stuff,SP,SP,avare,volta redonda,39.9,16.11,1,495.26056877690326,21.48145833333333,0.0,1.0,11.479608045545548,11.0,0.01799988145635,0,13.323229166666666,-8.158229166666667,5.0,train
9a09c8f0e971786c75d28809043dc55d,6560211a19b47992c3666cc44a7e94c0,2017-08-15 11:25:22,2017-08-30,fashion_bags_accessories,SP,SP,sao roque,sao paulo,49.0,7.78,1,39.10099057914027,14.524050925925923,0.0344827586206896,0.9655172413793104,9.471086406449558,84.0,0.0320309709318289,0,7.450844907407407,-7.073206018518518,1.0,train
71c3e399882c5bab8e8b576ee1558da3,cca3071e3e9bb7d12640c9fbe2301306,2017-11-23 21:58:35,2017-12-27,furniture_decor,RJ,SP,rio das ostras,ibitinga,45.9,16.11,1,715.3501293336391,33.08431712962963,0.0409683426443202,0.9590316573556796,13.519404980515883,42.0,0.2420890960311159,0,18.89902777777778,-14.185289351851852,5.0,train
f3d59d2aeafa9e69103f4dbad2b5ec46,06579cb253ecd5a3a12a9e6eb6bf8f47,2018-01-24 20:18:23,2018-02-08,housewares,SP,SP,jaguariuna,sao paulo - sp,61.9,11.73,1,104.13564068035924,14.153900462962962,0.0967741935483871,0.9032258064516128,9.691491935483873,1.0,0.0824671166542259,0,4.8190277777777775,-9.334872685185186,4.0,validation
c7a7200ede6d21b5eac67705000af954,6b90f847357d8981edd79a1eb1bf0acb,2018-07-05 07:50:34,2018-07-27,health_beauty,BA,SP,salvador,guarulhos,76.9,111.47,1,1427.9650032418886,21.673217592592597,0.0,1.0,4.932427662037037,23.0,0.1701655241775243,0,6.469710648148149,-15.203506944444444,5.0,test
362b6af60a35f334d6df5c237a9897c4,da8622b14eb17ae2831f4ac5b9dab84a,2018-04-14 17:09:51,2018-05-14,bed_bath_table,MG,SP,montes claros,piracicaba,199.9,27.48,1,775.4435067209579,29.284826388888888,0.0688888888888888,0.9311111111111112,11.900514994855955,106.0,0.1272597443280334,0,11.20994212962963,-18.07488425925926,5.0,test
b62fe464ca4c4f53cf71198504f3bb05,1f50f920176fa81dab994f9023523100,2017-10-30 08:58:08,2017-11-27,garden_tools,BA,SP,feira de santana,sao jose do rio preto,59.9,19.66,1,1461.6915731411814,27.626296296296296,0.023598820058997,0.976401179941003,13.785153296733318,95.0,0.1316951336307335,0,15.372766203703703,-12.253530092592593,5.0,train
9dcd79fc27cfb2b56c614e91db69942a,c826c40d7b19f62a09e2d7c5e7295ee2,2018-02-09 16:30:43,2018-03-08,unknown,MG,SP,joao pinheiro,guarulhos,122.99,15.61,1,635.3516070254791,26.312002314814816,0.0387096774193548,0.9612903225806452,12.101141801075268,70.0,0.0560858752081616,0,17.179259259259258,-9.132743055555556,4.0,validation
751df94e324fbe8de6a5a186568f128a,1900267e848ceeba8fa32d80c1a5f5a8,2017-11-25 01:19:29,2017-12-15,bed_bath_table,SP,SP,santo andre,ibitinga,53.0,12.71,1,313.5676320729968,19.94480324074074,0.0555555555555555,0.9444444444444444,13.1573654835391,22.0,0.1171677940025217,0,15.875381944444444,-4.069421296296296,4.0,train
90cd8e765a696947ccb0afa686c933fd,1127b7f2594683f2510f1c2c834a486b,2017-08-18 10:41:45,2017-08-31,garden_tools,SP,SP,carapicuiba,campinas,14.46,7.78,1,79.99157787552522,12.554340277777778,0.0,1.0,9.535425540123455,9.0,0.0242449115329063,0,4.426550925925926,-8.127789351851852,5.0,train
6df674fd09d933a85574460e32a94e23,cc419e0650a3c5ba77189a1882b7556a,2018-02-13 18:37:48,2018-02-23,perfumery,SP,SP,itu,santo andre,56.99,8.72,1,88.53093903776784,9.22375,0.0427892234548335,0.9572107765451664,11.252213087691494,85.0,0.1162838815058471,0,2.9659375,-6.2578125,4.0,validation
41b6d9a83b4f55e253cc69d7cd6dd55c,53243585a1d6dc2643021fd1853d8905,2018-07-30 17:49:11,2018-08-22,telephony,SP,BA,diadema,lauro de freitas,340.0,51.08,2,1482.0564191369403,22.257511574074076,0.0330882352941176,0.9669117647058824,13.84251723345588,25.0,0.1472734415351943,0,7.916261574074074,-14.34125,4.0,test
8f6d0c386da6a68373cf241e092c7331,6f892e20a171e98efe17fdb971ff319b,2017-08-04 17:42:38,2017-09-01,telephony,RS,SP,bento goncalves,sao paulo,254.9,16.53,1,801.4004408572162,27.262060185185184,0.037335200093338,0.962664799906662,12.481988013444964,2.0,0.0399748959657288,0,14.000717592592592,-13.261342592592593,4.0,train
47fe026fd2770231295017afd4c0084c,562fc2f2c2863ab7e79a9e4388a58a14,2018-06-29 14:58:52,2018-08-08,telephony,RJ,SP,rio de janeiro,campinas,49.99,18.45,1,362.20852656401706,39.37578703703704,0.0377358490566037,0.9622641509433962,11.85340992968204,23.0,0.0912633073361016,0,4.297118055555556,-35.078668981481485,5.0,test
4a6de68c76257d69209af11ba0e56fa1,4559697a8f7e637227c2eeaed843baff,2018-01-05 16:19:33,2018-01-30,home_appliances,SP,SP,sao paulo,presidente prudente,69.9,13.51,1,511.8676098728699,24.31975694444445,0.0833333333333333,0.9166666666666666,12.08626929012346,1.0,0.0778525437420472,0,5.213518518518518,-19.106238425925927,5.0,validation
2346e1104a4b18a23e6dc6a87c2d1b8c,c500367424994318b9e779ff1ae9a330,2017-09-01 09:24:39,2017-09-27,baby,BA,SP,vitoria da conquista,paulinia,89.9,17.07,1,1099.544518436072,25.607881944444443,0.0358974358974358,0.964102564102564,12.273685321045267,0.0,0.0714594329274597,0,13.381354166666666,-12.226527777777775,5.0,train
7355fd322343b5e2adebd1f0c88e0e33,fffd5413c0700ac820c7069d66d98c89,2018-05-07 10:43:14,2018-06-21,housewares,AP,SP,macapa,amparo,126.0,133.39,1,2567.7686685894264,44.55331018518518,0.1794871794871795,0.8205128205128205,15.359896723646724,7.0,0.1167860896725555,0,22.16365740740741,-22.389652777777776,5.0,test
2524a4278af338cc4ba22f64a10d5798,da8622b14eb17ae2831f4ac5b9dab84a,2018-04-12 02:17:54,2018-05-11,bed_bath_table,BA,SP,salvador,piracicaba,199.9,32.05,1,1451.3558481363552,28.90423611111111,0.0665163472378805,0.9334836527621196,11.892822717023666,104.0,0.1737061109041969,0,23.75917824074074,-5.14505787037037,5.0,test
5bfce111a3fc0a622ab552626165ab2f,5058e8c1e82653974541e83690655b4a,2018-07-17 18:18:33,2018-08-16,furniture_decor,SP,SP,sao paulo,itaquaquecetuba,139.99,57.31,1,34.32953870832954,29.237118055555555,0.1153846153846153,0.8846153846153846,26.55414707977209,3.0,0.1470146246761029,1,31.202199074074077,1.9650810185185184,3.0,test
6c6abb921625dd44d3d406ce4b890cac,7d13fca15225358621be4086e1eb0964,2018-05-02 00:13:29,2018-06-01,watches_gifts,MT,SP,varzea grande,ribeirao preto,99.9,0.0,1,1065.4744340264083,29.990636574074077,0.2156862745098039,0.7843137254901961,19.603786613410804,113.0,0.1508977529827122,0,12.714768518518518,-17.275868055555556,4.0,test
47906fd263e2a0253d9db8a730f02abe,3d5d0dc7073a299e31fa718ce1bc00b6,2018-06-21 14:34:17,2018-07-17,health_beauty,SP,RJ,sao paulo,rio de janeiro,27.9,16.39,1,327.44463395819776,25.39285879629629,0.0,1.0,5.484074074074074,4.0,0.0747951378587445,0,5.982349537037037,-19.41050925925926,5.0,test
acdd0de80f7578505c5155e046771423,d91fb3b7d041e83b64a00a3edfb37e4f,2017-11-27 20:09:54,2017-12-20,home_appliances,MG,SP,corinto,praia grande,166.8,15.92,1,663.454346214299,22.159791666666667,0.0373134328358208,0.9626865671641792,11.496567682421231,6.0,0.1446775409949911,0,15.152511574074074,-7.007280092592593,5.0,train
3e1d096455531309ff1f946ed0f580cc,1554a68530182680ad5c8b042c3ab563,2017-05-20 13:34:44,2017-06-13,furniture_decor,SP,MG,mogi-guacu,monte siao,72.9,14.24,1,40.17705192354286,23.434212962962963,0.0625,0.9375,14.997981589988424,17.0,0.0319181236014468,0,5.089814814814815,-18.344398148148148,5.0,train
12bab4379a646f08ae89ed0561f5481e,6f892e20a171e98efe17fdb971ff319b,2017-10-18 19:41:56,2017-11-09,telephony,RJ,SP,nilopolis,sao paulo,70.9,14.25,1,322.046729955146,21.179212962962964,0.0,1.0,12.33570114522417,25.0,0.1110654830697808,1,26.056215277777778,4.877002314814815,,train
fb4867639cdcf519269b594d659bf27b,26d6bbee02420494d471c9f6436929c0,2018-07-21 13:07:33,2018-08-13,construction_tools_safety,BA,PR,salvador,curitiba,90.5,23.35,1,1789.284089009182,22.45309027777778,0.0,1.0,11.864227430555555,1.0,0.2132631758569914,0,11.278703703703703,-11.174386574074074,4.0,test
1314353395f7148ba64400eab34bb50c,725c32fa80c2faacc4fc88450d27314e,2017-11-27 09:22:59,2017-12-20,toys,RJ,SP,mangaratiba,sao paulo,139.99,16.74,1,268.948475116908,22.60903935185185,0.0196078431372549,0.9803921568627452,9.149874727668845,9.0,0.3048655356228641,0,18.50460648148148,-4.1044328703703705,5.0,train
db3e8c24c5652c8944bc5a05d9bd3933,d6b1ce66b035a475f00c017792ff9769,2018-08-02 12:04:52,2018-08-08,construction_tools_lights,SP,SP,sao paulo,salto,169.0,17.45,1,93.01004148142964,5.49662037037037,0.0714285714285714,0.9285714285714286,11.037639550264556,7.0,0.1791251534862192,0,4.089456018518519,-1.407164351851852,4.0,test
a33539f882610ee1dc18289cc3087217,6edacfd9f9074789dad6d62ba7950b9c,2018-06-01 22:41:07,2018-07-12,computers_accessories,BA,SP,salvador,guarulhos,15.9,17.06,1,1445.783820553295,40.054780092592594,0.0292397660818713,0.9707602339181288,8.880561985596712,10.0,0.0962348996492723,0,13.613773148148148,-26.44100694444445,4.0,test
0a05e512c3e656802c930be4c1766c2a,cc419e0650a3c5ba77189a1882b7556a,2018-08-02 12:04:52,2018-08-07,perfumery,SP,SP,embu das artes,santo andre,49.99,7.61,1,28.310806751724723,4.49662037037037,0.0613003095975232,0.9386996904024768,11.67569582760004,31.0,0.1561243330244618,1,13.268993055555557,8.772372685185186,2.0,test
d39b614462020b03dbd6b14f515137f5,33a6f4b1e7cdc205511e76ba1b6e0186,2018-05-20 16:34:00,2018-06-21,bed_bath_table,RJ,SP,rio de janeiro,guarulhos,77.99,9.25,1,341.30432765366766,31.309722222222224,0.0298507462686567,0.9701492537313432,9.6815236318408,27.0,0.1067310925955536,0,18.97420138888889,-12.335520833333334,3.0,test
44e627595178bc26a4df0aa4b4e002e8,1b4c3a6f53068f0b6944d2d005c9fc89,2017-07-27 21:28:43,2017-08-22,housewares,RJ,SC,nova friburgo,sao ludgero,169.9,28.57,1,951.3793440768488,25.10505787037037,0.0833333333333333,0.9166666666666666,14.23832272376543,7.0,0.0490233414347235,0,20.910717592592597,-4.194340277777778,5.0,train
9f9ac312604229686c04260955495c70,f7ba60f8c3f99e7ee4042fdef03b70c4,2018-05-24 11:38:02,2018-06-11,health_beauty,SP,SP,sao paulo,sao bernardo do campo,330.0,10.07,1,13.249112898526366,17.51525462962963,0.1608391608391608,0.8391608391608392,14.086469421781922,20.0,0.128698074702924,0,4.04074074074074,-13.47451388888889,5.0,test
f19aee0ec494fa468b59ae57ea6af345,fd435faa3c0422b60440ea3480d0e77c,2018-08-20 07:36:53,2018-09-12,electronics,RJ,PB,rio de janeiro,joao pessoa,749.0,133.87,1,1971.1423558336903,22.682719907407407,0.0796631705898821,0.920336829410118,12.648402530895607,0.0,0.2238130660002458,0,9.468483796296296,-13.214236111111113,5.0,test
b045148b008764ce0e232a9345a65bf4,17e34d8224d27a541263c4c64b11a56b,2018-03-09 08:24:59,2018-03-27,perfumery,SP,SP,sao paulo,riberao preto,146.73,17.94,1,290.2073281102409,17.64931712962963,0.0714285714285714,0.9285714285714286,14.083852258852255,9.0,0.0699602428998731,0,15.497893518518518,-2.151423611111111,5.0,validation
6ad40910813e5836d9698b103b222e65,b248792ac0b60ec3f93d80af1b4fae47,2018-07-23 23:48:21,2018-07-31,sports_leisure,SP,SP,diadema,sao caetano do sul,77.4,27.14,2,8.011689329331078,7.008090277777778,0.0797689611402885,0.9202310388597116,12.99925914628834,0.0,0.1706451393932005,1,8.469155092592592,1.4610648148148149,3.0,test
7ecf895a86816395ae333859b2c7bd7c,5d9dc90a686a8fddacffab6bab5653a3,2018-07-17 10:58:54,2018-08-03,sports_leisure,PR,SP,curitiba,santana de parnaiba,59.0,15.51,1,320.49631211092554,16.542430555555555,0.1,0.9,9.072112268518518,0.0,0.1063501726913285,0,7.516527777777778,-9.025902777777778,5.0,test
0393dfaf21e966fdadf698bd0856ecc3,edb1ef5e36e0c8cd84eb3c9b003e486d,2017-12-08 10:49:38,2018-01-08,health_beauty,SP,RJ,espirito santo do pinhal,teresopolis,1149.65,22.8,1,390.0401107997328,30.54886574074074,0.0,1.0,9.673620949074072,21.0,0.0674240500768258,0,26.35726851851852,-4.191597222222223,5.0,train
4c66c3496efdc2ec571277fff303a631,b1fecf4da1fa2689bccffa0121953643,2017-03-02 01:37:13,2017-03-27,health_beauty,SP,MS,sao paulo,campo grande,174.9,17.65,1,917.7041962060644,24.932488425925925,0.0,1.0,10.237442129629631,3.0,0.0341966176051491,0,11.42738425925926,-13.505104166666667,5.0,train
3ae23891986e183545f58cbc836a0106,b8a0adc91af209270c2c725168eb00fd,2018-04-16 19:54:11,2018-05-18,bed_bath_table,RJ,SP,rio de janeiro,ibitinga,49.9,22.93,1,578.3365606832359,31.17070601851852,0.079960391137517,0.9200396088624828,13.810406696992365,0.0,0.1506709619944777,0,6.9615625,-24.20914351851852,5.0,test
b058d10cd1c5819182e6071160eb23a0,679769a98cfcc6da877c8486ff1c13f3,2018-08-07 14:48:36,2018-09-03,health_beauty,SP,MG,sao jose do rio preto,ipatinga,199.0,24.19,1,724.668290775325,26.382916666666667,0.0,1.0,9.844704218106994,0.0,0.0685375272827937,0,6.089224537037037,-20.29369212962963,5.0,test
485c8e15ad0c30dc2d7aaf0165572c19,0ffa40d54288e4f3499b8780dd0f144f,2018-05-11 10:49:37,2018-06-11,books_technical,MT,SP,campo novo do parecis,presidente prudente,59.0,22.12,1,1161.1989349688315,30.548877314814813,0.15625,0.84375,13.640238353587964,2.0,0.0931666328239992,0,10.27625,-20.272627314814816,5.0,test
db03e36d66c33038ed8d835ca8bee670,dbdd0ec73a4817971d962698f2fea022,2018-07-15 16:25:35,2018-08-22,health_beauty,RJ,CE,rio de janeiro,fortaleza,399.0,120.91,1,2184.189613001028,37.31556712962963,0.0,1.0,10.654907407407409,5.0,0.1200428003445245,0,8.48133101851852,-28.83423611111111,5.0,test
a158403af039363a043ead0c69f1fd2b,a1043bafd471dff536d0c462352beb48,2017-12-23 23:51:31,2018-01-31,computers_accessories,RJ,MG,sao goncalo,ilicinea,149.99,40.38,1,355.9525617221207,38.005891203703705,0.0171673819742489,0.9828326180257512,12.88741997496423,97.0,0.1888264217924447,1,41.687280092592594,3.681388888888889,1.0,train
1a7e970c994a82401235495241e66a14,6edacfd9f9074789dad6d62ba7950b9c,2017-11-16 22:02:14,2017-11-29,housewares,SP,SP,maua,guarulhos,44.9,8.72,1,27.435601653767662,12.081782407407408,0.0256410256410256,0.9743589743589745,8.022213121240899,8.0,0.0477102866727703,0,6.720081018518519,-5.361701388888889,5.0,train
129751cc187cf2f43dcb7ea8f8fdcf0d,cc419e0650a3c5ba77189a1882b7556a,2017-08-22 20:50:03,2017-09-15,perfumery,SP,SP,serra negra,santo andre,56.99,11.9,1,117.7233101273293,23.131909722222225,0.0156950672645739,0.984304932735426,10.369245142002985,129.0,0.0224639498713047,0,6.890787037037037,-16.241122685185186,5.0,train
4aa0af6a36b380f42a173210f1d15a1e,a1043bafd471dff536d0c462352beb48,2017-10-19 16:21:34,2017-11-10,computers_accessories,SP,MG,mogi das cruzes,ilicinea,189.99,40.66,1,291.4316375236004,21.31835648148148,0.0306122448979591,0.9693877551020408,12.752347056878302,34.0,0.0315669219187927,0,7.843506944444444,-13.474849537037038,5.0,train
b0ee42f5b3ee64a5acb42cbd955c6e97,5343d0649eca2a983820bfe93fc4d17e,2018-05-06 12:08:42,2018-06-05,furniture_decor,RS,SP,cachoeirinha,santo andre,235.12,36.8,2,778.1160474816867,29.49395833333333,0.1304347826086956,0.8695652173913043,12.738874043880838,14.0,0.1145331560813111,0,8.231608796296296,-21.26234953703704,5.0,test
b59620194f1a281eb142e191d597aadd,cca3071e3e9bb7d12640c9fbe2301306,2017-09-02 00:14:09,2017-09-26,bed_bath_table,RJ,SP,rio de janeiro,ibitinga,113.57,18.04,1,583.7667884984114,23.99017361111111,0.0225563909774436,0.9774436090225564,12.822997511138947,66.0,0.035601502339638,0,10.807430555555555,-13.182743055555555,5.0,train
ba22a1fb553e3c6597c8c25d6478df2e,7b1222c3624aa89b9558b50a2594188c,2017-02-18 20:50:28,2017-03-21,health_beauty,RJ,SP,rio de janeiro,sao jose do rio preto,144.99,16.22,1,674.8352621251017,30.13162037037037,0.0026990553306342,0.9973009446693656,13.491887141898893,0.0,0.0256437443331845,0,11.558344907407408,-18.573275462962965,5.0,train
950743f43fe08f99ad01903a8cf538fa,01cf7e3d21494c41fb86034f2e714fa1,2017-03-22 09:25:09,2017-04-12,air_conditioning,SP,PR,sao paulo,francisco beltrao,59.9,15.63,1,706.7869862218259,20.607534722222223,0.0,1.0,10.063952546296298,11.0,0.0379460725544803,0,6.170115740740741,-14.437418981481482,5.0,train
5ab34a3449b54e0fff6d7ba20781a655,a44fb5a447105f8469bdf16bf9159f25,2018-08-03 14:48:36,2018-08-14,sports_leisure,SP,RS,pedro de toledo,porto alegre,89.9,23.43,1,759.9535515765648,10.382916666666668,0.25,0.75,15.103254484953704,2.0,0.1741818636664047,0,10.119456018518518,-0.2634606481481481,5.0,test
795b392abe9e445552c226621cf9638d,17a053fcb14bd219540cbde0df490be0,2018-04-20 16:08:37,2018-05-16,office_furniture,SP,SP,ribeirao preto,mogi guacu,199.9,28.26,1,161.36161829989078,25.32734953703704,0.125,0.875,14.423681520061727,18.0,0.1330471996866153,0,6.222974537037037,-19.104375,5.0,test
cff26b49480fa8c4917fed0c71a61e21,ffc470761de7d0232558ba5e786e57b7,2018-06-16 18:05:54,2018-07-24,housewares,RJ,SP,rio de janeiro,guarulhos,119.88,15.94,1,344.4235772344852,37.24590277777778,0.0588235294117647,0.9411764705882352,9.69852260348584,3.0,0.112069388522453,0,13.765949074074074,-23.479953703703703,4.0,test
66ef8af8edec04b75469fd942a8ad66e,16090f2ca825584b5a147ab24aa30c86,2017-12-11 18:25:17,2017-12-28,auto,SP,SP,hortolandia,atibaia,45.49,8.27,1,68.1806965173516,16.23244212962963,0.0746268656716417,0.9253731343283582,11.409436670812603,13.0,0.0459485420756615,0,6.75949074074074,-9.47295138888889,3.0,train
331f9dfb7b6f1274298f0fdef2f8f2ad,f789d2c4f2c2eb38fc4373e7a4b35264,2018-05-21 08:54:52,2018-06-11,pet_shop,SP,MG,sao bernardo do campo,juiz de fora,299.99,16.98,1,396.0169376612291,20.628564814814816,0.074074074074074,0.925925925925926,13.180730881344308,4.0,0.1134143172920011,0,14.497777777777776,-6.130787037037037,5.0,test
784a3de867a5e44b45ebe50f1640ab14,2e1c9f22be269ef4643f826c9e650a52,2017-11-09 15:49:25,2017-11-23,sports_leisure,SP,SP,itatiba,sao paulo,65.99,8.72,1,85.11584587989762,13.34068287037037,0.0222222222222222,0.9777777777777776,8.088279835390946,17.0,0.0172002822606911,0,5.305092592592593,-8.035590277777779,4.0,train
ce399271de0275f62753cadf440e3012,a3e9a2c700480d9bb01fba070ba80a0e,2018-06-07 16:16:08,2018-07-05,bed_bath_table,RJ,SP,nova iguacu,ibitinga,69.0,19.45,1,558.9571143758706,27.32212962962963,0.1290322580645161,0.8709677419354839,14.773222072879326,3.0,0.1764967000788862,0,10.940555555555555,-16.381574074074074,5.0,test
75b10195b29fe2a89b781edc42f52485,2138ccb85b11a4ec1e37afbd1c8eda1f,2018-02-10 21:03:33,2018-02-26,telephony,SP,SP,sao paulo,sao paulo,39.99,7.78,1,15.458003559179144,15.122534722222222,0.0463576158940397,0.9536423841059604,11.432864889931324,10.0,0.0610606633428255,0,6.036770833333334,-9.08576388888889,5.0,validation
198b900399661ad01ee9e47c4c0cc7d3,4e922959ae960d389249c378d1c939f5,2017-04-20 14:41:52,2017-05-19,electronics,MG,SP,tres pontas,jacarei,59.95,14.59,1,219.92669475922744,28.387592592592597,0.0,1.0,12.025630045109212,24.0,0.0214771047689326,0,12.904675925925924,-15.482916666666666,5.0,train
49fd840f83db20dfb9558764aee35a33,8160255418d5aaa7dbdc9f4c64ebda44,2017-11-24 10:44:28,2017-12-18,bed_bath_table,ES,SP,vitoria,ibitinga,199.8,34.4,2,895.6279773292508,23.552453703703705,0.0,1.0,11.483484519675928,29.0,0.4701594312192222,1,26.363958333333333,2.811504629629629,1.0,train
a7c06c01fe6ddeff25b3c60459b5fcb4,d2374cbcbb3ca4ab1086534108cc3ab7,2017-05-29 09:28:35,2017-07-03,bed_bath_table,SP,SP,sao paulo,ibitinga,49.8,23.7,2,311.02742611438475,34.60515046296296,0.0,1.0,14.744737165963434,27.0,0.0416789276445961,0,7.495914351851852,-27.109236111111112,5.0,train
6160672f31a87bdbafd522f69d9e5d8b,6df688df543f90e9b38f4319e75a9d88,2017-06-18 18:58:51,2017-07-11,health_beauty,RJ,MG,rio de janeiro,belo horizonte,59.56,56.4,4,341.04381633399424,22.209131944444444,0.0,1.0,8.393895961934156,4.0,0.0213436649703627,0,10.771412037037036,-11.437719907407407,5.0,train
8d42bc7cf9914679406f48db0e05e571,870d0118f7a9d85960f29ad89d5d989a,2017-12-01 16:35:00,2018-01-02,furniture_living_room,ES,MG,cariacica,pocos de caldas,54.9,27.76,1,433.8627007558771,31.30902777777778,0.0952380952380952,0.9047619047619048,15.872746913580247,5.0,0.1569417104090076,0,26.22511574074074,-5.083912037037037,5.0,train
01da5549f136167573c8a302f008557a,6b536a23086fba0d58c08d68814397f6,2018-04-08 17:01:55,2018-05-07,watches_gifts,SP,RJ,caconde,niteroi,150.0,20.02,1,404.3775740246209,28.290335648148147,0.1666666666666666,0.8333333333333334,16.07229552469136,2.0,0.1232446191792916,0,9.23798611111111,-19.05234953703704,5.0,test
71f500b84266602e89447c7eab602ddd,d91fb3b7d041e83b64a00a3edfb37e4f,2017-06-14 22:09:08,2017-07-11,home_appliances,RS,SP,mampituba,praia grande,40.95,17.6,1,433.8627007558771,26.07699074074074,0.0,1.0,14.229792028356483,18.0,0.0305090721419937,0,13.568599537037038,-12.508391203703704,5.0,train
de12067bfa331f0c8cd1df23a0106128,5f1dc28029d2c244352a68107ec2b542,2018-05-04 18:06:47,2018-05-25,housewares,SP,SP,sao paulo,sao paulo,35.0,7.39,1,21.50608428670517,20.24528935185185,0.0754716981132075,0.9245283018867924,10.30763998078267,2.0,0.0808229428669794,0,4.033090277777778,-16.212199074074075,5.0,test
48e72584a72dfd3dcb2ed3a6c5ea07ce,53243585a1d6dc2643021fd1853d8905,2018-08-05 21:01:43,2018-08-17,telephony,SP,BA,santo andre,lauro de freitas,219.0,24.25,1,1475.78588630717,11.12380787037037,0.036231884057971,0.9637681159420288,13.78805794585346,44.0,0.1808067790098545,0,10.043229166666666,-1.0805787037037038,5.0,test
3dad0905a583dc80815b7666efddc84d,575df70bde3f9f2b30bf8d2e9910d725,2018-03-19 12:57:59,2018-04-11,construction_tools_construction,SP,SP,sao paulo,sao jose do rio preto,260.0,55.24,4,418.7285888137579,22.45973379629629,0.0869565217391304,0.9130434782608696,13.965399557165863,1.0,0.1223817464515897,0,7.264629629629629,-15.195104166666669,5.0,validation
77139c08bb5f077f2b8dd52a1ea309a2,ebd2d60905fb58271facef5596b620d3,2018-04-16 13:11:27,2018-05-11,health_beauty,PR,SP,curitiba,lencois paulista,54.9,19.35,1,323.5303767908682,24.450381944444445,0.0307692307692307,0.9692307692307692,13.737709579772089,5.0,0.1062151911937919,0,9.828148148148149,-14.622233796296296,3.0,test
585ce4ee0af830235ceed384bcbe545f,34a557286ead8fe75c989e0afcf7d98c,2018-07-19 18:17:11,2018-08-07,health_beauty,MG,SP,santa vitoria,franca,75.0,18.63,1,339.7369003457082,18.23806712962963,0.0,1.0,4.663802083333334,0.0,0.0868918707034727,0,12.857291666666669,-5.380775462962963,5.0,test
d98a17b8648ea9e13d2899e366912c6d,1025f0e2d44d7041d6cf58b6550e0bfa,2018-06-03 09:48:09,2018-07-20,home_construction,MA,SP,buriticupu,sao paulo,318.99,154.37,2,2143.7259972277,46.5915625,0.1198568872987477,0.8801431127012522,13.25590602845689,120.0,0.1306215263330296,0,22.379699074074075,-24.211863425925927,5.0,test
97b2cbab1ec29ebc9b1d9b113a4b7a2b,4992e76a42cb3aad7a7047e0d3d7e729,2017-11-24 01:19:12,2017-12-14,housewares,SP,SP,taubate,sao paulo,24.9,11.85,1,121.46113677228252,19.945,0.0,1.0,5.191204805996473,3.0,0.0492181939512399,0,10.759224537037037,-9.185775462962964,3.0,train
a06726f9cef5e94eb4d2ccecf3445618,d93919c944be9cff128f6c9cb899eacb,2018-01-25 11:31:00,2018-03-05,christmas_supplies,BA,SP,valente,mombuca,79.9,29.6,1,1235.9170321167248,38.52013888888889,0.1428571428571428,0.8571428571428572,17.775882936507937,5.0,0.1108342527867732,0,21.334467592592592,-17.185671296296295,3.0,validation
9260673a73f65b3c54fdca21a92183fd,da8622b14eb17ae2831f4ac5b9dab84a,2017-07-18 20:28:06,2017-08-07,bed_bath_table,SP,SP,campinas,piracicaba,89.9,13.65,1,67.12646555455619,19.147152777777777,0.036231884057971,0.9637681159420288,13.693747400026844,42.0,0.012641844045469,0,2.943576388888889,-16.203576388888887,5.0,train
f1487beee9bcc5d6921a3e5ddcb63623,891071be6ba827b591264c90c2ae8a63,2018-05-27 16:40:54,2018-06-21,market_place,SP,SP,campinas,sao paulo,69.98,14.78,2,93.98186466148972,24.304930555555558,0.2096774193548387,0.7903225806451613,16.325325567502986,11.0,0.1147198369239212,0,4.908310185185186,-19.39662037037037,1.0,test
3d9acad4fc9c38c213fea53a19562ecf,cc419e0650a3c5ba77189a1882b7556a,2017-10-12 01:07:54,2017-11-14,health_beauty,CE,SP,croata,santo andre,58.99,28.81,1,2224.12143049322,32.952847222222225,0.0223214285714285,0.9776785714285714,10.338020247740298,140.0,0.0926720692097444,0,19.86239583333333,-13.090451388888887,5.0,train
0d4947e726ae3959a6cc28979ab632a2,8b321bb669392f5163d04c59e235e066,2018-01-11 20:33:22,2018-02-06,electronics,PI,SP,teresina,sao paulo,13.65,21.15,1,2085.287253630047,25.14349537037037,0.0787878787878787,0.9212121212121211,12.60974081088665,105.0,0.2046700197058331,0,14.634421296296296,-10.509074074074077,5.0,validation
52a96c4082dfe660d01acfdc740c4f61,a1043bafd471dff536d0c462352beb48,2018-04-24 01:00:28,2018-05-23,computers_accessories,ES,MG,guacui,ilicinea,119.0,46.08,1,431.8424865900832,28.95800925925926,0.0535714285714285,0.9464285714285714,14.354038364381246,60.0,0.1132771546362947,0,15.830659722222222,-13.127349537037038,1.0,test
91c4c61f5db7e025e8435b2e13e50f6f,4b9750c8ad28220fe6702d4ecb7c898f,2018-08-12 11:41:14,2018-08-23,baby,RJ,SP,rio de janeiro,limeira,48.9,19.53,1,425.7026458043881,10.513032407407408,0.0795454545454545,0.9204545454545454,10.147114241372048,38.0,0.2016874996410765,0,4.3627314814814815,-6.150300925925926,5.0,test
4908c7c1919e42e7662e3cbd307edf74,ec4608a1f76453166bb312b2968aeaf4,2017-09-20 08:40:04,2017-10-10,furniture_decor,PR,SP,curitiba,porto ferreira,23.49,44.81,1,435.7349873303662,19.638842592592592,0.1666666666666666,0.8333333333333334,13.263236882716049,1.0,0.0855773664369103,0,14.464247685185184,-5.174594907407408,4.0,train
6dc8b8f970d5256ebe88e075c1428321,06a2c3af7b3aee5d69171b0e14f0ee87,2018-08-04 12:21:20,2018-09-05,health_beauty,CE,MA,acarau,sao luis,122.99,20.05,1,461.5767441208547,31.485185185185184,0.2006920415224913,0.7993079584775087,18.546460576060497,58.0,0.1277529416721124,0,9.76613425925926,-21.719050925925927,5.0,test
242ab4ce744f666fcffbc5d7fed8700d,1f50f920176fa81dab994f9023523100,2017-11-24 12:35:43,2017-12-20,garden_tools,BA,SP,salvador,sao jose do rio preto,49.0,19.63,1,1444.2925063158716,25.47519675925926,0.0339805825242718,0.9660194174757282,14.097214019237695,152.0,0.3227171325106729,1,41.40210648148148,15.926909722222222,2.0,train
724c961debc8da1bfd7c243def4d63c5,b2479f944e1b90cf8a5de1bbfde284d6,2018-05-05 21:09:40,2018-05-30,bed_bath_table,PR,SP,londrina,ibitinga,24.99,18.23,1,290.9282147215635,24.11828703703704,0.2,0.8,17.866630401234566,23.0,0.1360569642830069,0,10.950694444444444,-13.167592592592593,3.0,test
64999819cdd2759997379730b8aa6e22,cc419e0650a3c5ba77189a1882b7556a,2017-11-03 19:20:02,2017-11-24,perfumery,SP,SP,itupeva,santo andre,56.99,11.9,1,77.78937416029157,20.194421296296294,0.0248366013071895,0.9751633986928104,10.378839733115464,119.0,0.0256714380033925,0,14.79295138888889,-5.401469907407408,3.0,train
4773c609fb495ef34f84ee9e40014073,3d871de0142ce09b7081e2b9d1733cb1,2017-12-11 23:18:44,2018-01-15,stationery,CE,SP,fortaleza,campo limpo paulista,79.0,28.95,1,2336.3164936312,34.02865740740741,0.0202247191011235,0.9797752808988764,10.791313956512685,125.0,0.1437469746475773,0,27.84043981481481,-6.188217592592593,4.0,train
554647072788557163baf06383119edb,6560211a19b47992c3666cc44a7e94c0,2018-06-25 15:27:32,2018-07-05,watches_gifts,SP,SP,sao paulo,sao paulo,55.0,7.65,1,6.057289229884857,9.35587962962963,0.0657797487065779,0.934220251293422,10.411762167747945,143.0,0.1405379132677839,0,2.0703472222222223,-7.285532407407407,5.0,test
b6502edb6fe39f81f15fd2e42c725ed6,850f4f8af5ea87287ac68de36e29107f,2017-10-08 21:50:19,2017-11-01,watches_gifts,DF,SP,brasilia,sao paulo,79.0,14.3,1,881.3998445697518,23.09005787037037,0.0,1.0,7.58485169035314,9.0,0.0207616190181956,0,9.953912037037036,-13.136145833333334,3.0,train
71ca30b49c5b34847a66dd05c3a9f8e4,2a1348e9addc1af5aaa619b1a3679d6b,2017-05-26 10:44:07,2017-06-26,health_beauty,SC,MG,itajai,belo horizonte,37.9,16.79,1,911.6097934242664,30.55269675925926,0.1666666666666666,0.8333333333333334,16.491888985339504,3.0,0.12415224161013,1,32.15545138888889,1.6027546296296296,3.0,train
1d46e675ce9d3f5116766812e0a00777,ccc4bbb5f32a6ab2b7066a4130f114e3,2017-12-13 23:53:33,2018-01-11,health_beauty,PR,PR,foz do iguacu,curitiba,349.9,16.18,1,528.5029683843933,28.004479166666663,0.057471264367816,0.942528735632184,15.943845519369944,19.0,0.0879394861434612,0,13.827326388888888,-14.177152777777778,5.0,train
81ab0b4068c1bae0e818206c28b2c9ca,cca3071e3e9bb7d12640c9fbe2301306,2017-07-13 18:21:02,2017-08-14,fashion_male_clothing,RJ,SP,rio de janeiro,ibitinga,59.9,16.18,1,588.5195764026325,31.23539351851852,0.0293040293040293,0.9706959706959708,13.335477038393709,45.0,0.0157124742049054,0,13.887233796296297,-17.34815972222222,5.0,train
c1c7173565800e41c6701cfc4435f467,cca3071e3e9bb7d12640c9fbe2301306,2017-12-04 22:10:16,2017-12-28,furniture_decor,RJ,SP,rio de janeiro,ibitinga,190.14,35.82,2,575.8104534774202,23.076203703703705,0.04,0.96,13.481692718855207,61.0,0.370919862687621,0,16.517453703703705,-6.55875,5.0,train
ace1fa00a0f5414248ce3e4c1ccc0c0f,1da3aeb70d7989d1e6d9b0e887f97c23,2018-04-08 10:02:46,2018-05-07,auto,MT,SP,cuiaba,sao paulo,16.99,17.06,1,1331.0576728126528,28.58141203703704,0.036144578313253,0.963855421686747,8.869331422913879,23.0,0.0884059562684896,0,15.413657407407408,-13.167754629629629,5.0,test
cd86914245acd8379b9945b2351b6637,5f2684dab12e59f83bef73ae57724e45,2017-11-27 21:20:13,2017-12-15,toys,RJ,SP,rio de janeiro,sao paulo,199.9,20.89,1,330.7129272219924,17.110960648148147,0.0,1.0,7.51347048611111,3.0,0.3814357458121866,0,11.668969907407408,-5.44199074074074,5.0,train
7e3154615c510971dc93f2d63397b3db,9646c3513289980f17226a2fc4720dbd,2018-06-15 10:28:15,2018-07-26,computers_accessories,RJ,SP,rio de janeiro,sao jose dos campos,28.0,18.3,1,258.78130402441235,40.563715277777774,0.0307692307692307,0.9692307692307692,11.308803418803418,0.0,0.0809739411417934,0,11.33792824074074,-29.22578703703704,5.0,test
0cd10c551ff0a0d5c0e5839bfb766219,f8db351d8c4c4c22c6835c19a46f01b0,2017-04-16 21:48:46,2017-05-22,toys,RN,SP,mossoro,salto,36.9,24.84,1,2270.401908834657,35.091134259259256,0.0357142857142857,0.9642857142857144,10.75026351686508,27.0,0.1484279598327123,1,35.72726851851852,0.6361342592592593,4.0,train
f68e99de5c101aa886450b4a0278bee3,562fc2f2c2863ab7e79a9e4388a58a14,2018-07-21 15:10:22,2018-08-07,telephony,ES,SP,vitoria,campinas,29.99,15.31,1,757.5224759337384,16.367800925925927,0.0357142857142857,0.9642857142857144,11.698195012814155,19.0,0.129869393956708,0,12.88699074074074,-3.4808101851851854,3.0,test
0d5286ba45f14f5c1d188ccfe21a79c4,53243585a1d6dc2643021fd1853d8905,2018-07-14 17:03:50,2018-08-09,telephony,RS,BA,porto alegre,lauro de freitas,295.0,29.35,1,2327.389846304247,25.28900462962963,0.034090909090909,0.9659090909090908,13.890643281776091,6.0,0.1831225475418129,0,11.083981481481482,-14.205023148148149,4.0,test
065bc1a2569e7a22835b49f40208f394,1dd33b8119b3cb1056ed5dc88cd0aaf4,2017-11-09 13:49:13,2017-11-23,musical_instruments,SP,SP,sorocaba,sao paulo,199.0,10.21,1,79.4847695317481,13.424155092592592,0.0395078785486364,0.9604921214513636,12.165315011944733,0.0,0.0859106721423563,0,4.147962962962963,-9.27619212962963,4.0,train
41f02d9998aea7e212e8917bf2649cce,382229d1e840115ffe3dbf5ff460e417,2018-08-05 12:08:20,2018-08-09,pet_shop,RJ,RJ,rio de janeiro,rio de janeiro,29.9,7.63,1,9.82288294915834,3.494212962962963,0.032258064516129,0.967741935483871,10.145095579450416,11.0,0.1158690562187326,1,8.183136574074075,4.688923611111111,1.0,test
12788f3056c6392e73afcd37df5482ad,391fc6631aebcf3004804e51b40bcf1e,2017-07-13 12:07:21,2017-08-04,furniture_decor,PR,SP,siqueira campos,ibitinga,73.35,16.27,1,237.07905387309765,21.49489583333333,0.0566037735849056,0.9433962264150944,12.96522132686932,25.0,0.0254596066596215,0,7.298854166666667,-14.196041666666666,4.0,train
5c59770bf04560b62d68aaa3d7570fed,1a3df491d1c4f1589fc2b934ada68bf2,2018-05-10 21:54:59,2018-06-04,bed_bath_table,RS,SC,rio grande,joinville,89.0,23.2,1,718.690087867609,24.08681712962963,0.06,0.94,15.120338503086415,5.0,0.143405645531678,0,7.833668981481481,-16.25314814814815,5.0,test
f89be12959c54bfc8be493fa13fb2f10,a49928bcdf77c55c6d6e05e09a9b4ca5,2017-08-15 16:39:21,2017-09-04,fashion_underwear_beach,SP,SP,presidente prudente,sao paulo,69.9,13.51,1,514.3379674391001,19.306006944444444,0.0,1.0,10.931665013227514,5.0,0.0165560892923732,0,7.201099537037037,-12.104907407407408,5.0,train
8eca0ff73474c8c18f8daa7603c1cff7,276677b5d08786d5dce7c2149dcce48b,2018-07-25 11:21:21,2018-08-08,health_beauty,MG,MG,extrema,belo horizonte,19.9,13.48,1,416.1247973387063,13.526840277777778,0.1071428571428571,0.8928571428571429,12.486100363756613,1.0,0.1131661313291793,0,6.1271875,-7.399652777777778,5.0,test
431d5e312bed6ff804f464a5e0c63cf8,fa1c13f2614d7b5c4749cbc52fecda94,2018-06-13 21:37:01,2018-07-23,watches_gifts,RJ,SP,rio de janeiro,sumare,698.9,19.99,1,408.0982140656192,39.09929398148148,0.1097046413502109,0.890295358649789,14.098029965619627,34.0,0.1512176964287491,0,7.098333333333334,-32.00096064814815,5.0,test
e3b7e48fbae78fdbffdf354d08bfcf4a,8e6cc767478edae941d9bd9eb778d77a,2017-10-14 23:57:22,2017-11-08,housewares,ES,MG,guarapari,araguari,66.6,19.71,1,836.939148289066,24.001828703703705,0.0632911392405063,0.9367088607594936,16.106827824660105,5.0,0.1076703999625292,0,16.928136574074074,-7.07369212962963,5.0,train
878da2363edf85ee1af1935bab61fcd0,1d4587203296c8f4ad134dc286fa6db0,2018-02-23 12:05:27,2018-03-09,auto,SP,SP,sao bernardo do campo,sao paulo,53.9,11.73,1,29.2896358512115,13.496215277777775,0.0,1.0,12.787265624999998,4.0,0.0743103401277891,0,5.353668981481482,-8.142546296296297,5.0,validation
935be32550a2544a4fba77fca77c8dd2,4a3ca9315b744ce9f8e9374361493884,2017-07-21 20:37:36,2017-08-10,bed_bath_table,SP,SP,sao paulo,ibitinga,179.8,24.26,2,310.7328992553986,19.140555555555554,0.0343980343980344,0.9656019656019657,12.60975356037855,120.0,0.0213522701807483,0,9.705046296296295,-9.43550925925926,3.0,train
8cc012923b38d546150622ee192f83e8,0ea22c1cfbdc755f86b9b54b39c16043,2017-02-13 00:18:48,2017-03-24,fashion_bags_accessories,SP,MG,sao paulo,sete lagoas,19.9,14.52,1,531.3637267392271,38.98694444444445,0.0,1.0,9.94052662037037,21.0,0.0139083212856565,0,9.568622685185185,-29.41832175925926,5.0,train
89375eabf1f0c640f093abce3f12a9f3,8f119a0aee85c0c8fc534629734e94fd,2018-04-10 21:58:17,2018-05-15,home_appliances,RJ,SP,rio de janeiro,barueri,24.99,15.23,1,372.2414798775025,34.084525462962965,0.0408163265306122,0.9591836734693876,10.782161517384733,4.0,0.1054085436117757,0,10.009375,-24.075150462962963,4.0,test
a66b73e5e96567d039cbebbde0ec0bae,253f95b3a0e6983ae18aed49fbc2b845,2018-03-21 08:26:56,2018-04-03,auto,SP,SP,campinas,sao paulo,108.9,11.39,1,86.01899384322184,12.647962962962962,0.064226674259288,0.935773325740712,13.922653643061782,0.0,0.1462327094648327,0,8.358344907407407,-4.289618055555556,5.0,validation
9ef657cb5874904c5d3a1a46faeefd7d,00ee68308b45bc5e2660cd833c3f81cc,2018-03-08 09:25:06,2018-03-20,bed_bath_table,SP,SP,sao paulo,sao paulo,369.0,10.46,1,11.319121294965669,11.607569444444444,0.0416666666666666,0.9583333333333334,8.228111135223768,21.0,0.083025268076331,0,1.5164351851851852,-10.09113425925926,5.0,validation
2809bdf222a943e3f8f49ff324724f43,a1bea7061f61f6fdd9a85a6325ba1033,2018-07-31 11:41:02,2018-08-16,telephony,DF,SP,brasilia,carapicuiba / sao paulo,39.99,15.38,1,882.885672260966,15.513171296296296,0.0,1.0,4.801026234567901,3.0,0.1171631725332308,0,7.448402777777778,-8.064768518518518,5.0,test
3910ae71e82730e3c560049e7637b3c2,59b22a78efb79a4797979612b885db36,2018-04-22 23:13:59,2018-05-17,housewares,SP,MG,embu das artes,uberlandia,199.0,42.15,1,550.0218300562119,24.03195601851852,0.119047619047619,0.8809523809523809,13.232905643738976,10.0,0.1316447327073666,0,9.833912037037036,-14.19804398148148,5.0,test
493c01f6ccb506898f25e3b7eb123d18,0dd184061fb0eaa7ca37932c68ab91c5,2018-02-17 14:07:46,2018-03-22,housewares,MG,SP,santa barbara,guarulhos,120.0,23.0,1,509.0361646701687,32.41127314814815,0.0,1.0,10.670188078703704,20.0,0.0436014015927252,0,6.549594907407408,-25.86167824074074,,validation
88f4f8db113ed457801a7d675ed0ea61,cab85505710c7cb9b720bceb52b01cee,2017-08-19 11:34:47,2017-10-03,fashion_bags_accessories,BA,SP,casa nova,sao paulo,49.9,16.79,1,1698.3775316397653,44.51751157407407,0.0,1.0,10.569760380497684,15.0,0.019039216536593,0,18.45636574074074,-26.06114583333333,4.0,train
f6936f90b47f4c2a88307ac09bcf36e6,8160255418d5aaa7dbdc9f4c64ebda44,2018-01-30 18:29:53,2018-02-21,bed_bath_table,SP,SP,sao paulo,ibitinga,109.9,13.79,1,294.88421099621667,21.229247685185182,0.2622950819672131,0.7377049180327868,20.318283906344877,33.0,0.108657876259148,1,22.045613425925925,0.8163657407407408,5.0,validation
867b894c187b59ff2425447c7c13c898,e601b04acf48b4576e73ddca9481f0dc,2018-06-07 21:25:37,2018-06-25,health_beauty,SP,SP,santos,sao paulo,12.49,7.39,1,43.19997887072581,17.107210648148147,0.0,1.0,7.544597222222222,5.0,0.0824263315213358,0,6.938136574074074,-10.169074074074071,4.0,test
fb3d204c4263192a9661a13797bfd63e,562fc2f2c2863ab7e79a9e4388a58a14,2018-05-11 16:59:46,2018-06-11,telephony,PB,SP,joao pessoa,campinas,39.99,22.85,1,2190.0048906509764,30.291828703703704,0.0510948905109489,0.948905109489051,12.90600762030278,67.0,0.1327805967030093,0,9.800844907407408,-20.49098379629629,4.0,test
fba547ee0dbc8830f00e8d3cc83bf246,18e694e0e48ed6f7aa3f24aade5fd697,2018-08-25 11:24:27,2018-09-19,computers_accessories,PR,SP,araucaria,varzea paulista,20.9,18.25,1,370.1099969110516,24.5246875,0.04,0.96,6.160465740740741,15.0,0.0736930665864657,0,5.354143518518518,-19.170543981481483,5.0,test
d9e350703a718681ef3cc6f0d92c0c10,8e6d7754bc7e0f22c96d255ebda59eba,2018-01-02 15:25:51,2018-01-24,computers_accessories,SP,SP,porto feliz,sao jose dos campos,109.89,13.11,1,167.12848989278814,21.35704861111111,0.0523633893040861,0.9476366106959138,13.063966479332436,1.0,0.0724175197419826,0,12.879618055555556,-8.477430555555555,5.0,validation
420b8fd243de13ebf2c9096ce7a69750,8b321bb669392f5163d04c59e235e066,2018-04-23 17:14:48,2018-05-09,computers_accessories,SP,SP,sorocaba,sao paulo,19.9,7.39,1,80.53579599423674,15.28138888888889,0.119448698315467,0.8805513016845329,13.34703042581249,108.0,0.1319743061583756,0,4.151956018518519,-11.12943287037037,5.0,test
a5d65a8f94a1020f43ab5107168d43d3,e8a85b5f3df47be0984c55fd4064dbb4,2018-02-11 08:14:07,2018-03-07,housewares,SP,DF,sao paulo,brasilia,18.0,15.79,1,874.270156009716,23.656863425925927,0.0588955086156747,0.9411044913843252,13.336528511644335,0.0,0.0694699460892517,0,9.55179398148148,-14.105069444444444,5.0,validation
bf49f84a0580ef6751e13357776b7ed9,4e922959ae960d389249c378d1c939f5,2017-07-02 21:25:56,2017-07-28,unknown,PR,SP,rio negro,jacarei,39.0,15.1,1,495.0127727947248,25.10699074074074,0.0396039603960396,0.9603960396039604,13.932403052805276,24.0,0.0143668152926,0,8.806493055555556,-16.300497685185185,5.0,train
b394c91714441e1146cc0091a94f99bd,a1bea7061f61f6fdd9a85a6325ba1033,2018-07-18 21:56:16,2018-08-06,auto,SC,SP,jaragua do sul,carapicuiba / sao paulo,125.2,18.98,1,398.1548007564312,18.085925925925928,0.0,1.0,4.272390046296296,2.0,0.0997595099388451,0,5.858298611111112,-12.227627314814814,3.0,test
ea0472e5d6f63e79bfed49785b12e467,7e1fb0a3ebfb01ffb3a7dae98bf3238d,2017-12-07 22:04:39,2018-01-05,health_beauty,MG,SP,montes claros,franca,150.0,15.8,1,564.5885543796059,28.08010416666667,0.0769230769230769,0.9230769230769232,14.351454104344729,8.0,0.0692015542230437,0,12.638807870370371,-15.441296296296295,5.0,train
9609b17631c31335c7ee54d0b9dc5716,70b52a4cfc823994561b00bad161b4ed,2018-07-13 11:11:57,2018-08-01,auto,PR,SP,araucaria,sao paulo,58.5,15.51,1,360.19174129393787,18.53336805555556,0.0,1.0,8.706566358024691,3.0,0.0933411573985281,0,13.403263888888889,-5.1301041666666665,4.0,test
8be1dd0fb923fea4a685f47cbad9e81a,f7ba60f8c3f99e7ee4042fdef03b70c4,2018-04-09 20:18:23,2018-05-10,health_beauty,BA,SP,esplanada,sao bernardo do campo,330.0,22.34,1,1602.8855473244464,30.15390046296296,0.1545454545454545,0.8454545454545455,13.71717297979798,27.0,0.167077099628104,0,15.090416666666666,-15.063483796296296,5.0,test
12a084b79a73e3332c73e0ba4364458b,c013e57c075a06e5b5c48ee03c525719,2018-05-05 11:14:00,2018-06-18,pet_shop,RJ,SP,rio de janeiro,sao carlos,39.99,18.23,1,458.9917096938572,43.53194444444444,0.1428571428571428,0.8571428571428572,11.592041997354498,3.0,0.1153522266662031,0,20.07961805555556,-23.45232638888889,2.0,test
e28e3a2634cfaa83736d5dfd494f3640,3f8034bfc6b8b4135534975d49f04c63,2017-03-29 15:06:02,2017-04-25,unknown,MG,PR,carlos chagas,curitiba,89.9,17.47,1,1225.1462736916365,26.370810185185185,0.0,1.0,10.162916666666668,4.0,0.0199137258280765,0,14.053032407407407,-12.317777777777778,4.0,train
61102a4a6d41f03e2c98d15f372979e1,3481aa57cd91f9f9d3fa1fa12d9a3bf7,2017-08-10 14:39:53,2017-08-30,furniture_decor,SP,SP,sao paulo,capivari,86.73,24.92,1,104.8311439758322,19.388969907407407,0.0,1.0,10.56008212081129,1.0,0.0287072127924181,0,7.164444444444444,-12.224525462962964,1.0,train
e7567e43caf379d79065cbb612f06554,3d871de0142ce09b7081e2b9d1733cb1,2018-01-17 06:15:52,2018-02-07,stationery,SP,SP,campinas,campo limpo paulista,189.0,32.35,1,48.301769945969,20.73898148148148,0.0516129032258064,0.9483870967741936,12.504988033900837,195.0,0.1014704944728498,0,9.564652777777775,-11.174328703703704,5.0,validation
768e562205a3f907b620aa6f945f596c,ff1fb4c404b2efe68b03350a8dc24122,2018-07-10 17:25:18,2018-07-30,toys,MG,SP,monte santo de minas,mogi das cruzes,99.0,18.79,1,286.399783394429,19.274097222222224,0.0571428571428571,0.9428571428571428,9.3334460978836,4.0,0.1103500462731631,0,13.106527777777778,-6.167569444444444,5.0,test
8e084e8efad16f27d7f26e71af985ce2,da8622b14eb17ae2831f4ac5b9dab84a,2018-03-07 22:11:46,2018-04-03,bed_bath_table,RJ,SP,vassouras,piracicaba,139.89,41.51,2,411.7925955262364,26.075162037037035,0.0586701434159061,0.9413298565840938,11.835511100246263,99.0,0.1706516519078256,1,35.74434027777778,9.669178240740742,,validation
21d83e75dc0edc8c7aa58b4370a3518a,52f9db5cfb423382a2fa5c9e39303202,2018-07-23 14:09:42,2018-08-08,health_beauty,SP,SP,itariri,echapora,43.98,25.62,2,373.0418538545301,15.409930555555556,0.0,1.0,10.12237512183236,2.0,0.0937511074733084,0,7.117303240740741,-8.292627314814816,5.0,test
688fb7e7c929bfa4711317fb51d8820c,0afccdb8a34ee5c79f7c06faf2b4d56e,2018-03-08 18:05:23,2018-03-29,telephony,RJ,MG,angra dos reis,uberlandia,39.9,18.23,1,613.5813380871598,20.246261574074072,0.0454545454545454,0.9545454545454546,12.540455071548822,0.0,0.1573564344135863,1,27.26633101851852,7.020069444444444,1.0,validation
79ad637a926169cb9163785096512c03,b76dba6c951ab00dc4edf0a1aa88037e,2017-07-24 16:11:34,2017-08-24,telephony,BA,SP,salvador,sao paulo,12.97,15.79,1,1454.3013091879782,30.325300925925927,0.0,1.0,10.171889650726673,9.0,0.0494084630799678,0,9.0378125,-21.287488425925925,4.0,train
6975181fadf909dc0ec2cffd86bb0176,0bae85eb84b9fb3bd773911e89288d54,2018-04-12 09:02:42,2018-05-04,housewares,SP,SP,sao paulo,itajai,27.95,19.32,1,407.2003303509708,21.623125,0.0091743119266055,0.9908256880733946,10.94266299269453,7.0,0.0811448919733435,0,4.430324074074074,-17.192800925925926,2.0,test
8cfda98bcf56276214f825ebb636de75,d9cb0052a666de5308b32f32ad5f1b1c,2018-05-15 22:07:28,2018-06-01,health_beauty,SP,SP,sao bernardo do campo,olimpia,65.6,13.82,1,411.3306508020546,16.07814814814815,0.0,1.0,13.119589120370373,0.0,0.1036604825538884,0,12.799270833333331,-3.2788773148148147,5.0,test
d1839b49944e9f40df652ab476e812b7,c826c40d7b19f62a09e2d7c5e7295ee2,2018-03-01 10:35:27,2018-03-13,unknown,SP,SP,sao paulo,guarulhos,259.77,10.01,1,28.90394940443449,11.558715277777775,0.0478723404255319,0.952127659574468,12.48195952767927,66.0,0.1058802407389903,0,1.4702777777777778,-10.0884375,1.0,validation
e8e55eaa809f3091cc5060cc53735660,447d377bdb757058acb569025ee18a93,2018-02-02 18:46:41,2018-03-06,stationery,RJ,RS,itaperuna,carazinho,64.99,18.02,1,1352.3442772131816,31.21758101851852,0.0587137316714022,0.941286268328598,13.225291071172546,0.0,0.1439676610371182,0,18.0040625,-13.21351851851852,5.0,validation
3a438588c7446ebe249ca2658e5e99bb,729f06993dac8e860d4f02d7088ca48a,2017-10-06 10:28:12,2017-11-01,pet_shop,DF,SP,brasilia,limeira,159.9,21.61,1,433.8627007558771,25.56375,0.0285714285714285,0.9714285714285714,10.766055555555557,8.0,0.0201399506645713,0,11.334212962962964,-14.229537037037035,5.0,train
b78fe356032335a43cffa305a1efabf1,f8db351d8c4c4c22c6835c19a46f01b0,2018-05-07 23:45:58,2018-05-15,housewares,SP,SP,sao paulo,salto,48.9,8.82,1,72.47702398914146,7.0097453703703705,0.0526315789473684,0.9473684210526316,10.763109513232878,42.0,0.1575612894153603,0,1.820023148148148,-5.189722222222223,5.0,test
178e15ed751c7d56dfba347c28d50b06,c826c40d7b19f62a09e2d7c5e7295ee2,2018-02-18 13:18:53,2018-03-06,unknown,SP,SP,sao paulo,guarulhos,157.77,9.3,1,15.34503120059314,15.445219907407408,0.0368098159509202,0.9631901840490796,12.01118978641218,67.0,0.0740630384842118,0,2.3321875,-13.113032407407408,5.0,validation
e0e8bc6045cfe08b087197d81196e339,75d34ebb1bd0bd7dde40dd507b8169c3,2017-02-07 21:05:56,2017-03-22,telephony,GO,BA,catalao,salvador,142.99,21.54,1,1164.8948881056003,42.12087962962963,0.0051085568326947,0.9948914431673052,13.667393529306604,8.0,0.0322979525642096,0,15.518229166666666,-26.602650462962963,4.0,train
f8fe883e2728cda6bce4c9552d521f71,a36b125ac6d5fdbc7f50de85c9157bdc,2017-11-24 15:22:22,2017-12-14,sports_leisure,SP,SP,ubatuba,ribeirao preto,149.97,35.55,3,374.6091972325952,19.359467592592598,0.1333333333333333,0.8666666666666667,12.975979938271603,1.0,0.1006243743778903,0,12.29148148148148,-7.067986111111111,5.0,train
8e2cbf2f771a9e3db9a33a324d3a2b0c,8b321bb669392f5163d04c59e235e066,2018-02-15 19:23:46,2018-03-02,electronics,SP,SP,santos,sao paulo,13.65,7.78,1,55.55187089452545,14.191828703703704,0.0597484276729559,0.940251572327044,11.834682986839049,162.0,0.0837462496694421,0,7.836458333333334,-6.355370370370371,3.0,validation
c2c2218cf6b63e953f3901f9d838003f,ef506c96320abeedfb894c34db06f478,2017-05-31 22:33:11,2017-06-23,telephony,MG,SP,ouro preto,sao paulo,34.0,30.2,2,466.307053777013,22.060289351851853,0.0510204081632653,0.9489795918367347,12.634300240929708,35.0,0.0212441963088132,0,6.688923611111111,-15.37136574074074,5.0,train
22aceb58bfd80959564e4b2ecd9ea0ef,4a3ca9315b744ce9f8e9374361493884,2017-09-12 21:22:46,2017-10-04,bed_bath_table,SC,SP,cacador,ibitinga,48.9,16.11,1,600.8680380452133,21.109189814814812,0.0302521008403361,0.969747899159664,12.676741791160904,102.0,0.1788851283664035,1,21.751608796296296,0.6424189814814815,5.0,train
5d90613dda6344621749ba10ca8286a6,b76dba6c951ab00dc4edf0a1aa88037e,2017-04-24 21:38:11,2017-05-15,telephony,MG,SP,belo horizonte,sao paulo,12.97,14.11,1,485.8272511683053,20.098483796296296,0.0,1.0,9.350328189300413,8.0,0.0439537314641268,0,15.283078703703705,-4.815405092592592,5.0,train
9b0efb7141956726fa720e1ab576d4ca,87142160b41353c4e5fca2360caf6f92,2017-08-02 07:37:51,2017-08-22,consoles_games,RS,RS,rolante,porto alegre,34.9,13.37,1,72.55140560134781,19.68204861111111,0.0303030303030303,0.9696969696969696,12.530543630751955,23.0,0.0288037596370647,0,5.294571759259259,-14.387476851851853,5.0,train
c91bb9b296c26b316c8acead6501905a,8931a84a914b3fe9b1ddaa4d704947ca,2017-05-15 19:27:13,2017-06-06,perfumery,RJ,SP,rio de janeiro,sao paulo,69.9,14.24,1,328.53011650144646,21.18943287037037,0.0,1.0,8.460667438271605,3.0,0.0195774218736681,0,15.81150462962963,-5.377928240740741,2.0,train
9241b8242fcfa16437e5eb1136ff9d1e,dd55f1bb788714a40e7954c3be6df745,2018-03-20 09:52:42,2018-04-13,cool_stuff,CE,SP,fortaleza,sao paulo,380.9,22.72,1,2369.966888853323,23.588402777777777,0.2105263157894736,0.7894736842105263,20.65429032651072,4.0,0.2156334639640637,0,9.474988425925924,-14.113414351851851,5.0,validation
5b733d05e2c2909d6e5e9a81408ed99a,5cf13accae3222c70a9cac40818ae839,2018-02-10 16:08:29,2018-03-08,pet_shop,RJ,MG,rio de janeiro,patos de minas,89.7,15.38,1,576.0434329736888,25.32744212962963,0.0175438596491228,0.9824561403508772,11.716685347628331,4.0,0.1119130608098066,0,19.91568287037037,-5.411759259259259,4.0,validation
9eecf4b8716283fcb0f026e1308cc805,fe2032dab1a61af8794248c8196565c9,2017-07-05 13:55:35,2017-08-08,perfumery,PE,SP,ipojuca,campinas,339.0,20.91,1,2060.1722060884326,33.4197337962963,0.0,1.0,8.350755246913582,35.0,0.1486592884204814,1,48.26818287037037,14.848449074074074,1.0,train
60d415e84551cac375bb52d28412c53f,d921b68bf747894be13a97ae52b0f386,2018-05-12 20:04:27,2018-06-06,watches_gifts,SP,MG,braganca paulista,formiga,215.0,19.39,1,296.44167061227824,24.163576388888888,0.0,1.0,8.915729166666667,23.0,0.070663794568147,0,10.000081018518518,-14.16349537037037,5.0,test
2132578dc3560ff41c32c417821faead,ceaec5548eefc6e23e6607c5435102e7,2018-04-10 22:58:03,2018-05-03,cool_stuff,SP,SP,sao paulo,sao paulo,269.0,16.79,1,8.541713502494401,22.043020833333333,0.0161290322580645,0.9838709677419356,14.287267958482673,34.0,0.1251574670710257,0,2.878773148148148,-19.164247685185185,4.0,test
ce96e1f727877ff03577e45707a78265,d9e7e7778b32987280a6f2cb9a39c57d,2018-04-13 10:15:50,2018-05-15,health_beauty,SC,SP,sao miguel do oeste,sao paulo,101.5,23.29,1,783.1469530477702,31.57233796296296,0.5,0.5,20.545543981481483,4.0,0.1357021695070394,0,10.261215277777778,-21.311122685185182,5.0,test
c05394da933eae4ce6e374978c70998b,6a8b085f816a1f75f92dbac6eb545f8f,2018-04-03 17:37:40,2018-05-03,auto,PR,SP,terra rica,bebedouro,58.5,18.29,1,471.12846899444185,29.26550925925926,0.0714285714285714,0.9285714285714286,13.33959380511464,9.0,0.1069603645679744,0,8.906157407407408,-20.35935185185185,5.0,test
db8eada3caefb89041191d366a349d85,99a54764c341d5dc80b4a8fac4eba3fb,2018-04-28 12:00:20,2018-05-14,housewares,SP,SP,jundiai,sao paulo,41.8,8.88,1,52.20331837887837,15.499768518518518,0.0837926257773586,0.9162073742226414,13.71498031971281,2.0,0.1207550508179075,0,4.097650462962963,-11.402118055555556,5.0,test
69077141219d094a1413c873be09cc9c,4e06067cc08b3f41d837768d392c3ee3,2017-10-18 17:02:05,2017-11-06,perfumery,RJ,MG,rio de janeiro,betim,26.99,28.19,2,338.6184196553017,18.29021990740741,0.0,1.0,5.864421296296296,3.0,0.0410087333456942,0,13.024201388888889,-5.266018518518519,4.0,train
e03be3ebbeec6df71299d49c3e32c750,e5a3438891c0bfdb9394643f95273d8e,2018-01-30 22:01:59,2018-02-15,fashion_bags_accessories,SP,SP,mogi das cruzes,limeira,27.3,8.11,1,166.00765370577966,15.081956018518518,0.140625,0.859375,14.162072030526613,40.0,0.0970279817061257,0,2.8231712962962963,-12.258784722222222,5.0,validation
2e4899499b2a58836683747b7375d7a1,7142540dd4c91e2237acb7e911c4eba2,2017-12-02 01:14:27,2018-01-04,auto,SC,SP,sao joaquim,penapolis,139.9,18.23,1,763.1541707921236,32.94829861111111,0.0462962962962962,0.9537037037037036,14.892504501028798,29.0,0.149205260333582,0,27.817881944444444,-5.130416666666667,5.0,train
7c644ea34ca017627bdfc5a5465a14a3,8a32e327fe2c1b3511609d81aaf9f042,2017-09-23 02:09:15,2017-10-24,furniture_decor,RN,SP,natal,sao paulo,34.99,21.15,1,2309.786529343812,30.910243055555554,0.0416666666666666,0.9583333333333334,8.878419053819444,7.0,0.0422058416215561,0,20.705092592592592,-10.205150462962964,1.0,train
fd247854b1d057cbfc280fd673c61933,25c5c91f63607446a97b143d2d535d31,2017-10-30 15:23:51,2017-11-17,computers_accessories,RJ,MG,rio de janeiro,itauna,137.9,38.81,1,345.90745646422056,17.3584375,0.0555555555555555,0.9444444444444444,13.904147376543213,17.0,0.0826660545023208,0,11.140868055555556,-6.217569444444444,5.0,train
9fbb5a7911ef83cac2881f1bbdaf7812,066a6914e1ebf3ea95a216c73a986b91,2017-04-09 13:33:34,2017-05-10,sports_leisure,RJ,PR,rio de janeiro,foz do iguacu,219.0,17.23,1,1145.413565346913,30.435023148148147,0.0,1.0,8.247523148148147,2.0,0.049877575376346,0,9.135324074074074,-21.299699074074077,5.0,train
4f6b1944e5dab6270cb4010b00edb3bc,1336efc61c316ddf92c899eb817f7cae,2018-07-04 15:54:10,2018-07-23,housewares,SP,SP,sao paulo,assis,35.0,13.83,1,397.2063653830817,18.33738425925926,0.0806451612903225,0.9193548387096774,12.3832123655914,2.0,0.0988403248819422,0,5.153043981481481,-13.184340277777778,4.0,test
8557dabbdacec1a9e250f5e70afe1eab,b1204cfda1d4948679db3cfc0d3cb95c,2017-01-26 13:15:41,2017-03-08,sports_leisure,RS,SP,canoas,guarulhos,44.6,16.05,1,858.6934957189956,40.44744212962963,0.0,1.0,7.747858796296296,1.0,0.0133779359367276,0,12.145925925925926,-28.301516203703702,5.0,train
91126b5e0117a1cb0c97cbdedc8184a8,c70c1b0d8ca86052f45a432a38b73958,2018-05-21 19:06:15,2018-06-04,health_beauty,SP,SP,sao paulo,hortolandia,110.32,7.64,1,102.23922739638256,13.203993055555555,0.0147058823529411,0.9852941176470588,5.182723311546844,64.0,0.1070397029512977,0,3.1753009259259257,-10.02869212962963,5.0,test
c19c797a23bbdd7e6ec08156bb0dcf77,c35affa65afd250151285c5917fc1c8a,2018-04-09 17:38:49,2018-04-26,auto,SP,SP,sao paulo,sao paluo,549.99,37.51,1,27.702804533086567,16.26471064814815,0.0,1.0,12.867430555555556,1.0,0.133957862039679,0,5.0647569444444445,-11.199953703703704,5.0,test
f850238de020e40b355e62b3198da17e,556a6409838156ea299c9d1f9e2dde43,2018-08-04 10:41:40,2018-08-29,housewares,RJ,PR,sao goncalo,curitiba,157.9,19.26,1,703.5770280758034,24.55439814814815,0.0,1.0,9.586944444444445,0.0,0.1230358900937926,0,7.320115740740741,-17.234282407407406,2.0,test
9d4ef6bf8501238d56e2c970ebae7d77,7e93a43ef30c4f03f38b393420bc753a,2017-09-10 11:53:37,2017-09-29,audio,SC,SP,blumenau,barueri,229.99,17.37,1,435.2261940886411,18.50443287037037,0.0326797385620915,0.9673202614379084,10.412644032921817,24.0,0.0723951065700107,0,4.283715277777778,-14.220717592592592,5.0,train
4fba3b9d5278d363d0c484bcbc816584,391fc6631aebcf3004804e51b40bcf1e,2017-09-18 23:41:24,2017-10-04,furniture_decor,SP,SP,sao paulo,ibitinga,139.67000000000002,27.02,2,302.6488344965,15.012916666666667,0.0542168674698795,0.9457831325301204,13.309357499442209,25.0,0.1398014870028688,1,15.820347222222225,0.8074305555555555,1.0,train
dec898799672bf9d3c4930eac5026453,c3cfdc648177fdbbbb35635a37472c53,2017-05-02 22:07:12,2017-05-31,sports_leisure,RJ,PR,rio de janeiro,curitiba,139.9,19.11,1,676.7758559837982,28.078333333333333,0.0606060606060606,0.9393939393939394,9.353339997194162,14.0,0.0289912070760338,0,9.605046296296296,-18.47328703703704,4.0,train
cda82176c91630890ede0612789bfa1e,729b2d09b2a0bdab221076327f13d050,2018-01-20 10:40:15,2018-02-19,health_beauty,MG,SP,sao sebastiao do paraiso,mineiros do tiete,32.9,15.1,1,225.2049465479648,29.555381944444445,0.1666666666666666,0.8333333333333334,11.542019675925925,5.0,0.0499837700317414,0,9.51625,-20.03913194444445,5.0,validation
5b74abebfd5bc1d137d7ade71c5cfd36,527801b552d0077ffd170872eb49683b,2018-08-24 20:22:30,2018-09-12,books_general_interest,SP,SP,guarulhos,garca,44.9,13.89,1,348.1287132503449,18.151041666666668,0.1034482758620689,0.896551724137931,13.327623456790125,6.0,0.1087283604741945,0,4.034201388888889,-14.116840277777778,5.0,test
f98961e605ec96d621506161743643f5,2a84855fd20af891be03bc5924d2b453,2018-06-10 08:48:15,2018-06-28,housewares,SP,MG,santo andre,belo horizonte,59.0,17.99,1,490.2753065221441,17.63315972222222,0.03,0.97,9.644196412037036,17.0,0.092878137022892,0,4.095069444444444,-13.538090277777778,5.0,test
4548b28532019ff74082bf5b5ab11410,2d42ebcda99fd55f6f4bc2f1ca035d50,2018-07-16 13:25:21,2018-08-03,small_appliances,DF,GO,brasilia,uruacu,89.0,18.72,1,178.89647738563863,17.440729166666667,0.0,1.0,9.07785590277778,4.0,0.0972893983351344,0,11.349351851851852,-6.091377314814815,5.0,test
3dc4c0506f878aebd3490dc72c1e77e2,98dac6635aee4995d501a3972e047414,2017-07-27 08:46:06,2017-08-16,housewares,SP,SP,sao paulo,sao paulo,29.9,9.34,1,7.143896576149122,19.634652777777777,0.0,1.0,8.383951581790123,4.0,0.014165634323269,0,14.372916666666669,-5.261736111111111,4.0,train
ec13b401afa92c73e534aa28d83e4ec0,66dc1b1632bd6a3e508510c5b3492107,2018-01-16 14:13:43,2018-02-16,telephony,RS,SP,porto alegre,jau,89.9,15.38,1,905.7320576875424,30.407141203703706,0.0,1.0,12.743101851851854,2.0,0.0916209725357516,0,17.198113425925925,-13.209027777777775,5.0,validation
e4272ba8b50a19a75e9905e062ddebbe,218d46b86c1881d022bce9c68a7d4b15,2017-12-10 22:51:43,2018-01-10,sports_leisure,ES,SP,cariacica,ribeirao preto,120.0,16.6,1,773.708866359739,30.04741898148148,0.0316455696202531,0.9683544303797468,12.310043439404591,30.0,0.1483116416773714,0,11.99420138888889,-18.053217592592592,5.0,train
aee92405acf40c19e4f73fb75727715d,59fb871bf6f4522a87ba567b42dafecf,2017-02-02 12:31:44,2017-03-21,health_beauty,SE,SP,simao dias,sao paulo,189.99,23.26,1,1694.777619095078,46.47796296296296,0.0,1.0,11.295838293650792,12.0,0.0326070910538993,0,13.133275462962963,-33.3446875,4.0,train
a38d3f174370890c07a5d34cae339ea9,8d956fec2e4337affcb520f56fd8cbfd,2018-03-21 21:46:48,2018-04-03,stationery,SP,SP,sao paulo,sao bernardo do campo,29.99,7.39,1,23.96542479667537,12.0925,0.0222222222222222,0.9777777777777776,9.445306327160491,31.0,0.0914647771215203,0,4.678368055555556,-7.414131944444445,5.0,validation
bc8a5de6abf5b14f98a6135a7fb46731,8c16d1f32a54d92897cc437244442e1b,2017-08-30 11:47:52,2017-09-20,office_furniture,SP,SC,maua,blumenau,129.70000000000002,29.1,2,450.129391981571,20.508425925925927,0.037037037037037,0.962962962962963,10.807218364197531,9.0,0.0175204961318018,0,2.2108101851851854,-18.297615740740746,3.0,train
8d2bf5a428d30fa82c85d57bea01159e,da8622b14eb17ae2831f4ac5b9dab84a,2018-01-06 11:59:07,2018-01-24,bed_bath_table,SP,SP,paulinia,piracicaba,264.9,16.36,1,50.14403157878427,17.500613425925927,0.0518962075848303,0.9481037924151696,11.89094246691801,113.0,0.0933657124467975,0,5.429282407407407,-12.07133101851852,4.0,validation
f706c0fff2fd0328697401c325dbd429,229c3efbfb0ea2058de4ccdfbc3d784a,2017-05-31 21:23:56,2017-06-23,computers_accessories,SP,MG,sao paulo,belo horizonte,93.0,14.4,1,471.4442469399138,22.10837962962963,0.0,1.0,9.33255304783951,32.0,0.0108643150652854,0,7.832430555555556,-14.275949074074074,4.0,train
bee9e2345c4d8f186d2aa7d57e1589f3,87142160b41353c4e5fca2360caf6f92,2017-05-23 18:31:34,2017-06-20,computers_accessories,SP,RS,pindamonhangaba,porto alegre,69.9,19.73,1,972.012446137686,27.228078703703705,0.0545454545454545,0.9454545454545454,14.033938131313132,21.0,0.0229292950922691,0,6.564965277777778,-20.663113425925925,5.0,train
79bddd312603ec0241e3d42556c6bba4,17e34d8224d27a541263c4c64b11a56b,2018-03-04 15:30:14,2018-04-02,perfumery,RN,SP,mossoro,riberao preto,174.56,38.77,1,2105.2310378423404,28.354004629629628,0.0666666666666666,0.9333333333333332,13.928838991769547,8.0,0.1633044449457794,0,15.29298611111111,-13.061018518518518,5.0,validation
3c33046864727b932e3c4087844f091c,a23266650e7c84bb93fbbba502137478,2017-12-29 18:39:33,2018-01-31,home_construction,PR,RS,assis chateaubriand,porto alegre,127.8,30.4,2,665.1306422530896,32.22253472222222,0.0,1.0,10.928831018518515,2.0,0.0342817645036859,0,10.954907407407408,-21.267627314814813,3.0,train
ea9184ad433a404df1d72fa0a8764232,70a12e78e608ac31179aea7f8422044b,2018-08-20 20:10:03,2018-09-11,construction_tools_construction,PR,SP,cascavel,jacarei,89.0,18.72,1,786.3207257550865,21.1596875,0.1096774193548387,0.8903225806451613,14.755591883213844,1.0,0.1453685030596736,0,7.97806712962963,-13.18162037037037,5.0,test
a67f2f8a8a684916bd58ae4f6f2a4507,0bf0150d5b9d60d9cd2906003332f085,2017-03-23 14:22:15,2017-04-11,furniture_decor,SP,SP,santos,sao paulo,99.8,23.48,2,50.151838466630615,18.401215277777776,0.0,1.0,11.062118055555556,3.0,0.053978948151927,0,6.9553125,-11.445902777777778,5.0,train
3191a632facc88061613226d587845b3,d98eec89afa3380e14463da2aabaea72,2018-03-24 11:46:38,2018-04-18,fashion_bags_accessories,PR,RS,telemaco borba,porto alegre,29.99,18.23,1,636.4753954245638,24.509282407407408,0.0,1.0,7.995640346364888,16.0,0.0526017246957466,0,5.267488425925926,-19.24179398148148,4.0,validation
6a469666ec55c8ac48cca2b1160f10e3,c89cf7c468a48af70aada384e722f9e2,2017-10-23 17:58:36,2017-11-09,toys,RJ,RJ,resende,petropolis,37.0,12.35,1,136.51472812204773,16.250972222222224,0.0,1.0,13.8269375,2.0,0.0701764041620871,0,7.155856481481481,-9.09511574074074,4.0,train
39a5aa023bab31f72d48a166a3f5e5b4,bd0389da23d89b726abf911cccc54596,2017-05-28 18:04:51,2017-06-23,computers_accessories,SP,DF,suzano,brasilia,39.9,15.79,1,867.3188619886247,25.246631944444445,0.0,1.0,8.888642939814815,2.0,0.0211607191057712,0,8.67738425925926,-16.569247685185186,5.0,train
5a0e61bf3bfdda7dd3ac0aae7dfb86ec,7ddcbb64b5bc1ef36ca8c151f6ec77df,2017-10-31 09:53:30,2017-11-08,cool_stuff,SP,SP,jundiai,sao paulo,146.99,13.58,1,54.51303448371596,7.587847222222222,0.0103092783505154,0.9896907216494846,9.251562261359297,37.0,0.1195118634487188,0,3.384953703703704,-4.202893518518518,5.0,train
773df75aea7caa830e319150c9e54c90,fa40cc5b934574b62717c68f3d678b6d,2018-03-21 20:20:16,2018-04-12,toys,ES,SP,pedro canario,sao paulo,30.5,16.95,1,898.5337467677383,21.152592592592597,0.044776119402985,0.9552238805970148,10.603642637506915,22.0,0.1162634374352799,0,13.90605324074074,-7.246539351851852,5.0,validation
3a04af7ae8cc442a2dad55dec73fb2e6,e9bc59e7b60fc3063eb2290deda4cced,2017-09-27 08:25:17,2017-10-24,computers_accessories,SC,PR,pomerode,maringa,521.7,47.91,3,465.8566565514503,26.649108796296296,0.0,1.0,10.282712673611114,5.0,0.0245354802767828,0,8.414351851851851,-18.234756944444445,5.0,train
7ecb4d4ceeb5476acf1552bc276b37c5,6560211a19b47992c3666cc44a7e94c0,2017-06-24 22:33:58,2017-07-18,watches_gifts,MG,SP,vespasiano,sao paulo,149.0,14.79,1,524.0388353571476,23.05974537037037,0.0404624277456647,0.9595375722543352,10.082200612823806,60.0,0.0119958726327367,0,9.590891203703704,-13.468854166666668,4.0,train
d7361a834a2dd8db2f6f133ce291ab6b,891071be6ba827b591264c90c2ae8a63,2017-02-27 02:20:06,2017-03-30,bed_bath_table,SP,SP,sao paulo,sao paulo,20.0,8.72,1,20.39467869417253,30.902708333333333,0.0,1.0,9.27084656084656,8.0,0.0252075715322077,0,4.460405092592593,-26.442303240740745,2.0,train
e2d9b6b72021d68424666cb969d6f56a,4a3ca9315b744ce9f8e9374361493884,2017-05-29 10:15:53,2017-06-19,bed_bath_table,SP,SP,sao paulo,ibitinga,69.9,12.83,1,311.27575916860724,20.57230324074074,0.045662100456621,0.954337899543379,13.272403073735834,111.0,0.0329183111666011,0,8.225196759259259,-12.34710648148148,4.0,train
ba4cf91b35e26a694108bfd8eebb2cec,ccc4bbb5f32a6ab2b7066a4130f114e3,2018-08-10 07:31:31,2018-08-23,sports_leisure,SC,PR,florianopolis,curitiba,296.89,18.27,1,235.1610441754519,12.68644675925926,0.0701754385964912,0.9298245614035088,15.886665380658432,12.0,0.1468798313054049,0,7.383993055555556,-5.302453703703704,5.0,test
3c42071acf925f589bd9a83f291c6b8a,02d35243ea2e497335cd0f076b45675d,2017-09-24 22:40:39,2017-10-27,furniture_decor,RJ,RN,queimados,natal,249.0,31.27,1,2079.76147457483,32.055104166666666,0.1666666666666666,0.8333333333333334,22.582868441358027,0.0,0.1298812630360041,0,31.99423611111111,-0.0608680555555555,1.0,train
fd4479a5be5a0b3caad350328c719cc1,25e6ffe976bd75618accfe16cefcbd0d,2017-05-23 12:54:51,2017-06-06,toys,SP,SP,sao paulo,sao paulo,120.0,12.05,1,7.15742915044604,13.461909722222222,0.037037037037037,0.962962962962963,9.113796724965706,9.0,0.0315982633556839,0,3.9497222222222224,-9.5121875,5.0,train
fe1a4e86595ca403c258c586e8fd99c4,d2374cbcbb3ca4ab1086534108cc3ab7,2018-08-17 01:04:15,2018-08-31,bed_bath_table,RJ,SP,rio de janeiro,ibitinga,189.9,148.88,1,595.9750468164227,13.955381944444444,0.055441478439425,0.944558521560575,14.93152858582402,36.0,0.2173717912388016,0,10.792546296296296,-3.1628356481481483,4.0,test
e838452caf63df94d1fc9a3253734414,1025f0e2d44d7041d6cf58b6550e0bfa,2018-04-20 09:44:31,2018-05-09,furniture_decor,SP,SP,sao paulo,sao paulo,345.0,50.17,5,10.091116910544816,18.59408564814815,0.1470588235294117,0.8529411764705882,13.98828927809549,80.0,0.1673349534109346,0,10.249976851851851,-8.344108796296297,1.0,test
9bc4a96e4a1d676280d0f8ead78ceadf,9f505651f4a6abe901a56cdc21508025,2018-08-05 15:50:12,2018-08-14,computers_accessories,SP,SP,ribeirao preto,sao paulo,99.0,13.35,1,295.3380021357175,8.34013888888889,0.0440251572327044,0.9559748427672956,8.163666433729329,60.0,0.1394568381325057,0,5.118344907407407,-3.2217939814814813,5.0,test
d01395763bb11d18d9482f322715b80d,0bebbb2cea103a4a020c95d43fd7d754,2018-08-28 12:48:50,2018-08-31,health_beauty,SP,SP,sao bernardo do campo,sao paulo,150.9,9.22,1,24.881246705338437,2.466087962962963,0.0,1.0,7.37796875,5.0,0.1555691259665291,0,1.1221875,-1.343900462962963,5.0,test
158a05ea7d6a7268559ca2f97476ee0a,0db783cfcd3b73998abc6e10e59a102f,2017-09-14 10:30:22,2017-10-02,tablets_printing_image,RJ,SP,rio de janeiro,santos,99.0,15.44,1,294.9277581474849,17.56224537037037,0.0266666666666666,0.9733333333333334,12.287699537037046,4.0,0.0853483453777503,0,11.4528125,-6.10943287037037,4.0,train
e80b7d9d6ca2b46da0d5abe9c1d47548,53e4c6e0f4312d4d2107a8c9cddf45cd,2018-06-03 11:42:01,2018-06-29,housewares,SP,SP,sao paulo,pedreira,124.0,24.72,2,101.98600458555444,25.512488425925927,0.0551181102362204,0.9448818897637796,13.329159558180228,20.0,0.0932394086163,0,4.074074074074074,-21.43841435185185,4.0,test
cc03f6907e3230fc27f728ed4e977534,83deb69e889cf80f82be1dc6d5f2d486,2018-07-24 20:14:28,2018-08-23,musical_instruments,ES,SC,vila velha,florianopolis,198.9,20.3,1,1137.573861676701,29.15662037037037,0.0571428571428571,0.9428571428571428,16.14471130952381,3.0,0.1318513715869934,0,13.966712962962964,-15.189907407407407,5.0,test
c85f8d62f0ff14b199c3d6ea33e571ad,4ea2f12dbe91deeacd2c1e74f069a6e6,2017-09-12 16:39:56,2017-10-03,perfumery,RJ,SP,rio de janeiro,sao paulo,34.9,14.1,1,340.1134653418738,20.30560185185185,0.0355621998731539,0.964437800126846,12.23711665053149,1.0,0.0826324232944002,0,9.126122685185186,-11.179479166666669,4.0,train
2ee0dd09094bb9568b06bc1ffbe9f4ec,72c5da29406b4234927b81855e7b64f6,2018-05-28 21:02:23,2018-07-05,auto,BA,SP,juazeiro,guarulhos,246.99,45.16,2,1683.1895183138308,37.12334490740741,0.0,1.0,10.04743287037037,8.0,0.0943125810353666,0,29.01553240740741,-8.1078125,1.0,test
74d2901d06590ded0f5de058f78bc500,d2e753bb80b7d4faa77483ed00edc8ca,2018-02-28 22:41:29,2018-03-27,fashion_bags_accessories,MG,BA,santa barbara,porto seguro,89.0,25.9,1,603.0000745345628,26.054525462962964,0.0,1.0,8.897759259259258,1.0,0.0500099887850567,0,16.532685185185183,-9.52184027777778,4.0,validation
c5976da90bd31c7f760891b7db4e0c9b,4c2b230173bb36f9b240f2b8ac11786e,2018-02-22 19:13:33,2018-03-08,sports_leisure,SP,SP,taboao da serra,sao paulo,59.9,7.78,1,28.11562635935561,13.19892361111111,0.0595238095238095,0.9404761904761904,11.973768463403884,25.0,0.0791726007546663,0,7.953923611111111,-5.245,5.0,validation
343e0513a040565d012874605c433ca4,f5f46307a4d15880ca14fab4ad9dfc9b,2017-08-27 19:35:52,2017-09-19,sports_leisure,SP,SC,franca,rio do sul,99.98,35.2,2,777.5151322387923,22.183425925925928,0.0,1.0,12.24005787037037,1.0,0.0338686249058496,0,9.04570601851852,-13.137719907407408,3.0,train
34b16c8bd1f6af05432cd98e66341f4b,a1043bafd471dff536d0c462352beb48,2018-03-20 19:33:02,2018-04-11,computers_accessories,RJ,MG,barra mansa,ilicinea,139.0,54.72,1,243.3065026130973,21.18539351851852,0.0412844036697247,0.9587155963302753,14.224756068425071,62.0,0.1630776088380346,0,13.791435185185184,-7.393958333333333,5.0,validation
cc0ab0fd1ed4c39ca56a885ae303aa87,4e17c65a516f69d023a2ae78b84f28d6,2018-08-02 14:00:20,2018-09-13,health_beauty,PI,SP,teresina,suzano,75.8,23.25,1,2086.9922415728597,41.41643518518519,0.0727272727272727,0.9272727272727272,14.045620580808071,6.0,0.0938325535319665,0,12.109907407407407,-29.306527777777777,4.0,test
1710c56069303e33d5014ad19ff1d402,53e4c6e0f4312d4d2107a8c9cddf45cd,2017-11-19 13:22:30,2017-12-11,housewares,MG,SP,belo horizonte,pedreira,43.0,16.6,1,428.78221683647735,21.44270833333333,0.0184049079754601,0.98159509202454,12.148780319813678,17.0,0.0609064828458087,0,15.442025462962963,-6.000682870370371,4.0,train
034fe9142b806fe19c1cbc1c752ab08d,ba143b05f0110f0dc71ad71b4466ce92,2018-04-28 14:44:05,2018-05-18,books_technical,RJ,SP,nova iguacu,sao paulo,37.5,16.32,1,331.8923716232334,19.38605324074074,0.0838121335336928,0.9161878664663072,13.71431060495514,1.0,0.187396021006272,0,13.383703703703704,-6.002349537037037,4.0,test
78d33c687d79eafa05dcd67958f4b329,17e34d8224d27a541263c4c64b11a56b,2017-05-02 13:44:23,2017-05-23,perfumery,SP,SP,sao paulo,riberao preto,327.99,13.69,1,280.1133499582173,20.427511574074074,0.0769230769230769,0.9230769230769232,14.329214743589745,7.0,0.0552570655665462,0,6.770335648148148,-13.657175925925928,5.0,train
c12bef4c2199585f7a1f2c92fdac3827,0241d4d5d36f10f80c644447315af0bd,2018-08-06 17:46:34,2018-08-16,furniture_decor,SP,PR,sao paulo,curitiba,69.9,18.29,1,350.9485648296682,9.259328703703703,0.0588235294117647,0.9411764705882352,11.350050211056642,30.0,0.1419772271933786,0,6.931111111111111,-2.3282175925925928,5.0,test
95d1d57cd27cd0857ef85f53ad2ed3b8,e9d99831abad74458942f21e16f33f92,2017-09-25 13:01:16,2017-10-10,computers_accessories,SP,SP,sao paulo,sao paulo,44.99,9.34,1,17.685076355398152,14.457453703703704,0.0363636363636363,0.9636363636363636,11.0323265993266,6.0,0.0244589831052166,0,8.631481481481481,-5.825972222222222,4.0,train
648a268c494bbf8c97c03ec64c2ff4d3,1f50f920176fa81dab994f9023523100,2017-11-02 11:30:33,2017-11-27,garden_tools,DF,SP,brasilia,sao jose do rio preto,119.8,17.68,2,590.8837183252206,24.52045138888889,0.0233236151603498,0.97667638483965,13.831969144800786,96.0,0.0558447261731639,0,14.19991898148148,-10.320532407407407,4.0,train
d8fdce7c3ba072263bdf443e1d906778,e26901d5ab434ce92fd9b5c256820a4e,2017-04-21 18:56:39,2017-05-24,garden_tools,GO,SP,goiania,maua,69.8,35.56,2,828.9419713013257,32.210659722222225,0.0166666666666666,0.9833333333333332,10.50910860339506,27.0,0.0366329724324916,0,13.872835648148149,-18.337824074074074,2.0,train
6f1651e4c1a0b1e952c2510138563e47,de722cd6dad950a92b7d4f82673f8833,2018-05-15 14:31:21,2018-05-23,computers_accessories,PE,PE,recife,recife,40.0,7.71,1,8.496982525261043,7.394895833333333,0.0515463917525773,0.9484536082474226,13.667851040473456,57.0,0.1455093461710954,0,3.047858796296296,-4.347037037037037,4.0,test
b6d950bbbac28a711a71455adc829a5d,44073f8b7e41514de3b7815dd0237f4f,2017-10-04 11:38:53,2017-11-03,consoles_games,SP,DF,cajati,brasilia,102.0,17.15,1,989.2765982446008,29.51466435185185,0.0,1.0,12.32316261574074,20.0,0.0164529526884296,0,12.418923611111111,-17.09574074074074,5.0,train
4198c92e06d92792e49f119f659e723e,52f976b17ea7f2f087f56dcc419328f6,2018-07-23 20:37:29,2018-08-09,sports_leisure,PR,PR,rio negro,california,1190.0,104.26,1,313.0988130986053,16.140636574074072,0.0,1.0,11.304074074074071,3.0,0.1286419018081922,0,6.859733796296296,-9.280902777777778,5.0,test
a3ffb9a7866735bd0de42993b62e89e3,fa1c13f2614d7b5c4749cbc52fecda94,2018-01-16 15:47:41,2018-02-14,watches_gifts,RJ,SP,rio bonito,sumare,899.0,22.05,1,475.9135307710668,28.341886574074078,0.0531914893617021,0.946808510638298,12.2745635917389,38.0,0.163249256117245,0,22.28849537037037,-6.053391203703704,4.0,validation
740c1d67ed429d1c95538970675f2cdf,cc419e0650a3c5ba77189a1882b7556a,2017-11-28 13:47:30,2017-12-15,health_beauty,SP,SP,sao paulo,santo andre,23.99,7.78,1,22.001660669817284,16.42534722222222,0.026097271648873,0.9739027283511268,10.371426686547156,175.0,0.0478033399249773,0,6.239699074074074,-10.185648148148148,5.0,train
98d738e637930c8614a55faf0cd85e57,a1043bafd471dff536d0c462352beb48,2017-10-24 22:12:28,2017-11-16,garden_tools,SP,MG,sao caetano do sul,ilicinea,89.99,45.09,1,310.085880691747,22.074675925925927,0.0294117647058823,0.9705882352941176,12.79311626270878,36.0,0.0378103618391717,0,5.910069444444445,-16.16460648148148,5.0,train
677e38d339f46ff8cd648fa4ed787ab2,48162d548f5b1b11b9d29d1e01f75a61,2017-10-04 17:31:28,2017-11-01,garden_tools,RJ,SP,nova iguacu,piracicaba,1610.0,100.18,2,432.3803532512413,27.26981481481481,0.027027027027027,0.972972972972973,12.629401589089088,6.0,0.0418174095270192,0,7.153958333333334,-20.115856481481483,5.0,train
4220f297891051c2f40f96bee807a998,1f50f920176fa81dab994f9023523100,2018-03-24 21:41:42,2018-04-12,garden_tools,SP,SP,sao paulo,sao jose do rio preto,53.9,13.46,1,422.8992731436821,18.096041666666668,0.1038575667655786,0.8961424332344213,16.434112951972768,86.0,0.1666858757975309,0,4.872083333333333,-13.223958333333334,5.0,validation
b517d1b56836ec7bbeccb6913c25dad5,955fee9216a65b617aa5c0531780ce60,2017-08-11 01:33:44,2017-09-04,furniture_decor,MG,SP,conselheiro lafaiete,sao paulo,120.0,15.59,1,452.379365627222,23.934907407407408,0.0,1.0,6.505197723765433,18.0,0.0152392019909267,0,6.9087962962962965,-17.02611111111111,4.0,train
2619850f884f4f5e11109077d8b97f04,4b9750c8ad28220fe6702d4ecb7c898f,2018-05-17 09:00:38,2018-05-28,baby,SP,SP,sao caetano do sul,limeira,48.9,9.26,1,149.51042707636236,10.624560185185183,0.101010101010101,0.898989898989899,10.996166058735495,18.0,0.1211936704470715,0,4.332129629629629,-6.292430555555556,5.0,test
05248f2049e2194bcb2108983868308f,6560211a19b47992c3666cc44a7e94c0,2018-01-16 23:18:27,2018-02-20,watches_gifts,PA,SP,belem,sao paulo,55.0,17.67,1,2475.145436743629,34.02885416666667,0.0524433849821215,0.9475566150178784,9.968163212378055,87.0,0.1313811883431433,0,12.819537037037035,-21.20931712962963,4.0,validation
2451d3b73d97bb4483eedd2472a822a7,53e4c6e0f4312d4d2107a8c9cddf45cd,2017-11-24 12:00:59,2017-12-08,housewares,SP,SP,osasco,pedreira,69.0,13.08,1,89.8196299486203,13.49931712962963,0.0179640718562874,0.9820359281437124,12.135961410512309,25.0,0.1166982227200813,0,5.425416666666667,-8.073900462962962,3.0,train
471a20066d4855e0de2359824437be13,4869f7a5dfa277a7dca6462dcf3b52b2,2018-06-13 20:58:24,2018-07-16,watches_gifts,PR,SP,arapongas,guariba,79.0,18.65,1,400.6352205781391,32.12611111111111,0.1370786516853932,0.8629213483146068,16.434411243757776,58.0,0.1136712675449155,0,6.7039583333333335,-25.42215277777778,5.0,test
7bc50ec93f941b5bdf5da2fa87d04131,83e197e95a1bbabc8c75e883ed016c47,2017-05-21 21:09:56,2017-06-16,books_general_interest,PR,RJ,fazenda rio grande,mage,129.9,17.16,1,718.4818563773713,25.11810185185185,0.0625,0.9375,10.157562210648148,9.0,0.0190956770537973,0,4.550138888888889,-20.56796296296296,5.0,train
58faef88b9fbcce2db4d1b68bdb0c2a3,001cca7ae9ae17fb1caed9dfb1094831,2017-03-23 21:08:47,2017-04-13,garden_tools,MG,ES,paraguacu,cariacica,398.0,131.92,4,570.6818410075338,20.11890046296296,0.0,1.0,14.580391865079363,8.0,0.0621113463914192,0,11.516747685185186,-8.602152777777778,1.0,train
7caa0a770f1010526a3e5f65757755f0,4869f7a5dfa277a7dca6462dcf3b52b2,2017-07-14 12:56:31,2017-08-17,computers_accessories,BA,SP,luis eduardo magalhaes,guariba,280.0,18.4,1,1062.5914621887312,33.46075231481481,0.0,1.0,14.21109871031746,20.0,0.0509323841142395,0,32.18304398148148,-1.2777083333333332,5.0,train
b6f5abd372e047f666f90ef9456c4eb4,620c87c171fb2a6dd6e8bb4dec959fc6,2018-08-15 00:38:31,2018-09-10,perfumery,GO,RJ,goiania,petropolis,369.9,24.52,1,917.155120146798,25.97325231481481,0.1021582733812949,0.8978417266187051,13.092847705169222,41.0,0.1340467777266876,0,9.771030092592593,-16.202222222222222,5.0,test
b11fba7d4e0cad817d24e2c77032fa0a,41b39e28db005d9731d9d485a83b4c38,2017-07-19 11:42:11,2017-08-10,cool_stuff,RJ,SP,rio de janeiro,santo andre,29.9,14.1,1,346.6244917976761,21.512372685185184,0.0769230769230769,0.9230769230769232,15.022579386277302,19.0,0.0464339675439187,0,14.285810185185186,-7.2265625,1.0,train
659a4b8e5c9540667f4d4d5607bc8f79,c31eff8334d6b3047ed34bebd4d62c36,2018-03-06 11:18:36,2018-03-16,art,SP,SP,osasco,salto,125.0,15.38,1,63.140124281241015,9.52875,0.1,0.9,14.102446180555557,8.0,0.1393763157108458,0,6.28349537037037,-3.24525462962963,2.0,validation
712f148c79b7c350f30e6b4f08cb2978,4869f7a5dfa277a7dca6462dcf3b52b2,2017-11-11 11:57:24,2017-12-07,watches_gifts,RJ,SP,niteroi,guariba,179.0,16.0,1,554.2594579667007,25.50180555555556,0.0508474576271186,0.9491525423728814,13.259786664312609,61.0,0.0632112290545715,0,18.186469907407407,-7.315335648148148,5.0,train
be84bc9735389c25de6ad5a664bff358,8cbac7e12637ed9cffa18c7875207478,2017-12-15 12:21:59,2018-01-15,cool_stuff,SP,SC,sao paulo,jaragua do sul,25.0,16.11,1,400.2863550484929,30.484733796296297,0.0,1.0,12.665992756869771,8.0,0.0168452485657089,0,12.34173611111111,-18.142997685185183,5.0,train
1ffded15ce20a1a518490765dc37cc9c,b4a476fbd28de64b1e347abf9089366a,2017-04-23 08:19:47,2017-05-22,electronics,PR,SP,reserva do iguacu,itapevi,14.0,14.52,1,575.6676477061349,28.652928240740746,0.0,1.0,10.437418981481482,1.0,0.0506866006183212,0,16.008935185185184,-12.643993055555557,5.0,train
e08ebbd3a910e30ccb05aa241e9243fb,59b22a78efb79a4797979612b885db36,2017-11-30 11:03:17,2017-12-29,construction_tools_construction,GO,MG,formosa,uberlandia,449.0,37.66,1,388.7425008251976,28.53938657407408,0.0512820512820512,0.9487179487179488,9.750049264007592,10.0,0.1346531876830334,0,11.530486111111111,-17.008900462962963,5.0,train
67df019d84e04f3b626f8ede2dce4517,955fee9216a65b617aa5c0531780ce60,2018-06-24 12:15:38,2018-07-23,housewares,RS,SP,esteio,sao paulo,130.0,18.71,1,815.0522418886311,28.48914351851852,0.078196872125115,0.921803127874885,11.170876701506018,94.0,0.1371266377814531,1,57.26337962962963,28.77423611111111,3.0,test
05529f3e7ed5cd4214281f2bf60e89d6,b2c97074649f92197d9387d9033dda5f,2018-08-01 17:34:06,2018-08-27,housewares,PA,SP,belem,botucatu,53.3,37.28,1,2380.857373539638,25.26798611111111,0.1666666666666666,0.8333333333333334,14.250055941358022,2.0,0.2008914679049588,0,15.278113425925929,-9.989872685185183,5.0,test
1f6e38ed623eb80e0fa388787c9ae848,0c8380b62e38e8a1e6adbeba7eb9688c,2017-04-28 09:14:57,2017-05-24,bed_bath_table,SP,MG,sao paulo,tres coracoes,59.5,17.16,1,254.7459823984111,25.61461805555556,0.0140845070422535,0.9859154929577464,11.5208706637976,21.0,0.0443280170501792,0,13.11457175925926,-12.500046296296295,2.0,train
586079f2888accc928fd49fed7e8243f,bd4889b5e9133b35b66e42a8665cea5c,2018-02-12 14:55:30,2018-03-02,furniture_decor,SP,SP,sao paulo,sao paulo,65.0,11.73,1,5.140072966510353,17.378125,0.0,1.0,9.847795524691358,3.0,0.0584399419872305,0,4.275729166666666,-13.102395833333333,5.0,validation
de264356ec25b31b60efe9b940bf2253,624f4ece8da4aafb77699233d480f8ef,2017-02-15 00:17:46,2017-03-24,furniture_decor,AL,SP,arapiraca,sao paulo,239.0,81.05,1,1863.529994206168,36.98766203703704,0.0,1.0,35.01793981481482,0.0,0.1344256556404882,0,33.47340277777778,-3.5142592592592594,5.0,train
6e496cc6275d951e01ba4a1e527d6d69,de722cd6dad950a92b7d4f82673f8833,2018-05-21 11:29:09,2018-06-20,computers_accessories,RS,PE,ivoti,recife,149.9,19.4,1,2927.0361307196263,29.52142361111111,0.0497512437810945,0.9502487562189056,13.489672816473185,60.0,0.1513318606917011,0,8.127893518518519,-21.39353009259259,4.0,test
99d77f27c8ce75d51ce78cfe695ca1c3,9e6229250fedbe05838fef417b74e7fb,2018-07-09 19:17:36,2018-08-07,baby,RS,SP,canela,mirandopolis,169.9,34.95,1,915.3866993070494,28.19611111111111,0.05,0.95,12.123104745370371,14.0,0.1033453224604379,0,13.906944444444443,-14.289166666666668,5.0,test
5fab005ced5596f6f711ea0b99d77100,76d5af76d0271110f9af36c92573f765,2017-12-01 01:41:20,2017-12-26,sports_leisure,SP,SP,santa adelia,sao paulo,39.9,12.69,1,345.51992334302616,24.92962962962963,0.0615384615384615,0.9384615384615383,10.958108796296298,7.0,0.0362594927781125,0,10.456145833333334,-14.473483796296296,5.0,train
8d9e0e9b9c21b1aca2464bb5d5210831,ef506c96320abeedfb894c34db06f478,2017-04-17 13:33:37,2017-05-22,telephony,CE,SP,fortaleza,sao paulo,37.99,24.35,1,2361.854651408258,34.43498842592592,0.0408163265306122,0.9591836734693876,12.183707010582012,20.0,0.0800672722194521,0,21.923148148148147,-12.511840277777775,5.0,train
665bf879d521fe72a93430b55f6d5e54,e9bc59e7b60fc3063eb2290deda4cced,2018-04-28 09:58:28,2018-06-04,cool_stuff,ES,PR,serra,maringa,148.0,26.41,1,1255.5371680581632,36.58439814814815,0.091743119266055,0.908256880733945,13.435936225790009,14.0,0.0920036395575575,0,19.569641203703704,-17.014756944444443,4.0,test
7edf26c8a1e67ce26c2d1457302bd03e,41b39e28db005d9731d9d485a83b4c38,2017-05-04 09:16:16,2017-05-29,bed_bath_table,RJ,SP,rio de janeiro,santo andre,54.9,17.12,1,339.4901755757735,24.613703703703703,0.0,1.0,12.798591941550926,8.0,0.0268668351091109,0,18.076793981481483,-6.536909722222222,4.0,train
8ba925e1c95580430ab746dd2550b24f,45213867cefbf2cd4c6177e10216a951,2017-04-02 18:05:19,2017-04-26,musical_instruments,RJ,SP,rio de janeiro,araras,322.75,27.76,1,408.8160728554996,23.24630787037037,0.0,1.0,15.072083333333332,2.0,0.0543335106423115,0,3.818981481481481,-19.42732638888889,5.0,train
159d9198e0ccf96f69186d394d590fa3,a3a38f4affed601eb87a97788c949667,2018-02-21 11:38:24,2018-03-19,toys,PI,SC,teresina,joinville,159.9,44.97,1,2445.8943497633027,25.515,0.0422535211267605,0.9577464788732396,12.478620294296643,4.0,0.183190543419443,0,22.17578703703704,-3.339212962962963,5.0,validation
ad7dbdfbd06591893e48b29f3f45c9f3,9f505651f4a6abe901a56cdc21508025,2018-03-20 13:18:17,2018-04-18,computers_accessories,RS,SP,lagoa vermelha,sao paulo,34.99,18.23,1,709.4987834492705,28.44563657407408,0.0363636363636363,0.9636363636363636,10.104859953703707,24.0,0.0680934014208848,0,5.872673611111111,-22.57296296296296,5.0,validation
8ef4bed1022c0f48012b556559e43f06,06e5eefc71ec47ae763c5c6f8db7064f,2018-04-05 18:13:07,2018-04-30,computers_accessories,PR,RS,paulo frontin,porto alegre,181.01,19.15,1,442.5335453088039,24.240891203703704,0.0,1.0,10.762213477366256,8.0,0.0695912887171948,0,8.020127314814815,-16.22076388888889,1.0,test
0e993b4910bc84a0c2b26fb528d2e8c0,085f6f7e049c996695fb2074fe38d45e,2018-03-25 13:59:42,2018-04-12,auto,SP,SP,guarulhos,taubate,18.8,12.79,1,96.1949730633296,17.416875,0.0,1.0,10.060011574074077,2.0,0.1026670932735437,0,10.175405092592593,-7.241469907407407,5.0,validation
9ffe2ecd67ea09ead5b860aa81182fd7,da8622b14eb17ae2831f4ac5b9dab84a,2017-12-07 17:27:48,2018-01-02,bed_bath_table,SP,SP,piracicaba,piracicaba,579.7,47.55,3,3.9676514819408575,25.27236111111111,0.0266666666666666,0.9733333333333334,11.110304506172843,126.0,0.080468242734367,0,7.321145833333333,-17.951215277777777,1.0,train
141ad0192cfa16174e4fd0a1a7e7ba4a,8648b1e89e9b349e32d3741b30ec737e,2018-06-03 21:08:31,2018-06-28,construction_tools_construction,SP,SP,sao paulo,jacarei,94.5,9.58,1,77.7077642543101,24.119085648148147,0.1269841269841269,0.873015873015873,9.998411412404463,11.0,0.0798492622825165,0,1.9747569444444444,-22.144328703703703,5.0,test
cab899336401fd910bf645dc446d42de,6b243f80ed07b10f0e8aa0f21a205f3c,2017-11-24 23:53:46,2017-12-18,sports_leisure,MS,PR,campo grande,curitiba,109.8,31.64,2,782.1830309385482,23.004328703703703,0.1,0.9,12.678050925925929,3.0,0.1791226071154101,0,9.777256944444444,-13.22707175925926,1.0,train
fef88a82df9affd47bdc67a4c8bbe4b2,00fc707aaaad2d31347cf883cd2dfe10,2018-02-13 22:20:34,2018-03-12,computers_accessories,RS,PR,caxias do sul,maringa,79.0,15.3,1,644.1780129169313,26.069050925925925,0.0589119929417898,0.9410880070582102,13.365893192278158,32.0,0.1238914510265813,0,16.052858796296295,-10.01619212962963,5.0,validation
2b101e802b6712f2fc129966a2c518fd,e06f09ec0a4aca210779cf1cfc63cf19,2017-09-19 15:49:02,2017-10-11,toys,RJ,SP,volta redonda,sao paulo,69.9,17.74,1,297.77535074288994,21.340949074074075,0.1111111111111111,0.8888888888888888,13.54332818930041,5.0,0.0759227747068444,0,14.203148148148149,-7.137800925925926,5.0,train
dac20199c3b53e630f19bf3dc1744bba,a416b6a846a11724393025641d4edd5e,2017-12-01 08:41:02,2018-01-08,health_beauty,RN,SP,extremoz,sao paulo,59.99,21.22,1,2319.6971604067626,37.6381712962963,0.1159420289855072,0.8840579710144928,13.712940485775627,14.0,0.2176122425721504,1,42.512685185185184,4.874513888888889,3.0,train
967868315b8ce562c1deec7e1ce602a5,8e6d7754bc7e0f22c96d255ebda59eba,2018-01-10 15:27:50,2018-02-16,computers_accessories,TO,SP,paraiso do tocantins,sao jose dos campos,155.79000000000002,61.42,2,1488.1035458420026,36.35567129629629,0.0572792918704868,0.9427207081295133,13.091029680634453,17.0,0.0913382063860843,0,14.271770833333331,-22.08390046296296,4.0,validation
6bf16500099d133a8d085444083a6c90,634964b17796e64304cadf1ad3050fb7,2018-03-08 06:05:56,2018-04-02,stationery,RS,RJ,flores da cunha,rio de janeiro,49.9,22.06,1,1031.4561200337885,24.74587962962963,0.0459770114942528,0.9540229885057472,14.491415628991058,34.0,0.1161897902291958,0,13.569849537037037,-11.176030092592592,5.0,validation
ca1be30219791e22648cca249a8681f2,7ea5bfa6c340f58f8e71fc1f0412b0d6,2018-01-05 11:18:10,2018-01-23,baby,MG,MG,belo horizonte,belo horizonte,124.99,9.44,1,0.121756295877257,17.529050925925926,0.0833333333333333,0.9166666666666666,13.658912037037036,11.0,0.0728295386377577,0,7.410821759259259,-10.118229166666667,4.0,validation
ddf152f3a1ae9f5a3b04e84c0ce0f139,17ca9b9e9b9ef8fdb529001b49ebb50f,2017-12-04 16:34:11,2017-12-29,bed_bath_table,RJ,MG,volta redonda,betim,39.97,15.1,1,287.26104638044893,24.30959490740741,0.0,1.0,9.993234039961015,8.0,0.2020596251186499,0,18.128321759259254,-6.181273148148148,1.0,train
85514951847547917a4f611d605a9085,ff063b022a9a0aab91bad2c9088760b7,2018-08-20 14:39:22,2018-08-24,industry_commerce_and_business,SP,SP,sao paulo,santo andre,1230.0,42.67,1,13.562203747500568,3.389328703703704,0.034090909090909,0.9659090909090908,9.384063946759262,9.0,0.1698757049191357,0,3.288611111111111,-0.1007175925925926,5.0,test
8784e1595ac9dd7e7f4ebaa6bc6d79ed,1f50f920176fa81dab994f9023523100,2018-05-25 08:17:58,2018-06-20,garden_tools,SP,SP,itai,sao jose do rio preto,49.9,13.71,1,291.9868909872201,25.654189814814814,0.1156351791530944,0.8843648208469055,16.390542332081708,104.0,0.1390602773787299,0,12.505902777777775,-13.148287037037036,5.0,test
fcb3eb19055137fc22ca9a5d695345fb,2a84855fd20af891be03bc5924d2b453,2018-01-27 19:46:44,2018-02-23,stationery,RJ,MG,conceicao de macabu,belo horizonte,69.9,15.24,1,323.4631242125525,26.17587962962963,0.0,1.0,8.073415032679737,29.0,0.1017238152019235,0,17.72710648148148,-8.448773148148149,5.0,validation
627ec9d00157748602229c9b1d3a4446,a3a38f4affed601eb87a97788c949667,2017-08-29 16:05:03,2017-09-19,sports_leisure,SP,SC,sao paulo,joinville,119.9,15.59,1,371.6330526538583,20.32982638888889,0.0344827586206896,0.9655172413793104,12.00560624201788,12.0,0.0208774880963469,0,8.04099537037037,-12.288831018518518,4.0,train
72f065b9ff2994a7d3b887878e7f88c0,cc419e0650a3c5ba77189a1882b7556a,2017-10-31 19:52:40,2017-11-16,health_beauty,SP,SP,sao bernardo do campo,santo andre,23.99,7.78,1,6.928857824976659,15.17175925925926,0.0251322751322751,0.9748677248677248,10.362422028096216,120.0,0.0393727025184974,0,3.781180555555556,-11.390578703703705,5.0,train
5c1ae756614f9d0fabf5173af5c9e55e,4a3ca9315b744ce9f8e9374361493884,2018-02-05 19:08:19,2018-03-05,bed_bath_table,MG,SP,contagem,ibitinga,92.0,17.89,1,536.1922466433202,27.20255787037037,0.0913120567375886,0.9086879432624112,14.644114634636852,94.0,0.0957510856292619,0,10.303055555555556,-16.899502314814814,5.0,validation
4ce0d39282d4d45834a51b1ca7fbb311,ea8482cd71df3c1969d7b9473ff13abc,2018-02-01 09:11:43,2018-02-23,telephony,SP,SP,santa adelia,sao paulo,29.98,11.85,1,347.7569496594938,21.616863425925924,0.069377990430622,0.930622009569378,12.66586813862308,160.0,0.0695655170784592,0,20.530231481481483,-1.0866319444444446,3.0,validation
be6a7fe72fe67600cceb9213855d6551,23c38debaffe4a25a30fdbd9b586a13f,2018-08-06 11:53:45,2018-08-16,garden_tools,SP,SP,taboao da serra,votorantim,127.27,9.64,1,71.39707948554404,9.50434027777778,0.1388888888888889,0.8611111111111112,11.591415573559672,9.0,0.1363149589807083,1,10.579675925925926,1.0753356481481482,5.0,test
b980d737d846b36f807b28e40796003a,de722cd6dad950a92b7d4f82673f8833,2018-05-04 16:05:51,2018-05-25,computers_accessories,SP,PE,sao paulo,recife,149.9,25.18,1,2117.023497997341,20.32927083333333,0.0564971751412429,0.943502824858757,14.099707509416188,37.0,0.1923208145943031,0,9.904965277777778,-10.424305555555556,5.0,test
dd7466999a78895066f04b645789deb3,b499c00f28f4b7069ff6550af8c1348a,2017-10-24 17:06:38,2017-11-14,furniture_decor,MG,SP,belo horizonte,limeira,29.99,15.1,1,471.36782344218784,20.287060185185187,0.1111111111111111,0.8888888888888888,11.893018904320988,10.0,0.0393500771264304,0,7.06375,-13.223310185185186,4.0,train
0bc39bd28c890bfc209ed033de71bbd4,7d13fca15225358621be4086e1eb0964,2018-03-08 23:48:42,2018-03-26,watches_gifts,SP,SP,limeira,ribeirao preto,170.0,13.63,1,163.54019339223711,17.00784722222222,0.0,1.0,14.959791666666668,55.0,0.1084846414462091,0,6.7941666666666665,-10.213680555555555,5.0,validation
c5989f8c23c011b7b23df896a51fa92d,2d50d6282f8aa2257819a77bfaa0efe0,2018-06-28 20:58:55,2018-07-25,bed_bath_table,ES,SP,vitoria,ibitinga,45.0,19.51,1,899.2733278299752,26.12575231481481,0.1142857142857142,0.8857142857142857,13.87464021164021,3.0,0.1397727427804947,0,14.13179398148148,-11.993958333333332,4.0,test
f76f64ce61b3764c70b30ee618b71fba,0d85bbda9889ce1f7e63778d24f346eb,2017-08-10 23:21:16,2017-09-08,stationery,BA,MG,valenca,uberlandia,59.9,27.8,1,1165.3385090374918,28.02689814814815,0.0,1.0,14.91981712962963,6.0,0.0819013308637139,0,13.774652777777778,-14.252245370370373,5.0,train
b3e3c2b3031064109b437b0e1dae36d6,128639473a139ac0f3e5f5ade55873a5,2018-05-10 22:40:41,2018-06-05,electronics,SC,PR,ararangua,maringa,18.9,18.23,1,658.5730314775279,25.05508101851852,0.0687361419068736,0.9312638580931264,14.672364113697958,47.0,0.1274615758475734,0,24.63547453703704,-0.4196064814814815,5.0,test
ac85808794ef111b4689bbdb5ea7f2c9,128639473a139ac0f3e5f5ade55873a5,2017-11-11 12:10:02,2017-12-11,electronics,MG,PR,januaria,maringa,19.9,16.79,1,1184.984010234679,29.49303240740741,0.0298507462686567,0.9701492537313432,13.123687292703147,21.0,0.0305362877668272,0,14.070775462962963,-15.422256944444444,5.0,train
db83da303bf20ca0e0c62da48bc6ab67,3d871de0142ce09b7081e2b9d1733cb1,2017-10-05 16:37:16,2017-10-27,stationery,SP,SP,sao paulo,campo limpo paulista,99.0,13.71,1,48.44862883385815,21.307453703703704,0.0142857142857142,0.9857142857142858,9.57774032738095,73.0,0.0137899609823861,0,6.129733796296296,-15.177719907407408,3.0,train
02fc46ea58b91abb0507c92e7f6e33ff,9674754b5a0cb32b638cec001178f799,2017-08-15 13:12:01,2017-08-28,small_appliances,SP,SP,sao bernardo do campo,sao paulo,26.9,7.78,1,8.037351715546603,12.449988425925929,0.0,1.0,5.786936728395062,10.0,0.0251786511302906,0,3.386087962962963,-9.063900462962962,5.0,train
58279d6e5966be96c8768b58f9a6f983,54965bbe3e4f07ae045b90b0b8541f52,2017-11-15 19:47:04,2017-12-11,bed_bath_table,SP,PR,taubate,foz do iguacu,89.9,17.88,1,956.7767261502214,25.17564814814815,0.0,1.0,12.437532793209876,14.0,0.1779903542171366,1,30.83458333333333,5.658935185185185,,train
1665c699253879123405eb92ddc643a7,75d34ebb1bd0bd7dde40dd507b8169c3,2018-01-12 18:23:06,2018-02-15,computers_accessories,SP,BA,gaviao peixoto,salvador,14.99,34.15,1,1449.1338983917906,33.233958333333334,0.1538461538461538,0.8461538461538461,15.564814814814817,0.0,0.0935259153606057,0,17.791342592592592,-15.442615740740742,5.0,validation
7af07887f8840085ae4b65cb52f4af29,8160255418d5aaa7dbdc9f4c64ebda44,2018-07-08 11:10:22,2018-07-27,bed_bath_table,RJ,SP,niteroi,ibitinga,114.9,23.6,1,613.8086312604559,18.53446759259259,0.1865443425076452,0.8134556574923547,16.924895691754454,32.0,0.223030369379102,0,15.440486111111111,-3.0939814814814817,3.0,test
